BalanceComponent,Generation,Storage_Discharge,Storage_Charge,Flexible_Demand_Defer,Flexible_Demand_Stasify,Demand_Response,Nonserved_Energy,Transmission_NetExport,Transmission_Losses,Demand,Generation,Storage_Discharge,Storage_Charge,Flexible_Demand_Defer,Flexible_Demand_Stasify,Demand_Response,Nonserved_Energy,Transmission_NetExport,Transmission_Losses,Demand,Generation,Storage_Discharge,Storage_Charge,Flexible_Demand_Defer,Flexible_Demand_Stasify,Demand_Response,Nonserved_Energy,Transmission_NetExport,Transmission_Losses,Demand,Generation,Storage_Discharge,Storage_Charge,Flexible_Demand_Defer,Flexible_Demand_Stasify,Demand_Response,Nonserved_Energy,Transmission_NetExport,Transmission_Losses,Demand,Generation,Storage_Discharge,Storage_Charge,Flexible_Demand_Defer,Flexible_Demand_Stasify,Demand_Response,Nonserved_Energy,Transmission_NetExport,Transmission_Losses,Demand,Generation,Storage_Discharge,Storage_Charge,Flexible_Demand_Defer,Flexible_Demand_Stasify,Demand_Response,Nonserved_Energy,Transmission_NetExport,Transmission_Losses,Demand,Generation,Storage_Discharge,Storage_Charge,Flexible_Demand_Defer,Flexible_Demand_Stasify,Demand_Response,Nonserved_Energy,Transmission_NetExport,Transmission_Losses,Demand
Zone,1,1,1,1,1,1,1,1,1,1,2,2,2,2,2,2,2,2,2,2,3,3,3,3,3,3,3,3,3,3,4,4,4,4,4,4,4,4,4,4,5,5,5,5,5,5,5,5,5,5,6,6,6,6,6,6,6,6,6,6,7,7,7,7,7,7,7,7,7,7
AnnualSum,1.747878326035792e8,6.79212581007901e6,-8.010290272054617e6,0.0,0.0,4980.3498440846115,0.0,9.092981125879105e6,-3.7468861887553767e6,-1.789207434285714e8,1.496004016381332e8,1.1111545305092154e7,-1.3547181457543243e7,0.0,0.0,10817.534621054525,0.0,4.440281559732644e7,-3.823671046201175e6,-1.8775472757142854e8,8.406182410700436e7,9.885094330267796e6,-1.1989489476351514e7,0.0,0.0,14807.644285574455,0.0,2.2542324105534366e8,-1.0708946946264274e7,-2.966865307142858e8,2.2398704857361135e8,1.8128013916937483e6,-2.226018895621628e6,0.0,0.0,9141.098122204306,0.0,-6.3320285136909686e7,-3.7853303166103293e6,-1.564773567142857e8,8.267489354054384e7,517670.80144390644,-609024.4719292966,0.0,0.0,1444.6531417744675,0.0,-3.367465735451989e7,-2.0498230258232288e6,-4.6860504142857134e7,3.477289178883502e8,476519.4855415359,-591665.6289932304,0.0,0.0,16795.54852561227,0.0,-4.6375411644369535e7,-7.287390649054577e6,-2.939677650000001e8,2.8373989447030276e8,1.2991323470767993e6,-1.5283909956633854e6,0.0,0.0,6071.378497174221,0.0,-1.355486836427502e8,-9.090937843177432e6,-1.388770857142858e8
t1,18163.69936287486,1077.2307127022082,-0.0,0.0,0.0,0.0,0.0,366.01943804794246,-664.9495136250139,-18942.0,4512.9050651684665,3900.1281638428372,-0.0,0.0,0.0,0.0,0.0,11472.828095812798,-568.8613248241006,-19317.0,2415.0163884598505,0.0,-0.0,0.0,0.0,0.0,0.0,32651.74096613926,-1535.7573545991145,-33531.0,29537.785697363266,0.0,-946.2157862632712,0.0,0.0,0.0,0.0,-10460.484,-623.0859111,-17508.0,11529.116336812092,0.0,-81.0973438620913,0.0,0.0,0.0,0.0,-5914.1785,-272.84049295,-5261.0,43357.9569325378,0.0,-0.0,0.0,0.0,0.0,0.0,-9695.985276921749,-1362.9716556160624,-32299.0,34858.180124294304,0.0,-0.0,0.0,0.0,0.0,0.0,-18419.940723078253,-1373.2394012160623,-15065.0
t2,18422.297315559663,1105.6603173455972,-0.0,0.0,0.0,0.0,0.0,257.92116210284803,-669.8787950081102,-19116.0,5268.288707915011,2818.0,-0.0,0.0,0.0,0.0,0.0,12857.155224799491,-615.4439327145028,-20328.0,2370.7571307749517,0.0,-0.0,0.0,0.0,0.0,0.0,31375.512113097662,-1587.269243872613,-32159.0,29065.273151771133,0.0,-439.9315344026886,0.0,0.0,0.0,0.0,-9976.174910846823,-632.1667065216221,-18017.0,12259.749535390543,0.0,-295.34065786574615,0.0,0.0,0.0,0.0,-6398.4875891531765,-281.92128837162204,-5284.0,45687.8150254776,0.0,-0.0,0.0,0.0,0.0,0.0,-9493.766156315283,-1349.0488691623073,-34845.0,34860.476458447025,0.0,-0.0,0.0,0.0,0.0,0.0,-18622.15984368472,-1359.3166147623072,-14879.0
t3,17775.186654386387,1202.6191702470692,-0.0,0.0,0.0,0.0,0.0,307.7985609856032,-667.6043856190565,-18618.0,3705.3002659540925,2246.9,-0.0,0.0,0.0,0.0,0.0,15378.072534222494,-700.2728001765869,-20630.0,2439.7062411122124,1047.4000560415266,-0.0,0.0,0.0,0.0,0.0,28804.717404791903,-1669.8237019456435,-30622.0,28859.60998406481,0.0,-453.3882542900242,0.0,0.0,0.0,0.0,-9614.26929291698,-638.9524368578067,-18153.0,12383.579613274873,0.0,-51.47938748404298,0.0,0.0,0.0,0.0,-6760.39320708302,-288.7070187078066,-5283.0,46499.238692900006,0.0,-0.0,0.0,0.0,0.0,0.0,-9427.735999999999,-1344.5026928999998,-35727.0,34392.9604385,0.0,-0.0,0.0,0.0,0.0,0.0,-18688.190000000002,-1354.7704385,-14350.0
t4,17519.93368324719,1274.0644558088784,-0.0,0.0,0.0,0.0,0.0,322.91685247124315,-666.9149915273114,-18450.0,4844.780505631803,4522.949852943086,-0.0,0.0,0.0,0.0,0.0,12396.2025154707,-599.9328740455891,-21164.0,2313.325249664843,0.0,-0.0,0.0,0.0,0.0,0.0,31771.469132058053,-1568.7943817229004,-32516.0,29187.1063535766,0.0,-592.7543076768842,0.0,0.0,0.0,0.0,-9748.924392152578,-636.4276537471392,-18209.0,12295.280855361656,0.0,-66.3605119170931,0.0,0.0,0.0,0.0,-6625.738107847423,-286.1822355971392,-5317.0,45580.35457999326,0.0,-0.0,0.0,0.0,0.0,0.0,-9141.555420024566,-1324.7991599686914,-35114.0,34602.43748554412,0.0,-0.0,0.0,0.0,0.0,0.0,-18974.370579975435,-1335.0669055686915,-14293.0
t5,17678.724469939796,1221.8562060137801,-0.0,0.0,0.0,0.0,0.0,289.8425057827335,-668.4231817363074,-18522.0,4988.827287158256,5860.291063060346,-0.0,0.0,0.0,0.0,0.0,11850.44994999886,-581.5683002174616,-22118.0,2278.6419538853593,0.0,-0.0,0.0,0.0,0.0,0.0,32350.296044218405,-1551.937998103769,-33077.0,29237.62537765036,0.0,-578.5,0.0,0.0,0.0,0.0,-9783.343074191454,-635.7823034589103,-18240.0,12416.156311117456,0.0,-196.3,0.0,0.0,0.0,0.0,-6591.319425808546,-285.5368853089102,-5343.0,45889.793891461326,0.0,-0.0,0.0,0.0,0.0,0.0,-9750.09666666166,-1366.6972247996555,-34773.0,33931.79430373799,0.0,-0.0,0.0,0.0,0.0,0.0,-18365.829333338334,-1376.9649703996554,-14189.0
t6,19072.447578320152,916.3934379472953,-0.0,0.0,0.0,0.0,0.0,-607.499059169324,-709.3419570981213,-18672.0,6245.759105410245,2246.9,-0.0,0.0,0.0,0.0,0.0,15191.329801821033,-693.9889072312778,-22990.0,3981.519623131108,0.0,-0.0,0.0,0.0,0.0,0.0,29906.75775734829,-1705.2773804793992,-32183.0,29155.963648941863,0.0,-946.2157862632712,0.0,0.0,0.0,0.0,-9570.983823264809,-639.7640394137849,-17999.0,12681.53795586472,0.0,-295.34065786574615,0.0,0.0,0.0,0.0,-6803.6786767351905,-289.51862126378484,-5293.0,46654.491861774506,0.0,-0.0,0.0,0.0,0.0,0.0,-10657.33151749497,-1429.1603442795285,-34568.0,32892.02257238455,0.0,-0.0,0.0,0.0,0.0,0.0,-17458.594482505032,-1439.4280898795287,-13994.0
t7,19862.78549960253,291.07681644820207,-0.0,0.0,0.0,0.0,0.0,-614.214150775374,-709.6481652753571,-18830.0,5156.948801725,0.0,-0.0,0.0,0.0,0.0,0.0,19019.870499999997,-822.819301725,-23354.0,6650.481902423913,0.0,-893.0000700489338,0.0,0.0,0.0,0.0,26084.932150775374,-1834.413983150357,-30008.0,27794.177570195676,0.0,-946.2157862632712,0.0,0.0,0.0,0.0,-8759.99164110309,-654.9701428293171,-17433.0,13410.736241441973,0.0,-295.34065786574615,0.0,0.0,0.0,0.0,-7614.6708588969095,-304.7247246793171,-5196.0,46847.237722436206,0.0,-178.65722096120876,0.0,0.0,0.0,0.0,-11114.915499999997,-1460.6650014749998,-34093.0,32443.943247075003,0.0,-0.0,0.0,0.0,0.0,0.0,-17001.010500000004,-1470.9327470749997,-13972.0
t8,16832.483866247938,0.0,-2335.6438662479404,0.0,0.0,0.0,0.0,4600.0,-208.84,-18888.0,14080.883454329449,0.0,-2246.9,0.0,0.0,0.0,0.0,11877.494908749986,-582.478363079437,-23129.0,14256.412378319317,0.0,-1665.0,0.0,0.0,0.0,0.0,18531.39877646706,-938.8111547863787,-30184.0,28342.725826309972,0.0,-578.5,0.0,0.0,0.0,0.0,-10084.287803936868,-586.9380223731016,-17093.0,11075.55905650836,0.0,-0.0,0.0,0.0,0.0,0.0,-5661.990029741002,-277.5690267673562,-5136.0,44571.92193667788,0.0,-378.6,0.0,0.0,0.0,0.0,-9556.12066632213,-1269.2012703557452,-33368.0,24448.18689927399,0.0,-0.0,0.0,0.0,0.0,0.0,-9706.495185217047,-858.6917140569415,-13883.0
t9,18615.813252752105,0.0,-4245.973252752104,0.0,0.0,0.0,0.0,4600.0,-208.84,-18761.0,27054.39339319941,0.0,-3877.393393199407,0.0,0.0,0.0,0.0,0.0,-0.0,-23177.0,19003.7737211646,0.0,-5677.104053755519,0.0,0.0,0.0,0.0,18475.369939174503,-876.0396065835857,-30926.0,24014.755872059963,0.0,-578.5,0.0,0.0,0.0,0.0,-6179.978264937945,-281.2776071220174,-16975.0,9942.181421646714,0.0,-0.0,0.0,0.0,0.0,0.0,-4545.681612047605,-298.4998095991074,-5098.0,36473.794189789325,0.0,-314.0,0.0,0.0,0.0,0.0,-3104.0464210714454,-370.7477687178841,-32685.0,24731.87540517039,0.0,-797.3011427642705,0.0,0.0,0.0,0.0,-9245.663641117508,-824.9106212886115,-13864.0
t10,19756.502876559407,0.0,-5435.662876559412,0.0,0.0,0.0,0.0,4600.0,-208.84,-18712.0,30283.066442297823,0.0,-5860.291063060346,0.0,0.0,0.0,0.0,-1426.7647455497317,-48.010633687748474,-22948.0,20145.010521167926,0.0,-5677.104053755519,0.0,0.0,0.0,0.0,17671.765508409917,-818.6719758223238,-31321.0,21783.071721205895,0.0,-578.5,0.0,0.0,0.0,0.0,-4001.8132166929036,-170.75850451299195,-17032.0,9714.764621382563,0.0,-0.0,0.0,0.0,0.0,0.0,-4329.216027097002,-242.54859428556034,-5143.0,36590.014932484504,0.0,-0.0,0.0,0.0,0.0,0.0,-4076.675729309389,-241.33920317511584,-32272.0,24720.312506892915,0.0,-1630.3,0.0,0.0,0.0,0.0,-8437.295789760889,-707.7167171320278,-13945.0
t11,18812.781366667827,0.0,-4366.941366667827,0.0,0.0,0.0,0.0,4600.0,-208.84,-18837.0,31542.537940735576,0.0,-5860.291063060346,0.0,0.0,0.0,0.0,-2639.43005628136,-88.81682139386777,-22954.0,20222.858772510554,0.0,-5677.104053755519,0.0,0.0,0.0,0.0,17908.85766014052,-810.6123788955515,-31644.0,21776.154348300788,0.0,-578.5,0.0,0.0,0.0,0.0,-3761.403525497708,-166.25082280308203,-17270.0,9560.161990709421,0.0,-0.0,0.0,0.0,0.0,0.0,-4147.670306679319,-217.49168403010322,-5195.0,36364.92635493325,0.0,-378.6,0.0,0.0,0.0,0.0,-3667.226543554813,-217.09981137844494,-32102.0,24784.968323877583,0.0,-1630.3,0.0,0.0,0.0,0.0,-8293.127228127318,-662.5410957502601,-14199.0
t12,19012.04543149922,0.0,-4069.6432636421664,0.0,0.0,0.0,0.0,4407.7077646584385,-200.1099325154931,-19150.0,30960.7677916022,0.0,-5860.291063060346,0.0,0.0,0.0,0.0,-2178.1809399137574,-73.29578862809794,-22849.0,20090.51851977912,0.0,-5402.236809950722,0.0,0.0,0.0,0.0,19598.071309893832,-918.3530197222312,-33368.0,21517.456307758122,0.0,-578.5,0.0,0.0,0.0,0.0,-3191.6271999554087,-126.32910780271324,-17621.0,8993.556252286176,0.0,-0.0,0.0,0.0,0.0,0.0,-3512.6642539448026,-216.89199834137378,-5264.0,38532.152,0.0,-314.0,0.0,0.0,0.0,0.0,-5560.0,-329.152,-32329.0,24716.758953809272,0.0,-0.0,0.0,0.0,0.0,0.0,-9563.3066807383,-625.4522730709658,-14528.0
t13,18296.6969341586,0.0,-1619.6434227440336,0.0,0.0,0.0,0.0,3321.7541259013483,-150.80763731592123,-19848.0,30368.755464279056,0.0,-4866.528076539594,0.0,0.0,0.0,0.0,-2214.7026437763884,-74.52474396307547,-23213.0,18515.20965344157,0.0,-1975.235080540608,0.0,0.0,0.0,0.0,20150.028861534596,-942.0034344355574,-35748.0,20594.653412583175,0.0,-73.45280682212224,0.0,0.0,0.0,0.0,-2117.2097029312326,-100.9909028298198,-18303.0,8825.561763217269,0.0,-0.0,0.0,0.0,0.0,0.0,-3321.7541259013483,-150.80763731592123,-5353.0,39702.752,0.0,-378.6,0.0,0.0,0.0,0.0,-5560.0,-329.152,-33435.0,25816.43410812928,0.0,-0.0,0.0,0.0,0.0,0.0,-10258.116514826976,-639.3175933023018,-14919.0
t14,18738.37863579175,0.0,-1429.435363810388,0.0,0.0,0.0,0.0,3173.1162036650385,-144.05947564639277,-20338.0,29629.043469637145,0.0,-2246.9,0.0,0.0,0.0,0.0,-2600.6321962338707,-87.51127340326974,-24694.0,16695.346635580114,0.0,-1665.0,0.0,0.0,0.0,0.0,24449.89977761316,-1125.2464131932686,-38355.0,19645.94626553094,0.0,-232.3734406537747,0.0,0.0,0.0,0.0,-1024.694879142087,-48.87794573507755,-18340.0,8615.175679311431,0.0,-0.0,0.0,0.0,0.0,0.0,-3173.1162036650385,-144.05947564639277,-5298.0,41229.152,0.0,-314.0,0.0,0.0,0.0,0.0,-5560.0,-329.152,-35026.0,31451.033787762284,0.0,-0.0,0.0,0.0,0.0,0.0,-15264.5727022372,-757.4610855250764,-15429.0
t15,18004.422291003713,0.0,-97.3,0.0,0.0,0.0,0.0,2198.5753234929043,-130.69761449661954,-19975.0,27627.17085668301,0.0,-2246.9,0.0,0.0,0.0,0.0,-414.7386314528294,-190.53222523017553,-24775.0,14725.574919320125,0.0,-1665.0,0.0,0.0,0.0,0.0,27984.632199247437,-1280.2071185675584,-39765.0,18182.169037515134,0.0,-0.0,0.0,0.0,0.0,0.0,-94.65403981591555,-4.514997699219172,-18083.0,7773.163731030225,0.0,-0.0,0.0,0.0,0.0,0.0,-2537.9412005263293,-115.22253050389536,-5120.0,43357.27126830726,0.0,-314.0,0.0,0.0,0.0,0.0,-7696.434002199489,-433.837266107775,-34913.0,35690.68772189744,0.0,-0.0,0.0,0.0,0.0,0.0,-19439.439648745778,-854.2480731516528,-15397.0
t16,18242.941387148912,0.0,-0.0,0.0,0.0,0.0,0.0,1044.4779099634216,-47.41929711233934,-19240.0,24663.064974033383,0.0,-2246.9,0.0,0.0,0.0,0.0,2279.5023654053803,-682.6673394387657,-24013.0,11155.648772462575,0.0,-1665.0,0.0,0.0,0.0,0.0,32148.03594951673,-1417.6847219793083,-40221.0,16280.251511791474,578.5,-0.0,0.0,0.0,0.0,0.0,736.0494147348091,-13.80092652627767,-17581.0,7459.969829844543,0.0,-0.0,0.0,0.0,0.0,0.0,-2469.2107246292835,-94.7591052152593,-4896.0,49496.16592791718,0.0,-0.0,0.0,0.0,0.0,0.0,-14747.81118009264,-779.3547478245393,-33969.0,35118.65074684014,0.0,-0.0,0.0,0.0,0.0,0.0,-18991.043734898416,-889.6070119417243,-15238.0
t17,20584.95231708331,462.49206605787913,-0.0,0.0,0.0,0.0,0.0,-2256.4177865486563,-479.02659659252794,-18312.0,19455.500793784144,0.0,-2246.9,0.0,0.0,0.0,0.0,6227.461483399464,-660.062277183608,-22776.0,5630.575237716248,0.0,-0.0,0.0,0.0,0.0,0.0,36691.51043761565,-1654.0856753318972,-40668.0,16042.85521794399,578.5,-0.0,0.0,0.0,0.0,0.0,593.0814608510716,-87.43667879505858,-17127.0,6962.158164397919,295.34065786574615,-0.0,0.0,0.0,0.0,0.0,-2406.8283473405436,-146.67047492312193,-4704.0,53089.35729502747,0.0,-64.6,0.0,0.0,0.0,0.0,-19444.950829188736,-1071.8064658387273,-32508.0,35498.11721591569,0.0,-0.0,0.0,0.0,0.0,0.0,-19403.85641878825,-1109.2607971274479,-14985.0
t18,18653.17837093688,1514.4739293388598,-0.0,0.0,0.0,0.0,0.0,-2127.976568741142,-778.6757315345961,-17261.0,10764.748211471555,0.0,-0.0,0.0,0.0,0.0,0.0,11240.55661038886,-564.3048218604148,-21441.0,3592.8693141152744,3406.0492970774562,-0.0,0.0,0.0,0.0,0.0,35378.008458352284,-1644.927069545011,-40732.0,15673.109677769797,608.8394459766398,-0.0,0.0,0.0,0.0,0.0,683.9714283170129,-441.92055206344764,-16524.0,8193.719636590007,295.34065786574615,-0.0,0.0,0.0,0.0,0.0,-3723.791382884843,-225.26891157090918,-4540.0,54811.385602947186,0.0,-0.0,0.0,0.0,0.0,0.0,-22702.66484066211,-1283.7207622850701,-30825.0,34835.38592747752,0.0,-0.0,0.0,0.0,0.0,0.0,-18748.10370477006,-1386.282222707468,-14701.0
t19,19193.866195556773,1629.8138044432303,-0.0,0.0,0.0,0.0,0.0,-3400.0,-836.6800000000001,-16587.0,8003.774773232449,1428.9123323675512,-0.0,0.0,0.0,0.0,0.0,11288.988,-562.6751055999999,-20159.0,4317.516622051335,1991.1844996986679,-0.0,0.0,0.0,0.0,0.0,36601.6005,-1701.3016217499999,-41209.0,17815.421477630658,717.38238507993,-0.0,0.0,0.0,0.0,0.0,-1837.389177169209,-183.41468554137964,-16512.0,9001.330087743423,181.74037884349505,-0.0,0.0,0.0,0.0,0.0,-4468.769902254183,-211.30056433273407,-4503.0,49069.70812317469,314.0,-0.0,0.0,0.0,0.0,0.0,-19151.960667362746,-1052.7474558119466,-29179.0,34830.18676311055,0.0,-0.0,0.0,0.0,0.0,0.0,-19032.468753213863,-1372.7180098966985,-14425.0
t20,17535.229157316076,1866.5189629496674,-0.0,0.0,0.0,0.0,0.0,-2191.1898625341855,-781.5582577315589,-16429.0,6536.544950146911,2407.14215545309,-0.0,0.0,0.0,0.0,0.0,11288.988,-562.6751055999999,-19670.0,3864.829074436925,3939.560442510453,-0.0,0.0,0.0,0.0,0.0,35392.790362534186,-1646.1798794815588,-41551.0,15202.826804655764,804.5,-0.0,0.0,0.0,0.0,0.0,1047.4688223056942,-321.7956269614558,-16733.0,9518.680371271681,0.0,-0.0,0.0,0.0,0.0,0.0,-4688.52900855505,-213.1513627166309,-4617.0,50953.24326575887,378.6,-0.0,0.0,0.0,0.0,0.0,-21566.05873091297,-1209.7845348458886,-28556.0,34818.04051933381,87.26286283605221,-0.0,0.0,0.0,0.0,0.0,-19283.469582837675,-1360.8337993321975,-14261.0
t21,17174.417627432995,1880.875827025751,-0.0,0.0,0.0,0.0,0.0,-1746.9906794747003,-761.3027749840463,-16547.0,7092.255814484742,2130.4312911152583,-0.0,0.0,0.0,0.0,0.0,11288.988,-562.6751055999999,-19949.0,3897.448569207261,4659.884648052088,-0.0,0.0,0.0,0.0,0.0,34948.5911794747,-1625.9243967340462,-41880.0,12610.390782289625,946.2157862632712,-0.0,0.0,0.0,0.0,0.0,3530.4407673148307,-471.04733586772795,-16616.0,9094.458583339903,130.18046711444865,-0.0,0.0,0.0,0.0,0.0,-4393.935338042651,-212.7037124117003,-4618.0,53850.221564393476,378.6,-0.0,0.0,0.0,0.0,0.0,-23993.154452836454,-1367.6671115570114,-28868.0,34755.753234423566,448.2140984111646,-0.0,0.0,0.0,0.0,0.0,-19633.93947643572,-1344.0278563990157,-14226.0
t22,17214.53259898546,1923.3627537934983,-0.0,0.0,0.0,0.0,0.0,-2011.5296028873,-773.3657498916609,-16353.0,6838.826176358521,1863.8609292414797,-0.0,0.0,0.0,0.0,0.0,11288.988,-562.6751055999999,-19429.0,3945.8975268384834,4479.959741915882,-0.0,0.0,0.0,0.0,0.0,35213.1301028873,-1637.987371641661,-42001.0,10569.780594853128,659.9590623872654,-0.0,0.0,0.0,0.0,0.0,5187.015846717795,-499.75550395818783,-15917.0,8838.506432202423,72.1021952022993,-0.0,0.0,0.0,0.0,0.0,-4041.29286869271,-219.3157587120117,-4650.0,54751.857241394566,314.0,-0.0,0.0,0.0,0.0,0.0,-25039.14823435009,-1435.709007044473,-28591.0,34793.49553681479,1191.7497895618933,-0.0,0.0,0.0,0.0,0.0,-20597.163243674993,-1298.0820827017023,-14090.0
t23,17116.926891255272,1987.6682779424832,-0.0,0.0,0.0,0.0,0.0,-2186.2616384829344,-781.3335307148219,-16137.0,6706.33176036496,778.3553452350393,-0.0,0.0,0.0,0.0,0.0,11288.988,-562.6751055999999,-18211.0,3983.995706050536,3660.097307931356,-0.0,0.0,0.0,0.0,0.0,35387.86213848293,-1645.9551524648218,-41386.0,10113.79059707203,869.6126585740639,-0.0,0.0,0.0,0.0,0.0,5615.371386295977,-510.77464194206857,-16088.0,8576.07735485985,91.43612705653595,-0.0,0.0,0.0,0.0,0.0,-3633.5525930358076,-226.9608888805786,-4807.0,54347.2078635178,358.2486379572,-0.0,0.0,0.0,0.0,0.0,-25422.7915,-1460.6650014749998,-27822.0,34954.85405847435,1155.2618308723104,-0.0,0.0,0.0,0.0,0.0,-21049.61579326017,-1276.5000960864895,-13784.0
t24,18175.484069301798,1667.1801738879165,-0.0,0.0,0.0,0.0,0.0,-2130.857156837901,-778.8070863518084,-16933.0,7050.607771240696,598.0793343593036,-0.0,0.0,0.0,0.0,0.0,11288.988,-562.6751055999999,-18375.0,3858.4905364271126,3189.4805148367936,-0.0,0.0,0.0,0.0,0.0,35332.4576568379,-1643.4287081018083,-40737.0,11938.503572516966,797.3999597552638,-0.0,0.0,0.0,0.0,0.0,4263.485708675659,-456.389240947889,-16543.0,8873.294928994137,22.929851022686762,-0.0,0.0,0.0,0.0,0.0,-3763.7042344120496,-224.52054560477407,-4908.0,54032.401022932696,378.6,-0.0,0.0,0.0,0.0,0.0,-24335.090942709434,-1389.9100802232488,-28686.0,35143.86159948025,566.7273916937792,-0.0,0.0,0.0,0.0,0.0,-20655.27903155417,-1295.3099596198656,-13760.0
t25,16699.203242798852,1525.8111917202195,-0.0,0.0,0.0,0.0,0.0,104.8446494653117,-676.8590839843819,-17653.0,5011.850792941232,3166.836312658767,-0.0,0.0,0.0,0.0,0.0,11288.988,-562.6751055999999,-18905.0,1883.5938053730702,682.1310498266188,-0.0,0.0,0.0,0.0,0.0,33096.75585053469,-1541.480705734382,-34121.0,26606.651428220983,0.0,-578.5,0.0,0.0,0.0,0.0,-8559.420577957691,-658.7308502632933,-16810.0,12942.727354155602,0.0,-0.0,0.0,0.0,0.0,0.0,-7815.241922042309,-308.4854321132933,-4819.0,41364.813692899996,0.0,-0.0,0.0,0.0,0.0,0.0,-8927.735999999999,-1310.0776928999999,-31127.0,34173.535438499996,0.0,-0.0,0.0,0.0,0.0,0.0,-19188.190000000002,-1320.3454385,-13665.0
t26,17107.038019980897,1468.059676030006,-0.0,0.0,0.0,0.0,0.0,-194.5846365827283,-690.5130594281725,-17690.0,7839.764079629236,392.2899984598498,-0.0,0.0,0.0,0.0,0.0,12409.320206251268,-600.3742843403552,-20041.0,1865.980929587065,0.0,-0.0,0.0,0.0,0.0,0.0,32275.85293033146,-1592.8338599185277,-32549.0,26892.67269843319,0.0,-578.5,0.0,0.0,0.0,0.0,-8676.639706836368,-656.5329915968182,-16981.0,12813.310366610453,0.0,-0.0,0.0,0.0,0.0,0.0,-7698.022793163633,-306.2875734468181,-4809.0,43582.2136929,64.6,-0.0,0.0,0.0,0.0,0.0,-8927.735999999999,-1310.0776928999999,-33409.0,34228.535438499996,0.0,-0.0,0.0,0.0,0.0,0.0,-19188.190000000002,-1320.3454385,-13720.0
t27,16423.30205042451,1596.4255464133116,-0.0,0.0,0.0,0.0,0.0,392.99196935939017,-663.7195661972119,-17749.0,5170.439353736239,2310.882207907206,-0.0,0.0,0.0,0.0,0.0,13502.850000265482,-637.1715619089334,-20347.0,2007.0911138810163,0.0,-0.0,0.0,0.0,0.0,0.0,30594.746530375127,-1602.8376442561453,-30999.0,27557.62152877656,0.0,-578.5,0.0,0.0,0.0,0.0,-9155.568451135347,-647.5530776412122,-17176.0,12412.401708355867,0.0,-0.0,0.0,0.0,0.0,0.0,-7219.094048864653,-297.30765949121223,-4896.0,44406.81369290001,0.0,-0.0,0.0,0.0,0.0,0.0,-8927.735999999999,-1310.0776928999999,-34169.0,33841.535438499996,0.0,-0.0,0.0,0.0,0.0,0.0,-19188.190000000002,-1320.3454385,-13333.0
t28,16990.10414295932,1317.7696357347277,-0.0,0.0,0.0,0.0,0.0,705.5912598564964,-649.4650385505438,-18364.0,5231.382158481636,2470.2049605681195,-0.0,0.0,0.0,0.0,0.0,13744.7234856421,-645.3106046918566,-20801.0,1843.4484048909958,0.0,-0.0,0.0,0.0,0.0,0.0,30040.273754501402,-1596.7221593924005,-30287.0,28044.91784315605,0.0,-578.5,0.0,0.0,0.0,0.0,-9430.010554961578,-642.4072881944704,-17394.0,12261.813815082895,0.0,-0.0,0.0,0.0,0.0,0.0,-6944.651945038423,-292.16187004447045,-5025.0,44344.213692900004,64.6,-0.0,0.0,0.0,0.0,0.0,-8927.735999999999,-1310.0776928999999,-34171.0,34066.535438499996,0.0,-0.0,0.0,0.0,0.0,0.0,-19188.190000000002,-1320.3454385,-13558.0
t29,16508.060222333177,1174.7475223341762,-0.0,0.0,0.0,0.0,0.0,2081.897719331143,-586.7054639984999,-19178.0,5326.079307874585,2557.415897324183,-0.0,0.0,0.0,0.0,0.0,14710.30729466677,-677.8024998655368,-21916.0,1865.6922437765938,2964.3787502353543,-0.0,0.0,0.0,0.0,0.0,27698.383486002087,-1566.4544800140368,-30962.0,28460.617871109862,0.0,-701.0595575834452,0.0,0.0,0.0,0.0,-9624.803391007816,-638.7549225186035,-17496.0,12363.76978314363,0.0,-165.40116978283928,0.0,0.0,0.0,0.0,-6749.859108992186,-288.5095043686035,-5160.0,44547.213692900004,64.6,-0.0,0.0,0.0,0.0,0.0,-8927.735999999999,-1310.0776928999999,-34374.0,34249.5354385,0.0,-0.0,0.0,0.0,0.0,0.0,-19188.190000000002,-1320.3454385,-13741.0
t30,16654.987798950016,797.4509268630721,-0.0,0.0,0.0,0.0,0.0,3168.708181127485,-537.1469069405867,-20084.0,8428.359001713052,2363.264770243713,-0.0,0.0,0.0,0.0,0.0,12619.834312043497,-607.4580840002636,-22804.0,3282.5055002618315,0.0,-0.0,0.0,0.0,0.0,0.0,28702.04600682902,-1446.5515070908505,-30538.0,28696.691741499286,0.0,-946.2157862632712,0.0,0.0,0.0,0.0,-9608.413726508046,-639.0622287279741,-17503.0,12577.406241935676,0.0,-295.34065786574615,0.0,0.0,0.0,0.0,-6766.248773491954,-288.81681057797414,-5227.0,44807.813692899996,0.0,-0.0,0.0,0.0,0.0,0.0,-8927.735999999999,-1310.0776928999999,-34570.0,34248.535438499996,0.0,-0.0,0.0,0.0,0.0,0.0,-19188.190000000002,-1320.3454385,-13740.0
t31,18478.64256305058,151.27338663076898,-0.0,0.0,0.0,0.0,0.0,2764.6557482006983,-555.5716978820482,-20839.0,6783.130425151316,0.0,-0.0,0.0,0.0,0.0,0.0,17193.222159930338,-761.3525850816559,-23215.0,6193.160207244738,0.0,-0.0,0.0,0.0,0.0,0.0,24532.710591868963,-1618.8707991137042,-29107.0,29159.78569736327,0.0,-946.2157862632712,0.0,0.0,0.0,0.0,-10460.484,-623.0859111,-17130.0,11708.359650815746,0.0,-295.34065786574615,0.0,0.0,0.0,0.0,-5914.1785,-272.84049295,-5226.0,44741.97369277102,25.840000128984716,-0.0,0.0,0.0,0.0,0.0,-8927.735999999999,-1310.0776928999999,-34530.0,34422.535438499996,0.0,-0.0,0.0,0.0,0.0,0.0,-19188.190000000002,-1320.3454385,-13914.0
t32,17025.843309259773,0.0,-2261.4033092597774,0.0,0.0,0.0,0.0,7000.0,-362.44,-21402.0,9991.339317274715,0.0,-2246.9,0.0,0.0,0.0,0.0,16047.354832229816,-722.7941495045332,-23069.0,12437.48303224214,0.0,-2981.536034357794,0.0,0.0,0.0,0.0,21443.233667770186,-1387.1806656545332,-29512.0,29036.785697363266,0.0,-946.2157862632712,0.0,0.0,0.0,0.0,-10460.484,-623.0859111,-17007.0,11720.359650815746,0.0,-295.34065786574615,0.0,0.0,0.0,0.0,-5914.1785,-272.84049295,-5238.0,44377.8136929,0.0,-0.0,0.0,0.0,0.0,0.0,-8927.735999999999,-1310.0776928999999,-34140.0,36180.8354385,0.0,-1630.3,0.0,0.0,0.0,0.0,-19188.190000000002,-1320.3454385,-14042.0
t33,19006.378254452895,0.0,-6197.560421828701,0.0,0.0,0.0,0.0,9459.78852407356,-474.60635669775434,-21794.0,19730.681568388984,0.0,-5860.291063060346,0.0,0.0,0.0,0.0,9538.511238981459,-476.9017443100915,-22932.0,16770.58482284002,0.0,-5677.104053755519,0.0,0.0,0.0,0.0,20816.573065889035,-1166.0538349735398,-30744.0,29872.247049956422,0.0,-946.2157862632712,0.0,0.0,0.0,0.0,-11245.231339968741,-637.7999237244139,-17043.0,10907.821739086063,0.0,-229.83607348038808,0.0,0.0,0.0,0.0,-5129.431160031259,-287.5545055744139,-5261.0,39073.15051707993,0.0,-0.0,0.0,0.0,0.0,0.0,-4252.020328944052,-1051.1301881358772,-33770.0,35510.836581264266,0.0,-797.3011427642705,0.0,0.0,0.0,0.0,-19188.190000000002,-1320.3454385,-14205.0
t34,17917.15847643795,0.0,-6566.3,0.0,0.0,0.0,0.0,11216.870833572975,-554.7293100109277,-22013.0,23945.78913666254,0.0,-5860.291063060346,0.0,0.0,0.0,0.0,4845.953655518197,-237.45172912039163,-22694.0,17840.14568703191,0.0,-5677.104053755519,0.0,0.0,0.0,0.0,21657.055470982712,-1405.0971042591002,-32415.0,29897.50943544986,0.0,-578.5,0.0,0.0,0.0,0.0,-11507.53253265072,-630.4769027991421,-17181.0,10230.171812885665,0.0,-0.0,0.0,0.0,0.0,0.0,-4602.741883373925,-297.4299295117389,-5330.0,38063.772690651356,0.0,-64.6,0.0,0.0,0.0,0.0,-3516.4037394935513,-1014.7689511577947,-33468.0,35427.48033595387,0.0,-1630.3,0.0,0.0,0.0,0.0,-18093.20180455569,-1258.9785313981724,-14445.0
t35,19644.121652820264,0.0,-5540.804314449799,0.0,0.0,0.0,0.0,8392.626426686433,-425.9437650569014,-22070.0,23773.35253803029,0.0,-5860.291063060346,0.0,0.0,0.0,0.0,5104.036303922248,-250.09777889219018,-22767.0,17319.29759423203,0.0,-5677.104053755519,0.0,0.0,0.0,0.0,22495.267693244576,-1170.46123372108,-32967.0,27679.907239986715,0.0,-0.0,0.0,0.0,0.0,0.0,-9736.484132741085,-514.4231072456279,-17429.0,10220.219025239254,0.0,-0.0,0.0,0.0,0.0,0.0,-4584.446048829813,-297.772976409441,-5338.0,38809.72045308786,0.0,-64.6,0.0,0.0,0.0,0.0,-4324.472306885088,-837.6481462027743,-33583.0,33329.02615348705,0.0,-0.0,0.0,0.0,0.0,0.0,-17346.527935397273,-1226.4982180897814,-14756.0
t36,18277.715366885594,0.0,-2742.2753668855953,0.0,0.0,0.0,0.0,7000.0,-362.44,-22173.0,23649.822812558225,0.0,-5466.873863310327,0.0,0.0,0.0,0.0,5292.377550738279,-259.3264999861757,-23216.0,15986.900102083937,0.0,-4395.935856133537,0.0,0.0,0.0,0.0,22834.423327876895,-1055.387573827292,-33370.0,26240.65649553673,0.0,-16.14017452689225,0.0,0.0,0.0,0.0,-7737.857693822361,-364.65862718747655,-18122.0,9752.570085927879,0.0,-0.0,0.0,0.0,0.0,0.0,-4157.79744825771,-305.7726376701679,-5289.0,41912.28825081451,0.0,-64.6,0.0,0.0,0.0,0.0,-6572.234110228095,-667.4541405864217,-34608.0,32800.49853495136,0.0,-0.0,0.0,0.0,0.0,0.0,-16658.91162630701,-1196.5869086443547,-14945.0
t37,17999.194270516306,0.0,-97.3,0.0,0.0,0.0,0.0,4877.719796456934,-226.6140669732438,-22553.0,22369.89553187433,0.0,-3277.047606428674,0.0,0.0,0.0,0.0,5504.891771350519,-269.73969679617545,-24328.0,14651.350452480765,0.0,-1665.0,0.0,0.0,0.0,0.0,22834.670339072694,-1033.020791553455,-34788.0,24928.269883893467,0.0,-0.0,0.0,0.0,0.0,0.0,-6255.140188823715,-231.12969506974753,-18442.0,8967.761382963781,0.0,-0.0,0.0,0.0,0.0,0.0,-3356.973292370732,-320.78809059304876,-5290.0,44060.513780088324,0.0,-64.6,0.0,0.0,0.0,0.0,-7642.969784028232,-444.9439960601061,-35908.0,32302.97179129694,0.0,-0.0,0.0,0.0,0.0,0.0,-15962.198641657471,-1122.773149639467,-15218.0
t38,22250.84666937684,0.0,-0.0,0.0,0.0,0.0,0.0,190.24609165260335,-271.09276102944324,-22170.0,21005.50490955504,0.0,-2246.9,0.0,0.0,0.0,0.0,6393.228791968415,-320.8337015234496,-24831.0,12175.308741372404,0.0,-1665.0,0.0,0.0,0.0,0.0,26400.29124030041,-1199.5999816728122,-35711.0,23299.91069910506,0.0,-0.0,0.0,0.0,0.0,0.0,-4745.579336373934,-251.33136273112444,-18303.0,8512.949991520018,0.0,-0.0,0.0,0.0,0.0,0.0,-3074.373437459362,-139.57655406065504,-5299.0,44018.79422253052,0.0,-0.0,0.0,0.0,0.0,0.0,-7218.638630975452,-547.1555915550796,-36253.0,34032.26796651621,0.0,-0.0,0.0,0.0,0.0,0.0,-17945.17471911268,-1093.0932474035183,-14994.0
t39,21651.035111691308,0.0,-0.0,0.0,0.0,0.0,0.0,-25.23039472963592,-310.8047169616736,-21315.0,19149.65644473903,0.0,-0.0,0.0,0.0,0.0,0.0,5766.922771042031,-282.57921578105953,-24634.0,9591.50112012899,0.0,-0.0,0.0,0.0,0.0,0.0,27223.43178856796,-1240.9329086969528,-35574.0,21676.434469141208,0.0,-0.0,0.0,0.0,0.0,0.0,-3644.633152261061,-155.80131688014978,-17876.0,8037.560477582154,0.0,-0.0,0.0,0.0,0.0,0.0,-2779.384736633455,-166.175740948699,-5092.0,45137.01474972001,0.0,-0.0,0.0,0.0,0.0,0.0,-8920.730137825387,-469.2846118946342,-35747.0,33430.398161970195,0.0,-0.0,0.0,0.0,0.0,0.0,-17620.376138160456,-1042.0220238097463,-14768.0
t40,19162.10696045461,263.1960434799119,-0.0,0.0,0.0,0.0,0.0,1362.1815188078326,-356.48452274236286,-20431.0,14765.551226717931,0.0,-0.0,0.0,0.0,0.0,0.0,9625.772629824827,-503.32385654275504,-23888.0,4654.045771400037,1782.0586319562778,-0.0,0.0,0.0,0.0,0.0,29822.49215338017,-1387.5965567364892,-34871.0,21572.710257993796,720.2157862632712,-0.0,0.0,0.0,0.0,0.0,-4806.630993755678,-158.29505050139312,-17328.0,7219.027461946588,47.92827198731313,-0.0,0.0,0.0,0.0,0.0,-2148.1434231173507,-254.81231081654968,-4864.0,52919.02262498516,0.0,-0.0,0.0,0.0,0.0,0.0,-17229.126831786598,-933.8957931985524,-34756.0,32064.08776368796,0.0,-0.0,0.0,0.0,0.0,0.0,-16626.545053353206,-1124.5427103347672,-14313.0
t41,17256.048957797368,785.735089860719,-0.0,0.0,0.0,0.0,0.0,1533.8714157822446,-348.65546344032964,-19227.0,9105.710232940886,2908.9768726591124,-0.0,0.0,0.0,0.0,0.0,11288.988,-562.6751055999999,-22741.0,1966.6438683408314,4703.504132631741,-0.0,0.0,0.0,0.0,0.0,29267.729084217757,-1366.8770851903296,-34571.0,20613.65445439654,720.2157862632712,-0.0,0.0,0.0,0.0,0.0,-4505.919102539858,-133.95113811995503,-16694.0,6463.785818081244,237.22497592182327,-0.0,0.0,0.0,0.0,0.0,-1802.72182828338,-261.28896571968664,-4637.0,52353.52790985442,0.0,-0.0,0.0,0.0,0.0,0.0,-17969.815351784076,-974.7125580703334,-33409.0,32861.65562321329,0.0,-0.0,0.0,0.0,0.0,0.0,-17812.132217392686,-1156.5234058206017,-13893.0
t42,16827.434458587166,1270.5121363219512,-0.0,0.0,0.0,0.0,0.0,355.1288888014674,-417.0754837105824,-18036.0,9018.345891631165,1637.3412139688364,-0.0,0.0,0.0,0.0,0.0,11288.988,-562.6751055999999,-21382.0,2305.254197186097,2451.160711797805,-0.0,0.0,0.0,0.0,0.0,30580.316146234385,-1426.7310552182878,-33910.0,20341.484680891204,728.3845928870121,-0.0,0.0,0.0,0.0,0.0,-4885.062091250111,-159.80718252810826,-16025.0,6576.402829926686,247.00067649603648,-0.0,0.0,0.0,0.0,0.0,-2071.1475224690153,-256.25598395370594,-4496.0,48648.388026,0.0,-0.0,0.0,0.0,0.0,0.0,-16081.673999999999,-844.7140259999999,-31722.0,33823.52937148342,0.0,-0.0,0.0,0.0,0.0,0.0,-19186.549421316726,-1065.9799501666967,-13571.0
t43,16958.5556203698,1300.5072065603717,-0.0,0.0,0.0,0.0,0.0,-448.98893164706715,-439.07389528310625,-17371.0,7183.773684150037,2223.913421449962,-0.0,0.0,0.0,0.0,0.0,11288.988,-562.6751055999999,-20134.0,2039.2345097756206,1830.4715756104154,-0.0,0.0,0.0,0.0,0.0,31250.589431647066,-1457.2955170331063,-33663.0,20394.421641850313,625.9159391968886,-0.0,0.0,0.0,0.0,0.0,-4533.665026042696,-139.67255500450946,-16347.0,6663.00704216364,122.07024673464161,-0.0,0.0,0.0,0.0,0.0,-1954.6367275396497,-258.44056135863156,-4572.0,47138.388026,0.0,-0.0,0.0,0.0,0.0,0.0,-16081.673999999999,-844.7140259999999,-30212.0,33832.70744141353,0.0,-0.0,0.0,0.0,0.0,0.0,-19520.612746417653,-1035.0946949958777,-13277.0
t44,17224.87659494704,1285.2557823140496,-0.0,0.0,0.0,0.0,0.0,-754.1434365542136,-452.98894070687214,-17303.0,7421.407060073414,1987.2800455265851,-0.0,0.0,0.0,0.0,0.0,11288.988,-562.6751055999999,-20135.0,2142.4666259026562,1665.0,-0.0,0.0,0.0,0.0,0.0,31555.743936554216,-1471.2105624568721,-33892.0,20951.163583511083,578.5,-0.0,0.0,0.0,0.0,0.0,-4577.325434248911,-140.33814926217312,-16812.0,6775.7953257092295,82.25300538198798,-0.0,0.0,0.0,0.0,0.0,-1905.6900189464627,-259.3583121447538,-4693.0,46878.388026,0.0,-0.0,0.0,0.0,0.0,0.0,-16081.673999999999,-844.7140259999999,-29952.0,33646.912507602174,132.82907766986614,-0.0,0.0,0.0,0.0,0.0,-19525.899046804625,-1034.8425384674192,-13219.0
t45,16237.591928193393,1494.9757227033397,-0.0,0.0,0.0,0.0,0.0,28.722598606798783,-417.29024950353,-17344.0,7659.823888506426,2142.8632170935725,-0.0,0.0,0.0,0.0,0.0,11288.988,-562.6751055999999,-20529.0,2037.8696945423376,3327.7642753179884,-0.0,0.0,0.0,0.0,0.0,30772.8779013932,-1435.51187125353,-34703.0,20124.884219202882,804.5,-0.0,0.0,0.0,0.0,0.0,-4086.085338064455,-127.29888113842819,-16716.0,7081.367846393933,81.94362392176951,-0.0,0.0,0.0,0.0,0.0,-2264.6843009586773,-252.6271693570248,-4646.0,47162.388026,0.0,-0.0,0.0,0.0,0.0,0.0,-16081.673999999999,-844.7140259999999,-30236.0,33601.34678114885,371.3324929594196,-0.0,0.0,0.0,0.0,0.0,-19658.144860976867,-1028.5344131314032,-13286.0
t46,16166.762494354432,1883.9494630500749,-0.0,0.0,0.0,0.0,0.0,-484.9578781603923,-703.7540792441139,-16862.0,7852.565555842932,1248.1215497570688,-0.0,0.0,0.0,0.0,0.0,11288.988,-562.6751055999999,-19827.0,2061.713737133393,2344.1035857003267,-0.0,0.0,0.0,0.0,0.0,33686.55837816039,-1568.375700994114,-36524.0,20077.878712246435,774.1771934259912,-0.0,0.0,0.0,0.0,0.0,-4929.462665006832,-167.59324066559697,-15755.0,6947.702977758343,82.82049213135124,-0.0,0.0,0.0,0.0,0.0,-2266.9385680404516,-252.58490184924153,-4511.0,47202.68470956182,0.0,-0.0,0.0,0.0,0.0,0.0,-16688.210636162057,-886.4740733997576,-29628.0,33590.307493587636,1520.900224769139,-0.0,0.0,0.0,0.0,0.0,-20605.976630790658,-1264.2310875661128,-13241.0
t47,17734.37653840392,1715.2855153863932,-0.0,0.0,0.0,0.0,0.0,-2295.353915254702,-786.3081385356145,-16368.0,7406.6871056,0.0,-0.0,0.0,0.0,0.0,0.0,11288.988,-562.6751055999999,-18133.0,2038.6890852799627,293.2862597509469,-0.0,0.0,0.0,0.0,0.0,35496.9544152547,-1650.9297602856145,-36178.0,19475.296902067646,352.37146665705876,-0.0,0.0,0.0,0.0,0.0,-3699.2805823388503,-103.38778638585522,-16025.0,6964.229488234425,0.0,-0.0,0.0,0.0,0.0,0.0,-2076.065720493681,-256.1637677407435,-4632.0,47910.154834575005,0.0,-0.0,0.0,0.0,0.0,0.0,-18268.853499999997,-995.3013345749998,-28646.0,33924.423448092224,800.2392776453567,-0.0,0.0,0.0,0.0,0.0,-20446.38869716747,-1305.2740285701113,-12973.0
t48,16454.89955104836,1834.6520665491885,-0.0,0.0,0.0,0.0,0.0,-655.041715376381,-711.509902221163,-16923.0,7530.6871056,0.0,-0.0,0.0,0.0,0.0,0.0,11288.988,-562.6751055999999,-18257.0,2083.131829397812,951.3574791969653,-0.0,0.0,0.0,0.0,0.0,33856.642215376385,-1576.131523971163,-35315.0,19091.603658261098,691.040672965328,-0.0,0.0,0.0,0.0,0.0,-3312.6729862569664,-75.9713449694573,-16394.0,6442.482985791513,187.82904239603488,-0.0,0.0,0.0,0.0,0.0,-1653.8727479896434,-267.4392801979044,-4709.0,48580.154834575,0.0,-0.0,0.0,0.0,0.0,0.0,-18268.853499999997,-995.3013345749998,-29316.0,34803.78148176432,623.9149003314182,-0.0,0.0,0.0,0.0,0.0,-21255.18926575339,-1277.5071163423613,-12895.0
t49,27768.989784125053,0.0,-0.0,0.0,0.0,0.0,0.0,-7424.43552422059,-338.55425990445895,-20006.0,6583.987588367643,3931.9004376323564,-0.0,0.0,0.0,0.0,0.0,10521.673999999999,-515.562026,-20522.0,9940.94226786403,4761.650655579181,-0.0,0.0,0.0,0.0,0.0,21653.944998596606,-957.5379220398155,-35399.0,18149.61167500841,0.0,-0.0,0.0,0.0,0.0,0.0,1441.1956043354282,-61.80727934383749,-19529.0,8200.8361579196,196.3,-0.0,0.0,0.0,0.0,0.0,-3046.608199759638,-89.52795815996343,-5261.0,46276.236026000006,0.0,-0.0,0.0,0.0,0.0,0.0,-10521.673999999999,-515.562026,-35239.0,28943.89175837032,108.84890189635738,-0.0,0.0,0.0,0.0,0.0,-12624.096878951805,-696.64378131487,-15732.0
t50,28405.686643836485,0.0,-0.0,0.0,0.0,0.0,0.0,-8008.499085536037,-365.1875583004433,-20032.0,7097.588748673789,4409.2992773262085,-0.0,0.0,0.0,0.0,0.0,10521.673999999999,-515.562026,-21513.0,9627.694607251076,3768.8046588117313,-0.0,0.0,0.0,0.0,0.0,21466.093656055218,-950.5929221180277,-33912.0,17080.176259375,0.0,-0.0,0.0,0.0,0.0,0.0,2833.9605,-53.136759375000004,-19861.0,9234.449509797494,138.9663404207995,-0.0,0.0,0.0,0.0,0.0,-3947.0706276278197,-107.34522259047482,-5319.0,48851.236026,0.0,-0.0,0.0,0.0,0.0,0.0,-10521.673999999999,-515.562026,-37814.0,28559.098269924427,0.0,-0.0,0.0,0.0,0.0,0.0,-12344.484442891364,-639.6138270330592,-15575.0
t51,28308.893320736344,0.0,-0.0,0.0,0.0,0.0,0.0,-8174.151989992677,-372.7413307436661,-19762.0,7512.828144085769,4446.059881914231,-0.0,0.0,0.0,0.0,0.0,10521.673999999999,-515.562026,-21965.0,9312.32994978609,4249.024478953477,-0.0,0.0,0.0,0.0,0.0,19662.11321530519,-872.4676440447604,-32351.0,15520.724261785266,0.0,-0.0,0.0,0.0,0.0,0.0,4881.059100850295,-150.78336263555912,-20251.0,8797.477505190325,167.0331703066764,-0.0,0.0,0.0,0.0,0.0,-3468.4731500638877,-84.03752543311133,-5412.0,49713.236026,0.0,-0.0,0.0,0.0,0.0,0.0,-10521.673999999999,-515.562026,-38676.0,28494.820858718685,0.0,-0.0,0.0,0.0,0.0,0.0,-12900.547176098922,-628.2736826197647,-14966.0
t52,28880.460751546478,0.0,-0.0,0.0,0.0,0.0,0.0,-8762.873710354324,-399.5870411921572,-19718.0,8597.969375127532,4381.939337245479,-0.0,0.0,0.0,0.0,0.0,9848.676432835944,-482.58514520896125,-22346.0,9196.40009168348,4576.629554939208,-0.0,0.0,0.0,0.0,0.0,18813.771446073242,-836.80109269593,-31750.0,13767.925585626805,0.0,-0.0,0.0,0.0,0.0,0.0,7019.630980767545,-284.5565663943488,-20503.0,8036.257637137034,224.43641873957176,-0.0,0.0,0.0,0.0,0.0,-2649.024840124275,-49.66921575233016,-5562.0,50599.43573700099,0.0,-0.0,0.0,0.0,0.0,0.0,-11370.834227264453,-581.6015097365357,-38647.0,28448.4311195519,0.0,-0.0,0.0,0.0,0.0,0.0,-12899.34608193368,-573.085037618217,-14976.0
t53,27981.79812598275,0.0,-0.0,0.0,0.0,0.0,0.0,-7738.904099065367,-352.89402691738076,-19890.0,8298.109229886924,5289.191063060345,-0.0,0.0,0.0,0.0,0.0,10153.206842326737,-497.5071352740101,-23243.0,9054.121701705953,4160.641748365908,-0.0,0.0,0.0,0.0,0.0,19819.642706258415,-878.4061563302783,-32156.0,14150.90108593863,0.0,-0.0,0.0,0.0,0.0,0.0,6901.128436751031,-372.0295226896575,-20680.0,6783.948509482862,210.93385501126625,-0.0,0.0,0.0,0.0,0.0,-1316.203547969698,-24.678816524431838,-5654.0,54110.91125384731,0.0,-0.0,0.0,0.0,0.0,0.0,-14818.90073110807,-801.0105227392357,-38491.0,28462.32905530595,0.0,-0.0,0.0,0.0,0.0,0.0,-12999.969607193048,-569.3594481128976,-14893.0
t54,28608.72526661257,0.0,-0.0,0.0,0.0,0.0,0.0,-8402.568158581264,-383.15710803130565,-19823.0,10243.887144199532,3729.000881800469,-0.0,0.0,0.0,0.0,0.0,10521.673999999999,-515.562026,-23979.0,9576.929874005356,2144.4653553731932,-0.0,0.0,0.0,0.0,0.0,20702.822962628827,-918.2181920073747,-31506.0,16089.92487490078,0.0,-0.0,0.0,0.0,0.0,0.0,4341.316750734502,-135.24162563527938,-20296.0,8634.922201459038,81.23291460806607,-0.0,0.0,0.0,0.0,0.0,-2922.696894290172,-57.458221776931374,-5736.0,49898.61882429478,0.0,-0.0,0.0,0.0,0.0,0.0,-11109.7992507345,-553.8195735602793,-38235.0,28388.979274835398,0.0,-0.0,0.0,0.0,0.0,0.0,-13130.74940975739,-583.2298650780003,-14675.0
t55,27347.311917800555,0.0,-0.0,0.0,0.0,0.0,0.0,-7277.459753060975,-331.8521647395805,-19738.0,11989.988026000003,2246.9,-0.0,0.0,0.0,0.0,0.0,10521.673999999999,-515.562026,-24243.0,9714.869219262033,1665.0,-0.0,0.0,0.0,0.0,0.0,19147.321951091886,-848.1911703539251,-29679.0,14873.55645635984,0.0,-0.0,0.0,0.0,0.0,0.0,5070.932377048232,-166.48883340807373,-19778.0,8895.805756732298,25.177096645472684,-0.0,0.0,0.0,0.0,0.0,-3134.2232958451127,-67.759557532657,-5719.0,49059.36290963168,0.0,-0.0,0.0,0.0,0.0,0.0,-10904.873740511413,-540.4891691202674,-37614.0,28522.75827340743,0.0,-0.0,0.0,0.0,0.0,0.0,-13423.371538722618,-619.3867346848078,-14480.0
t56,30431.126344953467,0.0,-0.0,0.0,0.0,0.0,0.0,-10445.945812926188,-477.18053202727606,-19508.0,10088.65827342355,0.0,-0.0,0.0,0.0,0.0,0.0,14382.100052751537,-666.7583261750892,-23804.0,8489.387009326962,0.0,-889.3354349233869,0.0,0.0,0.0,0.0,23545.658149990806,-1284.7097243943813,-29861.0,15442.778944804557,0.0,-0.0,0.0,0.0,0.0,0.0,3940.607822412966,-121.38676721752137,-19262.0,9398.598179019853,0.0,-0.0,0.0,0.0,0.0,0.0,-3649.7332850146404,-92.86489400521299,-5656.0,48751.446066148324,0.0,-0.0,0.0,0.0,0.0,0.0,-11412.909190975382,-573.5368751729486,-36765.0,31523.221144985455,0.0,-0.0,0.0,0.0,0.0,0.0,-16359.777736239099,-806.4434087463535,-14357.0
t57,32645.84,0.0,-0.0,0.0,0.0,0.0,0.0,-12800.0,-627.84,-19218.0,13214.497879482988,0.0,-4676.020744037828,0.0,0.0,0.0,0.0,15756.530784865565,-713.0079203107261,-23582.0,10653.985028243482,0.0,-3730.6442968248884,0.0,0.0,0.0,0.0,25082.2479816349,-1457.5887130534963,-30548.0,14101.33411449483,0.0,-0.0,0.0,0.0,0.0,0.0,4916.121735829224,-152.455850324054,-18865.0,9874.276252325002,0.0,-0.0,0.0,0.0,0.0,0.0,-4148.139,-117.13725232499999,-5609.0,46794.236026,0.0,-0.0,0.0,0.0,0.0,0.0,-10521.673999999999,-515.562026,-35757.0,33875.136064171515,0.0,-0.0,0.0,0.0,0.0,0.0,-18285.087502329683,-1197.0485618418243,-14393.0
t58,31891.466733995283,0.0,-0.0,0.0,0.0,0.0,0.0,-12168.978351136897,-656.488382858385,-19066.0,15001.105184076685,0.0,-4639.000725701174,0.0,0.0,0.0,0.0,13339.572826640955,-631.6772850164681,-23070.0,11565.211728879509,0.0,-5677.104053755519,0.0,0.0,0.0,0.0,26543.580704915166,-1334.6883800391593,-31097.0,13308.862912950732,0.0,-0.0,0.0,0.0,0.0,0.0,5743.036785229725,-191.8996981804579,-18860.0,10549.94628404649,0.0,-0.0,0.0,0.0,0.0,0.0,-4779.160648863104,-145.7856351833849,-5625.0,46079.23602599999,0.0,-0.0,0.0,0.0,0.0,0.0,-10521.673999999999,-515.562026,-35042.0,33882.300028763995,0.0,-0.0,0.0,0.0,0.0,0.0,-18156.377316785845,-1194.9227119781492,-14531.0
t59,31198.45073946045,0.0,-6.895833139147896,0.0,0.0,0.0,0.0,-11366.64037955301,-692.9145267682934,-19132.0,16145.027053729384,0.0,-5860.291063060346,0.0,0.0,0.0,0.0,13283.03892868108,-629.7749193501184,-22938.0,12969.400118681739,0.0,-5677.104053755519,0.0,0.0,0.0,0.0,25172.3836531328,-1270.6797180590224,-31194.0,12906.118177239838,0.0,-0.0,0.0,0.0,0.0,0.0,6259.480056163602,-218.5982334034423,-18947.0,11447.751057406029,0.0,-99.04065786574617,0.0,0.0,0.0,0.0,-5581.49862044699,-182.21177909329333,-5585.0,45920.94881199204,0.0,-0.0,0.0,0.0,0.0,0.0,-10640.647556163602,-523.3012558284422,-34757.0,33448.44128393009,0.0,-316.5494810573075,0.0,0.0,0.0,0.0,-17126.11608181388,-1151.7757210589039,-14854.0
t60,31660.417421980954,0.0,-646.0226590782316,0.0,0.0,0.0,0.0,-10732.699311651715,-721.6954512510122,-19560.0,17053.069275400787,0.0,-5860.291063060346,0.0,0.0,0.0,0.0,12644.510215821967,-608.2884281624092,-23229.0,13379.233202801719,0.0,-5569.60889030765,0.0,0.0,0.0,0.0,25661.049896975004,-1242.6742094690776,-32228.0,13480.863164676271,0.0,-0.0,0.0,0.0,0.0,0.0,6116.868296596374,-209.73146127264704,-19388.0,12252.16341112916,0.0,-190.73101920486303,0.0,0.0,0.0,0.0,-6215.439688348284,-210.9927035760121,-5635.0,46332.236026,0.0,-0.0,0.0,0.0,0.0,0.0,-10521.673999999999,-515.562026,-35295.0,33534.74457074766,0.0,-0.0,0.0,0.0,0.0,0.0,-16952.615409393344,-1144.1291613543153,-15438.0
t61,31221.225130852228,0.0,-0.0,0.0,0.0,0.0,0.0,-9886.093788866789,-760.1313419854479,-20575.0,17214.62884378791,0.0,-5289.191063060345,0.0,0.0,0.0,0.0,12841.478634731138,-614.9164154587028,-24152.0,12961.39917448159,0.0,-3011.429235327245,0.0,0.0,0.0,0.0,24991.787468181035,-1228.7574073353824,-33713.0,13236.26816968677,0.0,-0.0,0.0,0.0,0.0,0.0,7194.128975948695,-279.3971456354627,-20151.0,13455.293315797982,0.0,-249.81951035432252,0.0,0.0,0.0,0.0,-7062.045211133212,-249.4285943104478,-5894.0,48875.39664400917,0.0,-0.0,0.0,0.0,0.0,0.0,-11575.296475948695,-584.1001680604626,-36716.0,33701.67151713886,0.0,-0.0,0.0,0.0,0.0,0.0,-16503.959602912175,-1124.7119142266795,-16073.0
t62,31101.013144716188,0.0,-0.0,0.0,0.0,0.0,0.0,-9378.853074288912,-783.1600704272835,-20939.0,16336.800642310456,0.0,-2246.9,0.0,0.0,0.0,0.0,11797.899329528165,-579.7999718386227,-25308.0,11782.136061476078,0.0,-1665.0,0.0,0.0,0.0,0.0,26266.561889803474,-1203.6979512795492,-35180.0,11854.197539270494,0.0,-0.0,0.0,0.0,0.0,0.0,8676.651059165948,-380.8485984364406,-20150.0,13947.727277482678,0.0,-275.98402901930683,0.0,0.0,0.0,0.0,-7569.285925711089,-272.4573227522834,-5830.0,52016.109664299365,0.0,-0.0,0.0,0.0,0.0,0.0,-13346.774829350137,-699.3348349492264,-37970.0,34148.18413685059,0.0,-0.0,0.0,0.0,0.0,0.0,-16446.19844914745,-1120.9856877031407,-16581.0
t63,30929.370518106705,0.0,-491.0548133226688,0.0,0.0,0.0,0.0,-8959.098789842907,-802.2169149411321,-20677.0,15142.020423014701,0.0,-2246.9,0.0,0.0,0.0,0.0,13058.084789553785,-622.2052125684847,-25331.0,11594.974512208988,0.0,-2407.8935217870658,0.0,0.0,0.0,0.0,28156.032228846998,-1383.1132192689188,-35960.0,12460.894958081166,0.0,-0.0,0.0,0.0,0.0,0.0,7922.23399194485,-384.12895002601243,-19999.0,14213.122530777122,0.0,-272.56815335389666,0.0,0.0,0.0,0.0,-7989.040210157093,-291.51416726613206,-5660.0,54140.50170859586,0.0,-0.0,0.0,0.0,0.0,0.0,-15609.947491944848,-846.5542166510124,-37684.0,34430.32120325122,0.0,-0.0,0.0,0.0,0.0,0.0,-16578.264518400778,-1114.056684850434,-16738.0
t64,29936.280024569278,0.0,-0.0,0.0,0.0,0.0,0.0,-8975.82235969965,-801.4576648696359,-20159.0,15061.363891808225,0.0,-2233.9952950065144,0.0,0.0,0.0,0.0,12401.750983182377,-600.119579984087,-24629.0,9819.915488436165,0.0,-1665.0,0.0,0.0,0.0,0.0,29061.434615831055,-1379.35010426722,-35837.0,11536.764881887902,0.0,-0.0,0.0,0.0,0.0,0.0,8289.237656518635,-408.0025384065371,-19418.0,13898.04170807296,0.0,-170.97015057797628,0.0,0.0,0.0,0.0,-7972.316640300349,-290.7549171946358,-5464.0,54319.55895888464,0.0,-0.0,0.0,0.0,0.0,0.0,-16453.896018050422,-898.662940834219,-36967.0,34129.5323041121,0.0,-0.0,0.0,0.0,0.0,0.0,-16350.388237481644,-1104.1440666304516,-16675.0
t65,29932.036349071004,0.0,-0.0,0.0,0.0,0.0,0.0,-9826.185155113144,-762.8511939578633,-19343.0,13188.624116057117,0.0,-1547.1302191954162,0.0,0.0,0.0,0.0,12499.929386390337,-603.4232832520348,-23538.0,5583.527998968096,0.0,-359.4145650738876,0.0,0.0,0.0,0.0,32344.425189823105,-1609.5386237173198,-35959.0,12748.604715857648,0.0,-0.0,0.0,0.0,0.0,0.0,6221.918726126908,-273.52344198455535,-18697.0,12606.93559395337,26.16669721634971,-0.0,0.0,0.0,0.0,0.0,-7121.953844886856,-252.14844628286326,-5259.0,56165.73293473646,0.0,-0.0,0.0,0.0,0.0,0.0,-19469.63222612691,-1065.100708609555,-35631.0,32149.61409482873,0.0,-0.0,0.0,0.0,0.0,0.0,-14648.502076213443,-1030.1120186152848,-16471.0
t66,28391.473111306543,0.0,-0.0,0.0,0.0,0.0,0.0,-9105.921968684828,-795.5511426217089,-18490.0,9296.720078757835,0.0,-0.0,0.0,0.0,0.0,0.0,13656.626047128022,-642.3461258858579,-22311.0,4463.654727755283,0.0,-0.0,0.0,0.0,0.0,0.0,33015.306374888285,-1727.9611026435673,-35751.0,11122.20462546405,0.0,-0.0,0.0,0.0,0.0,0.0,7284.435534933365,-342.64016039741534,-18064.0,13226.065426261881,0.0,-0.0,0.0,0.0,0.0,0.0,-7842.217031315172,-284.8483949467088,-5099.0,55535.36646195579,0.0,-0.0,0.0,0.0,0.0,0.0,-20532.14903493336,-1134.2174270224152,-33869.0,33652.78775238766,152.9038245363536,-0.0,0.0,0.0,0.0,0.0,-16476.079922016303,-1109.6116549077092,-16220.0
t67,28385.64916148165,0.0,-0.0,0.0,0.0,0.0,0.0,-9515.702033816939,-776.947127664711,-18093.0,7515.173334781449,0.0,-0.0,0.0,0.0,0.0,0.0,14281.18934611533,-663.3626808967808,-21133.0,4165.590043162111,0.0,-0.0,0.0,0.0,0.0,0.0,33609.399153884675,-1801.9891970467809,-35973.0,11362.572172109472,0.0,-0.0,0.0,0.0,0.0,0.0,7309.712237810071,-344.2844099195451,-18328.0,12881.681346172772,0.0,-0.0,0.0,0.0,0.0,0.0,-7432.4369661830615,-266.244379989711,-5183.0,53971.28741435462,0.0,-0.0,0.0,0.0,0.0,0.0,-20557.42573781007,-1135.861676544545,-32278.0,34878.35919429999,0.0,-0.0,0.0,0.0,0.0,0.0,-17694.735999999997,-1162.6231943,-16021.0
t68,27636.025747501506,57.94364365529327,-0.0,0.0,0.0,0.0,0.0,-8967.926517399314,-690.0428737574847,-18036.0,7510.203139171636,0.0,-0.0,0.0,0.0,0.0,0.0,14357.7353135286,-665.9384527002373,-21202.0,4376.711782378837,0.0,-0.0,0.0,0.0,0.0,0.0,33532.8531864714,-1804.5649688502374,-36105.0,11026.623408577316,0.0,-0.0,0.0,0.0,0.0,0.0,8144.9962246886835,-398.61963326599886,-18773.0,12533.247548701262,0.0,-0.0,0.0,0.0,0.0,0.0,-6958.519042449074,-244.72850625218794,-5330.0,54730.906624579686,0.0,-0.0,0.0,0.0,0.0,0.0,-21392.709724688684,-1190.1968998909988,-32148.0,35795.6642542819,0.0,-0.0,0.0,0.0,0.0,0.0,-18716.42944015161,-1097.2348141302969,-15982.0
t69,27236.46795368431,0.0,-0.0,0.0,0.0,0.0,0.0,-8274.935463197378,-602.5324904869317,-18359.0,7706.605032512389,0.0,-0.0,0.0,0.0,0.0,0.0,14491.846253311543,-670.4512858239334,-21528.0,4798.335555285477,0.0,-0.0,0.0,0.0,0.0,0.0,33398.74224668846,-1809.0778019739334,-36388.0,12335.728338109298,0.0,-0.0,0.0,0.0,0.0,0.0,6759.783187058882,-308.5115251681802,-18787.0,12085.830982019148,0.0,-0.0,0.0,0.0,0.0,0.0,-6564.013047918643,-226.81793410050636,-5295.0,53634.58547885207,0.0,-0.0,0.0,0.0,0.0,0.0,-20007.49668705888,-1100.08879179318,-32527.0,36757.247159271385,7.3143326240111355,-0.0,0.0,0.0,0.0,0.0,-19803.926488883983,-1027.6350030114252,-15933.0
t70,26586.23623956877,106.40055620628412,-0.0,0.0,0.0,0.0,0.0,-7890.463854782169,-588.1729409928895,-18214.0,7744.428826159604,0.0,-0.0,0.0,0.0,0.0,0.0,13868.03107905044,-649.4599052100473,-20963.0,4487.529000410487,0.0,-0.0,0.0,0.0,0.0,0.0,34022.55742094956,-1788.0864213600473,-36722.0,12437.403163766874,0.0,-0.0,0.0,0.0,0.0,0.0,5884.850550050504,-246.2537138173798,-18076.0,11955.840629479762,0.0,-0.0,0.0,0.0,0.0,0.0,-6568.13122507293,-226.70940440683287,-5161.0,52092.7249694292,0.0,-0.0,0.0,0.0,0.0,0.0,-18824.58460835566,-1023.1403610735358,-32245.0,37101.61238659752,0.0,-0.0,0.0,0.0,0.0,0.0,-20492.259361839737,-1019.3530247577871,-15590.0
t71,25686.902958694238,304.7579250898343,-0.0,0.0,0.0,0.0,0.0,-7495.920039308883,-586.7408444751857,-17909.0,6407.298502608862,0.0,-0.0,0.0,0.0,0.0,0.0,13682.932847095915,-643.2313497047776,-19447.0,4205.084429988473,0.0,-0.0,0.0,0.0,0.0,0.0,33995.07998542946,-1772.1644154179346,-36428.0,14442.041764239793,0.0,-0.0,0.0,0.0,0.0,0.0,3937.745541620504,-105.78730586029806,-18274.0,11719.868334270554,0.0,-0.0,0.0,0.0,0.0,0.0,-6161.559469260196,-206.30886501035715,-5352.0,48294.388026,0.0,-0.0,0.0,0.0,0.0,0.0,-16081.673999999999,-844.7140259999999,-31368.0,38054.25592413542,0.0,-0.0,0.0,0.0,0.0,0.0,-21876.604865576795,-1028.6510585586263,-15149.0
t72,24771.906307876918,503.2751853286645,-0.0,0.0,0.0,0.0,0.0,-5766.443912304827,-711.7375809007536,-18797.0,6449.8101803303925,0.0,-0.0,0.0,0.0,0.0,0.0,14012.511490732762,-654.3216710631575,-19808.0,4372.87117794592,0.0,-0.0,0.0,0.0,0.0,0.0,33878.07700926723,-1792.9481872131573,-36458.0,14127.392372625818,0.0,-0.0,0.0,0.0,0.0,0.0,4870.660938403549,-214.0533110293673,-18784.0,11056.427485308666,0.0,-0.0,0.0,0.0,0.0,0.0,-5394.670809133765,-185.75667617490336,-5476.0,52157.53925825599,0.0,-0.0,0.0,0.0,0.0,0.0,-18732.395780438463,-1017.1434778175218,-32408.0,38984.12640181419,0.0,-0.0,0.0,0.0,0.0,0.0,-22867.738936526493,-1038.3874652876957,-15078.0
t73,15785.983306292726,4414.696693707277,-0.0,0.0,0.0,0.0,0.0,-3400.0,-836.6800000000001,-15964.0,1507.8047085044889,3554.699290238235,-0.0,0.0,0.0,0.0,0.0,12323.999234912066,-597.5032336547911,-16789.0,1500.8757457226122,2642.6647389942455,-0.0,0.0,0.0,0.0,0.0,35566.58926508793,-1736.1297498047911,-37974.0,28763.47072235323,0.0,-29.80355187823197,0.0,0.0,0.0,0.0,-13294.4445,-676.2226704750001,-14763.0,7518.571240106702,99.04065786574617,-0.0,0.0,0.0,0.0,0.0,-2889.9029867907384,-316.708911181709,-4411.0,38277.8136929,0.0,-0.0,0.0,0.0,0.0,0.0,-8927.735999999999,-1310.0776928999999,-28040.0,34101.58211056596,0.0,-0.0,0.0,0.0,0.0,0.0,-19378.505013209262,-1311.077097356709,-13412.0
t74,15570.286227378132,3366.5794610872535,-0.0,0.0,0.0,0.0,0.0,-1950.292356986789,-770.5733314785977,-16216.0,1487.0656192659467,2246.9,-0.0,0.0,0.0,0.0,0.0,13949.226512272005,-652.192131537953,-17031.0,1770.0875860849167,4138.970048366849,-0.0,0.0,0.0,0.0,0.0,32491.65434471478,-1724.7119791665505,-36676.0,29671.167170475,0.0,-578.5,0.0,0.0,0.0,0.0,-13294.4445,-676.2226704750001,-15122.0,6672.1342747108665,174.24970447928285,-0.0,0.0,0.0,0.0,0.0,-2087.7403866359764,-277.6435925541721,-4481.0,39382.8136929,0.0,-0.0,0.0,0.0,0.0,0.0,-8927.735999999999,-1310.0776928999999,-29145.0,34824.679392093196,0.0,-0.0,0.0,0.0,0.0,0.0,-20180.667613364025,-1272.011778729172,-13372.0
t75,15881.330679102524,97.3,-0.0,0.0,0.0,0.0,0.0,1383.9033290909292,-618.5340081934537,-16744.0,1909.101279192085,4083.1530004953784,-0.0,0.0,0.0,0.0,0.0,12126.60669499926,-590.8609746867251,-17528.0,1559.4330714849707,4050.8299516353977,-0.0,0.0,0.0,0.0,0.0,30980.07847590981,-1511.3414990301787,-35079.0,29691.468250838476,0.0,-175.8010803634765,0.0,0.0,0.0,0.0,-13294.4445,-676.2226704750001,-15545.0,6073.026252350427,295.34065786574615,-0.0,0.0,0.0,0.0,0.0,-1523.5824946821974,-273.78441553397704,-4571.0,40461.8136929,0.0,-0.0,0.0,0.0,0.0,0.0,-8927.735999999999,-1310.0776928999999,-30224.0,35593.97810702678,0.0,-0.0,0.0,0.0,0.0,0.0,-20744.825505317804,-1268.1526017089768,-13581.0
t76,16010.762545980655,4141.130638049967,-0.0,0.0,0.0,0.0,0.0,-2091.8641775350225,-777.0290064955971,-17283.0,1484.9181184431745,1941.9313835993707,-0.0,0.0,0.0,0.0,0.0,15842.035657223014,-715.8851592655544,-18553.0,1550.443661599141,1665.0,-0.0,0.0,0.0,0.0,0.0,30740.41702031201,-1794.8606819111515,-32161.0,30357.167170475,0.0,-578.5,0.0,0.0,0.0,0.0,-13294.4445,-676.2226704750001,-15808.0,6454.917602480563,225.09865689443674,-0.0,0.0,0.0,0.0,0.0,-1766.0394999999999,-261.97675937500003,-4652.0,41321.8136929,0.0,-0.0,0.0,0.0,0.0,0.0,-8927.735999999999,-1310.0776928999999,-31084.0,35779.71344555,0.0,-0.0,0.0,0.0,0.0,0.0,-20502.3685,-1256.34494555,-14021.0
t77,16131.078444482711,1353.4328113009217,-0.0,0.0,0.0,0.0,0.0,1009.113183068448,-635.6244388520788,-17858.0,4299.253502476186,4610.433603123814,-0.0,0.0,0.0,0.0,0.0,11288.988,-562.6751055999999,-19636.0,1684.7587436705244,0.0,-0.0,0.0,0.0,0.0,0.0,32192.487316931554,-1500.2460606020786,-32377.0,29776.667170475,0.0,-0.0,0.0,0.0,0.0,0.0,-13294.4445,-676.2226704750001,-15806.0,7090.965508577587,196.3,-0.0,0.0,0.0,0.0,0.0,-2280.246851199186,-287.0186573784004,-4720.0,41723.813692899996,0.0,-0.0,0.0,0.0,0.0,0.0,-8927.735999999999,-1310.0776928999999,-31486.0,35549.54799235421,0.0,-0.0,0.0,0.0,0.0,0.0,-19988.161148800813,-1281.3868435534002,-14280.0
t78,17594.587007975573,97.3,-0.0,0.0,0.0,0.0,0.0,1345.4026320050025,-620.2896399805719,-18417.0,2626.447732528564,761.549254761316,-0.0,0.0,0.0,0.0,0.0,17642.472884679588,-776.4698719694682,-20254.0,2093.88899102911,5677.104053755519,-0.0,0.0,0.0,0.0,0.0,25502.712983315407,-1698.7060281000402,-31575.0,30093.167170475,0.0,-578.5,0.0,0.0,0.0,0.0,-13294.4445,-676.2226704750001,-15544.0,7412.996415592046,99.04065786574617,-0.0,0.0,0.0,0.0,0.0,-2459.298596102596,-295.73847735519644,-4757.0,41614.813692899996,0.0,-0.0,0.0,0.0,0.0,0.0,-8927.735999999999,-1310.0776928999999,-31377.0,35272.2160674276,0.0,-0.0,0.0,0.0,0.0,0.0,-19809.109403897404,-1290.1066635301963,-14173.0
t79,17861.80696777249,0.0,-0.0,0.0,0.0,0.0,0.0,1554.9283016713034,-610.7352694437886,-18806.0,3918.9676697648356,0.0,-0.0,0.0,0.0,0.0,0.0,17271.002214141008,-763.9698839058449,-20426.0,6502.993685311945,0.0,-0.0,0.0,0.0,0.0,0.0,25664.65798418769,-1676.6516694996335,-30491.0,29487.667170475,0.0,-226.0,0.0,0.0,0.0,0.0,-13294.4445,-676.2226704750001,-15291.0,8452.535910190747,0.0,-295.34065786574615,0.0,0.0,0.0,0.0,-3080.218,-325.977252325,-4751.0,41052.813692899996,0.0,-0.0,0.0,0.0,0.0,0.0,-8927.735999999999,-1310.0776928999999,-30815.0,34897.535438499996,0.0,-0.0,0.0,0.0,0.0,0.0,-19188.190000000002,-1320.3454385,-14389.0
t80,17908.331104210472,0.0,-3104.2486500139335,0.0,0.0,0.0,0.0,4699.099942097714,-215.18239629425372,-19288.0,13327.929617585287,0.0,-2246.9,0.0,0.0,0.0,0.0,9935.942132614373,-494.9717501996553,-20522.0,15211.811710260745,0.0,-4063.5025885107443,0.0,0.0,0.0,0.0,20641.6005,-897.9096217499999,-30892.0,28463.689109335013,0.0,-578.5,0.0,0.0,0.0,0.0,-12075.81572832885,-653.3733810061659,-15156.0,9551.274734527318,0.0,-196.3,0.0,0.0,0.0,0.0,-4298.846771671151,-303.12796285616594,-4753.0,33642.09957684095,0.0,-314.0,0.0,0.0,0.0,0.0,-2127.9246405538142,-920.1749362871369,-30280.0,32661.19067016505,0.0,-0.0,0.0,0.0,0.0,0.0,-16774.055434158276,-1166.135236006772,-14721.0
t81,18742.016568851563,0.0,-6566.3,0.0,0.0,0.0,0.0,7945.854391396096,-405.570960247662,-19716.0,25743.9605550443,0.0,-5860.291063060346,0.0,0.0,0.0,0.0,799.5063175773323,-39.175809561289284,-20644.0,19525.506759678072,0.0,-5677.104053755519,0.0,0.0,0.0,0.0,18488.157784177813,-940.5604901003584,-31396.0,29241.38295673827,0.0,-141.71578626327113,0.0,0.0,0.0,0.0,-13294.4445,-676.2226704750001,-15129.0,8428.322726980146,0.0,-271.12747465514605,0.0,0.0,0.0,0.0,-3080.218,-325.977252325,-4751.0,27818.25940091589,0.0,-378.6,0.0,0.0,0.0,0.0,3039.145044509838,-700.8044454257288,-29778.0,31801.788335699337,0.0,-1630.3,0.0,0.0,0.0,0.0,-13898.001037661077,-1076.487298038257,-15197.0
t82,17903.903136445057,0.0,-6566.3,0.0,0.0,0.0,0.0,9221.119932475836,-463.7230689208981,-20095.0,28606.358941361916,0.0,-5860.291063060346,0.0,0.0,0.0,0.0,-1858.5283977183462,-62.53948058322235,-20825.0,20314.66344589385,0.0,-5677.104053755519,0.0,0.0,0.0,0.0,18224.076702139246,-1016.6360942775814,-31845.0,28929.421420104853,0.0,-0.0,0.0,0.0,0.0,0.0,-13046.84130945262,-671.5801106522366,-15211.0,8726.496540915363,0.0,-295.34065786574615,0.0,0.0,0.0,0.0,-3327.821190547381,-321.33469250223663,-4782.0,26162.283646223907,0.0,-378.6,0.0,0.0,0.0,0.0,4332.697460608093,-632.3811068320009,-29484.0,32074.122039496287,0.0,-1630.3,0.0,0.0,0.0,0.0,-13544.703197504827,-1061.11884199146,-15838.0
t83,17367.73589539398,0.0,-3622.2958953939824,0.0,0.0,0.0,0.0,7000.0,-362.44,-20383.0,27365.987576302705,0.0,-5466.873863310327,0.0,0.0,0.0,0.0,-862.1039162118491,-29.00979678052872,-21008.0,19808.497209987298,0.0,-5228.079458535728,0.0,0.0,0.0,0.0,19147.11324061219,-844.5309920637549,-32883.0,27930.860205535064,598.0408642915027,-0.0,0.0,0.0,0.0,0.0,-12448.539125130374,-660.3619446961945,-15420.0,8861.939901415824,196.3,-0.0,0.0,0.0,0.0,0.0,-3926.123374869627,-310.1165265461945,-4822.0,24676.642763739655,0.0,-378.6,0.0,0.0,0.0,0.0,5872.199804343221,-541.2425680828813,-29629.0,32039.5116599939,0.0,-0.0,0.0,0.0,0.0,0.0,-14782.54662874356,-1114.9650312503447,-16142.0
t84,17824.71060985441,0.0,-1725.8706098544073,0.0,0.0,0.0,0.0,4600.0,-208.84,-20490.0,26494.836162027226,0.0,-5310.246474683658,0.0,0.0,0.0,0.0,-145.68730938283616,-4.902377960732437,-21034.0,19435.58687855732,0.0,-3156.7969699122928,0.0,0.0,0.0,0.0,18699.733782190546,-812.5236908355648,-34166.0,27716.312467726017,804.5,-0.0,0.0,0.0,0.0,0.0,-12008.697552516338,-652.1149152096814,-15860.0,9334.534444543347,196.3,-0.0,0.0,0.0,0.0,0.0,-4365.964947483662,-301.8694970596813,-4863.0,23962.12710340399,0.0,-378.6,0.0,0.0,0.0,0.0,7120.798426261337,-467.3255296653289,-30237.0,32009.86572909282,0.0,-797.3011427642707,0.0,0.0,0.0,0.0,-13900.182399069046,-1027.3821872595036,-16285.0
t85,16235.391245769264,0.0,-1206.0866767776986,0.0,0.0,0.0,0.0,5791.81135791499,-285.1159269065594,-20536.0,25439.092194805362,0.0,-3827.0921948053615,0.0,0.0,0.0,0.0,0.0,-0.0,-21612.0,17283.04097646176,0.0,-2271.1969272880838,0.0,0.0,0.0,0.0,21429.501453536755,-986.3455027104327,-35455.0,28042.649476211736,578.5,-0.0,0.0,0.0,0.0,0.0,-11763.629585385752,-647.5198908259829,-16210.0,9604.32449267662,137.98289461361216,-0.0,0.0,0.0,0.0,0.0,-4611.0329146142485,-297.2744726759828,-4834.0,28569.476055364557,0.0,-314.0,0.0,0.0,0.0,0.0,3704.117013911859,-669.593069276418,-31290.0,31977.882089754185,0.0,-0.0,0.0,0.0,0.0,0.0,-14550.767325363606,-1080.1147643905742,-16347.0
t86,15921.313707360112,0.0,-711.8415803838504,0.0,0.0,0.0,0.0,5144.196445538182,-243.6685725144437,-20110.0,25263.279869516005,0.0,-2246.9,0.0,0.0,0.0,0.0,-1121.636791482614,-37.743078033389956,-21857.0,15394.9913611723,0.0,-1665.0,0.0,0.0,0.0,0.0,23145.190641583635,-1052.1820027559336,-35823.0,28128.70195198267,578.5,-0.0,0.0,0.0,0.0,0.0,-12035.582935835753,-652.6190161469203,-16019.0,9527.411196515286,0.0,-170.95803435411474,0.0,0.0,0.0,0.0,-4339.079564164248,-302.37359799692035,-4715.0,29089.07401601095,0.0,-335.6572209616526,0.0,0.0,0.0,0.0,3560.668430372647,-678.0852254219393,-31636.0,31832.024901876895,0.0,-0.0,0.0,0.0,0.0,0.0,-14353.756226011847,-1058.268675865048,-16420.0
t87,14740.461604364882,0.0,-97.3,0.0,0.0,0.0,0.0,5227.8615337982055,-249.02313816308518,-19622.0,24945.18109346279,0.0,-2246.9,0.0,0.0,0.0,0.0,-1262.7882682366246,-42.49282522616242,-21393.0,12110.33857170129,0.0,-1665.0,0.0,0.0,0.0,0.0,25580.256104397886,-1187.5946760991771,-34838.0,28311.772638589817,578.5,-226.0,0.0,0.0,0.0,0.0,-12326.204468701662,-658.0681698881561,-15680.0,9118.580783036496,0.0,-196.3,0.0,0.0,0.0,0.0,-4048.458031298339,-307.82275173815617,-4566.0,30353.5776669,0.0,-0.0,0.0,0.0,0.0,0.0,1593.938,-794.5156669,-31153.0,31923.460596145567,0.0,-0.0,0.0,0.0,0.0,0.0,-14764.604869959465,-1077.8557261861,-16081.0
t88,11088.675903588026,0.0,-97.3,0.0,0.0,0.0,0.0,8355.892808478598,-424.26871206662406,-18923.0,21758.024272971506,0.0,-2246.9,0.0,0.0,0.0,0.0,1687.7461136135753,-567.8703865850755,-20631.0,6173.775448968001,0.0,-1665.0,0.0,0.0,0.0,0.0,30600.772826645545,-1482.5482756135516,-33627.0,27793.086444820958,946.2157862632712,-0.0,0.0,0.0,0.0,0.0,-12965.25192145691,-670.0503096273171,-15104.0,7841.874812154665,295.34065786574615,-0.0,0.0,0.0,0.0,0.0,-3409.41057854309,-319.804891477317,-4408.0,36278.17428082586,314.0,-0.0,0.0,0.0,0.0,0.0,-5081.559248737716,-1121.6150320881482,-30389.0,36259.535438499996,0.0,-0.0,0.0,0.0,0.0,0.0,-19188.190000000002,-1320.3454385,-15751.0
t89,14754.577915176556,111.5095162933756,-0.0,0.0,0.0,0.0,0.0,3729.4879194051937,-511.57535087512315,-18084.0,10564.777209182954,0.0,-0.0,0.0,0.0,0.0,0.0,9710.997284010105,-615.7744931930599,-19660.0,1819.9890098779592,916.2040537555198,-0.0,0.0,0.0,0.0,0.0,31050.1032965847,-1429.296360218183,-32357.0,26664.28831842032,808.5756512426233,-0.0,0.0,0.0,0.0,0.0,-12186.416818221292,-655.4471514416492,-14631.0,8445.106757204614,295.34065786574615,-0.0,0.0,0.0,0.0,0.0,-4188.245681778708,-305.20173329164925,-4247.0,39280.81369289967,253.0000000003314,-0.0,0.0,0.0,0.0,0.0,-8927.735999999999,-1310.0776928999999,-29296.0,34311.399535825236,1489.1359026747602,-0.0,0.0,0.0,0.0,0.0,-19188.190000000002,-1320.3454385,-15292.0
t90,15280.068469838363,4227.4224169169875,-0.0,0.0,0.0,0.0,0.0,-1480.3470607836152,-749.1438259717329,-17278.0,3259.706350344907,1682.9715461718479,-0.0,0.0,0.0,0.0,0.0,14404.845824890821,-667.5237214075761,-18680.0,1535.5243276365125,0.0,-0.0,0.0,0.0,0.0,0.0,31566.08973589279,-1718.614063529309,-31383.0,26080.0699111,0.0,-804.5,0.0,0.0,0.0,0.0,-10460.484,-623.0859111,-14192.0,10620.359650815746,0.0,-295.34065786574615,0.0,0.0,0.0,0.0,-5914.1785,-272.84049295,-4138.0,38513.8136929,0.0,-0.0,0.0,0.0,0.0,0.0,-8927.735999999999,-1310.0776928999999,-28276.0,35093.50524982373,423.0301886762665,-0.0,0.0,0.0,0.0,0.0,-19188.190000000002,-1320.3454385,-15008.0
t91,15534.449984567775,97.3,-0.0,0.0,0.0,0.0,0.0,1632.4502825480358,-607.2002671158095,-16657.0,2176.1588668189506,2525.802911942475,-0.0,0.0,0.0,0.0,0.0,13821.947411019377,-647.909189780802,-17876.0,1547.865166614022,1665.0,-0.0,0.0,0.0,0.0,0.0,29036.19080643259,-1557.0559730466116,-30692.0,25852.59932224014,0.0,-738.0294111401427,0.0,0.0,0.0,0.0,-10460.484,-623.0859111,-14031.0,10561.023775809694,0.0,-289.0047828596936,0.0,0.0,0.0,0.0,-5914.1785,-272.84049295,-4085.0,37510.8136929,314.0,-0.0,0.0,0.0,0.0,0.0,-8927.735999999999,-1310.0776928999999,-27587.0,35126.53615926573,56.99927923426751,-0.0,0.0,0.0,0.0,0.0,-19188.190000000002,-1320.3454385,-14675.0
t92,15621.39562003949,0.0,-0.0,0.0,0.0,0.0,0.0,1327.7012050119638,-621.0968250514545,-16328.0,2508.758303339276,1539.3218078446675,-0.0,0.0,0.0,0.0,0.0,13992.570547126874,-653.6506583108194,-17387.0,1550.3772516511108,1665.0,-0.0,0.0,0.0,0.0,0.0,29170.31674786116,-1576.6939995122739,-30809.0,25570.5699111,0.0,-226.0,0.0,0.0,0.0,0.0,-10460.484,-623.0859111,-14261.0,10327.018992950001,0.0,-0.0,0.0,0.0,0.0,0.0,-5914.1785,-272.84049295,-4140.0,37516.2136929,64.6,-0.0,0.0,0.0,0.0,0.0,-8927.735999999999,-1310.0776928999999,-27343.0,35254.93528883773,0.0,-314.399850337737,0.0,0.0,0.0,0.0,-19188.190000000002,-1320.3454385,-14432.0
t93,15595.329706825209,1255.9095422797652,-0.0,0.0,0.0,0.0,0.0,39.5952093487258,-679.8344584536982,-16211.0,5558.542768777429,0.0,-0.0,0.0,0.0,0.0,0.0,12637.510105678655,-608.0528744560868,-17588.0,1546.1692221412259,630.1814419459381,-0.0,0.0,0.0,0.0,0.0,31813.483184972618,-1589.8338490597848,-32400.0,25862.069911100003,0.0,-578.5,0.0,0.0,0.0,0.0,-10460.484,-623.0859111,-14200.0,10571.359650815746,0.0,-295.34065786574615,0.0,0.0,0.0,0.0,-5914.1785,-272.84049295,-4089.0,37483.8136929,314.0,-0.0,0.0,0.0,0.0,0.0,-8927.735999999999,-1310.0776928999999,-27560.0,35030.5354385,0.0,-0.0,0.0,0.0,0.0,0.0,-19188.190000000002,-1320.3454385,-14522.0
t94,15616.1857622278,839.2458323167821,-0.0,0.0,0.0,0.0,0.0,182.86955380204472,-673.3011483466267,-15965.0,3487.605835305239,2246.9,-0.0,0.0,0.0,0.0,0.0,12048.734748377668,-588.2405836829086,-17195.0,1530.5040503592465,1665.0,-0.0,0.0,0.0,0.0,0.0,32258.984197820286,-1563.4882481795353,-33891.0,24760.569911100003,0.0,-0.0,0.0,0.0,0.0,0.0,-10460.484,-623.0859111,-13677.0,10146.018992950001,0.0,-0.0,0.0,0.0,0.0,0.0,-5914.1785,-272.84049295,-3959.0,37277.2136929,378.6,-0.0,0.0,0.0,0.0,0.0,-8927.735999999999,-1310.0776928999999,-27418.0,34644.80311464912,333.7323238508745,-0.0,0.0,0.0,0.0,0.0,-19188.190000000002,-1320.3454385,-14470.0
t95,15656.813609146639,0.0,-0.0,0.0,0.0,0.0,0.0,452.2058060954105,-661.0194152420493,-15448.0,3400.0220879492826,2066.665017650717,-0.0,0.0,0.0,0.0,0.0,11288.988,-562.6751055999999,-16193.0,1476.9841795159832,943.2621635714738,-0.0,0.0,0.0,0.0,0.0,32749.39469390459,-1525.6410369920493,-33644.0,25442.069911100003,0.0,-578.5,0.0,0.0,0.0,0.0,-10460.484,-623.0859111,-13780.0,10483.359650815746,0.0,-295.34065786574615,0.0,0.0,0.0,0.0,-5914.1785,-272.84049295,-4001.0,37192.8136929,0.0,-0.0,0.0,0.0,0.0,0.0,-8927.735999999999,-1310.0776928999999,-26955.0,34019.81884955247,635.7165889475255,-0.0,0.0,0.0,0.0,0.0,-19188.190000000002,-1320.3454385,-14147.0
t96,16557.980949010896,97.3,-0.0,0.0,0.0,0.0,0.0,-461.59233838073214,-702.6886106301614,-15491.0,3581.6959917660674,1744.1026517898335,-0.0,0.0,0.0,0.0,0.0,11766.960227499454,-578.7588710553566,-16514.0,1493.1733869542375,0.0,-0.0,0.0,0.0,0.0,0.0,33185.220610881275,-1583.3939978355181,-33095.0,25072.569911100003,0.0,-0.0,0.0,0.0,0.0,0.0,-10460.484,-623.0859111,-13989.0,10265.018992950001,0.0,-0.0,0.0,0.0,0.0,0.0,-5914.1785,-272.84049295,-4078.0,37450.565054942796,358.2486379572,-0.0,0.0,0.0,0.0,0.0,-8927.735999999999,-1310.0776928999999,-27571.0,33551.69387556447,777.8415629355194,-0.0,0.0,0.0,0.0,0.0,-19188.190000000002,-1320.3454385,-13821.0
t97,23864.996989860734,0.0,-0.0,0.0,0.0,0.0,0.0,-3205.1998755362765,-827.7971143244542,-19832.0,9382.6871056,0.0,-0.0,0.0,0.0,0.0,0.0,11288.988,-562.6751055999999,-20109.0,4627.041785695092,0.0,-0.0,0.0,0.0,0.0,0.0,32600.01527226575,-1467.057057960839,-35760.0,31565.197959378296,0.0,-946.2157862632712,0.0,0.0,0.0,0.0,-9247.146177849709,-645.8359952653179,-20726.0,12456.447557131356,0.0,-295.34065786574615,0.0,0.0,0.0,0.0,-7127.516322150292,-295.59057711531796,-4738.0,41409.47472009086,64.6,-0.0,0.0,0.0,0.0,0.0,-2933.7713967294712,-1235.3033233613846,-37305.0,37172.30224707499,0.0,-0.0,0.0,0.0,0.0,0.0,-21375.3695,-1470.9327470749997,-14326.0
t98,23310.40377507312,0.0,-0.0,0.0,0.0,0.0,0.0,-2182.2530366039773,-781.1507384691414,-20347.0,9626.687105599998,0.0,-0.0,0.0,0.0,0.0,0.0,11288.988,-562.6751055999999,-20353.0,5450.506333027037,0.0,-0.0,0.0,0.0,0.0,0.0,30149.38552064748,-1335.8918536745166,-34264.0,31289.5065840775,0.0,-946.2157862632712,0.0,0.0,0.0,0.0,-8395.486177543164,-661.8046202710657,-21286.0,13424.076182443647,0.0,-295.34065786574615,0.0,0.0,0.0,0.0,-7979.176322456837,-311.5592021210657,-4838.0,41232.27297897388,64.6,-0.0,0.0,0.0,0.0,0.0,-1506.088484043501,-1150.784494930375,-38640.0,37135.302247074986,0.0,-0.0,0.0,0.0,0.0,0.0,-21375.3695,-1470.9327470749997,-14289.0
t99,22783.710706668087,0.0,-0.0,0.0,0.0,0.0,0.0,-1331.360660547134,-742.3500461209494,-20710.0,11467.648179658929,0.0,-0.0,0.0,0.0,0.0,0.0,9833.718731799236,-491.3669114581625,-20810.0,4801.858507323814,0.0,-0.0,0.0,0.0,0.0,0.0,28972.961160547136,-1277.8196678709492,-32497.0,32082.27406053899,0.0,-946.2157862632712,0.0,0.0,0.0,0.0,-8263.784242726853,-664.2740315488716,-22208.0,13767.247528537766,0.0,-295.34065786574615,0.0,0.0,0.0,0.0,-8110.878257273147,-314.02861339887147,-5047.0,40832.89203913239,64.6,-0.0,0.0,0.0,0.0,0.0,274.7127682007649,-1060.2048073331623,-40112.0,37593.30224707499,0.0,-0.0,0.0,0.0,0.0,0.0,-21375.3695,-1470.9327470749997,-14747.0
t100,22327.416615584105,0.0,-0.0,0.0,0.0,0.0,0.0,-779.2431289059887,-717.1734866781131,-20831.0,12021.305566543484,0.0,-0.0,0.0,0.0,0.0,0.0,11002.316922963262,-503.6224895067453,-22520.0,5331.429853764503,0.0,-0.0,0.0,0.0,0.0,0.0,25488.874031612537,-1351.3038853770377,-29469.0,32513.191110427266,0.0,-946.2157862632712,0.0,0.0,0.0,0.0,-8289.177414587512,-663.7979095764841,-22614.0,13797.873650319361,0.0,-229.83607348038808,0.0,0.0,0.0,0.0,-8085.485085412489,-313.55249142648415,-5169.0,40643.46679614543,44.248637957199996,-0.0,0.0,0.0,0.0,0.0,2038.0841743301926,-973.7996084328206,-41752.0,37938.302247074986,0.0,-0.0,0.0,0.0,0.0,0.0,-21375.3695,-1470.9327470749997,-15092.0
t101,22359.091121388625,0.0,-0.0,0.0,0.0,0.0,0.0,-1218.136119334517,-720.955002054105,-20420.0,12050.944028221715,2578.3655598368714,-0.0,0.0,0.0,0.0,0.0,9114.220986661181,-402.5305747197658,-23341.0,5776.34344736363,0.0,-0.0,0.0,0.0,0.0,0.0,25221.018929542948,-1383.3623769065775,-29614.0,32646.78704373303,0.0,-0.0,0.0,0.0,0.0,0.0,-9185.800823065516,-646.9862206675216,-22814.0,12744.501353097883,0.0,-45.89887364587594,0.0,0.0,0.0,0.0,-7188.861676934484,-296.7408025175216,-5213.0,39089.08329270818,0.0,-0.0,0.0,0.0,0.0,0.0,4484.825967842533,-853.9092605507158,-42720.0,37850.72146872872,0.0,-0.0,0.0,0.0,0.0,0.0,-21227.267264712144,-1461.454204016577,-15162.0
t102,22245.7700735452,0.0,-0.0,0.0,0.0,0.0,0.0,-1728.8194293128104,-745.9506442323894,-19771.0,11947.79330777191,1583.0580538041027,-0.0,0.0,0.0,0.0,0.0,10618.721849036614,-452.57321061262485,-23697.0,6034.510680718073,0.0,-0.0,0.0,0.0,0.0,0.0,24204.75597376396,-1459.2666544820345,-28780.0,31888.116060178483,0.0,-74.57329493262192,0.0,0.0,0.0,0.0,-8731.029583842923,-655.5131814029453,-22427.0,13082.900679410024,0.0,-0.0,0.0,0.0,0.0,0.0,-7643.632916157078,-305.2677632529452,-5134.0,39339.185884613595,0.0,-0.0,0.0,0.0,0.0,0.0,4522.859721984183,-852.045606597775,-43010.0,37586.30747393715,0.0,-0.0,0.0,0.0,0.0,0.0,-21242.855615471948,-1462.4518584652044,-14881.0
t103,21951.199172135523,0.0,-0.0,0.0,0.0,0.0,0.0,-2112.1987417069126,-624.0004304286064,-19215.0,11943.695891900872,0.0,-0.0,0.0,0.0,0.0,0.0,11572.823736991162,-493.51962889202923,-23023.0,5708.666939233004,0.0,-0.0,0.0,0.0,0.0,0.0,22937.79451424252,-1431.4614534755249,-27215.0,31119.814704694672,0.0,-0.0,0.0,0.0,0.0,0.0,-8364.120277952181,-624.6944267424965,-22131.0,12739.263630600854,49.47033836691837,-0.0,0.0,0.0,0.0,0.0,-7443.223875232166,-301.5100937356031,-5044.0,39633.36134698954,0.0,-0.0,0.0,0.0,0.0,0.0,3946.905992359829,-880.2673393493683,-42700.0,36757.951794754874,0.0,-0.0,0.0,0.0,0.0,0.0,-20537.981348702247,-1353.9704460526355,-14866.0
t104,23567.610423497426,0.0,-0.0,0.0,0.0,0.0,0.0,-4318.911037223458,-635.6993862739699,-18613.0,8344.868941094479,0.0,-0.0,0.0,0.0,0.0,0.0,14530.995484890142,-602.8644259846169,-22273.0,6961.30751258788,0.0,-259.70850740580977,0.0,0.0,0.0,0.0,22013.543662922184,-1573.1426681042515,-27142.0,30274.18148578803,0.0,-0.0,0.0,0.0,0.0,0.0,-8180.134351484787,-601.0471343032394,-21493.0,12582.405063718237,0.0,-78.66203631576627,0.0,0.0,0.0,0.0,-7219.429085965615,-297.3139414368553,-4987.0,39943.23961062476,0.0,-0.0,0.0,0.0,0.0,0.0,3308.3185151098587,-911.5581257346169,-42340.0,36426.97424608442,0.0,-0.0,0.0,0.0,0.0,0.0,-20134.38318824832,-1282.5910578361024,-15010.0
t105,25830.779733135536,0.0,-0.0,0.0,0.0,0.0,0.0,-7156.58719808953,-509.1925350460086,-18165.0,13559.695362542367,0.0,-3772.4989128473203,0.0,0.0,0.0,0.0,12276.869180089598,-549.0656297846497,-21515.0,8470.486340985144,0.0,-5677.104053755519,0.0,0.0,0.0,0.0,25767.44435167803,-1451.8266389076541,-27109.0,28605.699101374976,0.0,-0.0,0.0,0.0,0.0,0.0,-6716.719490384188,-612.9796109907852,-21276.0,11041.614316158071,0.0,-0.0,0.0,0.0,0.0,0.0,-5858.8516410187,-202.76267513937327,-4980.0,40905.28385169597,0.0,-0.0,0.0,0.0,0.0,0.0,1871.6700488837296,-981.9539005796972,-41795.0,36587.514658903645,0.0,-0.0,0.0,0.0,0.0,0.0,-20183.82525115893,-1259.6894077447187,-15144.0
t106,20460.313527801183,0.0,-345.2963520500052,0.0,0.0,0.0,0.0,-1840.381999103126,-232.63517664805227,-18042.0,20830.494164989042,0.0,-5860.291063060346,0.0,0.0,0.0,0.0,6320.04780150302,-313.25090343171604,-20977.0,10228.66097936037,0.0,-5677.104053755519,0.0,0.0,0.0,0.0,23728.829422709503,-1069.3863483143552,-27211.0,27535.759497753,0.0,-0.0,0.0,0.0,0.0,0.0,-5754.149802143183,-491.60969560981533,-21290.0,9559.623791812764,0.0,-0.0,0.0,0.0,0.0,0.0,-4348.183813120001,-164.43997869276387,-5047.0,40789.49209362867,0.0,-64.6,0.0,0.0,0.0,0.0,1988.5743901537862,-718.4664837824645,-41995.0,36232.75919429999,0.0,-0.0,0.0,0.0,0.0,0.0,-20094.735999999997,-1009.0231942999999,-15129.0
t107,20113.328191600882,0.0,-780.9518062328254,0.0,0.0,0.0,0.0,-953.5203337780813,-190.85605158997964,-18188.0,23012.710804140705,0.0,-5860.291063060346,0.0,0.0,0.0,0.0,3831.855891187849,-197.27563226820462,-20787.0,11250.711825448368,0.0,-5677.104053755519,0.0,0.0,0.0,0.0,23214.632090587962,-1015.2398622808109,-27773.0,27283.746200799163,0.0,-0.0,0.0,0.0,0.0,0.0,-5025.473830725261,-505.27237007390136,-21753.0,9852.966241431197,0.0,-0.0,0.0,0.0,0.0,0.0,-4580.965128681654,-154.00111274954557,-5118.0,39157.73011075604,0.0,-64.6,0.0,0.0,0.0,0.0,4089.396108812151,-615.5262195682046,-42567.0,36829.514097269435,0.0,-0.0,0.0,0.0,0.0,0.0,-20575.924797402964,-985.5892998664756,-15268.0
t108,24332.06175564046,0.0,-0.0,0.0,0.0,0.0,0.0,-4798.689388804075,-234.37236683639142,-19299.0,22181.18593829172,0.0,-3219.9738633103266,0.0,0.0,0.0,0.0,2597.5842467072657,-136.796321688656,-21422.0,11014.208557019714,0.0,-4820.444739250669,0.0,0.0,0.0,0.0,23945.292551250855,-1052.0563690199067,-29087.0,26661.040095931643,226.0,-0.0,0.0,0.0,0.0,0.0,-3547.7716595762076,-468.2684363554323,-22871.0,9769.937762665879,0.0,-0.0,0.0,0.0,0.0,0.0,-4319.041535240941,-124.8962274249387,-5326.0,39938.672545912406,0.0,-0.0,0.0,0.0,0.0,0.0,4794.903313596797,-521.5758595092011,-44212.0,35249.59501820726,0.0,-0.0,0.0,0.0,0.0,0.0,-18672.277527933693,-953.3174902735667,-15624.0
t109,23900.24819690408,0.0,-0.0,0.0,0.0,0.0,0.0,-3493.644067445703,-199.60412945837817,-20207.0,21431.686481230616,0.0,-0.0,0.0,0.0,0.0,0.0,1844.193703858448,-99.88018508906396,-23176.0,10164.436015343796,0.0,-50.52657313479825,0.0,0.0,0.0,0.0,21500.634679506144,-943.5441217151421,-30671.0,25435.398532348237,206.53064975888628,-0.0,0.0,0.0,0.0,0.0,-1966.521094978758,-365.4080871283682,-23310.0,10110.169722281877,0.0,-0.0,0.0,0.0,0.0,0.0,-4590.929769042353,-137.23995323952283,-5382.0,39864.84435069712,0.0,-0.0,0.0,0.0,0.0,0.0,5910.78139112031,-515.6257418174321,-45260.0,36457.25841731437,0.0,-0.0,0.0,0.0,0.0,0.0,-19204.514843018085,-1025.7435742962866,-16227.0
t110,24306.415674338456,0.0,-0.0,0.0,0.0,0.0,0.0,-3790.5085201209804,-234.90715421747728,-20281.0,23546.999999999996,0.0,-0.0,0.0,0.0,0.0,0.0,0.0,-0.0,-23547.0,8644.414176397637,0.0,-0.0,0.0,0.0,0.0,0.0,23899.611128645305,-1049.0253050429394,-31495.0,24616.271760019063,797.0212155629646,-0.0,0.0,0.0,0.0,0.0,-1654.201291659574,-345.0916839224553,-23414.0,10353.215682464986,0.0,-0.0,0.0,0.0,0.0,0.0,-4830.1166450545115,-148.09903741047484,-5375.0,39875.49682336113,0.0,-0.0,0.0,0.0,0.0,0.0,5601.082706148909,-368.579529510046,-45108.0,36454.57241178268,0.0,-0.0,0.0,0.0,0.0,0.0,-19225.867377959148,-985.7050338235275,-16243.0
t111,23414.68281426089,0.0,-0.0,0.0,0.0,0.0,0.0,-3122.659534695356,-162.02327956553344,-20130.0,23388.000000000004,0.0,-0.0,0.0,0.0,0.0,0.0,0.0,-0.0,-23388.0,9643.498971637282,0.0,-0.0,0.0,0.0,0.0,0.0,22925.783181909006,-1004.2821535462888,-31565.0,24594.330453409348,296.4354358601321,-0.0,0.0,0.0,0.0,0.0,-1340.1060977132329,-324.6597915562458,-23226.0,9758.947387474927,29.836634087355378,-0.0,0.0,0.0,0.0,0.0,-4363.853338279398,-126.93068328288466,-5298.0,40105.54607459344,0.0,-0.0,0.0,0.0,0.0,0.0,4695.905570891101,-307.451645484542,-44494.0,36038.051193304054,0.0,-0.0,0.0,0.0,0.0,0.0,-18795.06978211212,-951.9814111919361,-16291.0
t112,21475.114802257373,0.0,-0.0,0.0,0.0,0.0,0.0,-1443.3003082033,-65.81449405407048,-19966.0,20011.839181189334,3231.1876052331936,-0.0,0.0,0.0,0.0,0.0,-236.08260670684112,-7.944179715685204,-22999.0,6365.690758096859,5677.104053755519,-0.0,0.0,0.0,0.0,0.0,20222.59352338608,-880.388335238459,-31385.0,23819.03965132595,679.4274629861181,-0.0,0.0,0.0,0.0,0.0,-1195.2314205080215,-315.2356938040468,-22988.0,7895.495807196023,274.12723896892203,-0.0,0.0,0.0,0.0,0.0,-2888.8148785543467,-55.80816761059669,-5225.0,39621.56423488267,0.0,-21.657220961652605,0.0,0.0,0.0,0.0,4029.1919205080217,-262.0989344290468,-43367.0,35472.65729962589,0.0,-0.0,0.0,0.0,0.0,0.0,-18488.356229921592,-809.3010697043001,-16175.0
t113,20754.235754664067,0.0,-0.0,0.0,0.0,0.0,0.0,-1157.185528560935,-90.05022610313549,-19507.0,12381.819541741084,5860.291063060346,-0.0,0.0,0.0,0.0,0.0,4342.170440377052,-222.28104517847555,-22362.0,5380.010358398435,5677.104053755519,-0.0,0.0,0.0,0.0,0.0,20937.97809133688,-914.0925034908421,-31081.0,24423.840894916968,323.95014258020836,-0.0,0.0,0.0,0.0,0.0,-1991.7423103114206,-367.0487271857579,-22389.0,9676.063702796237,113.51139015723808,-0.0,0.0,0.0,0.0,0.0,-4557.837527480844,-135.73756547263034,-5096.0,41195.83356345486,0.0,-64.6,0.0,0.0,0.0,0.0,1250.8463699343692,-489.0799333892335,-41893.0,35604.98569838044,0.0,-0.0,0.0,0.0,0.0,0.0,-18824.229535295104,-953.7561630853369,-15827.0
t114,21121.192066477215,0.0,-0.0,0.0,0.0,0.0,0.0,-1931.959250847402,-261.23281562981487,-18928.0,10912.183344475292,2420.5489995317857,-0.0,0.0,0.0,0.0,0.0,8684.313721969425,-435.0460659765019,-21582.0,5286.506248288694,2994.489830947831,-0.0,0.0,0.0,0.0,0.0,23577.68580156908,-1033.6818808056,-30825.0,25189.105330764003,537.9814299458985,-0.0,0.0,0.0,0.0,0.0,-3233.2762507017487,-447.81051000814875,-22046.0,11220.835601691997,4.405752845011264,-0.0,0.0,0.0,0.0,0.0,-6050.7266240788285,-203.5147304581788,-4971.0,42753.96970827732,0.0,-64.6,0.0,0.0,0.0,0.0,-1849.7629712676771,-782.6067370096507,-40057.0,35691.21454250182,0.0,-0.0,0.0,0.0,0.0,0.0,-19196.27442664285,-969.940115858964,-15525.0
t115,20986.86741128453,0.0,-0.0,0.0,0.0,0.0,0.0,-1872.4931111682217,-362.37430011630767,-18752.0,11119.828422497732,0.0,-0.0,0.0,0.0,0.0,0.0,10159.501862357802,-507.3302848555323,-20772.0,5251.217166092486,1062.9522947830494,-0.0,0.0,0.0,0.0,0.0,25557.924536959836,-1122.0939978353683,-30750.0,25770.106583700413,97.47463806542075,-0.0,0.0,0.0,0.0,0.0,-3428.923436935506,-453.6577848303305,-21985.0,11553.086314897493,68.12192581911962,-0.0,0.0,0.0,0.0,0.0,-6451.483979804499,-221.7242609121139,-4948.0,42420.67660323182,0.0,-0.0,0.0,0.0,0.0,0.0,-3211.3990882185262,-862.2775150132921,-38347.0,37137.08634634948,0.0,-0.0,0.0,0.0,0.0,0.0,-20753.12678319088,-976.9595631586039,-15407.0
t116,20499.21755261906,160.07854005029003,-0.0,0.0,0.0,0.0,0.0,-1522.7736342567732,-448.52245841257434,-18688.0,11443.199952099361,0.0,-0.0,0.0,0.0,0.0,0.0,9332.284006073603,-464.4839581729665,-20311.0,5210.436642461741,340.73785933623094,-0.0,0.0,0.0,0.0,0.0,26330.132163822327,-1157.3066656202982,-30724.0,25409.579640823435,0.0,-0.0,0.0,0.0,0.0,0.0,-2745.594222876878,-227.98541794655367,-22436.0,11249.593593152264,111.83248807257677,-0.0,0.0,0.0,0.0,0.0,-6069.250536109859,-264.1755451149819,-5028.0,43266.32396301157,0.0,-0.0,0.0,0.0,0.0,0.0,-5416.565947994365,-645.7580150172098,-37204.0,36224.80366683765,0.0,-0.0,0.0,0.0,0.0,0.0,-19908.231828658056,-997.5718381796045,-15319.0
t117,19936.78410803297,175.17685107439684,-0.0,0.0,0.0,0.0,0.0,-839.7981019737522,-408.16285713361697,-18864.0,11805.665592422674,0.0,-0.0,0.0,0.0,0.0,0.0,8955.670686062664,-439.33627848533956,-20322.0,5215.116288488613,1494.5457886976274,-0.0,0.0,0.0,0.0,0.0,25545.8828182772,-1121.5448954634403,-31134.0,24962.32304673281,0.0,-0.0,0.0,0.0,0.0,0.0,-2238.9702990928026,-164.3527476400072,-22559.0,10850.619189041116,0.0,-0.0,0.0,0.0,0.0,0.0,-5601.90531396479,-252.71387507632673,-4996.0,43997.44234405185,0.0,-0.0,0.0,0.0,0.0,0.0,-6452.456590254563,-596.9857537972837,-36948.0,35678.850787375864,0.0,-0.0,0.0,0.0,0.0,0.0,-19368.423199053956,-964.4275883219128,-15346.0
t118,19732.17784981504,248.84558574121183,-0.0,0.0,0.0,0.0,0.0,-669.8770424218128,-449.1463931344347,-18862.0,12020.355842810932,0.0,-0.0,0.0,0.0,0.0,0.0,8267.764623752966,-405.1204665638954,-19883.0,5161.980147267266,20.170634826257054,-0.0,0.0,0.0,0.0,0.0,27796.668539837945,-1249.8193219314696,-31729.0,26056.77321835052,0.0,-0.0,0.0,0.0,0.0,0.0,-3659.772178297402,-256.00104005311687,-22141.0,11428.055550971989,0.0,-0.0,0.0,0.0,0.0,0.0,-6249.919906647349,-279.1356443246378,-4899.0,43859.84989690679,0.0,-0.0,0.0,0.0,0.0,0.0,-6745.469126839735,-738.3807700670556,-36376.0,34985.35391630696,0.0,-0.0,0.0,0.0,0.0,0.0,-18739.39490938461,-989.9590069223539,-15256.0
t119,19448.600125690722,318.9884773003396,-0.0,0.0,0.0,0.0,0.0,-530.7536957908005,-376.83490720025895,-18860.0,12342.335823528218,0.0,-0.0,0.0,0.0,0.0,0.0,6861.897136142781,-336.2329596709963,-18868.0,5129.266120064797,78.24873018221453,-0.0,0.0,0.0,0.0,0.0,28299.843372641935,-1291.3582228889454,-32216.0,27460.89726808189,0.0,-0.0,0.0,0.0,0.0,0.0,-4880.801216005683,-276.09605207620336,-22304.0,8844.261257818061,206.75034578541286,-0.0,0.0,0.0,0.0,0.0,-3875.082842551631,-175.92876105184405,-5000.0,43951.72437407781,0.0,-0.0,0.0,0.0,0.0,0.0,-7619.673264521114,-691.051109556699,-35641.0,34508.15946884653,0.0,-0.0,0.0,0.0,0.0,0.0,-18255.42948991549,-1011.7299789310312,-15241.0
t120,19380.76903008215,54.22148093635391,-0.0,0.0,0.0,0.0,0.0,247.3468227568742,-245.33733377536652,-19437.0,12592.128228793421,0.0,-0.0,0.0,0.0,0.0,0.0,6829.518161100503,-334.64638989392466,-19087.0,5110.1572054984445,1188.429549179316,-0.0,0.0,0.0,0.0,0.0,27376.012521175246,-1261.599275853003,-32413.0,28128.68557021678,0.0,-0.0,0.0,0.0,0.0,0.0,-5373.21310041783,-313.47246979895436,-22442.0,7860.686056404679,196.3,-0.0,0.0,0.0,0.0,0.0,-2819.959877945934,-128.0261784587454,-5109.0,44361.57642039571,0.0,-0.0,0.0,0.0,0.0,0.0,-7696.204452214992,-795.3719681807104,-35870.0,34544.535086502416,0.0,-0.0,0.0,0.0,0.0,0.0,-18563.500074453863,-997.0350120485506,-14984.0
t121,19428.798737201956,3998.595996380932,-0.0,0.0,0.0,0.0,0.0,-3038.212254765578,-820.1824788173104,-19569.0,3008.7767899212577,223.8515028564882,-0.0,0.0,0.0,0.0,0.0,17715.291940417294,-778.9202331950419,-20169.0,2470.336360058548,2581.20405375552,-0.0,0.0,0.0,0.0,0.0,29813.508814348283,-1901.0492281623524,-32964.0,31426.840517075816,0.0,-578.5,0.0,0.0,0.0,0.0,-10711.547171510007,-627.7933455658126,-19509.0,11622.648479989864,0.0,-88.98522408405738,0.0,0.0,0.0,0.0,-5663.115328489994,-277.54792741581264,-5593.0,46346.91369289965,205.90000000035226,-0.0,0.0,0.0,0.0,0.0,-8927.735999999999,-1310.0776928999999,-36315.0,35254.380918454954,453.15452004504556,-0.0,0.0,0.0,0.0,0.0,-19188.190000000002,-1320.3454385,-15199.0
t122,19625.89593936686,3920.939480181174,-0.0,0.0,0.0,0.0,0.0,-2940.125688167587,-815.709731380442,-19791.0,5746.506162244858,0.0,-0.0,0.0,0.0,0.0,0.0,16674.38764128436,-743.8938035292188,-21677.0,2620.2235041764334,0.0,-0.0,0.0,0.0,0.0,0.0,30756.326546883225,-1861.5500510596607,-31515.0,31808.896695189473,0.0,-771.7519855473911,0.0,0.0,0.0,0.0,-10133.936023991928,-629.2086856501514,-20274.0,12061.689743508225,0.0,-0.0,0.0,0.0,0.0,0.0,-6240.7264760080725,-278.96326750015135,-5542.0,49484.26681613045,314.0,-0.0,0.0,0.0,0.0,0.0,-9293.97366031758,-1335.2931558128653,-39169.0,35298.51324109528,0.0,-0.0,0.0,0.0,0.0,0.0,-18821.952339682422,-1345.5609014128654,-15131.0
t123,19612.499557381903,3996.385523636885,-0.0,0.0,0.0,0.0,0.0,-3289.255050706568,-831.6300303122196,-19488.0,3433.0512922681714,1210.2037872718836,-0.0,0.0,0.0,0.0,0.0,18199.974729507885,-795.2298090479403,-22048.0,2607.9375343114752,0.0,-0.0,0.0,0.0,0.0,0.0,29579.86882119868,-1928.8063555101598,-30259.0,32637.10534028583,0.0,-804.5,0.0,0.0,0.0,0.0,-10792.297918219223,-629.3074220666105,-20411.0,11418.426585697389,0.0,-0.0,0.0,0.0,0.0,0.0,-5582.364581780777,-279.0620039166104,-5557.0,50218.813692899996,314.0,-0.0,0.0,0.0,0.0,0.0,-8927.735999999999,-1310.0776928999999,-40295.0,35400.535438499996,0.0,-0.0,0.0,0.0,0.0,0.0,-19188.190000000002,-1320.3454385,-14892.0
t124,19775.79134362048,3837.888656379524,-0.0,0.0,0.0,0.0,0.0,-3400.0,-836.6800000000001,-19377.0,4459.453477547822,2031.755608591288,-0.0,0.0,0.0,0.0,0.0,16554.655738874,-739.86482501311,-22306.0,2673.5585800371096,0.0,-0.0,0.0,0.0,0.0,0.0,31335.932761126,-1878.49134116311,-32131.0,32225.095912298864,0.0,-578.5,0.0,0.0,0.0,0.0,-10457.453173196294,-623.1427391025695,-20566.0,11790.123135519958,0.0,-7.016487763680715,0.0,0.0,0.0,0.0,-5917.209326803707,-272.8973209525695,-5593.0,50073.813692899996,314.0,-0.0,0.0,0.0,0.0,0.0,-8927.735999999999,-1310.0776928999999,-40150.0,35422.535438499996,0.0,-0.0,0.0,0.0,0.0,0.0,-19188.190000000002,-1320.3454385,-14914.0
t125,20645.540615275477,3098.1393847245217,-0.0,0.0,0.0,0.0,0.0,-3400.0,-836.6800000000001,-19507.0,3913.511785825369,1190.4370158996312,-0.0,0.0,0.0,0.0,0.0,19019.870499999997,-822.819301725,-23301.0,2767.710999130889,3163.0168187441104,-0.0,0.0,0.0,0.0,0.0,28870.718,-1961.4458178749999,-32840.0,32891.57517115268,0.0,-719.8996380731514,0.0,0.0,0.0,0.0,-11031.876021574999,-633.7995115045312,-20506.0,11202.340571779534,0.0,-0.0,0.0,0.0,0.0,0.0,-5342.786478425001,-283.55409335453123,-5576.0,49875.813692899996,314.0,-0.0,0.0,0.0,0.0,0.0,-8927.735999999999,-1310.0776928999999,-39952.0,35359.535438499996,0.0,-0.0,0.0,0.0,0.0,0.0,-19188.190000000002,-1320.3454385,-14851.0
t126,22594.26212935084,1130.417870649161,-0.0,0.0,0.0,0.0,0.0,-3400.0,-836.6800000000001,-19488.0,5725.948801725,0.0,-0.0,0.0,0.0,0.0,0.0,19019.870499999997,-822.819301725,-23923.0,3434.727817874999,1665.0,-0.0,0.0,0.0,0.0,0.0,28870.718,-1961.4458178749999,-32009.0,32939.67171538411,0.0,-578.5,0.0,0.0,0.0,0.0,-11623.2833170887,-644.8883982954131,-20093.0,10644.06282092246,0.0,-99.04065786574617,0.0,0.0,0.0,0.0,-4751.379182911301,-294.6429801454131,-5499.0,49703.2136929,64.6,-0.0,0.0,0.0,0.0,0.0,-8927.735999999999,-1310.0776928999999,-39530.0,35090.5354385,0.0,-0.0,0.0,0.0,0.0,0.0,-19188.190000000002,-1320.3454385,-14582.0
t127,22781.88705260952,-2.096281709782488e-13,-0.0,0.0,0.0,0.0,0.0,-2521.276829198092,-796.610223411433,-19464.0,5721.421737220321,0.0,-49.47293549531766,0.0,0.0,0.0,0.0,19019.870499999997,-822.819301725,-23869.0,5322.381212088343,0.0,-1665.0,0.0,0.0,0.0,0.0,27991.99482919809,-1921.3760412864328,-29728.0,33214.7480677306,0.0,-578.5,0.0,0.0,0.0,0.0,-12535.260104668081,-661.9879630625265,-19439.0,9662.56216781603,0.0,-152.41722757158146,0.0,0.0,0.0,0.0,-3839.40239533192,-311.74254491252645,-5359.0,49158.8136929,0.0,-314.0,0.0,0.0,0.0,0.0,-8927.735999999999,-1310.0776928999999,-38607.0,35030.535438499996,0.0,-0.0,0.0,0.0,0.0,0.0,-19188.190000000002,-1320.3454385,-14522.0
t128,18667.17300884936,0.0,-97.3,0.0,0.0,0.0,0.0,1147.4053090576153,-366.27831790697275,-19351.0,7868.879909765176,0.0,-2246.9,0.0,0.0,0.0,0.0,18427.920266606117,-802.9001763712959,-23247.0,11346.624323221786,0.0,-1665.0,0.0,0.0,0.0,0.0,21838.66884474422,-1595.2931679660148,-29925.0,33697.153433125815,0.0,-626.4862626508234,0.0,0.0,0.0,0.0,-13294.4445,-676.2226704750001,-19100.0,7854.048881048398,295.34065786574615,-0.0,0.0,0.0,0.0,0.0,-2593.13331094607,-302.25622796807363,-5254.0,48085.8136929,0.0,-314.0,0.0,0.0,0.0,0.0,-8927.735999999999,-1310.0776928999999,-37534.0,32159.273181142715,0.0,-0.0,0.0,0.0,0.0,0.0,-16598.680609461888,-1113.5925716808197,-14447.0
t129,24210.919330934743,0.0,-6566.3,0.0,0.0,0.0,0.0,1670.2081176045021,-75.8274485392444,-19239.0,20618.703791930195,0.0,-5023.493912309432,0.0,0.0,0.0,0.0,7875.18907884253,-395.398958463284,-23075.0,19839.294453830353,0.0,-5677.104053755519,0.0,0.0,0.0,0.0,17012.8694196813,-740.0598197561366,-30435.0,28706.974342747362,0.0,-720.2157862632712,0.0,0.0,0.0,0.0,-8714.96780674942,-462.79074973467044,-18809.0,5495.137313202275,0.0,-295.34065786574615,0.0,0.0,0.0,0.0,93.09268321813852,-108.88933855466891,-5184.0,38984.535915084096,0.0,-378.6,0.0,0.0,0.0,0.0,-1451.7169499354122,-716.218965148692,-36438.0,32723.94435821589,0.0,-797.3011427642705,0.0,0.0,0.0,0.0,-16484.674542661636,-848.9686727899746,-14593.0
t130,23722.37506393901,0.0,-6566.3,0.0,0.0,0.0,0.0,2194.2546179178744,-111.3296818568862,-19239.0,30207.31472089784,0.0,-5860.291063060346,0.0,0.0,0.0,0.0,-1549.870515007491,-52.15314283000207,-22745.0,21468.713735276924,0.0,-5677.104053755519,0.0,0.0,0.0,0.0,15798.35242436568,-671.9621058870832,-30918.0,26072.202839237667,0.0,-946.2157862632712,0.0,0.0,0.0,0.0,-6142.256834169131,-237.73021880526278,-18746.0,4344.208979142752,0.0,-295.34065786574615,0.0,0.0,0.0,0.0,1269.3038500076482,-124.17217128465279,-5194.0,34520.07361237435,0.0,-378.6,0.0,0.0,0.0,0.0,1543.9610542014536,-100.43466657580456,-35585.0,30198.306623174805,0.0,-1630.3,0.0,0.0,0.0,0.0,-13113.744597316032,-744.2620258587729,-14710.0
t131,23581.69835189357,0.0,-5536.067479291931,0.0,0.0,0.0,0.0,1416.6867037485424,-64.31757635018383,-19398.0,30221.22994716606,0.0,-5860.291063060346,0.0,0.0,0.0,0.0,-1727.798465733773,-58.14041837194146,-22575.0,21574.349878586865,0.0,-5677.104053755519,0.0,0.0,0.0,0.0,16194.182289891456,-687.4281147228006,-31404.0,25678.819234401497,0.0,-720.2157862632712,0.0,0.0,0.0,0.0,-5835.188852073848,-255.414596064376,-18868.0,4663.030034253355,0.0,-295.34065786574615,0.0,0.0,0.0,0.0,1042.7424974857179,-110.4318738733262,-5300.0,32988.09148355773,0.0,-378.6,0.0,0.0,0.0,0.0,2782.5108470423797,-181.0023306001068,-35211.0,31033.020684652463,0.0,-1630.3,0.0,0.0,0.0,0.0,-13873.135020360474,-657.585664291986,-14872.0
t132,23068.534271020086,0.0,-3184.534271020085,0.0,0.0,0.0,0.0,0.0,-0.0,-19884.0,28680.18309623031,0.0,-5860.291063060346,0.0,0.0,0.0,0.0,-138.24024879791733,-4.651784372049918,-22677.0,20852.479556182203,0.0,-4818.392146493116,0.0,0.0,0.0,0.0,17330.424384589915,-752.5117942790018,-32612.0,27296.863172445937,0.0,-770.4216713120794,0.0,0.0,0.0,0.0,-6849.4713858577215,-353.9701152761388,-19323.0,4974.117957001377,0.0,-295.34065786574615,0.0,0.0,0.0,0.0,739.0804594796106,-13.857758615242698,-5404.0,33520.14518608279,0.0,-378.6,0.0,0.0,0.0,0.0,2803.8449263781113,-182.39011246089612,-35763.0,30047.220389898954,0.0,-0.0,0.0,0.0,0.0,0.0,-13885.638135791998,-905.5822541069518,-15256.0
t133,23303.70049868473,0.0,-1455.1416621118578,0.0,0.0,0.0,0.0,-885.1797592817938,-264.3790772910844,-20699.0,27218.427557429575,0.0,-3720.42755742957,0.0,0.0,0.0,0.0,0.0,-0.0,-23498.0,18903.374642838997,0.0,-2559.079743998213,0.0,0.0,0.0,0.0,19255.340881143475,-844.6357799842598,-34755.0,28878.890987613384,0.0,-720.2157862632712,0.0,0.0,0.0,0.0,-7958.552317356098,-329.12288399401416,-19871.0,5446.536095673518,0.0,-99.89658539748125,0.0,0.0,0.0,0.0,372.25851903478497,-164.8980293108208,-5554.0,36477.87528402457,0.0,-335.6572209616526,0.0,0.0,0.0,0.0,1818.0458173560978,-118.26388041901416,-37842.0,29453.653357725463,0.0,-0.0,0.0,0.0,0.0,0.0,-12601.913140896466,-849.7402168289962,-16002.0
t134,22934.84573501112,0.0,-97.3,0.0,0.0,0.0,0.0,-1632.3494552788752,-325.19627973224567,-20880.0,27221.973078027393,0.0,-2246.9,0.0,0.0,0.0,0.0,-311.58813721027,-10.484940817125587,-24653.0,17464.13884494972,0.0,-1665.0,0.0,0.0,0.0,0.0,22259.097474556333,-1006.236319506052,-37052.0,27412.56034078849,492.24399748521137,-0.0,0.0,0.0,0.0,0.0,-7669.4852659722055,-310.319072301492,-19925.0,5620.898243276938,0.0,-0.0,0.0,0.0,0.0,0.0,78.34352668649535,-178.24176996343314,-5521.0,39940.21611809041,0.0,-314.0,0.0,0.0,0.0,0.0,-497.77238143727595,-219.44373665313333,-38909.0,29453.644447162675,0.0,-0.0,0.0,0.0,0.0,0.0,-12226.245761344198,-833.3986858184726,-16394.0
t135,22668.624880287945,0.0,-97.3,0.0,0.0,0.0,0.0,-1748.5293796882484,-312.7955005996962,-20510.0,27357.519603402736,0.0,-2246.9,0.0,0.0,0.0,0.0,-564.6201358319857,-18.99946757074632,-24527.0,15483.114714662677,0.0,-1665.0,0.0,0.0,0.0,0.0,25666.143288537794,-1207.2580032004694,-38277.0,25861.709501059086,317.65600251591854,-0.0,0.0,0.0,0.0,0.0,-6140.5064999999995,-210.85900357500003,-19828.0,5297.578469816017,0.0,-0.0,0.0,0.0,0.0,0.0,272.8334572976696,-169.4119271136858,-5401.0,44915.152,0.0,-314.0,0.0,0.0,0.0,0.0,-5560.0,-329.152,-38712.0,29224.629177283947,0.0,-0.0,0.0,0.0,0.0,0.0,-11925.320730315232,-820.3084469687126,-16479.0
t136,20661.597039845154,0.0,-72.97499999983984,0.0,0.0,0.0,0.0,-431.11960606581465,-198.5024337795021,-19959.0,25391.719977574114,0.0,-2246.9,0.0,0.0,0.0,0.0,897.5227556094528,-257.34273318356486,-23785.0,10512.72637407136,0.0,-1665.0,0.0,0.0,0.0,0.0,31151.538000658707,-1422.2643747300658,-38577.0,23165.41438436669,720.2157862632712,-0.0,0.0,0.0,0.0,0.0,-4311.991340178449,-123.638830451512,-19450.0,4523.713283366523,0.0,-0.0,0.0,0.0,0.0,0.0,868.6486346933964,-142.36191805991982,-5250.0,47348.283595737776,0.0,-0.0,0.0,0.0,0.0,0.0,-8824.186459235243,-489.09713650252695,-38035.0,36797.29579710411,0.0,-0.0,0.0,0.0,0.0,0.0,-19350.411985482046,-979.8838116220663,-16467.0
t137,25708.651805020334,97.3,-0.0,0.0,0.0,0.0,0.0,-6111.382594844798,-701.5692101755305,-18993.0,16520.866568100377,0.0,-2246.9,0.0,0.0,0.0,0.0,9109.063013302011,-636.0295814023873,-22747.0,3384.213668301913,0.0,-1371.083057447516,0.0,0.0,0.0,0.0,38781.52548669799,-1774.6560975523873,-39020.0,25150.5912268113,613.4450048691093,-0.0,0.0,0.0,0.0,0.0,-6728.902094671994,-249.13413700841318,-18786.0,4649.4358351034625,295.34065786574615,-0.0,0.0,0.0,0.0,0.0,299.428040085892,-168.2045330551005,-5076.0,55444.03437333643,0.0,-0.0,0.0,0.0,0.0,0.0,-17680.457905328003,-1033.576468008413,-36730.0,35060.55931256322,202.30832329830454,-0.0,0.0,0.0,0.0,0.0,-17669.273945241097,-1365.5936906204297,-16228.0
t138,23367.623703373047,0.0,-0.0,0.0,0.0,0.0,0.0,-4490.0802828383685,-770.5434205346812,-18107.0,5341.33956380022,5018.022801246952,-0.0,0.0,0.0,0.0,0.0,11536.646447304625,-571.0088123518007,-21325.0,2984.6932758064313,1665.0,-0.0,0.0,0.0,0.0,0.0,36353.942052695376,-1709.6353285018008,-39294.0,24071.24624804057,720.2157862632712,-0.0,0.0,0.0,0.0,0.0,-6572.501740344431,-238.96029395940525,-17980.0,6481.734999443314,295.34065786574615,-0.0,0.0,0.0,0.0,0.0,-1570.9557023474836,-253.11995496157576,-4953.0,51185.494076039984,314.0,-0.0,0.0,0.0,0.0,0.0,-15649.678759655568,-872.8153163844052,-34977.0,36088.1506399984,770.2865453138588,-0.0,0.0,0.0,0.0,0.0,-19607.372014814147,-1199.0651704981053,-16052.0
t139,22371.951303232236,0.0,-0.0,0.0,0.0,0.0,0.0,-4080.484367591067,-798.4669356411687,-17493.0,3975.180118869753,4568.463782260596,-0.0,0.0,0.0,0.0,0.0,12296.949095327418,-596.5929964577676,-20244.0,3196.37605417967,2581.20405375552,-0.0,0.0,0.0,0.0,0.0,35593.63940467258,-1735.2195126077677,-39636.0,24769.965834670926,820.6031023439062,-0.0,0.0,0.0,0.0,0.0,-7462.701170146782,-296.86776686804814,-17831.0,6490.034250708493,233.96709342034603,-0.0,0.0,0.0,0.0,0.0,-1479.0537383334977,-248.94760579534082,-4996.0,49089.20211914627,0.0,-0.0,0.0,0.0,0.0,0.0,-14759.479329853217,-930.722789293048,-33399.0,36353.461198826495,833.5697300197753,-0.0,0.0,0.0,0.0,0.0,-20108.869894075437,-1231.1610347708277,-15847.0
t140,22477.75544829343,0.0,-0.0,0.0,0.0,0.0,0.0,-4412.033552928644,-780.7218953647825,-17285.0,4651.537122251043,1940.9186910536066,-0.0,0.0,0.0,0.0,0.0,13912.500487499714,-650.9563008043654,-19854.0,2979.7031162889634,4903.791688165121,-0.0,0.0,0.0,0.0,0.0,33978.08801250029,-1789.5828169543654,-40072.0,25512.275044476934,804.5,-0.0,0.0,0.0,0.0,0.0,-7799.029142976326,-318.74590150061,-18199.0,6389.3196296221995,264.4219258191197,-0.0,0.0,0.0,0.0,0.0,-1292.2737606335568,-240.46779480776348,-5121.0,47691.15228094929,378.6,-0.0,0.0,0.0,0.0,0.0,-14423.151357023673,-952.6009239256098,-32694.0,36568.75359835426,363.2428935655589,-0.0,0.0,0.0,0.0,0.0,-19964.1006864378,-1221.8958054820191,-15746.0
t141,21828.576168018957,0.0,-0.0,0.0,0.0,0.0,0.0,-3442.8411565251936,-834.7350114937562,-17551.0,3605.056723242833,5289.191063060345,-0.0,0.0,0.0,0.0,0.0,11914.47495534415,-583.7227416473306,-20225.0,2883.60288878514,3133.632824356347,-0.0,0.0,0.0,0.0,0.0,35976.11354465585,-1722.3492577973307,-40271.0,25526.393801726885,946.2157862632712,-0.0,0.0,0.0,0.0,0.0,-7810.1408687293115,-319.4687192608417,-18343.0,7112.230114343563,0.0,-0.0,0.0,0.0,0.0,0.0,-1723.1983434748063,-260.0317708687562,-5129.0,48106.86337295645,235.50000000007384,-0.0,0.0,0.0,0.0,0.0,-14412.039631270689,-953.3237416858415,-32977.0,36787.385150479604,769.3282950704059,-0.0,0.0,0.0,0.0,0.0,-20502.3685,-1256.34494555,-15798.0
t142,21520.142555367875,0.0,-0.0,0.0,0.0,0.0,0.0,-3405.8360634272126,-836.3064919406585,-17278.0,4291.913081427258,4303.784563773462,-0.0,0.0,0.0,0.0,0.0,11851.920126454472,-581.617771655193,-19866.0,2958.3526407872023,3019.2232734724685,-0.0,0.0,0.0,0.0,0.0,36038.66837354553,-1720.244287805193,-40296.0,26889.489086930138,578.5,-0.0,0.0,0.0,0.0,0.0,-9089.310390291663,-402.67869663847273,-17976.0,7561.191107869754,0.0,-0.0,0.0,0.0,0.0,0.0,-2194.3553658288865,-282.8357420408668,-5084.0,47111.40382877181,0.0,-0.0,0.0,0.0,0.0,0.0,-13132.870109708336,-1036.5337190634725,-32942.0,36802.72132483817,57.32566606225007,-0.0,0.0,0.0,0.0,0.0,-20068.216570743898,-1276.830420156525,-15515.0
t143,21452.679999999997,0.0,-0.0,0.0,0.0,0.0,0.0,-3400.0,-836.6800000000001,-17216.0,5807.7871056,2246.9,-0.0,0.0,0.0,0.0,0.0,11288.988,-562.6751055999999,-18781.0,3074.8806897964914,1792.820431953511,-0.0,0.0,0.0,0.0,0.0,36601.6005,-1701.3016217499999,-39768.0,30699.061346217783,778.7138320336051,-0.0,0.0,0.0,0.0,0.0,-12579.949292909338,-662.82588534205,-18235.0,8237.375158508006,0.0,-0.0,0.0,0.0,0.0,0.0,-2667.6811523803494,-257.69400612765776,-5312.0,42487.565054942796,44.248637957199996,-0.0,0.0,0.0,0.0,0.0,-8927.735999999999,-1310.0776928999999,-32294.0,36739.68103214592,0.0,-0.0,0.0,0.0,0.0,0.0,-20315.222054710313,-1265.4589774356077,-15159.0
t144,21985.68,0.0,-0.0,0.0,0.0,0.0,0.0,-3400.0,-836.6800000000001,-17749.0,3990.6389293724583,2818.0,-0.0,0.0,0.0,0.0,0.0,13060.652693152111,-622.2916225245685,-19247.0,2760.7925780458654,3583.1897537808172,-0.0,0.0,0.0,0.0,0.0,34829.93580684789,-1760.9181386745686,-39413.0,30663.54650118067,578.5,-0.0,0.0,0.0,0.0,0.0,-11852.41852832353,-644.627972857142,-18745.0,9002.285401366933,0.0,-0.0,0.0,0.0,0.0,0.0,-3302.127572815321,-246.15782855161316,-5454.0,43715.8287387145,0.0,-0.0,0.0,0.0,0.0,0.0,-9026.15307665063,-1303.6756620638764,-33386.0,36612.60800371887,0.0,-0.0,0.0,0.0,0.0,0.0,-20309.88932221052,-1265.7186815083476,-15037.0
t145,22034.45703552421,2106.6229644757987,-0.0,0.0,0.0,0.0,0.0,-5800.0,-683.08,-17658.0,9335.797204568928,2818.0,-0.0,0.0,0.0,0.0,0.0,7296.743212861275,-357.5404174302025,-19093.0,4181.678071681098,2842.6074892759975,-0.0,0.0,0.0,0.0,0.0,30939.83132883395,-1392.11688979104,-36572.0,24099.746170475,0.0,-0.0,0.0,0.0,0.0,0.0,-7626.523499999999,-676.2226704750001,-15797.0,13819.528342639687,95.58790968531343,-0.0,0.0,0.0,0.0,0.0,-8748.139,-325.977252325,-4841.0,36393.46504396724,314.0,-0.0,0.0,0.0,0.0,0.0,-1696.577632400329,-914.8874115669145,-34096.0,28866.950708999226,0.0,-0.0,0.0,0.0,0.0,0.0,-14365.334409294894,-1047.6162997043277,-13454.0
t146,20009.5673182744,4522.512681725608,-0.0,0.0,0.0,0.0,0.0,-5800.0,-683.08,-18049.0,9066.245317557241,4993.951150076803,-0.0,0.0,0.0,0.0,0.0,6136.4916218359185,-300.68808946996,-19896.0,4155.104822854021,3014.65756119951,-0.0,0.0,0.0,0.0,0.0,29047.650408726055,-1285.4127927795835,-34932.0,24325.746170475,0.0,-0.0,0.0,0.0,0.0,0.0,-7626.523499999999,-676.2226704750001,-16023.0,13877.308881203402,109.80737112159863,-0.0,0.0,0.0,0.0,0.0,-8748.139,-325.977252325,-4913.0,35054.60537820588,314.0,-0.0,0.0,0.0,0.0,0.0,1017.4463781640816,-766.05175636996,-35620.0,28267.821438655643,0.0,-0.0,0.0,0.0,0.0,0.0,-14026.925908726054,-1032.8955299295833,-13208.0
t147,18214.527102266984,6566.3,-0.0,0.0,0.0,0.0,0.0,-5707.944818541484,-678.8822837254917,-18394.0,10691.443100699225,5115.136254808916,-0.0,0.0,0.0,0.0,0.0,4492.5558827464365,-220.1352382545754,-20079.0,4082.341976806027,0.0,-0.0,0.0,0.0,0.0,0.0,30431.534307879505,-1367.8762846855282,-33146.0,25071.581079916476,0.0,-433.87499999904924,0.0,0.0,0.0,0.0,-7821.132324909477,-672.5737550079473,-16144.0,13695.436586129354,264.4219258191197,-0.0,0.0,0.0,0.0,0.0,-8553.530175090524,-322.3283368579473,-5084.0,34542.23547438022,314.0,-0.0,0.0,0.0,0.0,0.0,1230.945290894797,-770.1807652750144,-35317.0,27876.30304096885,0.0,-0.0,0.0,0.0,0.0,0.0,-14072.428162979253,-1034.8748779895975,-12769.0
t148,18571.742361213648,1583.1096144198834,-0.0,0.0,0.0,0.0,0.0,-447.8308871782019,-439.021088455326,-19268.0,7925.79245552025,3848.837120180439,-0.0,0.0,0.0,0.0,0.0,9648.12873217593,-472.75830787662056,-20950.0,4116.794805818576,4483.719700938213,-0.0,0.0,0.0,0.0,0.0,24977.621514979815,-1127.136021736606,-32451.0,25976.829538527825,0.0,-0.0,0.0,0.0,0.0,0.0,-8510.175340053835,-659.6541984739906,-16807.0,13305.595940270157,196.3,-0.0,0.0,0.0,0.0,0.0,-7864.487159946166,-309.40878032399064,-5328.0,39920.271700420504,378.6,-0.0,0.0,0.0,0.0,0.0,-4405.594615737062,-1051.2770846834396,-34842.0,27444.184804764944,0.0,-0.0,0.0,0.0,0.0,0.0,-13397.66224424048,-1005.5225605244608,-13041.0
t149,17993.42827563946,2151.5018304955433,-0.0,0.0,0.0,0.0,0.0,569.6919413398996,-392.62204747490057,-20322.0,10438.925339277921,5289.191063060345,-0.0,0.0,0.0,0.0,0.0,6823.221448645355,-334.3378509836224,-22217.0,4809.447853321204,2581.20405375552,-0.0,0.0,0.0,0.0,0.0,26583.406225371356,-1226.0581324480731,-32748.0,27025.358851615343,0.0,-0.0,0.0,0.0,0.0,0.0,-8985.6192260029,-650.7396256124457,-17389.0,13131.70632671186,125.83115474768786,-0.0,0.0,0.0,0.0,0.0,-7389.0432739971,-300.4942074624456,-5568.0,39313.941689632804,314.0,-0.0,0.0,0.0,0.0,0.0,-3568.411774838545,-1030.5299147942592,-35029.0,26760.115765730607,1630.3,-0.0,0.0,0.0,0.0,0.0,-14033.245340518064,-1033.1704252125357,-13324.0
t150,20029.28807033267,3052.3198208353683,-0.0,0.0,0.0,0.0,0.0,-1292.0886487835032,-477.51924238452773,-21312.0,10363.781997917346,3118.106028082653,-0.0,0.0,0.0,0.0,0.0,10521.673999999999,-515.562026,-23488.0,8869.894820156554,0.0,-0.0,0.0,0.0,0.0,0.0,24469.9200899173,-1076.8149100738478,-32263.0,26529.378715146762,0.0,-0.0,0.0,0.0,0.0,0.0,-8211.11717609861,-665.2615390481511,-17653.0,14227.884039328128,0.0,-39.32259452858621,0.0,0.0,0.0,0.0,-8163.54532390139,-315.01612089815103,-5710.0,38945.0616929,378.6,-0.0,0.0,0.0,0.0,0.0,-3367.735999999999,-980.9256929,-34975.0,28401.96534597312,0.0,-0.0,0.0,0.0,0.0,0.0,-13957.106941133796,-1029.85840483932,-13415.0
t151,24370.977079510478,0.0,-0.0,0.0,0.0,0.0,0.0,-1840.4524478868389,-502.52463162363983,-22028.0,16845.77307026039,0.0,-0.0,0.0,0.0,0.0,0.0,7415.583686857834,-343.3567571182189,-23918.0,13508.17320219351,0.0,-0.0,0.0,0.0,0.0,0.0,17941.16960220196,-942.3428043954632,-30507.0,27889.705098360937,0.0,-0.0,0.0,0.0,0.0,0.0,-9623.933872367836,-638.7712259931031,-17627.0,12759.479604798218,45.77483067705062,-0.0,0.0,0.0,0.0,0.0,-6750.728627632165,-288.52580784310305,-5766.0,32873.99526173192,0.0,-0.0,0.0,0.0,0.0,0.0,2428.8954882441203,-696.8907499760381,-34606.0,23982.31122449672,0.0,-0.0,0.0,0.0,0.0,0.0,-9570.533829417074,-852.7773950796426,-13559.0
t152,24793.204913467936,0.0,-97.3,0.0,0.0,0.0,0.0,-1890.88377831841,-491.02113514953186,-22314.0,26912.660589103867,0.0,-2246.9,0.0,0.0,0.0,0.0,-849.1521345127439,-41.608454591124456,-23775.0,17245.653270865114,0.0,-1665.0,0.0,0.0,0.0,0.0,15761.27449084073,-698.9277617058452,-30643.0,24962.555377092558,0.0,-0.0,0.0,0.0,0.0,0.0,-6883.113755610248,-470.4416214823079,-17609.0,10573.707788053598,132.46486323467298,-0.0,0.0,0.0,0.0,0.0,-4719.141110963515,-207.03154032475666,-5780.0,24992.015150130137,0.0,-314.0,0.0,0.0,0.0,0.0,10006.920706223256,-644.9358563533931,-34040.0,25692.7283648201,0.0,-0.0,0.0,0.0,0.0,0.0,-11425.904417659069,-547.8239471610308,-13719.0
t153,27774.09379895531,0.0,-97.3,0.0,0.0,0.0,0.0,-4776.506546800481,-412.287252154827,-22488.0,32064.622936175445,0.0,-4782.069085598983,0.0,0.0,0.0,0.0,-3352.4251791839056,-162.12867139255468,-23768.0,19750.067124104968,0.0,-5677.104053755519,0.0,0.0,0.0,0.0,17876.824078475824,-790.7871488252699,-31159.0,21274.424002624684,0.0,-946.2157862632712,0.0,0.0,0.0,0.0,-2430.6110759695903,-395.5971403918218,-17502.0,11125.983075607244,0.0,-248.7332892530581,0.0,0.0,0.0,0.0,-4971.08746286511,-150.162323489076,-5756.0,25840.924930683814,0.0,-378.6,0.0,0.0,0.0,0.0,8477.57249538433,-499.89742606814406,-33440.0,25958.901286248627,0.0,-797.3011427642705,0.0,0.0,0.0,0.0,-10823.766309041068,-470.83383444328643,-13867.0
t154,29500.338674011116,0.0,-6566.3,0.0,0.0,0.0,0.0,-227.77996392272416,-235.258710088393,-22471.0,33461.46221379677,0.0,-4913.5708379021125,0.0,0.0,0.0,0.0,-4841.452512411799,-215.4388634828531,-23491.0,20283.30470436103,0.0,-2404.260247970108,0.0,0.0,0.0,0.0,14226.491629759967,-610.5360861508933,-31495.0,19882.41235407784,0.0,-946.2157862632712,0.0,0.0,0.0,0.0,-1283.2361653580274,-320.96040245653967,-17332.0,11182.406380023554,0.0,-0.0,0.0,0.0,0.0,0.0,-5305.080760807877,-165.32561921567762,-5712.0,26189.135049083354,0.0,-378.6,0.0,0.0,0.0,0.0,7538.954739637902,-435.4897887212535,-32914.0,26270.890484957483,0.0,-1630.3,0.0,0.0,0.0,0.0,-10107.896966897442,-439.6935180600387,-14093.0
t155,29572.153939945576,0.0,-4736.978072356902,0.0,0.0,0.0,0.0,-1887.160646566872,-377.01522102179916,-22571.0,36061.2351700013,0.0,-4707.3970662213505,0.0,0.0,0.0,0.0,-7584.211729056192,-371.62637472375343,-23398.0,21301.11402818509,0.0,-5677.104053755519,0.0,0.0,0.0,0.0,16219.202865151667,-716.2128395812343,-31127.0,18912.27548152321,0.0,-804.5,0.0,0.0,0.0,0.0,-529.8245074158131,-271.9509741073986,-17306.0,12101.928150757318,0.0,-196.3,0.0,0.0,0.0,0.0,-6031.330780641207,-198.29737011611078,-5676.0,22593.443852984143,0.0,-314.0,0.0,0.0,0.0,0.0,10947.996736472005,-590.4405894561521,-32637.0,25967.03016724414,0.0,-0.0,0.0,0.0,0.0,0.0,-11134.671937943587,-484.358229300546,-14348.0
t156,29216.78266026476,0.0,-5619.282701054282,0.0,0.0,0.0,0.0,-747.6363907723226,-349.86356843815435,-22500.0,38311.473675796005,0.0,-3856.2376497960104,0.0,0.0,0.0,0.0,-10521.673999999999,-515.562026,-23418.0,20748.405070530476,0.0,-3598.5621364519084,0.0,0.0,0.0,0.0,15752.236417640626,-694.0793517191953,-32208.0,21559.30009074476,0.0,-626.4862626508234,0.0,0.0,0.0,0.0,-3024.579069709348,-434.2347583845931,-17474.0,12282.465197705891,0.0,-107.81444091994399,0.0,0.0,0.0,0.0,-6303.975324383917,-210.67543240202983,-5660.0,17639.046455300246,0.0,-378.6,0.0,0.0,0.0,0.0,16380.213569709347,-896.660025009593,-32744.0,26532.339658792465,0.0,-0.0,0.0,0.0,0.0,0.0,-11534.585202484386,-501.75445630807076,-14496.0
t157,29006.486533447736,0.0,-6288.482639012688,0.0,0.0,0.0,0.0,-31.310413133589464,-398.6934813014554,-22288.0,37085.990753377075,0.0,-4845.546156091255,0.0,0.0,0.0,0.0,-8469.441459604412,-358.003137681405,-23413.0,19021.13234662498,0.0,-3039.649506069314,0.0,0.0,0.0,0.0,18864.792848396824,-793.2756889524921,-34053.0,23317.693712538272,0.0,-946.2157862632712,0.0,0.0,0.0,0.0,-4319.9775,-518.500426275,-17533.0,13226.76054621477,0.0,-158.9095456973073,0.0,0.0,0.0,0.0,-7199.517933654546,-251.3330668629164,-5617.0,22009.95613139534,0.0,-378.6,0.0,0.0,0.0,0.0,11910.057385388698,-698.4135167840462,-32843.0,27524.72815473457,0.0,-1630.3,0.0,0.0,0.0,0.0,-10754.602927392974,-467.82522734159437,-14672.0
t158,28850.471131273887,0.0,-97.3,0.0,0.0,0.0,0.0,-5636.544693261174,-675.6264380127095,-22441.0,34704.221613428854,0.0,-5466.873863310327,0.0,0.0,0.0,0.0,-5246.636540594784,-214.71120952373744,-23776.0,17274.566524900765,0.0,-5677.104053755519,0.0,0.0,0.0,0.0,25154.04406834762,-1088.5065394928617,-35663.0,22826.58431410046,0.0,-720.2157862632712,0.0,0.0,0.0,0.0,-4051.342789481425,-501.0257383557667,-17554.0,13840.40795698058,0.0,-291.2771831655881,0.0,0.0,0.0,0.0,-7710.677878125289,-275.45289568970156,-5563.0,24561.288795296114,0.0,-314.0,0.0,0.0,0.0,0.0,9371.419897476406,-569.7086927725207,-33049.0,27071.56680642423,0.0,-0.0,0.0,0.0,0.0,0.0,-11880.262064361352,-542.3047420628703,-14649.0
t159,27841.957514334317,0.0,-97.3,0.0,0.0,0.0,0.0,-5044.0488851705395,-648.6086291637766,-22052.0,31830.936111639065,0.0,-2246.9,0.0,0.0,0.0,0.0,-5103.2201001692565,-199.81601146980643,-24281.0,14888.415424894305,0.0,-1665.0,0.0,0.0,0.0,0.0,24516.04520929602,-1054.4606341903295,-36685.0,23079.55122120762,0.0,-653.0732949326219,0.0,0.0,0.0,0.0,-4319.9775,-518.500426275,-17588.0,14063.956613926675,0.0,-99.04065786574617,0.0,0.0,0.0,0.0,-8305.495444870723,-304.42051119020425,-5355.0,25568.619369994904,0.0,-335.6572209616526,0.0,0.0,0.0,0.0,8984.078397336218,-555.0405463694747,-33662.0,26128.378301263154,0.0,-0.0,0.0,0.0,0.0,0.0,-10727.381676421719,-546.9966248414255,-14854.0
t160,27699.76823293599,0.0,-97.3,0.0,0.0,0.0,0.0,-5487.632204414676,-668.8360285213092,-21446.0,30391.868892550043,0.0,-2246.9,0.0,0.0,0.0,0.0,-3521.748733649078,-128.2201589009622,-24495.0,12448.569428670866,0.0,-1665.0,0.0,0.0,0.0,0.0,27437.69821998909,-1186.2676486599526,-37035.0,24337.246525463856,0.0,-578.5,0.0,0.0,0.0,0.0,-6089.148669025026,-591.5978564388279,-17078.0,13850.694080593445,139.30313113876875,-0.0,0.0,0.0,0.0,0.0,-8578.20619941812,-322.7910123140898,-5089.0,26384.64315048301,0.0,-314.0,0.0,0.0,0.0,0.0,7786.727186558352,-496.3703370413592,-33361.0,27309.031894544325,0.0,-0.0,0.0,0.0,0.0,0.0,-11547.689600040541,-769.3422945037784,-14992.0
t161,27819.28964539171,0.0,-97.3,0.0,0.0,0.0,0.0,-6705.930117849354,-741.0595275423588,-20275.0,29081.526509937416,0.0,-2246.9,0.0,0.0,0.0,0.0,-3179.63189661628,-106.99461332113782,-23548.0,9370.310597313302,0.0,-733.5175840864521,0.0,0.0,0.0,0.0,29996.701046306767,-1311.4940595336268,-37322.0,25333.051797202934,0.0,-0.0,0.0,0.0,0.0,0.0,-8248.491017684517,-664.5607795184153,-16420.0,13100.186843683901,196.3,-0.0,0.0,0.0,0.0,0.0,-8126.171482315483,-314.3153613684153,-4856.0,26505.754389348996,0.0,-0.0,0.0,0.0,0.0,0.0,6127.381426690898,-526.1358160398988,-32107.0,25632.04752029698,0.0,-0.0,0.0,0.0,0.0,0.0,-9863.857958532031,-949.1895617649488,-14819.0
t162,25280.02452942726,0.0,-0.0,0.0,0.0,0.0,0.0,-5444.170360967153,-666.8541684601022,-19169.0,22514.31217717325,0.0,-0.0,0.0,0.0,0.0,0.0,86.60242411568356,-98.91460128893509,-22502.0,4875.431906229372,0.0,-0.0,0.0,0.0,0.0,0.0,34184.70487394836,-1584.13678017773,-37476.0,23397.425980910033,578.5,-0.0,0.0,0.0,0.0,0.0,-7637.480218099847,-548.445762810181,-15790.0,11826.737134220153,295.3406578657462,-0.0,0.0,0.0,0.0,0.0,-7214.849713875727,-297.2280782101699,-4610.0,32368.300925217012,0.0,-0.0,0.0,0.0,0.0,0.0,-1160.4426365111512,-755.8582887058606,-30452.0,28399.513471544717,0.0,-0.0,0.0,0.0,0.0,0.0,-12814.364368610168,-980.1491029345422,-14605.0
t163,24217.780000000002,97.3,-0.0,0.0,0.0,0.0,0.0,-5800.0,-683.08,-17832.0,10956.21386475225,829.6889384219064,-0.0,0.0,0.0,0.0,0.0,9785.591163854726,-479.4939670288816,-21092.0,4585.310446349673,1932.16438825864,-0.0,0.0,0.0,0.0,0.0,32798.38699988676,-1535.8618344950742,-37780.0,22448.597457569907,946.2157862632712,-0.0,0.0,0.0,0.0,0.0,-8224.808415524261,-665.0048283089201,-14505.0,12459.272836768914,295.34065786574615,-0.0,0.0,0.0,0.0,0.0,-8149.854084475739,-314.7594101589201,-4290.0,38473.41415982641,44.248637957199996,-0.0,0.0,0.0,0.0,0.0,-8191.653163854726,-1274.0096339288816,-29052.0,27446.85507153184,0.0,-0.0,0.0,0.0,0.0,0.0,-12217.662499886763,-954.192571645074,-14275.0
t164,23332.08,0.0,-0.0,0.0,0.0,0.0,0.0,-5800.0,-683.08,-16849.0,8629.798101010176,1090.483149211177,-0.0,0.0,0.0,0.0,0.0,9223.679021849259,-451.9602720706137,-18492.0,4236.862421097942,2256.5321993422067,-0.0,0.0,0.0,0.0,0.0,32609.239288614586,-1527.6339090547344,-37575.0,19301.246079567816,675.9746380654208,-0.0,0.0,0.0,0.0,0.0,-4684.384208096559,-484.8365095366812,-14808.0,13354.84709513672,48.26915718827829,-0.0,0.0,0.0,0.0,0.0,-8748.139,-325.977252325,-4329.0,38919.970091785,0.0,-0.0,0.0,0.0,0.0,0.0,-10571.8803137527,-1055.0897780322948,-27293.0,26736.479434819325,0.0,-0.0,0.0,0.0,0.0,0.0,-12028.514788614586,-945.9646462047344,-13762.0
t165,23132.080000000005,0.0,-0.0,0.0,0.0,0.0,0.0,-5800.0,-683.08,-16649.0,7022.23126222425,1451.6567637757507,-0.0,0.0,0.0,0.0,0.0,10521.673999999999,-515.562026,-18480.0,4367.495751422571,2414.2351397748316,-0.0,0.0,0.0,0.0,0.0,32447.884065658756,-1520.614956856156,-37709.0,22035.53038421173,946.2157862632712,-0.0,0.0,0.0,0.0,0.0,-7626.523499999999,-676.2226704750001,-14679.0,13635.456910190745,0.0,-295.34065786574615,0.0,0.0,0.0,0.0,-8748.139,-325.977252325,-4266.0,37615.01369289957,62.800000000426095,-0.0,0.0,0.0,0.0,0.0,-8927.735999999999,-1310.0776928999999,-27440.0,25953.1175834548,504.987676210113,-0.0,0.0,0.0,0.0,0.0,-11867.159565658756,-938.9456940061558,-13652.0
t166,22562.77999999986,97.30000000014643,-0.0,0.0,0.0,0.0,0.0,-5800.0,-683.08,-16177.0,7935.8880260000005,0.0,-0.0,0.0,0.0,0.0,0.0,10521.673999999999,-515.562026,-17942.0,4576.188329776319,2747.7657878681284,-0.0,0.0,0.0,0.0,0.0,31907.13840288087,-1497.092520525318,-37734.0,20670.81223648767,946.2157862632712,-0.0,0.0,0.0,0.0,0.0,-6783.635233980514,-621.3927887704324,-14212.0,13489.456910190745,0.0,-295.34065786574615,0.0,0.0,0.0,0.0,-8748.139,-325.977252325,-4120.0,38292.87207721492,0.0,-0.0,0.0,0.0,0.0,0.0,-9770.624266019484,-1255.2478111954324,-27267.0,25717.83716055619,0.0,-0.0,0.0,0.0,0.0,0.0,-11326.413902880871,-915.4232576753178,-13476.0
t167,22184.08,0.0,-0.0,0.0,0.0,0.0,0.0,-5800.0,-683.08,-15701.0,7484.69992510333,0.0,-0.0,0.0,0.0,0.0,0.0,10071.819216505437,-493.51914160876646,-17063.0,4725.542838403362,2308.1441988811725,-0.0,0.0,0.0,0.0,0.0,31772.550928087257,-1491.2379653717958,-37315.0,19674.370043233233,578.5,-0.0,0.0,0.0,0.0,0.0,-5361.957397712067,-528.9126455211699,-14362.0,13534.456910190747,0.0,-295.34065786574615,0.0,0.0,0.0,0.0,-8748.139,-325.977252325,-4165.0,38907.172102348304,0.0,-0.0,0.0,0.0,0.0,0.0,-10742.447318793369,-1140.7247835549365,-27024.0,25201.39513060906,0.0,-0.0,0.0,0.0,0.0,0.0,-11191.826428087259,-909.5687025217957,-13100.0
t168,22179.08,0.0,-0.0,0.0,0.0,0.0,0.0,-5800.0,-683.08,-15696.0,7053.814237404302,2246.9,-0.0,0.0,0.0,0.0,0.0,8267.387762981809,-405.10200038610867,-17163.0,4578.403080291973,1665.0,-0.0,0.0,0.0,0.0,0.0,32581.00252975225,-1526.405610044223,-37298.0,21731.45074703476,732.2873011812,-0.0,0.0,0.0,0.0,0.0,-7143.909423422341,-644.8286247936232,-14675.0,13571.627929888029,0.0,-260.5116775630296,0.0,0.0,0.0,0.0,-8748.139,-325.977252325,-4237.0,35667.6874611642,378.6,-0.0,0.0,0.0,0.0,0.0,-7156.063839559468,-1168.2236216047318,-27722.0,24389.08607978139,1313.9282971650864,-0.0,0.0,0.0,0.0,0.0,-12000.278029752251,-944.7363471942228,-12758.0
t169,22569.739996744305,0.0,-0.0,0.0,0.0,0.0,0.0,-458.81790048231636,-20.922096261993627,-22090.0,9556.734571026143,0.0,-0.0,0.0,0.0,0.0,0.0,11762.887244139138,-578.621815165282,-20741.0,9183.00441036112,0.0,-0.0,0.0,0.0,0.0,0.0,22651.516775945485,-1097.5211863066022,-30737.0,20286.22515752407,0.0,-0.0,0.0,0.0,0.0,0.0,-4230.184687925468,-175.04046959860256,-15881.0,4567.180776088396,0.0,-0.0,0.0,0.0,0.0,0.0,872.6219637762727,-19.80273986466838,-5420.0,46953.60902647607,44.248637957199996,-0.0,0.0,0.0,0.0,0.0,-15276.792616345612,-797.0650480876602,-30924.0,33139.4162068164,351.283768948844,-0.0,0.0,0.0,0.0,0.0,-15321.230779107496,-986.469196657732,-17183.0
t170,21214.866106768804,0.0,-0.0,0.0,0.0,0.0,0.0,2004.6949649122362,-94.56107168104255,-23125.0,10352.282728123037,0.0,-0.0,0.0,0.0,0.0,0.0,11274.502998377333,-561.7857265003682,-21065.0,11662.054279950757,0.0,-0.0,0.0,0.0,0.0,0.0,18919.04195858955,-867.0962385403028,-29714.0,19937.10328504769,0.0,-0.0,0.0,0.0,0.0,0.0,-3977.4233478311453,-107.67993721654564,-15852.0,4611.349698739809,53.126297681977576,-0.0,0.0,0.0,0.0,0.0,1020.0139369171736,-135.48993333896033,-5549.0,46401.649644565834,0.0,-0.0,0.0,0.0,0.0,0.0,-13331.732174627865,-681.9174699379696,-32388.0,33490.890775606356,13.923131392260757,-0.0,0.0,0.0,0.0,0.0,-15909.09833633728,-813.7155706613294,-16782.0
t171,20154.815961529708,0.0,-0.0,0.0,0.0,73.182,0.0,4410.896750964054,-244.89471249376805,-24394.0,10040.381105600001,571.1,-0.0,0.0,0.0,64.206,0.0,11288.988,-562.6751055999999,-21402.0,13819.562187343354,3095.9,-0.0,0.0,0.0,86.568,0.0,12396.769091270233,-542.7992786135923,-28856.0,17688.61488314898,226.0,-0.0,0.0,0.0,49.152,0.0,-1435.6714190587527,-144.09546409022815,-16384.0,5036.305186106057,0.0,-0.0,0.0,0.0,17.595,0.0,962.312710169936,-151.21289627599342,-5865.0,46069.0858672885,0.0,-0.0,0.0,0.0,100.212,0.0,-12145.429523192026,-619.8683440964742,-33404.0,32147.37302844183,874.8647509511827,-0.0,0.0,0.0,50.574,0.0,-15477.865610153443,-736.9461692395715,-16858.0
t172,19307.128338318387,0.0,-0.0,0.0,0.0,710.397,0.0,6639.717672613358,-346.2430109317533,-26311.0,11212.842945121956,571.1,-0.0,0.0,0.0,617.922,0.0,11030.967714977674,-546.8326600996293,-22886.0,13695.510146680552,3081.674796848905,-0.0,0.0,0.0,767.6370000000001,0.0,11500.406305789027,-614.2282493184896,-28431.0,17697.36834011658,881.499362826914,-0.0,0.0,0.0,467.748,0.0,-1588.4590759329344,-134.15662701056263,-17324.0,5659.674040651767,0.0,-0.0,0.0,0.0,169.101,0.0,707.5643029206362,-273.3393435724031,-6263.0,50089.51463628007,0.0,-0.0,0.0,0.0,104.83800000000001,0.0,-14490.54713722554,-757.8054990545443,-34946.0,31935.51563440701,0.0,-0.0,0.0,0.0,52.569,0.0,-13799.649783142222,-665.4348512647871,-17523.0
t173,19208.21251875179,0.0,-0.0,0.0,0.0,766.773,0.0,8872.258648112038,-448.24416686382835,-28399.0,8865.268204997978,5447.119641403691,-0.0,0.0,0.0,673.92,0.0,10487.583757726947,-513.8916041286204,-24960.0,14420.470072677812,4012.10405375552,-0.0,0.0,0.0,778.8689999999999,0.0,10525.288989579309,-889.7321160126485,-28847.0,19709.763563040568,0.0,-0.0,0.0,0.0,494.397,0.0,-1770.8697504043737,-122.29081263619551,-18311.0,4937.866542975805,0.0,-0.0,0.0,0.0,177.687,0.0,1694.0015495974685,-228.55509257327495,-6581.0,53112.34707350433,0.0,-0.0,0.0,0.0,998.838,0.0,-16255.60738949019,-861.5776840141386,-36994.0,31939.91206084398,0.0,-0.0,0.0,0.0,492.318,0.0,-13552.655805121201,-645.5742557227721,-18234.0
t174,20188.516991005024,0.0,-0.0,0.0,0.0,817.317,0.0,9753.603244951084,-488.4372359561088,-30271.0,13511.924143994283,4068.54208951451,-0.0,0.0,0.0,724.626,0.0,8972.563371704733,-439.65560521353194,-26838.0,17700.90946363458,1935.1521057168147,-0.0,0.0,0.0,775.9259999999999,0.0,9218.828913517104,-892.8164828684926,-28738.0,19073.018333817123,0.0,-0.0,0.0,0.0,512.4060000000001,0.0,-395.67724896210575,-211.74708485501503,-18978.0,5109.917667729029,0.0,-0.0,0.0,0.0,183.006,0.0,1712.7789316969306,-227.70259942595936,-6778.0,53288.84764962454,0.0,-0.0,0.0,0.0,1045.17,0.0,-14823.710195428012,-800.3074541965217,-38710.0,33338.0235809401,0.0,-0.0,0.0,0.0,505.46700000000004,0.0,-14438.387017479734,-684.1035634603684,-18721.0
t175,22950.68768244654,0.0,-0.0,0.0,0.0,855.009,0.0,8282.810662413369,-421.507344859913,-31667.0,23616.93024534957,0.0,-0.0,0.0,0.0,565.6450219797343,0.0,4041.4560806211302,-198.0313479504354,-28026.0,23213.460016822628,0.0,-0.0,0.0,0.0,744.4710000000001,0.0,4165.00523104497,-549.9362478675964,-27573.0,16618.224967195103,0.0,-0.0,0.0,0.0,522.099,0.0,2542.3147373294796,-345.6387045245758,-19337.0,4489.446428581426,0.0,-0.0,0.0,0.0,185.841,0.0,2404.0322693166,-196.31969789802636,-6883.0,46159.202746793955,0.0,-0.0,0.0,0.0,119.47800000000001,0.0,-6119.474312837821,-333.20643395613115,-39826.0,35497.44135687867,0.0,-202.06098831634745,0.0,0.0,57.903,0.0,-15316.14466788773,-736.1387006745898,-19301.0
t176,24407.23162560002,0.0,-0.0,0.0,0.0,295.5334043518958,0.0,8393.834695775118,-426.59972572703657,-32670.0,32480.60471417957,0.0,-0.0,0.0,0.0,86.034,0.0,-3762.04587063278,-126.59284354679305,-28678.0,21408.625688377953,0.0,-0.0,0.0,0.0,83.47200000000001,0.0,6990.822336489605,-658.9200248675571,-27824.0,15716.906957341522,0.0,-0.0,0.0,0.0,58.479,0.0,4168.919578007902,-451.305535349414,-19493.0,4560.820188747983,0.0,-11.494972008879017,0.0,0.0,20.799,0.0,2552.456998455995,-189.58121519509785,-6933.0,44318.271609782314,0.0,-0.0,0.0,0.0,121.509,0.0,-3696.3340780079016,-240.44653177441398,-40503.0,36795.43781570177,0.0,-1630.3,0.0,0.0,59.61,0.0,-14647.653660087939,-707.0941556138253,-19870.0
t177,24349.413567566036,0.0,-0.0,0.0,0.0,99.693,0.0,9247.447668559598,-465.55423612563493,-33231.0,35211.03545116267,0.0,-571.1,0.0,0.0,88.35000000000001,0.0,-5106.453297695225,-171.83215346744433,-29450.0,21946.609139941193,0.0,-0.0,0.0,0.0,84.876,0.0,6995.719999018332,-735.2051389595217,-28292.0,14604.021017020867,0.0,-0.0,0.0,0.0,59.145,0.0,5598.424659092863,-546.5906761137259,-19715.0,4504.197328467943,0.0,-91.4785664545278,0.0,0.0,20.856,0.0,2701.251196586555,-182.8259585999704,-6952.0,46460.25852216013,0.0,-0.0,0.0,0.0,122.949,0.0,-5258.163956772114,-342.043565388026,-40983.0,35996.78772318005,0.0,-595.2401544479231,0.0,0.0,61.797000000000004,0.0,-14178.226268790011,-686.1182999421126,-20599.0
t178,23883.60396443599,0.0,-0.0,0.0,0.0,101.292,0.0,10292.334937773348,-513.2309022093393,-33764.0,37192.34907507236,0.0,-571.1,0.0,0.0,89.76,0.0,-6569.930900278,-221.0781747943547,-29920.0,21936.932494413977,0.0,-0.0,0.0,0.0,85.878,0.0,7450.124275542647,-846.9347699566222,-28626.0,15957.480129818525,0.0,-0.0,0.0,0.0,59.934000000000005,0.0,4441.122994176964,-480.53712399548124,-19978.0,4225.015624311281,0.0,-0.0,0.0,0.0,20.76,0.0,2850.2842343731772,-176.05985868445777,-6920.0,46020.52148236156,0.0,-0.0,0.0,0.0,123.63000000000001,0.0,-4632.788584912969,-301.3628974485886,-41210.0,35701.13821610946,0.0,-0.0,0.0,0.0,63.795,0.0,-13831.146956675168,-668.7862594342786,-21265.0
t179,24185.09678981216,0.0,-0.0,0.0,0.0,172.9398740192505,0.0,10071.09118841945,-503.12785225086543,-33926.0,38184.110767694794,0.0,-177.68280024998114,0.0,0.0,91.287,0.0,-7419.063481299101,-249.65148614571476,-30429.0,21645.550194649786,0.0,-0.0,0.0,0.0,87.867,0.0,8409.800479043044,-854.2176736928275,-29289.0,14684.976164775533,0.0,-0.0,0.0,0.0,59.865,0.0,5782.673302408638,-572.514467184168,-19955.0,4209.217606253737,0.0,-0.0,0.0,0.0,20.487000000000002,0.0,2778.609294692236,-179.3139009459725,-6829.0,48000.648524569195,0.0,-0.0,0.0,0.0,124.419,0.0,-6245.779563935211,-406.28796063398545,-41473.0,35881.470443371465,0.0,-0.0,0.0,0.0,65.766,0.0,-13377.331219329057,-647.9052240424023,-21922.0
t180,25059.308465528244,0.0,-0.0,0.0,0.0,101.286,0.0,9058.3326936479,-456.9271591761434,-33762.0,37495.97969420637,0.0,-0.0,0.0,0.0,92.19,0.0,-6634.905136367602,-223.2645578387698,-30730.0,21838.73635134972,0.0,-0.0,0.0,0.0,92.4,0.0,9687.736209215447,-818.8725605651659,-30800.0,16014.601732676532,0.0,-0.0,0.0,0.0,59.676,0.0,4307.873370983429,-490.1511036599551,-19892.0,4264.170008732481,0.0,-15.952239899236018,0.0,0.0,20.307000000000002,0.0,2684.0807289953664,-183.60549782861037,-6769.0,47340.8347546983,0.0,-0.0,0.0,0.0,124.653,0.0,-5553.248912913287,-361.2388417850093,-41551.0,37845.05703806507,0.0,-1630.3,0.0,0.0,66.237,0.0,-13549.868953561252,-652.1250845038089,-22079.0
t181,25055.00816595464,0.0,-0.0,0.0,0.0,100.005,0.0,8616.765139699733,-436.77830565437523,-33335.0,36217.556838956225,0.0,-0.0,0.0,0.0,91.632,0.0,-5577.505769802379,-187.68306915385006,-30544.0,20713.24461825015,0.0,-189.71065830330372,0.0,0.0,95.772,0.0,12197.871501536702,-893.177461483554,-31924.0,17312.446734386467,0.0,-0.0,0.0,0.0,59.148,0.0,2761.528590313428,-417.1233246998885,-19716.0,4217.421762504841,0.0,-0.0,0.0,0.0,20.004,0.0,2617.2154203368655,-186.64118284170632,-6668.0,47399.57565563832,0.0,-64.6,0.0,0.0,124.5,0.0,-5595.489090313428,-363.9865653248885,-41500.0,37848.25130191296,0.0,-0.0,0.0,0.0,66.555,0.0,-15020.385791770921,-709.420510142035,-22185.0
t182,24390.144924058808,0.0,-0.0,0.0,0.0,97.56,0.0,8461.972592966293,-429.6775170251058,-32520.0,34857.97021070674,0.0,-0.0,0.0,0.0,90.684,0.0,-4566.975485615778,-153.67872509097091,-30228.0,19744.726140147388,0.0,-0.0,0.0,0.0,96.933,0.0,13391.79394923738,-922.4530893847664,-32311.0,17356.95547803746,0.0,-0.0,0.0,0.0,58.653,0.0,2537.9725245869276,-402.5810026243796,-19551.0,4309.641662724782,0.0,-0.0,0.0,0.0,19.617,0.0,2405.9729292139073,-196.23159193868864,-6539.0,47039.84326783631,0.0,-64.6,0.0,0.0,124.134,0.0,-5371.933024586928,-349.4442432493796,-41378.0,39604.129165634185,0.0,-0.0,0.0,0.0,66.066,0.0,-16858.8034858018,-789.3916798323783,-22022.0
t183,24702.12420980774,0.0,-0.0,0.0,0.0,94.611,0.0,7108.171047158205,-367.90625696594634,-31537.0,34376.54353921723,0.0,-2818.0,0.0,0.0,88.458,0.0,-2090.651128735285,-70.35041048194235,-29486.0,19153.244781876587,0.0,-2227.63851858784,0.0,0.0,96.339,0.0,16014.473761541683,-923.4190248304297,-32113.0,19075.870055089,0.0,-0.0,0.0,0.0,57.723,0.0,368.8890687320163,-261.4821238210177,-19241.0,4243.58998673798,0.0,-0.0,0.0,0.0,18.822,0.0,2216.4250776612016,-204.83706439918146,-6274.0,44149.40693317804,0.0,-64.6,0.0,0.0,122.388,0.0,-3202.8495687320165,-208.34536444601767,-40796.0,42846.861920032534,0.0,-0.0,0.0,0.0,64.659,0.0,-20414.458257625804,-944.0626624067224,-21553.0
t184,25221.68835515028,0.0,-0.0,0.0,0.0,0.0,0.0,5179.187214141992,-279.8755692922736,-30121.0,32628.962851099597,0.0,-3749.9628510995963,0.0,0.0,0.0,0.0,0.0,-0.0,-28879.0,16866.97588178004,0.0,-1602.983317117405,0.0,0.0,0.0,0.0,17203.101639282344,-793.094203944972,-31674.0,18700.200042625474,0.0,-0.0,0.0,0.0,0.0,0.0,235.61243625276666,-252.81247887824247,-18683.0,4250.205077011786,0.0,-0.0,0.0,0.0,0.0,0.0,1871.3006369937002,-220.50571400548603,-5901.0,43453.90587671766,0.0,-21.657220961652605,0.0,0.0,0.0,0.0,-3069.572936252767,-199.67571950324248,-40163.0,43447.416579701225,0.0,-0.0,0.0,0.0,0.0,0.0,-21419.628990418038,-987.7875892831845,-21040.0
t185,25403.01755909579,0.0,-0.0,0.0,0.0,0.0,0.0,2990.385963654104,-180.40352274989633,-28213.0,30931.209830861182,0.0,-3276.209830861183,0.0,0.0,0.0,0.0,0.0,-0.0,-27655.0,14854.51902020174,0.0,-573.6993894840011,0.0,0.0,0.0,0.0,17779.633716985747,-774.4533477034867,-31286.0,18476.195382139013,0.0,-14.298472866272277,0.0,0.0,0.0,0.0,-592.7005843380591,-172.19632493468026,-17697.0,3711.4495483206847,47.960613985632705,-0.0,0.0,0.0,0.0,0.0,1924.5483793753829,-73.9585416816992,-5610.0,40583.99012524662,0.0,-64.6,0.0,0.0,0.0,0.0,-1988.4300016600127,-128.96012358661758,-38402.0,41503.57200413692,0.0,-0.0,0.0,0.0,0.0,0.0,-20113.437474017162,-924.1345301197465,-20466.0
t186,24495.10826784085,0.0,-0.0,0.0,0.0,0.0,0.0,1982.7903121358477,-126.89857997669425,-26351.0,27481.359256469565,0.0,-1655.359256469564,0.0,0.0,0.0,0.0,0.0,-0.0,-25826.0,10845.557361365976,0.0,-0.0,0.0,0.0,0.0,0.0,21124.32615292776,-991.8835142937326,-30978.0,17942.093155248684,0.0,-0.0,0.0,0.0,0.0,0.0,-1086.7172076060683,-20.37594764261378,-16835.0,4318.658740036545,0.0,-0.0,0.0,0.0,0.0,0.0,1086.7172076060683,-20.37594764261378,-5385.0,41000.27808780537,0.0,-0.0,0.0,0.0,0.0,0.0,-4648.109977157639,-275.16811064773225,-36077.0,39052.62047152867,0.0,-0.0,0.0,0.0,0.0,0.0,-18459.00648790597,-843.6139836226945,-19750.0
t187,26057.765962452904,0.0,-0.0,0.0,0.0,0.0,0.0,-1211.5206220857942,-55.24534036711222,-24791.0,15619.205255818704,0.0,-0.0,0.0,0.0,0.0,0.0,8706.40877411282,-426.61402993152825,-23899.0,9731.25151534493,0.0,-14.217675313610489,0.0,0.0,0.0,0.0,21853.121122085795,-953.1549621171122,-30617.0,18631.085417509923,0.0,-727.7587148170472,0.0,0.0,0.0,0.0,-1857.7137565074706,-88.61294618540634,-15957.0,6229.05958658382,0.0,-0.0,0.0,0.0,0.0,0.0,-975.5502875787352,-47.5092990050844,-5206.0,42718.02280404435,0.0,-0.0,0.0,0.0,0.0,0.0,-8706.40877411282,-426.61402993152825,-33585.0,37943.36832285429,0.0,-0.0,0.0,0.0,0.0,0.0,-17808.336455913795,-1034.0318669404908,-19101.0
t188,29448.645341475218,0.0,-0.0,0.0,0.0,0.0,0.0,-5482.822512388006,-256.8228290872096,-23709.0,10628.865616041747,0.0,-0.0,0.0,0.0,0.0,0.0,12243.943750564757,-594.809366606504,-22278.0,9686.354191264885,0.0,-2669.1428784403524,0.0,0.0,0.0,0.0,25244.25981701354,-1183.4711298380744,-31078.0,18096.259779598346,0.0,-447.3662851828158,0.0,0.0,0.0,0.0,-1404.880685707298,-67.01280870823811,-16177.0,6742.367130145931,0.0,-0.0,0.0,0.0,0.0,0.0,-1388.9710551902915,-67.39607495563922,-5286.0,43335.236026,0.0,-0.0,0.0,0.0,0.0,0.0,-10521.673999999999,-515.562026,-32298.0,38632.891317300935,0.0,-0.0,0.0,0.0,0.0,0.0,-18689.855314292698,-1076.0360030082381,-18867.0
t189,30567.742902835205,0.0,-0.0,0.0,0.0,0.0,0.0,-7076.7134737367805,-328.02942909842494,-23163.0,8332.776690640632,0.0,-0.0,0.0,0.0,0.0,0.0,14444.06681715669,-668.8435077973227,-22108.0,9642.626851682939,0.0,-0.0,0.0,0.0,0.0,0.0,24621.820812580398,-1329.4476642633335,-32935.0,18275.583782574442,0.0,-156.05371832932346,0.0,0.0,0.0,0.0,-2235.8786525199203,-106.65141172520019,-15777.0,6669.424437732719,0.0,-0.0,0.0,0.0,0.0,0.0,-1372.764156000305,-66.66028173241385,-5230.0,42926.236026,0.0,-0.0,0.0,0.0,0.0,0.0,-10521.673999999999,-515.562026,-31889.0,37918.53195350527,0.0,-0.0,0.0,0.0,0.0,0.0,-17858.85734748008,-1115.6746060252,-18944.0
t190,28861.68265658458,0.0,-0.0,0.0,0.0,0.0,0.0,-6098.003967262998,-363.6786893215795,-22400.0,8135.268895338169,0.0,-0.0,0.0,0.0,0.0,0.0,13755.40100798037,-645.6699033185394,-21245.0,9621.668819646671,0.0,-2961.879453244817,0.0,0.0,0.0,0.0,27904.35446601139,-1461.1438324132432,-33103.0,18369.2682442,0.0,-0.0,0.0,0.0,0.0,0.0,-3306.5460000000003,-157.7222442,-14905.0,7403.655797086262,0.0,-0.0,0.0,0.0,0.0,0.0,-2254.9445265317227,-106.7112705545402,-5042.0,45026.304507424706,64.6,-0.0,0.0,0.0,0.0,0.0,-13212.070980197037,-674.8335272276646,-31204.0,36381.190281446245,258.7451570537412,-0.0,0.0,0.0,0.0,0.0,-16788.190000000002,-1166.7454384999999,-18685.0
t191,27961.309597474272,0.0,-0.0,0.0,0.0,0.0,0.0,-5833.377054494271,-440.9325429800019,-21687.0,8910.6871056,0.0,-0.0,0.0,0.0,0.0,0.0,11288.988,-562.6751055999999,-19637.0,9649.69008871831,0.0,-4012.10405375552,0.0,0.0,0.0,0.0,28162.06498156436,-1266.6510165271436,-32533.0,16020.479713287474,0.0,-0.0,0.0,0.0,0.0,0.0,-992.1539689677146,-47.325744319759984,-14981.0,8523.765764741858,0.0,-0.0,0.0,0.0,0.0,0.0,-3236.4922285171774,-151.27353622467984,-5136.0,42785.46036641454,64.6,-0.0,0.0,0.0,0.0,0.0,-12134.045922596812,-611.0144438177313,-30105.0,35478.582806416525,1050.3794164457138,-0.0,0.0,0.0,0.0,0.0,-17254.983806988377,-975.97841587385,-18298.0
t192,26028.913457568273,0.0,-0.0,0.0,0.0,0.0,0.0,-4005.3858828169077,-334.5275747513664,-21689.0,8188.305920499963,0.0,-0.0,0.0,0.0,0.0,0.0,12124.483612459291,-590.7895329592551,-19722.0,9335.794309132994,0.0,-13.131054812998077,0.0,0.0,0.0,0.0,23477.608953213316,-1110.2722075333133,-31690.0,15358.0,0.0,-0.0,0.0,0.0,0.0,0.0,0.0,-0.0,-15358.0,8372.985809637741,0.0,-0.0,0.0,0.0,0.0,0.0,-2983.2112307133557,-139.77457892438633,-5250.0,42533.14191553096,64.6,-0.0,0.0,0.0,0.0,0.0,-11325.588170629682,-563.1537449012772,-30709.0,35281.81367797501,900.0197485834567,-0.0,0.0,0.0,0.0,0.0,-17287.907281512664,-886.9261450458008,-18007.0
t193,15269.259482914775,0.0,-0.0,0.0,0.0,0.0,0.0,2653.295668985626,-291.55515190040296,-17631.0,8558.34120336827,1378.622083645594,-0.0,0.0,0.0,0.0,0.0,9499.97878303694,-549.9420700508068,-18887.0,2579.836635678962,408.8744513174883,-0.0,0.0,0.0,0.0,0.0,29103.466360132898,-1347.1774471293515,-30745.0,29609.451384211727,946.2157862632712,-0.0,0.0,0.0,0.0,0.0,-13294.4445,-676.2226704750001,-16585.0,6435.1212842365785,295.34065786574615,-0.0,0.0,0.0,0.0,0.0,-1699.5058121554666,-258.9561299468582,-4772.0,40962.413692899674,188.4000000003314,-0.0,0.0,0.0,0.0,0.0,-8927.735999999999,-1310.0776928999999,-30913.0,31130.669944624387,1245.0164213256135,-0.0,0.0,0.0,0.0,0.0,-17335.054500000002,-1055.6318659499998,-13985.0
t194,15198.124064019668,38.92000000011714,-0.0,0.0,0.0,0.0,0.0,2657.123905625861,-289.167969645648,-17605.0,8916.859295617209,1123.0287303827936,-0.0,0.0,0.0,0.0,0.0,10521.673999999999,-515.562026,-20046.0,2614.5724937490545,447.31314328912845,-0.0,0.0,0.0,0.0,0.0,28053.6284596729,-1311.5140967110842,-29804.0,30283.45138421173,720.2157862632712,-0.0,0.0,0.0,0.0,0.0,-13294.4445,-676.2226704750001,-17033.0,6431.702961492579,295.34065786574615,-0.0,0.0,0.0,0.0,0.0,-1675.1913652987605,-257.85225405956373,-4794.0,43068.2136929,378.6,-0.0,0.0,0.0,0.0,0.0,-8927.735999999999,-1310.0776928999999,-33209.0,31609.178165313744,698.5082006362609,-0.0,0.0,0.0,0.0,0.0,-17335.054500000002,-1055.6318659499998,-13917.0
t195,15152.685298309452,0.0,-0.0,0.0,0.0,0.0,0.0,2930.6263969660326,-282.3116952754847,-17801.0,8626.002799123069,1762.7731436957808,-0.0,0.0,0.0,0.0,0.0,10445.35424300406,-518.1301858229133,-20316.0,2479.2705845690634,0.0,-0.0,0.0,0.0,0.0,0.0,27918.15384878964,-1304.424433358706,-29093.0,30064.167170475004,804.5,-0.0,0.0,0.0,0.0,0.0,-13294.4445,-676.2226704750001,-16898.0,6586.21263375868,295.34065786574615,-0.0,0.0,0.0,0.0,0.0,-1736.8994887597337,-260.65380286469195,-4884.0,43835.213692900004,378.6,-0.0,0.0,0.0,0.0,0.0,-8927.735999999999,-1310.0776928999999,-33976.0,31744.62760976795,291.0587561820521,-0.0,0.0,0.0,0.0,0.0,-17335.054500000002,-1055.6318659499998,-13645.0
t196,17015.3494870119,0.0,-0.0,0.0,0.0,0.0,0.0,1688.2656015571001,-341.61508856899627,-18362.0,9628.460030890341,1206.4279951096598,-0.0,0.0,0.0,0.0,0.0,10521.673999999999,-515.562026,-20841.0,2575.1391676865474,972.3626441895481,-0.0,0.0,0.0,0.0,0.0,29113.3348984429,-1359.8367103189962,-31301.0,30209.69253240958,901.9746380654208,-0.0,0.0,0.0,0.0,0.0,-13294.4445,-676.2226704750001,-17141.0,6911.165784779736,151.85047459526416,-0.0,0.0,0.0,0.0,0.0,-1766.0394999999999,-261.97675937500003,-5035.0,43991.813692899996,0.0,-0.0,0.0,0.0,0.0,0.0,-8927.735999999999,-1310.0776928999999,-33754.0,31679.67028727932,628.0160786706801,-0.0,0.0,0.0,0.0,0.0,-17335.054500000002,-1055.6318659499998,-13917.0
t197,15031.448433243197,97.3,-0.0,0.0,0.0,0.0,0.0,4198.404329338949,-227.15276258214394,-19100.0,7616.8887152873185,4383.9503915395,-0.0,0.0,0.0,0.0,0.0,10475.283944539431,-517.1230513662481,-21959.0,2155.245129819256,4678.104053757514,-0.0,0.0,0.0,0.0,0.0,26649.58622612162,-1246.935409698392,-32236.0,30622.45138421173,720.2157862632712,-0.0,0.0,0.0,0.0,0.0,-13294.4445,-676.2226704750001,-17372.0,7213.429811365947,51.19788677845534,-0.0,0.0,0.0,0.0,0.0,-1826.6969223032356,-264.9307758411676,-5173.0,43959.213692900004,378.6,-0.0,0.0,0.0,0.0,0.0,-8927.735999999999,-1310.0776928999999,-34100.0,31773.366443552346,586.6165165605926,-0.0,0.0,0.0,0.0,0.0,-17274.397077696765,-1058.5858824161674,-14027.0
t198,15276.500764806506,1619.0110849470545,-0.0,0.0,0.0,0.0,0.0,3308.232737420085,-267.74458717364416,-19936.0,10011.90789339441,2747.1888399895465,-0.0,0.0,0.0,0.0,0.0,10647.170795883278,-523.2675292672332,-22883.0,3750.598446343727,1665.0,-0.0,0.0,0.0,0.0,0.0,27493.367762579917,-1285.966208923644,-31623.0,30536.379869293796,732.2873011812,-0.0,0.0,0.0,0.0,0.0,-13294.4445,-676.2226704750001,-17298.0,7876.235813147872,0.0,-0.0,0.0,0.0,0.0,0.0,-2343.1535972374095,-290.0822159104619,-5243.0,44344.813692899996,314.0,-0.0,0.0,0.0,0.0,0.0,-8927.735999999999,-1310.0776928999999,-34421.0,32120.880024398564,0.0,-0.0,0.0,0.0,0.0,0.0,-16883.437198645872,-1091.442825752695,-14146.0
t199,17987.82199950541,0.0,-0.0,0.0,0.0,0.0,0.0,2958.5104854702463,-352.3324849756546,-20594.0,10010.178625278542,708.1478140674183,-0.0,0.0,0.0,0.0,0.0,13197.57253588662,-626.8989752325848,-23289.0,7106.777772846845,0.0,-0.0,0.0,0.0,0.0,0.0,23754.80386258982,-1228.5816354366636,-29633.0,30520.68315245659,0.0,-773.1730625536976,0.0,0.0,0.0,0.0,-12007.4191448372,-652.0909450656975,-17088.0,9896.088882078497,0.0,-0.0,0.0,0.0,0.0,0.0,-4367.2433551628,-301.8455269156975,-5227.0,41287.46666846189,358.2486379572,-0.0,0.0,0.0,0.0,0.0,-6121.751873790681,-1143.9634326284083,-34380.0,33050.30002930599,0.0,-0.0,0.0,0.0,0.0,0.0,-17414.472510156003,-1206.827519149984,-14429.0
t200,24062.004232714426,0.0,-4232.062882230808,0.0,0.0,0.0,0.0,1567.1945768136802,-347.1359272972962,-21050.0,15010.002732371151,0.0,-2246.9,0.0,0.0,0.0,0.0,10769.910566626211,-501.01329899736555,-23032.0,15624.40245014807,0.0,-4796.26783673581,0.0,0.0,0.0,0.0,20139.37623229893,-1064.5108457111962,-29903.0,31152.961844686117,0.0,-946.2157862632712,0.0,0.0,0.0,0.0,-12558.32561700402,-662.4204414188254,-16986.0,9650.852564130553,0.0,-295.34065786574615,0.0,0.0,0.0,0.0,-3816.3368829959804,-312.1750232688254,-5227.0,35820.440281361414,0.0,-314.0,0.0,0.0,0.0,0.0,-488.5926143578836,-839.8476670035363,-34178.0,31323.860777251015,0.0,-0.0,0.0,0.0,0.0,0.0,-15613.226261380938,-1115.6345158700708,-14595.0
t201,23186.212433467874,0.0,-5501.541456107712,0.0,0.0,0.0,0.0,3942.3098917241136,-178.98086908427476,-21448.0,23147.92585246783,0.0,-5466.873863310327,0.0,0.0,0.0,0.0,5493.054911203334,-266.1069003608342,-22908.0,20989.709788707696,0.0,-5677.104053755519,0.0,0.0,0.0,0.0,15992.220779848714,-758.8265148008893,-30546.0,30643.687281962713,0.0,-946.2157862632712,0.0,0.0,0.0,0.0,-12099.651199606817,-653.8202960926278,-16944.0,7927.822133064847,0.0,-202.96418687064678,0.0,0.0,0.0,0.0,-2303.1426921172965,-209.71525407690257,-5212.0,31656.881589680794,0.0,-314.0,0.0,0.0,0.0,0.0,3246.9256808572027,-656.807270537997,-33933.0,31690.128993387305,0.0,-1630.3,0.0,0.0,0.0,0.0,-14271.717371909248,-936.1116214780523,-14852.0
t202,22159.859767746868,0.0,-4347.110664787889,0.0,0.0,0.0,0.0,3941.1804913482283,-178.92959430720958,-21575.0,27067.541719234945,0.0,-5860.291063060346,0.0,0.0,0.0,0.0,1486.5923699531002,-72.8430261277019,-22621.0,20782.227172551655,0.0,-5677.104053755519,0.0,0.0,0.0,0.0,17015.030717411253,-740.1538362073894,-31380.0,28417.806875061317,0.0,-946.2157862632712,0.0,0.0,0.0,0.0,-9839.234215399787,-497.356873398258,-17135.0,7564.966449516238,0.0,-0.0,0.0,0.0,0.0,0.0,-2098.4863398687876,-213.4801096474491,-5253.0,31070.125446018472,0.0,-378.6,0.0,0.0,0.0,0.0,3203.4016939672456,-377.9271399857204,-33517.0,31131.19966731476,0.0,-1362.838869496115,0.0,0.0,0.0,0.0,-13708.484717411253,-897.8760804073894,-15162.0
t203,22007.262898603192,0.0,-3483.4481160127702,0.0,0.0,0.0,0.0,3382.7626413257676,-153.57742391618987,-21753.0,27139.547830856245,0.0,-5282.681496880131,0.0,0.0,0.0,0.0,813.510367638157,-49.3767016142697,-22621.0,20465.7810827239,0.0,-5677.104053755519,0.0,0.0,0.0,0.0,17719.103994805675,-770.7810237740468,-31737.0,26150.438687331338,0.0,-238.39308102735083,0.0,0.0,0.0,0.0,-8068.554696402973,-467.4909099010134,-17376.0,8850.340065241957,0.0,-0.0,0.0,0.0,0.0,0.0,-3382.7626413257676,-153.57742391618987,-5314.0,29593.819958950466,0.0,-378.6,0.0,0.0,0.0,0.0,4715.812328764816,-312.0322877152831,-33619.0,31952.89302306133,0.0,-460.40468068160953,0.0,0.0,0.0,0.0,-15179.871994805673,-975.6163475740468,-15337.0
t204,21424.870975459184,0.0,-3456.9605486587197,0.0,0.0,0.0,0.0,4105.478287449753,-186.3887142502188,-21887.0,27020.115165196185,0.0,-4784.316085596181,0.0,0.0,0.0,0.0,767.3140000000001,-47.113079600000006,-22956.0,19677.61936856297,0.0,-2581.20405375552,0.0,0.0,0.0,0.0,16744.991829788345,-728.4071445957929,-33113.0,24661.771897025475,0.0,-0.0,0.0,0.0,0.0,0.0,-6197.3928162874545,-378.37908073801833,-18086.0,9867.167001699974,0.0,-196.3,0.0,0.0,0.0,0.0,-4105.478287449753,-186.3887142502188,-5379.0,30549.675999546696,0.0,-378.6,0.0,0.0,0.0,0.0,4770.227285366384,-310.3032849130833,-34631.0,33107.093911474556,0.0,-604.3575925865462,0.0,0.0,0.0,0.0,-16085.140298867274,-843.5960200207279,-15574.0
t205,21329.711713434044,0.0,-2384.519744625974,0.0,0.0,0.0,0.0,3553.7320585383304,-243.92402734639705,-22255.0,25449.92524129166,0.0,-4930.632150073051,0.0,0.0,0.0,0.0,3922.4201917785376,-201.71328299714833,-24240.0,18283.335057623473,0.0,-1665.0,0.0,0.0,0.0,0.0,19610.633288709756,-854.9683463332303,-35374.0,24577.623008455914,0.0,-0.0,0.0,0.0,0.0,0.0,-5834.980646267355,-352.64236218855683,-18390.0,10114.229314683167,0.0,-52.43328925305809,0.0,0.0,0.0,0.0,-4461.255046326867,-202.54097910323978,-5398.0,35438.77147643523,0.0,-335.6572209616526,0.0,0.0,0.0,0.0,1128.1091028384044,-433.2233583119804,-35798.0,34715.376534234616,0.0,-0.0,0.0,0.0,0.0,0.0,-17918.658949270804,-934.7175849637978,-15862.0
t206,20462.205060411427,0.0,-97.3,0.0,0.0,0.0,0.0,1886.6631021313856,-332.5681625428088,-21919.0,24089.66167681136,0.0,-2246.9,0.0,0.0,0.0,0.0,3036.543655929171,-158.30533274052942,-24721.0,16331.468827723684,0.0,-1665.0,0.0,0.0,0.0,0.0,23390.260058051983,-1023.7288857756641,-37033.0,24035.391275952545,0.0,-0.0,0.0,0.0,0.0,0.0,-5560.819925783775,-322.57135016877163,-18152.0,10623.606319048833,0.0,-295.34065786574615,0.0,0.0,0.0,0.0,-4793.978889275375,-218.28677190771077,-5316.0,35621.58505887295,0.0,-378.6,0.0,0.0,0.0,0.0,999.2078976560811,-328.1929565290335,-35914.0,35759.0071202303,0.0,-0.0,0.0,0.0,0.0,0.0,-18957.87589870947,-1062.1312215208336,-15739.0
t207,18421.59661590164,0.0,-97.3,0.0,0.0,0.0,0.0,3188.8900000940744,-273.1866159957102,-21240.0,22805.503228818798,0.0,-2246.9,0.0,0.0,0.0,0.0,4248.962572667017,-247.56580148581014,-24560.0,12693.666594673286,0.0,-1665.0,0.0,0.0,0.0,0.0,27973.895518963716,-1303.5621136370048,-37699.0,23770.025784008554,946.2157862632712,-0.0,0.0,0.0,0.0,0.0,-6623.54708024681,-390.6944900250159,-17702.0,10417.878415754802,295.34065786574615,-0.0,0.0,0.0,0.0,0.0,-5333.650303824303,-244.56876979624354,-5135.0,41260.11598796673,0.0,-0.0,0.0,0.0,0.0,0.0,-5094.401643756904,-797.7143442098275,-35368.0,34760.33152685274,0.0,-0.0,0.0,0.0,0.0,0.0,-18360.149063896788,-1091.1824629559474,-15309.0
t208,13335.819618360942,97.3,-0.0,0.0,0.0,0.0,0.0,7304.191514709826,-376.31113307076805,-20361.0,19402.13169137368,0.0,-0.0,0.0,0.0,0.0,0.0,4989.52049574452,-774.6521871181968,-23617.0,6133.033346793309,0.0,-0.0,0.0,0.0,0.0,0.0,32196.876489545655,-1452.9098363389649,-36877.0,23659.023647732676,946.2157862632712,-0.0,0.0,0.0,0.0,0.0,-7166.970677375706,-336.26875662024037,-17102.0,9279.593060197818,295.34065786574615,-0.0,0.0,0.0,0.0,0.0,-4346.703060625286,-302.2306574382759,-4926.0,49077.59513593097,0.0,-0.0,0.0,0.0,0.0,0.0,-13788.724761999008,-993.8703739319643,-34295.0,35349.53543849999,0.0,-0.0,0.0,0.0,0.0,0.0,-19188.190000000002,-1320.3454385,-14841.0
t209,10911.80771752946,5271.027245752262,-0.0,0.0,0.0,0.0,0.0,3594.878573755046,-517.7135370367699,-19260.0,12305.238538714177,3752.2705948553444,-0.0,0.0,0.0,0.0,0.0,7127.209808185052,-702.7189417545729,-22482.0,3114.6748231259185,916.2040537555198,-0.0,0.0,0.0,0.0,0.0,33768.50011805991,-1522.3789949413429,-36277.0,26417.728647697193,946.2157862632712,-0.0,0.0,0.0,0.0,0.0,-10305.96122074952,-625.9832132109466,-16432.0,10719.098416445682,295.34065786574615,-0.0,0.0,0.0,0.0,0.0,-6068.70127925048,-275.7377950609465,-4670.0,42974.81369289999,0.0,-0.0,0.0,0.0,0.0,0.0,-8927.735999999999,-1310.0776928999999,-32737.0,34925.535438499996,0.0,-0.0,0.0,0.0,0.0,0.0,-19188.190000000002,-1320.3454385,-14417.0
t210,12361.468533745026,2549.7570541363516,-0.0,0.0,0.0,0.0,0.0,3791.5210521409945,-508.7466400223707,-18194.0,9487.988781209033,2818.0,-0.0,0.0,0.0,0.0,0.0,9601.47126260433,-619.4600438133642,-21288.0,3023.1443078494563,2762.4127068816024,-0.0,0.0,0.0,0.0,0.0,31097.596185254675,-1430.153199985735,-35453.0,25321.16173855311,0.0,-484.73191897142726,0.0,0.0,0.0,0.0,-8472.06097679662,-660.3688427850634,-15704.0,12748.724947838444,0.0,-0.0,0.0,0.0,0.0,0.0,-7902.601523203381,-310.12342463506343,-4536.0,41255.813692899996,0.0,-0.0,0.0,0.0,0.0,0.0,-8927.735999999999,-1310.0776928999999,-31018.0,34530.535438499996,0.0,-0.0,0.0,0.0,0.0,0.0,-19188.190000000002,-1320.3454385,-14022.0
t211,13293.926863576395,2844.197493309468,-0.0,0.0,0.0,0.0,0.0,1917.0960626569786,-594.2204195428418,-17461.0,9450.979537587902,128.707568012097,-0.0,0.0,0.0,0.0,0.0,11288.988,-562.6751055999999,-20306.0,3536.337603949819,1665.0,-0.0,0.0,0.0,0.0,0.0,31284.50443734302,-1458.8420412928417,-35027.0,25962.848467468164,0.0,-946.2157862632712,0.0,0.0,0.0,0.0,-8711.758160616453,-655.8745205884416,-15649.0,12850.874099687733,0.0,-295.34065786574615,0.0,0.0,0.0,0.0,-7662.904339383546,-305.62910243844146,-4587.0,39867.8136929,0.0,-0.0,0.0,0.0,0.0,0.0,-8927.735999999999,-1310.0776928999999,-29630.0,34159.535438499996,0.0,-0.0,0.0,0.0,0.0,0.0,-19188.190000000002,-1320.3454385,-13651.0
t212,13510.367921547147,97.3,-0.0,0.0,0.0,0.0,0.0,4245.382630501965,-488.05055204911037,-17365.0,9969.635087344457,2246.9,-0.0,0.0,0.0,0.0,0.0,8737.98139065984,-648.5164780042963,-20306.0,3374.9820767367573,1886.3069906284497,-0.0,0.0,0.0,0.0,0.0,31507.224478838194,-1438.5135462034068,-35330.0,27679.334364667844,0.0,-852.4862626508234,0.0,0.0,0.0,0.0,-10062.296169087413,-630.551932929611,-16134.0,11514.508919172586,0.0,-229.8360734803881,0.0,0.0,0.0,0.0,-6312.366330912587,-280.306514779611,-4692.0,39561.81369289999,0.0,-0.0,0.0,0.0,0.0,0.0,-8927.735999999999,-1310.0776928999999,-29324.0,34366.535438499996,0.0,-0.0,0.0,0.0,0.0,0.0,-19188.190000000002,-1320.3454385,-13858.0
t213,13756.04785346772,0.0,-0.0,0.0,0.0,0.0,0.0,4201.025388802869,-490.07324227058916,-17467.0,8980.125971001034,2703.993306319581,-0.0,0.0,0.0,0.0,0.0,9652.619624127492,-617.7389014481098,-20719.0,3346.7111190435407,4012.10405375552,-0.0,0.0,0.0,0.0,0.0,30636.94348706964,-1409.758659868699,-36586.0,27477.803119111297,0.0,-946.2157862632712,0.0,0.0,0.0,0.0,-9934.641882036205,-632.9454508118212,-15964.0,11517.121820408456,0.0,-165.40116978283928,0.0,0.0,0.0,0.0,-6440.020617963794,-282.7000326618212,-4629.0,39924.813692899996,0.0,-0.0,0.0,0.0,0.0,0.0,-8927.735999999999,-1310.0776928999999,-29687.0,34077.535438499996,0.0,-0.0,0.0,0.0,0.0,0.0,-19188.190000000002,-1320.3454385,-13569.0
t214,13605.88768556665,3332.3907642697627,-0.0,0.0,0.0,0.0,0.0,576.0917656499514,-655.3702154863622,-16859.0,9272.351992700382,2246.9,-0.0,0.0,0.0,0.0,0.0,9194.88952653182,-633.1415192322041,-20081.0,3667.8510430503425,1665.0,-0.0,0.0,0.0,0.0,0.0,34719.607207818226,-1590.4582508685664,-38462.0,26813.78569736327,0.0,-720.2157862632712,0.0,0.0,0.0,0.0,-10460.484,-623.0859111,-15010.0,10939.359650815746,0.0,-295.34065786574615,0.0,0.0,0.0,0.0,-5914.1785,-272.84049295,-4457.0,39531.813692899996,0.0,-0.0,0.0,0.0,0.0,0.0,-8927.735999999999,-1310.0776928999999,-29294.0,34086.5354385,0.0,-0.0,0.0,0.0,0.0,0.0,-19188.190000000002,-1320.3454385,-13578.0
t215,14810.649946177731,0.0,-0.0,0.0,0.0,0.0,0.0,2162.3852848338465,-583.0352310115766,-16390.0,9201.554710161501,0.0,-0.0,0.0,0.0,0.0,0.0,9956.943686584915,-607.4983967464175,-18551.0,4068.686260876834,3248.534354449921,-0.0,0.0,0.0,0.0,0.0,32371.25952858124,-1492.480143907994,-38196.0,27149.78569736327,0.0,-946.2157862632712,0.0,0.0,0.0,0.0,-10460.484,-623.0859111,-15120.0,11084.359650815746,0.0,-295.34065786574615,0.0,0.0,0.0,0.0,-5914.1785,-272.84049295,-4602.0,38295.813692899996,0.0,-0.0,0.0,0.0,0.0,0.0,-8927.735999999999,-1310.0776928999999,-28058.0,33763.5354385,0.0,-0.0,0.0,0.0,0.0,0.0,-19188.190000000002,-1320.3454385,-13255.0
t216,13466.89663369503,4074.0832695373006,-0.0,0.0,0.0,0.0,0.0,9.238807161123077,-681.2187103934529,-16869.0,9538.558143991102,0.0,-0.0,0.0,0.0,0.0,0.0,9684.120744748123,-616.6788887392256,-18606.0,3976.6151671919233,0.0,-0.0,0.0,0.0,0.0,0.0,34797.22894809075,-1599.8441152826786,-37174.0,27119.643206032622,0.0,-653.0732949326219,0.0,0.0,0.0,0.0,-10460.484,-623.0859111,-15383.0,10888.018992950001,0.0,-0.0,0.0,0.0,0.0,0.0,-5914.1785,-272.84049295,-4701.0,38940.813692899996,0.0,-0.0,0.0,0.0,0.0,0.0,-8927.735999999999,-1310.0776928999999,-28703.0,33696.5354385,0.0,-0.0,0.0,0.0,0.0,0.0,-19188.190000000002,-1320.3454385,-13188.0
t217,19044.813996046843,2159.238076751852,-0.0,0.0,0.0,0.0,0.0,-1548.787368782223,-752.2647040164694,-18903.0,6741.0734503963195,3001.6136552036824,-0.0,0.0,0.0,0.0,0.0,11288.988,-562.6751055999999,-20469.0,1990.294403228723,916.2040537555198,-0.0,0.0,0.0,0.0,0.0,34750.38786878222,-1616.8863257664693,-36040.0,26359.211611195733,0.0,-150.09058255254928,0.0,0.0,0.0,0.0,-6664.196021682719,-244.9250069604609,-19300.0,7222.062111569823,0.0,-0.0,0.0,0.0,0.0,0.0,-1489.6239131134487,-275.43819845637506,-5457.0,49866.86652214211,0.0,-0.0,0.0,0.0,0.0,0.0,-17533.099802674642,-1014.766719467465,-31319.0,34781.46183724257,0.0,-0.0,0.0,0.0,0.0,0.0,-18803.668762529192,-1405.7930747133792,-14572.0
t218,18944.85520416538,0.0,-0.0,0.0,0.0,0.0,0.0,614.7521000713641,-653.6073042367458,-18906.0,8536.914782811697,2429.7723227883034,-0.0,0.0,0.0,0.0,0.0,11288.988,-562.6751055999999,-21693.0,2169.076970999063,1644.3035550590414,-0.0,0.0,0.0,0.0,0.0,32586.848399928636,-1518.2289259867457,-34882.0,27420.714354622844,0.0,-0.0,0.0,0.0,0.0,0.0,-7319.182478637475,-287.5318759853677,-19814.0,7380.000431271823,0.0,-0.0,0.0,0.0,0.0,0.0,-1679.8250270648828,-266.17540420694024,-5434.0,51377.66498083637,0.0,-0.0,0.0,0.0,0.0,0.0,-16431.070305652625,-1026.594675183741,-33920.0,34999.26205580033,0.0,-0.0,0.0,0.0,0.0,0.0,-19060.510688645016,-1365.7513671553133,-14573.0
t219,19895.203835725693,0.0,-0.0,0.0,0.0,0.0,0.0,-496.9049691332157,-704.2988665924747,-18694.0,6734.794847934447,2864.1171454662494,-0.0,0.0,0.0,0.0,0.0,13003.454924198588,-620.3669175992825,-21982.0,2084.5737554051325,666.0000000019941,-0.0,0.0,0.0,0.0,0.0,31984.03854493463,-1626.612300341757,-33108.0,26435.365503574998,0.0,-226.0,0.0,0.0,0.0,0.0,-6140.5064999999995,-210.85900357500003,-19858.0,7559.492471487067,0.0,-0.0,0.0,0.0,0.0,0.0,-1820.846606047551,-264.6458654395158,-5474.0,52902.99734491323,0.0,-0.0,0.0,0.0,0.0,0.0,-17096.418181983656,-914.5791629295745,-34892.0,35157.696400512876,0.0,-0.0,0.0,0.0,0.0,0.0,-19432.81721196879,-1328.8791885440903,-14396.0
t220,18610.840607938877,97.3,-0.0,0.0,0.0,0.0,0.0,635.5196940140813,-652.660301952958,-18691.0,7731.317957601711,858.8614513106681,-0.0,0.0,0.0,0.0,0.0,14395.013453187377,-667.1928620997552,-22318.0,2082.7443274041707,0.0,-0.0,0.0,0.0,0.0,0.0,29460.055352798543,-1621.7996802027133,-29921.0,26548.531111848148,0.0,-52.16560827314377,0.0,0.0,0.0,0.0,-6140.5064999999995,-210.85900357500003,-20145.0,7709.604807467417,0.0,-0.0,0.0,0.0,0.0,0.0,-1825.7215330813558,-264.88327438606206,-5619.0,53244.782269574425,0.0,-0.0,0.0,0.0,0.0,0.0,-17436.769891448217,-938.0123781262098,-34870.0,35226.14038815769,0.0,-0.0,0.0,0.0,0.0,0.0,-19087.590575470425,-1352.5498126872717,-14786.0
t221,18404.31642794192,0.0,-0.0,0.0,0.0,0.0,0.0,1162.3217024273881,-628.6381303693112,-18938.0,6797.488117216493,1298.3992792073652,-0.0,0.0,0.0,0.0,0.0,15970.31434053515,-720.2017369590078,-23346.0,2080.3973518482067,2429.4365745926466,-0.0,0.0,0.0,0.0,0.0,27357.952457037463,-1650.7863834783188,-30217.0,28421.814401008338,0.0,-226.0,0.0,0.0,0.0,0.0,-7855.401479046372,-322.4129219619665,-20018.0,7929.600772293207,0.0,-40.83212806058687,0.0,0.0,0.0,0.0,-2028.9863721823408,-274.78227205028,-5585.0,51930.99381785148,0.0,-0.0,0.0,0.0,0.0,0.0,-15496.915946163792,-1034.0778716876862,-35400.0,35143.24508813349,0.0,-0.0,0.0,0.0,0.0,0.0,-19109.284702607496,-1346.9603855259995,-14687.0
t222,19900.118111744323,1394.3871631882698,-0.0,0.0,0.0,0.0,0.0,-1364.6377916340753,-743.8674832985139,-19186.0,7879.581974017707,0.0,-0.0,0.0,0.0,0.0,0.0,16832.636917661606,-749.2188916793131,-23963.0,2683.4435171553587,0.0,-0.0,0.0,0.0,0.0,0.0,29022.589373972467,-1795.032891127827,-29911.0,25951.365503575,0.0,-0.0,0.0,0.0,0.0,0.0,-6140.5064999999995,-210.85900357500003,-19600.0,7557.308950503119,34.70730887188088,-0.0,0.0,0.0,0.0,0.0,-1766.0394999999999,-261.97675937500003,-5564.0,53777.44194652727,0.0,-0.0,0.0,0.0,0.0,0.0,-17117.417014012506,-916.0249325147611,-35744.0,35276.28133805225,0.0,-0.0,0.0,0.0,0.0,0.0,-19466.625485987493,-1327.655852064761,-14482.0
t223,18160.515788278084,0.0,-0.0,0.0,0.0,0.0,0.0,1701.534249925321,-604.0500382034054,-19258.0,8206.39328247545,0.0,-0.0,0.0,0.0,0.0,0.0,16483.062427613753,-737.4557100892027,-23952.0,4026.4604419816815,0.0,-0.0,0.0,0.0,0.0,0.0,26305.991822460925,-1643.452264442608,-28689.0,26109.463333362655,0.0,-0.0,0.0,0.0,0.0,0.0,-6877.652953018776,-258.81038034387143,-18973.0,7900.872193024083,0.0,-99.89658539748118,0.0,0.0,0.0,0.0,-2081.6296098994953,-277.34599772710544,-5442.0,51902.1929497501,0.0,-0.0,0.0,0.0,0.0,0.0,-15344.527546981222,-892.6654027688713,-35665.0,35827.4925740026,0.0,-0.0,0.0,0.0,0.0,0.0,-20186.778390100506,-1271.7141839021053,-14369.0
t224,21809.923575223373,0.0,-6566.3,0.0,0.0,0.0,0.0,4251.125119334954,-224.74869455832606,-19270.0,12397.60590923714,0.0,-2246.9,0.0,0.0,0.0,0.0,14013.654214480113,-654.3601237172559,-23510.0,10638.017978189546,0.0,-1975.2350805406077,0.0,0.0,0.0,0.0,21409.774948298582,-1229.5578459475255,-28843.0,28592.890354670017,0.0,-0.0,0.0,0.0,0.0,0.0,-9615.014599239481,-436.8757554305283,-18541.0,7772.363696263347,0.0,-295.34065786574615,0.0,0.0,0.0,0.0,-1856.6343116931453,-266.3887267044562,-5354.0,49100.89667861605,0.0,-0.0,0.0,0.0,0.0,0.0,-12607.165900760518,-1070.7307778555282,-35423.0,30936.7988948219,0.0,-0.0,0.0,0.0,0.0,0.0,-15595.739470420503,-1002.0594244013998,-14339.0
t225,23415.353596234443,0.0,-6566.3,0.0,0.0,0.0,0.0,2576.9408449557654,-167.99444119021462,-19258.0,24033.888852352567,0.0,-5708.568418277911,0.0,0.0,0.0,0.0,5239.410689721713,-256.731123796364,-23308.0,16204.790804247272,0.0,-5677.104053755519,0.0,0.0,0.0,0.0,19671.726676364946,-886.4134268566924,-29313.0,27426.90368354178,0.0,-212.10973557357266,0.0,0.0,0.0,0.0,-8581.169796928036,-369.6241510401687,-18264.0,6090.349635538487,0.0,-295.34065786574615,0.0,0.0,0.0,0.0,-303.43448593623634,-195.57449173650514,-5296.0,40435.56413621398,0.0,-0.0,0.0,0.0,0.0,0.0,-4678.7704971731855,-526.7936390407996,-35230.0,31065.285025453686,0.0,-1630.3,0.0,0.0,0.0,0.0,-13924.703431004966,-907.281594448716,-14603.0
t226,22458.448886882907,0.0,-6566.3,0.0,0.0,0.0,0.0,3618.690629891502,-191.83951677441092,-19319.0,29632.055793236003,0.0,-5860.291063060346,0.0,0.0,0.0,0.0,-732.1286026949734,-24.636127480685857,-23015.0,16770.952641725205,0.0,-5677.104053755519,0.0,0.0,0.0,0.0,19247.39014980864,-904.2387377783323,-29437.0,25343.09818670865,0.0,-946.2157862632712,0.0,0.0,0.0,0.0,-5967.286014050185,-202.59638639519383,-18227.0,5107.013528600944,0.0,-295.34065786574615,0.0,0.0,0.0,0.0,696.5043957717639,-150.17726650696193,-5358.0,40461.74050902516,0.0,-378.6,0.0,0.0,0.0,0.0,-4725.397006254885,-279.74350277028924,-35078.0,29618.191296661862,0.0,-1630.3,0.0,0.0,0.0,0.0,-12137.773552471865,-844.1177441899999,-15006.0
t227,22043.9126704792,0.0,-3421.1319088366845,0.0,0.0,0.0,0.0,873.8940271919969,-39.67478883451666,-19457.0,29085.338778516285,0.0,-5860.291063060346,0.0,0.0,0.0,0.0,-344.45674595456245,-11.590969501371026,-22869.0,15361.508074392834,0.0,-5677.104053755519,0.0,0.0,0.0,0.0,21764.239498604322,-1030.6435192416354,-30418.0,24160.75736953464,0.0,-0.0,0.0,0.0,0.0,0.0,-5358.559865359151,-196.19750417548408,-18606.0,4621.370868508593,0.0,-295.34065786574615,0.0,0.0,0.0,0.0,1178.1198381671547,-78.15004881000075,-5426.0,41380.151999999995,0.0,-0.0,0.0,0.0,0.0,0.0,-5560.0,-329.152,-35491.0,28645.85954659002,0.0,-0.0,0.0,0.0,0.0,0.0,-12553.236752649758,-847.6227939402644,-15245.0
t228,21716.97856941378,0.0,-188.3115035871868,0.0,0.0,0.0,0.0,-1341.4948984569573,-61.17216736963726,-20126.0,27332.317610764643,0.0,-4229.317610764641,0.0,0.0,0.0,0.0,0.0,-0.0,-23103.0,14606.590092489594,0.0,-2581.20405375552,0.0,0.0,0.0,0.0,20626.997491429884,-987.3835301639594,-31665.0,22833.539404382067,0.0,-0.0,0.0,0.0,0.0,0.0,-3317.6046285612865,-112.93477582077875,-19403.0,4060.06530678533,0.0,-0.0,0.0,0.0,0.0,0.0,1565.2837637856512,-29.34907057098096,-5596.0,42790.152,0.0,-0.0,0.0,0.0,0.0,0.0,-5560.0,-329.152,-36901.0,28496.167868194596,0.0,-296.3410719531833,0.0,0.0,0.0,0.0,-11973.18172819729,-680.64506804412,-15546.0
t229,20931.3,0.0,-97.3,0.0,0.0,0.0,0.0,0.0,-0.0,-20834.0,26735.624198529047,0.0,-4666.326503756794,0.0,0.0,0.0,0.0,2242.58917479259,-109.8868695648369,-24202.0,13365.394452668233,0.0,-4486.032756195203,0.0,0.0,0.0,0.0,25173.999271852554,-1182.360968325586,-32871.0,21833.55664938796,278.55547506159667,-0.0,0.0,0.0,0.0,0.0,-2284.281839950487,-42.83028449907163,-19785.0,3427.5484445485854,0.0,-0.0,0.0,0.0,0.0,0.0,2284.281839950487,-42.83028449907163,-5669.0,46528.62804435743,0.0,-0.0,0.0,0.0,0.0,0.0,-7802.58917479259,-439.0388695648369,-38287.0,36547.20824017815,0.0,-0.0,0.0,0.0,0.0,0.0,-19613.999271852554,-853.208968325586,-16080.0
t230,19844.33993150827,0.0,-97.3,0.0,0.0,0.0,0.0,1142.051355226202,-73.09128673447694,-20816.0,25346.343356486726,0.0,-2246.9,0.0,0.0,0.0,0.0,1791.3319069540214,-87.77526344074705,-24803.0,11974.181017208082,0.0,-1665.0,0.0,0.0,0.0,0.0,24019.980117921503,-1132.1611351295853,-33197.0,21946.12488050348,367.7157862632711,-0.0,0.0,0.0,0.0,0.0,-2548.064458175952,-47.7762085907991,-19718.0,3127.711750414847,0.0,-0.0,0.0,0.0,0.0,0.0,2548.064458175952,-47.7762085907991,-5628.0,46320.25917039478,0.0,-0.0,0.0,0.0,0.0,0.0,-7351.331906954021,-416.927263440747,-38552.0,37081.09196582287,0.0,-500.96007081108746,0.0,0.0,0.0,0.0,-19602.031473147705,-876.1004218640622,-16102.0
t231,17643.232945165688,0.0,-97.3,0.0,0.0,0.0,0.0,2939.241843206494,-178.174788372186,-20307.0,23875.441700883322,0.0,-2246.9,0.0,0.0,0.0,0.0,3560.5982483083394,-474.1399491916601,-24715.0,10084.93497627113,0.0,-1665.0,0.0,0.0,0.0,0.0,25273.56777016806,-1192.50274643919,-32501.0,21952.38147311173,367.7157862632711,-0.0,0.0,0.0,0.0,0.0,-2833.9605,-53.136759375000004,-19433.0,2801.697856438547,0.0,-0.0,0.0,0.0,0.0,0.0,2760.762109849295,-56.45996628784202,-5506.0,51658.6617420369,0.0,-0.0,0.0,0.0,0.0,0.0,-12746.377256469881,-681.2844855670241,-38231.0,35746.52391641754,0.0,-0.0,0.0,0.0,0.0,0.0,-18953.83221506231,-873.6917013552104,-15919.0
t232,15493.218670511496,1673.1915925474975,-0.0,0.0,0.0,0.0,0.0,2661.0957009021413,-165.50596396113764,-19662.0,19058.237390624578,0.0,-2246.9,0.0,0.0,0.0,0.0,7749.508020582812,-608.8454112073883,-23952.0,4454.580192403478,0.0,-0.0,0.0,0.0,0.0,0.0,28712.670778515047,-1332.250970918526,-31835.0,24485.443416095193,809.9220874798067,-0.0,0.0,0.0,0.0,0.0,-6140.5064999999995,-210.85900357500003,-18944.0,2201.766731931342,264.4219258191197,-0.0,0.0,0.0,0.0,0.0,2943.2715497472286,-58.46020749769003,-5351.0,56443.154834575,0.0,-0.0,0.0,0.0,0.0,0.0,-18268.853499999997,-995.3013345749998,-37179.0,33535.1049017676,1138.2237706273213,-0.0,0.0,0.0,0.0,0.0,-17657.186049747233,-1365.1426226476897,-15651.0
t233,13738.698615836624,2471.4589407109447,-0.0,0.0,0.0,0.0,0.0,2797.488417612015,-171.64597415958548,-18836.0,9718.74977953413,2385.937326065869,-0.0,0.0,0.0,0.0,0.0,11288.988,-562.6751055999999,-22831.0,1886.4017569388639,4266.0593648111335,-0.0,0.0,0.0,0.0,0.0,26201.6005,-1227.0616217499999,-31127.0,24629.365503574998,0.0,-0.0,0.0,0.0,0.0,0.0,-6140.5064999999995,-210.85900357500003,-18278.0,2526.3699932808545,295.34065786574615,-0.0,0.0,0.0,0.0,0.0,2436.472082387985,-71.1827335345855,-5187.0,54929.154834575005,0.0,-0.0,0.0,0.0,0.0,0.0,-18268.853499999997,-995.3013345749998,-35665.0,34016.34796027304,981.7732938519657,-0.0,0.0,0.0,0.0,0.0,-18315.189000000002,-1406.9322541249996,-15276.0
t234,14318.470577504851,4249.895844668836,-0.0,0.0,0.0,0.0,0.0,-304.6412989669552,-422.7251232067291,-17841.0,7938.393795671945,2712.0353811564,-0.0,0.0,0.0,0.0,0.0,11530.368378508467,-570.7975553368099,-21610.0,1683.5850933048496,0.0,-0.0,0.0,0.0,0.0,0.0,30266.987574017126,-1431.572667321977,-30519.0,25432.287590340336,0.0,-0.0,0.0,0.0,0.0,0.0,-7500.932852533062,-299.35473780727574,-17632.0,2682.860933255199,0.0,-0.0,0.0,0.0,0.0,0.0,2546.0128464413638,-189.8737796965621,-5039.0,51304.11421624193,306.1100000322935,-0.0,0.0,0.0,0.0,0.0,-16908.427147466933,-1083.7970688072755,-33618.0,34687.20577834461,1289.0944687303818,-0.0,0.0,0.0,0.0,0.0,-19629.3675,-1470.9327470749997,-14876.0
t235,14016.159614007864,1064.652030509037,-0.0,0.0,0.0,0.0,0.0,2542.2167404765432,-331.02838499344296,-17292.0,9165.296627922746,726.3904776772542,-0.0,0.0,0.0,0.0,0.0,11288.988,-562.6751055999999,-20618.0,1676.3244909267985,1665.0,-0.0,0.0,0.0,0.0,0.0,28080.410884349538,-1312.7353752763388,-30109.0,26212.604840474098,0.0,-0.0,0.0,0.0,0.0,0.0,-8502.12270290042,-364.4821375736724,-17346.0,3463.2090807248965,295.34065786574615,-0.0,0.0,0.0,0.0,0.0,1439.8736433096726,-175.42338190031526,-5023.0,49013.16176567326,0.0,-0.0,0.0,0.0,0.0,0.0,-15907.237297099577,-1148.9244685736721,-31957.0,34809.59351331896,0.0,-0.0,0.0,0.0,0.0,0.0,-18942.129268135755,-1437.4642451832108,-14430.0
t236,14017.230341023997,97.3,-0.0,0.0,0.0,0.0,0.0,3431.372453975304,-326.90279499930045,-17219.0,6764.4743502010915,2802.2127553989094,-0.0,0.0,0.0,0.0,0.0,11288.988,-562.6751055999999,-20293.0,1736.2809327237883,2279.6849511583923,-0.0,0.0,0.0,0.0,0.0,27591.473968009028,-1290.4398518912117,-30317.0,27252.112721391244,0.0,-0.0,0.0,0.0,0.0,0.0,-9046.23601299586,-399.8767083953807,-17806.0,3825.309333175281,0.0,-0.0,0.0,0.0,0.0,0.0,1516.5066657294701,-216.81599890475093,-5125.0,47795.443026399524,0.0,-0.0,0.0,0.0,0.0,0.0,-15363.123987004137,-1184.3190393953805,-31248.0,35105.543576344935,40.12444016553071,-0.0,0.0,0.0,0.0,0.0,-19418.981087713804,-1460.686928796662,-14266.0
t237,12708.699950184871,0.0,-0.0,0.0,0.0,0.0,0.0,4996.2950155803,-328.9949657651688,-17376.0,6396.340527785476,3480.346577814525,-0.0,0.0,0.0,0.0,0.0,11288.988,-562.6751055999999,-20603.0,1750.5351975437438,4034.6279526459643,-0.0,0.0,0.0,0.0,0.0,26833.72326986619,-1255.886420055898,-31363.0,25874.05570706072,0.0,-0.0,0.0,0.0,0.0,0.0,-7463.158209765474,-296.8974972952441,-18114.0,4365.945547365012,99.04065786574617,-0.0,0.0,0.0,0.0,0.0,919.7212145535113,-263.7074197842706,-5121.0,49461.54161852977,0.0,-0.0,0.0,0.0,0.0,0.0,-16946.201790234525,-1081.339828295244,-31434.0,35527.30024707499,0.0,-0.0,0.0,0.0,0.0,0.0,-19629.3675,-1470.9327470749997,-14427.0
t238,12795.574066926714,3357.0056332313457,-0.0,0.0,0.0,0.0,0.0,1543.561268055465,-544.1409682135218,-17152.0,7385.365002585402,2073.3221030146,-0.0,0.0,0.0,0.0,0.0,11288.988,-562.6751055999999,-20185.0,1825.7074429275115,1665.0,-0.0,0.0,0.0,0.0,0.0,30920.537715865976,-1442.2451587934884,-32969.0,28447.25302240105,0.0,-0.0,0.0,0.0,0.0,0.0,-10469.775096616164,-492.4779257848815,-17485.0,4899.9277318618715,134.92643555459986,-0.0,0.0,0.0,0.0,0.0,285.64051607856163,-292.4946834950333,-5028.0,46368.505160168716,0.0,-0.0,0.0,0.0,0.0,0.0,-13939.584903383833,-1276.9202567848813,-31152.0,35342.300247075,0.0,-0.0,0.0,0.0,0.0,0.0,-19629.3675,-1470.9327470749997,-14242.0
t239,12699.292130623166,638.5788195893929,-0.0,0.0,0.0,0.0,0.0,4070.807656874234,-459.6786070867911,-16949.0,6335.358713659206,1983.3283919407932,-0.0,0.0,0.0,0.0,0.0,11288.988,-562.6751055999999,-19045.0,2161.9926841114207,3095.9,-0.0,0.0,0.0,0.0,0.0,28731.533900710998,-1342.4265848224215,-32647.0,26003.935343428024,0.0,-367.7157862632711,0.0,0.0,0.0,0.0,-7803.202198408291,-319.0173587564593,-17514.0,5578.452953924601,0.0,-0.0,0.0,0.0,0.0,0.0,-52.602057585232615,-307.85089633936957,-5218.0,47511.186956092795,0.0,-0.0,0.0,0.0,0.0,0.0,-16135.155757099612,-1071.0311989931784,-30305.0,35727.87380080381,0.0,-0.0,0.0,0.0,0.0,0.0,-20100.369544492096,-1438.504256311719,-14189.0
t240,11552.381732241734,2818.2788107551414,-0.0,0.0,0.0,0.0,0.0,3839.8808884880564,-506.5414314849446,-17704.0,6148.593505026966,2388.093600573034,-0.0,0.0,0.0,0.0,0.0,11288.988,-562.6751055999999,-19263.0,2336.443441722998,1665.0,-0.0,0.0,0.0,0.0,0.0,29361.719611511944,-1371.1630532349445,-31992.0,26084.68743658493,0.0,-0.0,0.0,0.0,0.0,0.0,-7765.145655917497,-316.5417806674331,-18003.0,6161.809027728539,0.0,-0.0,0.0,0.0,0.0,0.0,-508.5947069310823,-323.2143207974563,-5330.0,47874.18010408093,0.0,-0.0,0.0,0.0,0.0,0.0,-15574.823548677152,-1027.3565554037746,-31272.0,36266.566847758055,0.0,-0.0,0.0,0.0,0.0,0.0,-20642.024588474265,-1394.5422592837979,-14230.0
t241,30695.972746670246,933.7770782965385,-0.0,0.0,0.0,531.063,0.0,-11850.955782407898,-640.8570425588874,-19669.0,7731.4083864342765,0.0,-0.0,0.0,0.0,1428.641,0.0,12768.635568349386,-605.6849547836671,-21323.0,8947.266858135847,0.0,-0.0,0.0,0.0,914.112,0.0,25263.66345461479,-1269.0423127506417,-33856.0,17290.856503575,0.0,-0.0,0.0,0.0,1667.4959999999999,0.0,6140.5064999999995,-210.85900357500003,-24888.0,10483.087571297496,0.0,-0.0,0.0,0.0,152.982,0.0,-4822.324306076618,-147.74526522087845,-5666.0,47274.662532929244,0.0,-112.18217389270274,0.0,0.0,2116.806747566938,0.0,-7892.781699264509,-644.5054073389609,-40742.0,35497.054426534094,0.0,-0.0,0.0,0.0,405.27,0.0,-19606.743735215154,-1285.5806913189444,-15010.0
t242,30668.29625707978,859.1804007291689,-0.0,0.0,0.0,1343.3500000000001,0.0,-12229.498738542245,-591.3279192667037,-20050.0,9158.379417419554,0.0,-0.0,0.0,0.0,1504.485,0.0,12342.514734115332,-550.3791515348859,-22455.0,8991.829350090547,0.0,-0.0,0.0,0.0,2161.621,0.0,22428.279253150245,-1318.7296032407944,-32263.0,17211.02906042215,0.0,-0.0,0.0,0.0,1684.112,0.0,6473.370763493078,-232.51182391522474,-25136.0,8318.892280445634,0.0,-0.0,0.0,0.0,382.302,0.0,-2937.0376632217362,-58.156617223898564,-5706.0,46829.02546687278,0.0,-21.657220961652605,0.0,0.0,2923.8129999999996,0.0,-5556.796635278417,-535.3846106327063,-43639.0,35638.95113623025,0.0,-0.0,0.0,0.0,1000.7790000000001,0.0,-20520.831713716256,-1181.8984225139923,-14937.0
t243,30509.230662356236,893.6250465166981,-0.0,0.0,0.0,1335.846,0.0,-12220.870869301365,-579.8308395715707,-19938.0,10713.869959448668,0.0,-0.0,0.0,0.0,1539.727,0.0,11209.857753845234,-482.45471329390045,-22981.0,9976.624754778855,0.0,-0.0,0.0,0.0,2098.775,0.0,20549.02738196288,-1299.427136741731,-31325.0,17199.75367153407,0.0,-0.0,0.0,0.0,1724.714,0.0,7090.166730002606,-272.63440153666954,-25742.0,7738.259239566261,52.63170892573544,-0.0,0.0,0.0,392.48600000000005,0.0,-2245.525227757171,-79.85172073482447,-5858.0,46595.18801044689,0.0,-0.0,0.0,0.0,3007.697,0.0,-4231.538474433115,-480.34653601376453,-44891.0,34930.355137430735,0.0,-0.0,0.0,0.0,982.8900000000001,0.0,-20151.117294319065,-1092.1278431116716,-14670.0
t244,31117.13166418904,745.5876823021231,-0.0,0.0,0.0,1354.874,0.0,-12415.006449792152,-580.5868966990157,-20222.0,10781.892856929133,0.0,-0.0,0.0,0.0,1604.2480000000003,0.0,12048.97616043984,-491.1170173689652,-23944.0,13752.328837338047,124.26471868668158,-0.0,0.0,0.0,2123.029,0.0,16995.337269896074,-1307.959825920811,-31687.0,17207.06959577562,153.78730118119998,-0.0,0.0,0.0,1766.455,0.0,7539.555226261493,-301.86712321831016,-26365.0,7196.744572093744,194.94468420054017,-0.0,0.0,0.0,406.824,0.0,-1618.1800651783803,-108.33319111590154,-6072.0,46019.77622565913,0.0,-0.0,0.0,0.0,3028.065,0.0,-3405.745843210321,-447.0953824488027,-45195.0,34235.95823813201,0.0,-0.0,0.0,0.0,1011.7669999999999,0.0,-19144.936298416553,-1001.7889397154524,-15101.0
t245,31436.825761882734,548.0286332956215,-0.0,0.0,0.0,1395.7440000000001,0.0,-12001.66463732368,-546.9337578546621,-20832.0,10900.74144839541,3042.2910630603456,-0.0,0.0,0.0,1700.125,0.0,10146.390044683887,-414.5475561396425,-25375.0,13441.055247365712,1553.420076859758,-0.0,0.0,0.0,2187.349,0.0,16675.262830879703,-1210.0871551051703,-32647.0,17362.27940609846,346.45841839452027,-0.0,0.0,0.0,1794.26,0.0,7581.604611216666,-304.60243570964417,-26780.0,6847.305800808251,265.0183829342627,-0.0,0.0,0.0,420.693,0.0,-1123.2124635109076,-130.80472023160482,-6279.0,45431.00451154815,0.0,-0.0,0.0,0.0,3044.145,0.0,-2630.3725288733253,-409.77698267482043,-45435.0,33648.29061297999,0.0,-0.0,0.0,0.0,1012.973,0.0,-18648.00785707234,-894.2557559076467,-15119.0
t246,31569.567420827298,375.61069598720906,-0.0,0.0,0.0,1419.73,0.0,-11644.282876434892,-530.625240379613,-21190.0,11407.81652512164,3042.2910630603456,-0.0,0.0,0.0,1785.617,0.0,10852.733788126614,-437.4583763085993,-26651.0,13449.752482078822,2482.624616999637,-0.0,0.0,0.0,2161.6879999999996,0.0,15381.680687620908,-1211.7457866993695,-32264.0,17530.434857253567,226.0,-0.0,0.0,0.0,1786.6220000000003,0.0,7416.826780572688,-293.8836378262534,-26666.0,6829.537553344223,253.93412132110186,-0.0,0.0,0.0,422.70300000000003,0.0,-1063.666570909621,-133.50810375570322,-6309.0,45226.75336243528,0.0,-0.0,0.0,0.0,3046.2889999999998,0.0,-2409.7219426664215,-396.3204197688463,-45467.0,33519.54456961872,0.0,-0.0,0.0,0.0,1012.303,0.0,-18533.569866309277,-889.2777033094534,-15109.0
t247,31648.861121170747,282.201268689681,-0.0,0.0,0.0,1435.877,0.0,-11415.67230830306,-520.2670815573728,-21431.0,12306.462792643506,1070.792710446145,-0.0,0.0,0.0,1814.963,0.0,12397.496318041896,-500.71482113154946,-27089.0,14316.2320469423,916.2040537555198,-0.0,0.0,0.0,2048.927,0.0,14537.382384838102,-1237.7454855359183,-30581.0,17860.16965121223,226.0,-0.0,0.0,0.0,1773.356,0.0,6866.563350486949,-258.08900169917604,-26468.0,7228.931867985853,145.73956933791303,-0.0,0.0,0.0,420.82700000000006,0.0,-1396.081993765729,-118.41644355803592,-6281.0,45018.434530110055,0.0,-0.0,0.0,0.0,3018.0820000000003,0.0,-2593.998297030251,-396.51823307979777,-45046.0,33458.703359653555,0.0,-0.0,0.0,0.0,1018.2660000000001,0.0,-18395.689454267907,-883.2799053856538,-15198.0
t248,33543.204270955925,0.0,-0.0,0.0,0.0,1429.4450000000002,0.0,-13015.834353606544,-621.8149173493781,-21335.0,13424.303023871538,0.0,-0.0,0.0,0.0,1809.0669999999998,0.0,12281.941822830664,-514.3118467022053,-27001.0,11613.451617986675,0.0,-0.0,0.0,0.0,2089.127,0.0,18805.93781426974,-1327.5164322564183,-31181.0,18430.982503574996,0.0,-0.0,0.0,0.0,1749.37,0.0,6140.5064999999995,-210.85900357500003,-26110.0,7760.306449258806,0.0,-57.322245328067055,0.0,0.0,418.951,0.0,-1767.3754848687815,-101.55971906195734,-6253.0,44871.88362071098,0.0,-0.0,0.0,0.0,2977.279,0.0,-3007.0576898341014,-405.104930876871,-44437.0,34877.230486284476,0.0,-0.0,0.0,0.0,1030.058,0.0,-19438.118608790974,-1095.1698774935046,-15374.0
t249,36538.76307877378,0.0,-0.0,0.0,0.0,1412.5610000000001,0.0,-16091.069522454349,-777.2545563194275,-21083.0,15183.843697306804,0.0,-2433.325103898247,0.0,0.0,1792.049,0.0,12743.157415077043,-538.7250084856013,-26747.0,11942.629474525262,0.0,-719.3048262387458,0.0,0.0,2178.237,0.0,20501.600878573954,-1392.1625268604662,-32511.0,18186.536503575004,0.0,-0.0,0.0,0.0,1731.816,0.0,6140.5064999999995,-210.85900357500003,-25848.0,6768.834286190084,196.3,-0.0,0.0,0.0,419.487,0.0,-857.0694775456514,-266.5518086444274,-6261.0,45193.941803278816,0.0,-378.6,0.0,0.0,2929.5750000000003,0.0,-3586.422973502199,-433.4938297766078,-43725.0,34836.09006465027,0.0,-0.0,0.0,0.0,1055.853,0.0,-18850.702820148792,-1282.2402445014725,-15759.0
t250,37582.71894302318,0.0,-0.0,0.0,0.0,218.17834496484744,0.0,-15884.998362337888,-767.8989256501401,-21148.0,20269.49693167336,0.0,-3613.3910630603455,0.0,0.0,1768.0629999999999,0.0,8348.854641404907,-384.0235100179226,-26389.0,13297.862257859731,0.0,-3924.0422171515434,0.0,0.0,2264.533,0.0,23373.04077754447,-1212.3938182526508,-33799.0,18627.68950013589,0.0,-256.41899656088447,0.0,0.0,1745.0819999999999,0.0,6140.5064999999995,-210.85900357500003,-26046.0,7459.931038828378,29.225776808875253,-0.0,0.0,0.0,171.18,0.0,-1063.140637662112,-257.19617797514013,-6340.0,44446.13568079294,0.0,-378.6,0.0,0.0,2909.408,0.0,-3141.2627042115637,-411.6809765813666,-43424.0,34404.6939172414,0.0,-0.0,0.0,0.0,773.6664786625022,0.0,-17773.00021473781,-1235.360181166095,-16170.0
t251,38061.00223261287,0.0,-0.0,0.0,0.0,0.0,0.0,-15603.866685108926,-755.1355475039453,-21702.0,21298.22728756899,0.0,-2896.650645536364,0.0,0.0,1773.088,0.0,6589.265820603567,-299.9304626361881,-26464.0,13530.589994300306,0.0,-4012.10405375552,0.0,0.0,2256.8280000000004,0.0,23098.445539019966,-1189.7594795647483,-33684.0,18878.822503575004,0.0,-0.0,0.0,0.0,1781.5299999999997,0.0,6140.5064999999995,-210.85900357500003,-26590.0,8037.347567517237,0.0,-34.9555261687054,0.0,0.0,6.313073371488684,0.0,-1344.2723148910736,-244.43279982894526,-6420.0,43139.39621784205,0.0,-378.6,0.0,0.0,2937.6820000000002,0.0,-1520.2279444871708,-332.25027335487135,-43846.0,33955.87810176979,0.0,-0.0,0.0,0.0,1104.361,0.0,-17359.85091513636,-1217.3881866334316,-16483.0
t252,37753.51390817866,0.0,-0.0,0.0,0.0,0.0,0.0,-14491.863313735092,-704.6505944435731,-22557.0,22180.619022738232,0.0,-818.4859306745061,0.0,0.0,1825.8169999999998,0.0,4249.717027725863,-186.66711978959245,-27251.0,13269.872825648796,0.0,-1393.8733078591426,0.0,0.0,2326.0389999999998,0.0,21634.113980099497,-1119.1524978891432,-34717.0,19891.127503574997,0.0,-0.0,0.0,0.0,1854.2250000000001,0.0,6140.5064999999995,-210.85900357500003,-27675.0,9360.320528737393,0.0,-170.0969957039106,0.0,0.0,0.0,0.0,-2456.2756862649094,-193.94784676857313,-6540.0,42359.13444333992,0.0,-64.6,0.0,0.0,3073.6920000000005,0.0,729.77374712592,-222.00019046582992,-45876.0,32533.13471986666,0.0,-0.0,0.0,0.0,1118.632,0.0,-15805.972254951279,-1149.7944649153806,-16696.0
t253,38207.7924991776,0.0,-0.0,0.0,0.0,0.0,0.0,-14350.557202197822,-698.2352969797812,-23159.0,25600.171928540458,0.0,-0.0,0.0,0.0,1909.0310000000002,0.0,1040.089030847561,-56.29195938802043,-28493.0,13597.115879539875,0.0,-0.0,0.0,0.0,2429.956,0.0,21276.203681549214,-1035.275561089087,-36268.0,20643.273508417176,0.0,-0.0,0.0,0.0,1881.092,0.0,5785.581374567232,-233.94688298440155,-28076.0,9511.79862563861,0.0,-170.67780697108316,0.0,0.0,17.993528439431287,0.0,-2597.5817978021782,-187.53254930478113,-6574.0,41508.82313938759,64.6,-0.0,0.0,0.0,3199.5180000000005,0.0,3193.283859238092,-212.22499862567673,-47754.0,31430.566942186895,0.0,-0.0,0.0,0.0,1148.7820000000002,0.0,-14347.0189462021,-1086.3299959847914,-17146.0
t254,37652.42979663888,0.0,-0.0,0.0,0.0,69.375,0.0,-13918.19858105881,-678.60621558007,-23125.0,25045.771444666243,0.0,-0.0,0.0,0.0,1946.283,0.0,2150.606425036225,-93.66086970246897,-29049.0,16025.229146901138,0.0,-0.0,0.0,0.0,2518.0609999999997,0.0,20140.79197804264,-1101.0821249437802,-37583.0,20859.676659417688,118.73200593417161,-0.0,0.0,0.0,1871.377,0.0,5343.8930435642815,-262.67870891614353,-27931.0,9534.978251134013,57.57636753198968,-0.0,0.0,0.0,65.28926818025641,0.0,-3029.94041894119,-167.90346790507,-6460.0,41139.10405605273,279.9457391143211,-0.0,0.0,0.0,3237.507,0.0,3922.4167471599712,-257.97354232701923,-48321.0,31710.136125558554,0.0,-0.0,0.0,0.0,1149.184,0.0,-14609.56919380312,-1097.7509317554357,-17152.0
t255,37062.66785414633,0.0,-0.0,0.0,0.0,67.857,0.0,-13836.622205994201,-674.9026481521367,-22619.0,25052.071056171357,0.0,-0.0,0.0,0.0,1947.3550000000002,0.0,2159.5352691350363,-93.96132530639397,-29065.0,15401.754191597693,4.153859835375536,-0.0,0.0,0.0,2545.129,0.0,21082.29254519675,-1046.3295966298265,-37987.0,20670.658758973284,588.1289221208528,-0.0,0.0,0.0,1836.0010000000002,0.0,4618.102690301739,-309.8913713958719,-27403.0,9298.212281748547,172.8624127343881,-0.0,0.0,0.0,18.642,0.0,-3111.5167940057986,-164.19990047713674,-6214.0,41097.51536669762,378.6,-0.0,0.0,0.0,3226.921,0.0,3709.5833096982606,-249.61967639587186,-48163.0,31527.458290580213,0.0,-0.0,0.0,0.0,1135.181,0.0,-14621.374814331786,-1098.2644762484326,-16943.0
t256,35413.184293729864,0.0,-0.0,0.0,0.0,0.0,0.0,-12977.295096355341,-635.8891973745325,-21800.0,22816.54738464329,571.1,-0.0,0.0,0.0,1898.177,0.0,3173.248387082019,-128.0727717253099,-28331.0,14282.461513616296,416.16415262274586,-0.0,0.0,0.0,2526.302,0.0,21629.409484290994,-1148.337150530036,-37706.0,20319.538794300068,141.71578626327113,-0.0,0.0,0.0,1785.2820000000002,0.0,4703.781391330609,-304.3179718939439,-26646.0,10075.182005660272,0.0,-18.151652316080174,0.0,0.0,0.0,0.0,-3970.843903644659,-125.1864496995325,-5961.0,40383.463030267354,358.2486379572,-0.0,0.0,0.0,3168.4300000000003,0.0,3623.9046086693907,-244.04627689394385,-47290.0,32888.41345510274,0.0,-0.0,0.0,0.0,1115.952,0.0,-16182.204871373013,-1166.160583729726,-16656.0
t257,32452.33700399637,0.0,-0.0,0.0,0.0,0.0,0.0,-11180.994137854988,-701.3428661413835,-20570.0,15712.717170293992,571.1,-0.0,0.0,0.0,1815.8339999999998,0.0,9351.413750716094,-349.0649210100886,-27102.0,13656.684038966863,3045.094270510781,-0.0,0.0,0.0,2504.2589999999996,0.0,19643.7431002586,-1472.780409736249,-37377.0,20330.02044127451,0.0,-0.0,0.0,0.0,1714.128,0.0,3748.543880249511,-208.69232152402068,-25584.0,11797.424893879446,0.0,-159.63991326804967,0.0,0.0,0.0,0.0,-5767.144862145012,-190.64011846638354,-5680.0,40414.437880672405,0.0,-0.0,0.0,0.0,3050.845,0.0,2326.6889447262038,-256.97182539861,-45535.0,34512.315461297156,0.0,-0.0,0.0,0.0,1087.611,0.0,-18122.250675950403,-1244.6757853467482,-16233.0
t258,31011.43195819922,0.0,-412.7697502366354,0.0,0.0,0.0,0.0,-10888.018235871123,-714.6439720914511,-18996.0,13561.27786841787,0.0,-0.0,0.0,0.0,1709.036,0.0,10672.752174236308,-435.0660426541748,-25508.0,13004.76749941145,0.0,-0.0,0.0,0.0,2462.451,0.0,22788.52849005886,-1502.7469894703054,-36753.0,21174.282180812457,0.0,-0.0,0.0,0.0,1655.1009999999999,0.0,1982.1630055748983,-108.54618638735289,-24703.0,11874.59355870086,0.0,-200.53157015553313,0.0,0.0,0.0,0.0,-6060.120764128878,-203.94122441645106,-5410.0,41140.062861500235,0.0,-0.0,0.0,0.0,2889.6430000000005,0.0,-520.3043405014824,-380.4015209987555,-43129.0,34098.73902232112,0.0,-0.0,0.0,0.0,1069.521,0.0,-17975.00032936858,-1230.2596929525332,-15963.0
t259,31058.9360249157,0.0,-1027.9914731989563,0.0,0.0,0.0,0.0,-11059.066155161061,-706.8783965556879,-18265.0,11913.638890816039,0.0,-0.0,0.0,0.0,1604.583,0.0,10914.941222612906,-484.1631134289475,-23949.0,9044.306077519685,0.0,-0.0,0.0,0.0,2444.0260000000003,0.0,26465.232334306107,-1475.5644118257944,-36478.0,21541.206800141306,0.0,-226.0,0.0,0.0,1608.737,0.0,1243.6431057308982,-156.58690587220508,-24011.0,11489.261654544056,0.0,-123.01316082442814,0.0,0.0,0.0,0.0,-5889.07284483894,-196.17564888068785,-5281.0,41432.26094840157,0.0,-0.0,0.0,0.0,2759.261,0.0,-2449.3681082079793,-559.153840193582,-41183.0,35062.06919868515,0.0,-0.0,0.0,0.0,1044.932,0.0,-19226.309554441927,-1284.691644243224,-15596.0
t260,31082.299470665526,0.0,-1302.7750838918957,0.0,0.0,0.0,0.0,-11058.626007514802,-706.898379258828,-18014.0,10536.47214619239,0.0,-0.0,0.0,0.0,1532.29,0.0,11300.429703628804,-499.19184982119424,-22870.0,8697.171015632712,0.0,-0.0,0.0,0.0,2418.767,0.0,26480.70086466068,-1495.638880293392,-36101.0,21683.011289712165,0.0,-733.3771710692333,0.0,0.0,1639.624,0.0,1990.7307368265,-107.98885546943617,-24472.0,11465.672635916375,0.0,-60.964011847350655,0.0,0.0,0.0,0.0,-5889.512992485197,-196.19563158382795,-5319.0,41111.60771198424,0.0,-0.0,0.0,0.0,2675.9800000000005,0.0,-3330.4654465388758,-517.1222654453426,-39940.0,35073.790710550216,0.0,-0.0,0.0,0.0,1025.77,0.0,-19493.256858577108,-1296.303851973104,-15310.0
t261,30538.009909984856,0.0,-1089.319883510618,0.0,0.0,0.0,0.0,-10708.914756415501,-722.7752700587363,-18017.0,11364.325459347194,0.0,-0.0,0.0,0.0,1556.075,0.0,10782.396343512359,-477.7968028595539,-23225.0,9090.29622087418,0.0,-0.0,0.0,0.0,2429.956,0.0,26211.635437791745,-1463.887658665919,-36268.0,21989.49283027849,0.0,-367.7157862632711,0.0,0.0,1650.947,0.0,1507.6868183510458,-139.4108623662645,-24641.0,11861.278940554406,0.0,-159.9821745861718,0.0,0.0,0.0,0.0,-6239.224243584498,-212.07252238373624,-5250.0,40802.46295095841,0.0,-0.0,0.0,0.0,2705.6609999999996,0.0,-2589.231013814434,-535.8929371439705,-40383.0,34626.37092794979,0.0,-0.0,0.0,0.0,1033.2740000000001,0.0,-18964.348585840715,-1273.296342109071,-15422.0
t262,30363.243787661973,0.0,-1251.0718506950755,0.0,0.0,0.0,0.0,-10564.856418360465,-729.3155186064349,-17818.0,12321.40630087082,0.0,-0.0,0.0,0.0,1530.816,0.0,9425.628159096357,-429.8504599671753,-22848.0,9173.521866345087,0.0,-0.0,0.0,0.0,2524.359,0.0,27401.61124468894,-1422.4921110340233,-37677.0,22020.894231584854,0.0,-367.7157862632711,0.0,0.0,1605.99,0.0,890.3971124157722,-179.56555773735403,-23970.0,11929.235716994765,0.0,-150.34036442379366,0.0,0.0,0.0,0.0,-6383.282581639536,-218.6127709314349,-5177.0,40042.63344738887,0.0,-0.0,0.0,0.0,2703.7850000000003,0.0,-1822.6844032029312,-568.7340441859247,-40355.0,34699.50666203856,0.0,-0.0,0.0,0.0,1039.8400000000001,0.0,-18946.813112998134,-1272.5335490404188,-15520.0
t263,29382.202252787396,0.0,-372.55525622369544,0.0,0.0,0.0,0.0,-10440.694528141314,-734.9524684223844,-17834.0,11440.524654930188,0.0,-0.0,0.0,0.0,1458.322,0.0,9290.759788012077,-423.6064429422665,-21766.0,8937.571616461715,0.0,-0.0,0.0,0.0,2537.3569999999995,0.0,27835.61028792666,-1439.5389043883667,-37871.0,21821.61032396077,0.0,-193.04243158659392,0.0,0.0,1614.164,0.0,1020.3783836682064,-171.1102760423832,-24092.0,12155.404680414431,0.0,-107.71048780836117,0.0,0.0,0.0,0.0,-6507.444471858687,-224.24972074738437,-5316.0,39588.55826049806,0.0,-0.0,0.0,0.0,2670.821,0.0,-1841.5453918545268,-554.8338686435128,-39863.0,35005.38053332465,0.0,-0.0,0.0,0.0,1031.063,0.0,-19357.064067752413,-1290.37946557223,-15389.0
t264,29529.302555025002,0.0,-0.0,0.0,0.0,0.0,0.0,-9984.645458857112,-755.6570961678872,-18789.0,12079.335527139807,0.0,-0.0,0.0,0.0,1479.36,0.0,8907.519033900433,-386.2145610402413,-22080.0,9288.253665544631,0.0,-0.0,0.0,0.0,2463.121,0.0,26486.006949923016,-1474.3816154676374,-36763.0,21689.662702780493,0.0,-0.0,0.0,0.0,1644.314,0.0,1357.221902370313,-149.19860515081115,-24542.0,12837.747889635773,0.0,-196.3,0.0,0.0,0.0,0.0,-6963.493541142889,-244.95434849288714,-5433.0,39312.68837072222,0.0,-0.0,0.0,0.0,2748.608,0.0,-582.5693323046228,-454.7270384175923,-41024.0,35077.91845310832,0.0,-0.0,0.0,0.0,1046.54,0.0,-19220.03955388914,-1284.4188992191773,-15620.0
t265,24173.685046742405,0.0,-0.0,0.0,0.0,0.0,0.0,-3933.1250499384655,-802.5599968039382,-19438.0,7361.2389069359215,0.0,-0.0,0.0,0.0,0.0,0.0,13675.750765730922,-642.9896726668455,-20394.0,3858.986089156966,0.0,-1587.207634609198,0.0,0.0,0.0,0.0,34214.83773426908,-1781.6161888168456,-34705.0,20533.411571224628,0.0,-946.2157862632712,0.0,0.0,0.0,0.0,-264.9455303630043,-213.2502545983554,-19109.0,12677.126235078114,0.0,-295.34065786574615,0.0,0.0,0.0,0.0,-6939.087683153246,-252.69789405912337,-5190.0,49282.74717302298,0.0,-0.0,0.0,0.0,0.0,0.0,-13477.64078648375,-1014.106386539232,-34791.0,38987.29214821547,0.0,-0.0,0.0,0.0,0.0,0.0,-23275.789450061533,-1064.5026981539381,-14647.0
t266,25998.62871694796,953.4154131177015,-0.0,0.0,0.0,0.0,0.0,-6763.716876247285,-639.3272538183733,-19549.0,7381.270280631355,0.0,-571.1,0.0,0.0,0.0,0.0,15060.413285837061,-689.5835664684171,-21181.0,3619.1035376520254,0.0,-223.18881877262797,0.0,0.0,0.0,0.0,31551.603944579692,-1752.5186634590889,-33195.0,19431.844697461296,0.0,-591.2684122983537,0.0,0.0,0.0,0.0,684.3900330848833,-192.96631824782835,-19332.0,12212.946115604933,0.0,-285.4784786588456,0.0,0.0,0.0,0.0,-6470.243623752716,-218.2240131933733,-5239.0,49842.99401548189,0.0,-0.0,0.0,0.0,0.0,0.0,-11943.238096360732,-957.7559191211516,-36942.0,37549.135121898544,0.0,-0.0,0.0,0.0,0.0,0.0,-22119.208667140905,-993.9264547576513,-14436.0
t267,25264.173331000336,1958.2642794633825,-0.0,0.0,0.0,0.0,0.0,-6852.124041969119,-635.313568494602,-19735.0,7203.553083681527,0.0,-0.0,0.0,0.0,0.0,0.0,14933.768899175735,-685.3219828572635,-21452.0,3904.684638111067,0.0,-0.0,0.0,0.0,0.0,0.0,29309.332632363312,-1608.017270474375,-31606.0,18292.487687574074,0.0,-226.0,0.0,0.0,0.0,0.0,2029.94995758502,-105.43764515909447,-19991.0,12190.544913601341,0.0,-196.3,0.0,0.0,0.0,0.0,-6402.050177589247,-215.19473601209447,-5377.0,48875.72345031073,0.0,-0.0,0.0,0.0,0.0,0.0,-9895.185647622115,-800.537802688615,-38180.0,38297.15285087348,0.0,-0.0,0.0,0.0,0.0,0.0,-23123.69162194358,-1065.4612289299014,-14108.0
t268,26339.30581700752,1613.536238065862,-0.0,0.0,0.0,0.0,0.0,-7356.70336804309,-518.1386870302916,-20078.0,7491.283102187015,379.47038144147405,-0.0,0.0,0.0,0.0,0.0,15307.24693491382,-696.0004185423093,-22482.0,4056.5299343296047,201.36600551135103,-0.0,0.0,0.0,0.0,0.0,25864.372267219063,-1464.2682070600154,-28658.0,17548.49080378619,0.0,-0.0,0.0,0.0,0.0,0.0,3205.3617974785366,-70.85260126472619,-20683.0,11875.487009878654,0.0,-117.29539231464295,0.0,0.0,0.0,0.0,-5978.538324135763,-199.65329342824862,-5580.0,47857.54506400821,0.0,-0.0,0.0,0.0,0.0,0.0,-8211.426081919166,-660.118982089039,-38986.0,38507.01984423282,0.0,-0.0,0.0,0.0,0.0,0.0,-22830.313225513393,-1168.7066187194284,-14508.0
t269,28179.199497207035,1295.2635396062537,-0.0,0.0,0.0,0.0,0.0,-8690.792782947943,-524.6702538653412,-20259.0,7237.312027682017,1138.1122232841476,-0.0,0.0,0.0,0.0,0.0,16080.392351979059,-694.8166029452211,-23761.0,4323.164019396429,2247.787925609071,-0.0,0.0,0.0,0.0,0.0,24056.583663748494,-1583.5356087539933,-29044.0,18097.963189727016,0.0,-0.0,0.0,0.0,0.0,0.0,3045.2521829234274,-63.21537265044749,-21080.0,11206.203351049959,0.0,-65.3011938101181,0.0,0.0,0.0,0.0,-5279.331032490545,-167.57112474929374,-5694.0,46773.71987400699,0.0,-0.0,0.0,0.0,0.0,0.0,-6439.428760659663,-573.2911133473234,-39761.0,38433.754625693306,0.0,-0.0,0.0,0.0,0.0,0.0,-22772.675622552822,-1156.0790031404956,-14505.0
t270,29420.618845025536,1009.7369678313494,-0.0,0.0,0.0,0.0,0.0,-9587.215391637214,-511.14042121967054,-20332.0,7428.6934633014735,2302.7342518315045,-0.0,0.0,0.0,0.0,0.0,15448.388992736092,-647.8167078690685,-24532.0,4642.320280726704,2123.2555371482968,-0.0,0.0,0.0,0.0,0.0,23310.718,-1632.2938178749998,-28444.0,18506.83005093155,0.0,-0.0,0.0,0.0,0.0,0.0,2652.134490369889,-64.96454130143871,-21094.0,10173.9588084604,0.0,-0.0,0.0,0.0,0.0,0.0,-4345.874048481928,-124.0847599784727,-5704.0,45274.161505751494,0.0,-0.0,0.0,0.0,0.0,0.0,-4581.186983105981,-502.97452264550725,-40190.0,38362.622649189645,0.0,-0.0,0.0,0.0,0.0,0.0,-22896.965059880855,-1129.657589308802,-14336.0
t271,30659.158592499476,626.113874950332,-0.0,0.0,0.0,0.0,0.0,-10745.895176174628,-496.3772912751762,-20043.0,8335.706590000093,1363.4843605273877,-0.0,0.0,0.0,0.0,0.0,15621.088009145657,-656.2789596731373,-24664.0,5865.0728079864775,0.0,-0.0,0.0,0.0,0.0,0.0,22904.55282476584,-1614.625632752314,-27155.0,19277.48234448668,0.0,-0.0,0.0,0.0,0.0,0.0,1645.9354447334113,-130.4177892200916,-20793.0,9235.568396764405,0.0,-0.0,0.0,0.0,0.0,0.0,-3526.695445541531,-86.87295122287257,-5622.0,44259.57697624731,0.0,-0.0,0.0,0.0,0.0,0.0,-3747.686953879067,-576.8900223682288,-39935.0,37819.114010975034,0.0,-0.0,0.0,0.0,0.0,0.0,-22151.298703049677,-1133.8153079253627,-14534.0
t272,30750.240000000005,0.0,-0.0,0.0,0.0,0.0,0.0,-10400.0,-474.24,-19876.0,8931.185162782715,0.0,-1030.1476064286742,0.0,0.0,0.0,0.0,17061.838160747597,-726.8757171016322,-24236.0,9376.273315548082,0.0,-3003.2286672827704,0.0,0.0,0.0,0.0,22357.797110935382,-1590.841759200689,-27140.0,20900.281996866564,0.0,-367.7157862632711,0.0,0.0,0.0,0.0,113.53427472579142,-230.10048532908726,-20416.0,8643.683698755518,0.0,-47.27002231301492,0.0,0.0,0.0,0.0,-2983.0178253242148,-60.395851118289265,-5553.0,44254.51151321206,0.0,-0.0,0.0,0.0,0.0,0.0,-3958.142042795464,-726.3694704165944,-39570.0,37875.626715793944,0.0,-0.0,0.0,0.0,0.0,0.0,-22192.009678289087,-1040.6170375048532,-14643.0
t273,29756.507177182793,0.0,-2317.7076036728895,0.0,0.0,0.0,0.0,-7300.879469691952,-332.920103817953,-19805.0,16748.207021029117,0.0,-5860.291063060346,0.0,0.0,0.0,0.0,13226.404904700536,-577.3208626693045,-23537.0,11701.926213472248,0.0,-5677.104053755519,0.0,0.0,0.0,0.0,22712.012786563493,-1406.8349462802255,-27330.0,19998.185908561005,0.0,-147.5682256496421,0.0,0.0,0.0,0.0,402.2350968018152,-141.85277971317726,-20111.0,7593.4725898766355,0.0,-25.888896566518422,0.0,0.0,0.0,0.0,-2004.9901284025698,-37.593564907548185,-5525.0,44445.022385755234,0.0,-0.0,0.0,0.0,0.0,0.0,-5004.800031453635,-501.2223543016038,-38939.0,37900.76643700662,0.0,-0.0,0.0,0.0,0.0,0.0,-22029.983158517687,-987.7832784889428,-14883.0
t274,30670.850087986037,0.0,-6566.3,0.0,0.0,0.0,0.0,-4050.832142297281,-184.717945688756,-19869.0,25055.123534728027,0.0,-5860.291063060346,0.0,0.0,0.0,0.0,4024.4697656170842,-185.30223728476483,-23034.0,12399.948644177266,0.0,-5677.104053755519,0.0,0.0,0.0,0.0,22092.292195474078,-1077.1367858958188,-27738.0,17550.983648316374,0.0,-0.0,0.0,0.0,0.0,0.0,2696.678633441394,-76.66228175777212,-20171.0,7499.238990486378,0.0,-89.44060612685242,0.0,0.0,0.0,0.0,-1795.1395183897196,-33.65886596980724,-5581.0,40632.63195288587,0.0,-175.1092418653086,0.0,0.0,0.0,0.0,-1862.2714118403878,-91.251299180179,-38504.0,37153.79499909561,0.0,-0.0,0.0,0.0,0.0,0.0,-21105.197522005165,-935.5974770904418,-15113.0
t275,34060.76556658646,0.0,-6196.13284866712,0.0,0.0,0.0,0.0,-7350.452102065165,-335.1806158541715,-20179.0,25487.802099250475,0.0,-5860.291063060346,0.0,0.0,0.0,0.0,3541.091500126343,-144.60253631647223,-23024.0,11614.252524601972,0.0,-5677.104053755519,0.0,0.0,0.0,0.0,24083.028752897204,-1256.1772237436576,-28764.0,16165.673666073044,0.0,-0.0,0.0,0.0,0.0,0.0,4670.128923611031,-168.80258968406753,-20667.0,7553.941553425112,0.0,-0.0,0.0,0.0,0.0,0.0,-1863.991708883546,-34.949844541566485,-5655.0,38948.131868700955,0.0,-11.399999955368607,0.0,0.0,0.0,0.0,-270.478425877576,-13.253442868001224,-38653.0,39094.05335859181,0.0,-0.0,0.0,0.0,0.0,0.0,-22809.326939808292,-1017.7264187835161,-15267.0
t276,34762.94106965793,0.0,-0.0,0.0,0.0,0.0,0.0,-12982.20848757192,-616.7325820860068,-21164.0,24457.5778102798,0.0,-5466.873863310327,0.0,0.0,0.0,0.0,4840.470861003296,-184.1748079727609,-23647.0,12131.350182484486,0.0,-3103.3303394512845,0.0,0.0,0.0,0.0,22473.668801665655,-1313.6886446988601,-30188.0,15363.086166772342,226.0,-0.0,0.0,0.0,0.0,0.0,6183.574403954926,-213.660570727268,-21559.0,7548.545680675444,0.0,-0.0,0.0,0.0,0.0,0.0,-1609.8335581399997,-108.71212253544402,-5830.0,40264.869471107195,0.0,-0.0,0.0,0.0,0.0,0.0,-43.067903954926756,-2.8015671522679853,-40219.0,35610.743576008696,0.0,-0.0,0.0,0.0,0.0,0.0,-18862.60411695703,-994.1394590516621,-15754.0
t277,37003.73612784955,0.0,-0.0,0.0,0.0,0.0,0.0,-14083.619789410326,-686.1163384392288,-22234.0,24048.436141740436,0.0,-0.0,0.0,0.0,0.0,0.0,1512.7612373980082,-72.19737913844298,-25489.0,10283.223093613648,0.0,-0.0,0.0,0.0,0.0,0.0,22612.490397615482,-1153.7134912291297,-31742.0,14693.672067547688,263.22643835282577,-0.0,0.0,0.0,0.0,0.0,7352.821594576704,-289.7201004772146,-22020.0,7569.753808403906,0.0,-0.0,0.0,0.0,0.0,0.0,-1550.3407105896747,-111.41309781422879,-5908.0,39953.93876716981,64.6,-0.0,0.0,0.0,0.0,0.0,1858.203300920859,-281.7420680906703,-41595.0,35137.43419196328,0.0,-0.0,0.0,0.0,0.0,0.0,-17702.31603051105,-1111.1181614522307,-16324.0
t278,37491.31554496698,0.0,-0.0,0.0,0.0,0.0,0.0,-14485.934135227644,-704.381409739335,-22301.0,24097.12579896854,1487.673280631465,-0.0,0.0,0.0,0.0,0.0,767.3140000000001,-47.113079600000006,-26305.0,8089.905527115937,1175.75498446446,-0.0,0.0,0.0,0.0,0.0,24412.10610394104,-1083.7666155214354,-32594.0,15122.770292197809,900.5822113771906,-0.0,0.0,0.0,0.0,0.0,6140.5064999999995,-210.85900357500003,-21953.0,7187.078158362508,12.285604398077346,-0.0,0.0,0.0,0.0,0.0,-1222.0792196153918,-133.28454314519087,-5844.0,39744.000415082744,88.40739349226351,-0.0,0.0,0.0,0.0,0.0,2187.1795,-150.58730857499998,-41869.0,35376.24837102529,0.0,-0.0,0.0,0.0,0.0,0.0,-17799.092749098007,-1122.1556219272911,-16455.0
t279,37276.58746500986,0.0,-0.0,0.0,0.0,0.0,0.0,-14580.894839305392,-708.6926257044648,-21987.0,23974.822342490923,0.0,-0.0,0.0,0.0,0.0,0.0,2562.7056666933067,-107.52800918422977,-26430.0,5866.959988566956,3346.9730516499076,-0.0,0.0,0.0,0.0,0.0,24716.593232481464,-1235.5262726983321,-32695.0,15166.026591229434,365.32591234556514,-0.0,0.0,0.0,0.0,0.0,6140.5064999999995,-210.85900357500003,-21461.0,7931.787660415951,73.47571169286596,-0.0,0.0,0.0,0.0,0.0,-2150.8136594881066,-187.44971262070817,-5667.0,40132.10155945365,0.0,-0.0,0.0,0.0,0.0,0.0,1478.707448366374,-101.80900782002483,-41509.0,35891.380351023014,0.0,-0.0,0.0,0.0,0.0,0.0,-18166.804348747646,-1214.5760022753707,-16510.0
t280,35938.023769283805,0.0,-0.0,0.0,0.0,0.0,0.0,-13618.044546856518,-664.9792224272859,-21655.0,20941.884210723973,2968.5671342429205,-0.0,0.0,0.0,0.0,0.0,2180.577133357923,-97.02847832481446,-25994.0,4501.059546833229,1665.0,-0.0,0.0,0.0,0.0,0.0,27599.53659978989,-1319.59614662312,-32446.0,16460.190545640424,0.0,-0.0,0.0,0.0,0.0,0.0,4581.294022770749,-136.4845684111647,-20905.0,7933.049539807791,56.112002607506156,-0.0,0.0,0.0,0.0,0.0,-2410.6614546878027,-109.50008772749425,-5469.0,40832.21758354391,0.0,-0.0,0.0,0.0,0.0,0.0,-153.68692425539757,-7.530659288514482,-40671.0,35677.27123186703,0.0,-0.0,0.0,0.0,0.0,0.0,-18179.014830118842,-1106.2564017481927,-16392.0
t281,34608.49710788943,277.3871279848771,-0.0,0.0,0.0,0.0,0.0,-13376.487612996296,-652.3966228780131,-20857.0,11364.964826740525,4872.059472636554,-0.0,0.0,0.0,0.0,0.0,9141.612911945838,-369.63721132291664,-25009.0,4244.900487598078,4012.10405375552,-0.0,0.0,0.0,0.0,0.0,25320.654899841727,-1564.6594411953258,-32013.0,17152.56693021813,0.0,-0.0,0.0,0.0,0.0,0.0,2980.5627568065415,-60.12968702467204,-20073.0,7206.753976007345,293.09529282519793,-0.0,0.0,0.0,0.0,0.0,-2170.595749798391,-83.25351903415306,-5246.0,41991.497075824045,0.0,-0.0,0.0,0.0,0.0,0.0,-2474.1442173977202,-142.3528584263318,-39375.0,36765.99702676897,0.0,-0.0,0.0,0.0,0.0,0.0,-19421.6029884017,-1112.394038367273,-16232.0
t282,32984.92459710125,620.7157796020867,-0.0,0.0,0.0,0.0,0.0,-12825.171155104463,-626.469221598872,-20154.0,8528.831193787353,2246.9,-0.0,0.0,0.0,0.0,0.0,13880.116788471638,-601.847982258992,-24054.0,4185.836990816874,3671.5459667256077,-0.0,0.0,0.0,0.0,0.0,25322.223693738226,-1564.6066512807085,-31615.0,17202.27275671181,0.0,-0.0,0.0,0.0,0.0,0.0,2192.585449686111,-94.85820639791847,-19300.0,7548.543399670413,260.52366184808346,-0.0,0.0,0.0,0.0,0.0,-2673.652310332597,-60.4147511859001,-5075.0,42478.458060622186,0.0,-0.0,0.0,0.0,0.0,0.0,-4564.871431895975,-554.5866287262018,-37359.0,38536.7922742759,0.0,-0.0,0.0,0.0,0.0,0.0,-21331.231034562938,-1240.5612397129717,-15965.0
t283,32713.92347577789,546.5360605579577,-0.0,0.0,0.0,0.0,0.0,-13098.086413177585,-641.3731231582624,-19521.0,8780.609715755205,0.0,-0.0,0.0,0.0,0.0,0.0,14469.075328447037,-669.6850442022428,-22580.0,4011.8209423602416,812.8254464390395,-0.0,0.0,0.0,0.0,0.0,27861.513171552964,-1479.1595603522428,-31207.0,16524.169543059423,0.0,-0.0,0.0,0.0,0.0,0.0,2917.022119236801,-245.19166229622465,-19196.0,8283.056149361171,0.0,-0.0,0.0,0.0,0.0,0.0,-3157.131052594795,-96.92509676637721,-5029.0,42930.93276671683,0.0,-0.0,0.0,0.0,0.0,0.0,-6666.265110344751,-774.6676563720738,-35490.0,39363.129848401935,0.0,-0.0,0.0,0.0,0.0,0.0,-22326.128043119665,-1363.0018052822652,-15674.0
t284,31939.489116806017,132.09275837053565,-0.0,0.0,0.0,0.0,0.0,-12104.26867967721,-583.3131954993414,-19384.0,8511.85765026694,0.0,-0.0,0.0,0.0,0.0,0.0,14247.366905503242,-662.2245557701841,-22097.0,4288.245167743893,0.0,-0.0,0.0,0.0,0.0,0.0,28476.750835227554,-1494.9960029714473,-31270.0,16067.766566450058,0.0,-0.0,0.0,0.0,0.0,0.0,3662.9996968876544,-198.7662633377151,-19532.0,9376.904107867724,0.0,-9.62785554272372,0.0,0.0,0.0,0.0,-4148.139,-117.13725232499999,-5102.0,43045.79330279313,0.0,-0.0,0.0,0.0,0.0,0.0,-7787.14272723923,-750.6505755538894,-34508.0,39205.675923111434,0.0,-0.0,0.0,0.0,0.0,0.0,-22347.567030702005,-1353.10889240943,-15505.0
t285,32045.91216969064,701.5475059112655,-0.0,0.0,0.0,0.0,0.0,-12537.42450714465,-611.0351684572576,-19599.0,8417.880994532568,781.8680874839355,-0.0,0.0,0.0,0.0,0.0,13730.068378313752,-644.8174603302577,-22285.0,4143.97149719115,0.0,-0.0,0.0,0.0,0.0,0.0,29091.379345328747,-1483.3508425198936,-31752.0,16135.289442863326,0.0,-0.0,0.0,0.0,0.0,0.0,3781.06316555069,-161.3526084140175,-19755.0,7992.8693950644165,2.5993637837648293,-0.0,0.0,0.0,0.0,0.0,-2930.624464406581,-57.84429444160048,-5007.0,43576.827010140434,0.0,-0.0,0.0,0.0,0.0,0.0,-8266.249050540504,-731.5779595999203,-34579.0,39707.17167060404,0.0,-0.0,0.0,0.0,0.0,0.0,-22868.21286710145,-1308.9588035025906,-15530.0
t286,30861.827312079677,847.8013789936363,-0.0,0.0,0.0,0.0,0.0,-11662.816205998572,-550.8124850747416,-19496.0,8426.297933664096,714.4962758216459,-0.0,0.0,0.0,0.0,0.0,13316.092978645685,-630.8871881314274,-21826.0,4171.128221677995,264.2596829907792,-0.0,0.0,0.0,0.0,0.0,29922.741990591498,-1494.1298952602683,-32864.0,15605.388947422247,0.0,-0.0,0.0,0.0,0.0,0.0,3463.7907131185048,-83.17966054075268,-18986.0,7344.127819974571,186.96383921705777,-0.0,0.0,0.0,0.0,0.0,-2605.586730689951,-63.50492850167625,-4862.0,44140.65849479103,0.0,-0.0,0.0,0.0,0.0,0.0,-9242.740969237182,-719.9175255538411,-34178.0,39827.33900346879,0.0,-0.0,0.0,0.0,0.0,0.0,-23191.48177642998,-1191.8572270388179,-15444.0
t287,29345.090604339184,1025.194548707817,-0.0,0.0,0.0,0.0,0.0,-10454.55371526974,-477.73143777726335,-19438.0,7866.327560785756,0.0,-0.0,0.0,0.0,0.0,0.0,13406.60536929088,-633.9329300766382,-20639.0,3880.0053928541192,0.0,-0.0,0.0,0.0,0.0,0.0,30536.88589714556,-1538.8912899996753,-32878.0,14884.218061118543,0.0,-0.0,0.0,0.0,0.0,0.0,4376.497723833307,-126.71578495184875,-19134.0,9162.732281955758,0.0,-0.0,0.0,0.0,0.0,0.0,-4073.242489683187,-113.48979227257121,-4976.0,44637.72334166996,0.0,-0.0,0.0,0.0,0.0,0.0,-10430.340827501228,-728.3825141687263,-33479.0,39845.63479981296,0.0,-0.0,0.0,0.0,0.0,0.0,-23361.851957815587,-1199.782841997372,-15284.0
t288,27881.385508011823,1205.648918804854,-0.0,0.0,0.0,0.0,0.0,-8455.465213099345,-385.5692137173302,-20246.0,7548.317290964746,2246.9,-0.0,0.0,0.0,0.0,0.0,11933.287112896403,-581.5044038611488,-21147.0,3993.949940257481,1332.4504770021383,-0.0,0.0,0.0,0.0,0.0,28267.00979969381,-1311.4102169534265,-32282.0,13784.866512051509,141.71578626327113,-0.0,0.0,0.0,0.0,0.0,5766.433419311374,-193.01571762615254,-19500.0,9136.151390963181,77.0961619111679,-0.0,0.0,0.0,0.0,0.0,-4003.170277342758,-110.07727553159229,-5100.0,44539.589195482506,0.0,-0.0,0.0,0.0,0.0,0.0,-9668.153738412184,-552.4354570703198,-34319.0,40350.7587931003,0.0,-0.0,0.0,0.0,0.0,0.0,-23839.9411030473,-1187.817690053012,-15323.0
t289,26219.641831928402,440.7729309917928,-0.0,0.0,0.0,0.0,0.0,-4953.3181683719085,-308.0965945482949,-21399.0,15487.834920313162,0.0,-0.0,0.0,0.0,0.0,0.0,6756.796689274125,-334.6316095872886,-21910.0,6036.490690144649,0.0,-0.0,0.0,0.0,0.0,0.0,26498.493240575597,-1164.9839307202474,-31370.0,12833.288440318374,578.5,-0.0,0.0,0.0,0.0,0.0,6950.778774727662,-263.5672150460344,-20099.0,9049.694117156738,0.0,-0.0,0.0,0.0,0.0,0.0,-3737.5350722036906,-94.15904495304756,-5218.0,43632.26248488545,0.0,-64.6,0.0,0.0,0.0,0.0,-7280.893817803684,-369.7686670817595,-35917.0,40631.52466612466,0.0,-0.0,0.0,0.0,0.0,0.0,-24234.321646198103,-1073.2030199265632,-15324.0
t290,24529.97878558469,484.41481652225184,-0.0,0.0,0.0,0.0,0.0,-3159.3282346087876,-144.06536749816073,-21711.0,16127.610228363728,301.57306343373494,-0.0,0.0,0.0,0.0,0.0,6475.637646480061,-326.820938277523,-22578.0,8518.608972692555,1397.7010095467595,-0.0,0.0,0.0,0.0,0.0,21039.544806119564,-921.8547883588794,-30034.0,11996.927426683986,578.5,-0.0,0.0,0.0,0.0,0.0,8138.394169812307,-340.8215964962905,-20373.0,8235.637253968544,0.0,-0.0,0.0,0.0,0.0,0.0,-2885.0141803600113,-55.62307360853254,-5295.0,44131.88957646619,0.0,-64.6,0.0,0.0,0.0,0.0,-5519.031816292367,-560.2577601738135,-37988.0,40275.90075862002,0.0,-0.0,0.0,0.0,0.0,0.0,-24090.20239115076,-1135.698367469251,-15050.0
t291,23507.350267723265,572.6466033030151,-0.0,0.0,0.0,0.0,0.0,-2132.83053535706,-97.16633566922184,-21850.0,16086.995898665418,2818.0,-0.0,0.0,0.0,0.0,0.0,4246.146242816839,-209.14214148225298,-22942.0,8389.541827426108,1973.803726859489,-0.0,0.0,0.0,0.0,0.0,19468.446435200094,-892.7919894856888,-28939.0,11693.51624703086,578.5,-0.0,0.0,0.0,0.0,0.0,9282.210608823085,-415.22685585394163,-21139.0,7945.010784749126,0.0,-0.0,0.0,0.0,0.0,0.0,-2380.2767846994816,-73.73400004964356,-5491.0,43688.62494218993,0.0,-34.19999986610582,0.0,0.0,0.0,0.0,-3883.928967876266,-498.49597444754755,-39272.0,40541.92427748467,0.0,-0.0,0.0,0.0,0.0,0.0,-24599.766998907202,-1153.1572785774633,-14789.0
t292,22826.300910965918,604.6251811770794,-0.0,0.0,0.0,0.0,0.0,-1319.0416033508668,-59.88448879212935,-22052.0,15955.625029498582,4415.775740884548,-0.0,0.0,0.0,0.0,0.0,3617.5116122256486,-155.9123826087797,-23833.0,8210.726752066279,5391.0814419459375,-0.0,0.0,0.0,0.0,0.0,15759.85142208291,-840.6596160951262,-28521.0,11732.918962499838,829.7619392466207,-0.0,0.0,0.0,0.0,0.0,9736.069473237652,-444.75037498410927,-21854.0,7262.118133670369,0.0,-0.0,0.0,0.0,0.0,0.0,-1437.3177075963692,-116.80042607399898,-5708.0,42728.359278426884,0.0,-64.6,0.0,0.0,0.0,0.0,-2248.132877627658,-425.62640079921954,-39990.0,40429.150163154634,0.0,-0.0,0.0,0.0,0.0,0.0,-24108.94031897131,-1132.2098441833264,-15188.0
t293,22653.03258734869,669.1031323280599,-0.0,0.0,0.0,65.7,0.0,-1423.0893308311056,-64.74638884565061,-21900.0,16091.576891851228,5532.520460930153,-0.0,0.0,0.0,74.538,0.0,3278.9958200637657,-131.63117284514573,-24846.0,8313.227571927913,5677.104053755519,-0.0,0.0,0.0,86.424,0.0,15625.469727172193,-894.225352855622,-28808.0,12127.620376134497,946.2157862632712,-0.0,0.0,0.0,365.8507747870283,0.0,9372.407207407035,-421.09414459182767,-22391.0,8066.238071472221,0.0,-0.0,0.0,0.0,17.688,0.0,-2101.5372987609703,-86.38877271125196,-5896.0,41694.32644529194,378.6,-0.0,0.0,0.0,122.901,0.0,-856.8850980246712,-371.94234726726353,-40967.0,40057.62164582689,0.0,-0.0,0.0,0.0,45.255,0.0,-23895.361027026243,-1122.5156188006415,-15085.0
t294,22676.984652351675,704.9736161334185,-0.0,0.0,0.0,64.809,0.0,-1763.4479118862575,-80.31935659886442,-21603.0,15885.593828597008,5860.291063060346,-0.0,0.0,0.0,76.368,0.0,3782.3149706034537,-148.5678622608062,-25456.0,8425.393199192597,5192.493829585514,-0.0,0.0,0.0,84.822,0.0,15623.0562069395,-1051.7652357176078,-28274.0,12732.537118456861,946.2157862632712,-0.0,0.0,0.0,67.356,0.0,9109.909782373254,-404.0186870933802,-22452.0,8328.343421205114,0.0,-0.0,0.0,0.0,17.721,0.0,-2364.6195842553047,-74.44483694980917,-5907.0,40760.655126499725,253.00000000009467,-0.0,0.0,0.0,123.795,0.0,550.174865550659,-422.6249920504758,-41265.0,40791.04213577595,0.0,-0.0,0.0,0.0,44.19,0.0,-24937.3883293253,-1167.8438064506504,-14730.0
t295,22982.670550628467,658.8973068720189,-0.0,0.0,0.0,0.0,0.0,-2520.125510435137,-114.44234706535126,-21007.0,15825.218704231114,5434.66320273956,-0.0,0.0,0.0,0.0,0.0,4073.4837859257277,-158.36569289640073,-25175.0,8930.663726028011,3761.7333998762365,-0.0,0.0,0.0,0.0,0.0,15099.825069877237,-917.2221957814769,-26875.0,14479.299235407725,946.2157862632712,-0.0,0.0,0.0,0.0,0.0,7187.447493533351,-278.9625152043445,-22334.0,6484.5753309184665,4.551275783004806,-0.0,0.0,0.0,0.0,0.0,-457.0794475450134,-161.04715915645642,-5871.0,39895.97578290565,64.6,-0.0,0.0,0.0,0.0,0.0,1189.0018258034452,-221.57760870908288,-40928.0,40467.52669623104,0.0,-0.0,0.0,0.0,0.0,0.0,-24572.553217159606,-1151.9734790714429,-14743.0
t296,24635.149694404416,393.23577576656544,-0.0,0.0,0.0,0.0,0.0,-4404.882684141184,-200.50278602979947,-20423.0,16333.603910124773,0.0,-0.0,0.0,0.0,0.0,0.0,8266.358366369683,-316.96227649445547,-24283.0,12182.923310540818,0.0,-0.0,0.0,0.0,0.0,0.0,15730.383354566147,-1180.3066651069657,-26733.0,16809.81675749877,204.92432937365874,-0.0,0.0,0.0,0.0,0.0,5157.690109378422,-192.4311962508454,-21980.0,5959.220437554355,0.0,-0.0,0.0,0.0,0.0,0.0,-51.82227418576258,-116.39816336859218,-5791.0,39454.77036951672,0.0,-0.0,0.0,0.0,0.0,0.0,1046.7004142595672,-206.47078377628117,-40295.0,41614.37728732361,0.0,-0.0,0.0,0.0,0.0,0.0,-25744.427286246868,-1202.9500010767388,-14667.0
t297,26355.58867649173,28.516288084601456,-0.0,0.0,0.0,0.0,0.0,-6151.592353267343,-280.51261130899087,-19952.0,17137.916370195053,0.0,-1825.6554012073575,0.0,0.0,0.0,0.0,8469.214826650184,-332.4757956378788,-23449.0,10186.660934492236,0.0,-1665.0,0.0,0.0,0.0,0.0,19642.24539335739,-1329.9063278496294,-26834.0,18756.855361813843,0.0,-0.0,0.0,0.0,0.0,0.0,3256.643621305935,-145.49898311977765,-21868.0,6132.372100926602,0.0,-0.0,0.0,0.0,0.0,0.0,-339.9971542837807,-6.374946642820888,-5786.0,39325.05648146973,0.0,-64.6,0.0,0.0,0.0,0.0,480.74606540064656,-234.20254687036828,-39507.0,41314.731062613115,0.0,-0.0,0.0,0.0,0.0,0.0,-25357.260399163028,-1184.4706634500847,-14773.0
t298,24465.026424506512,0.0,-0.0,0.0,0.0,0.0,0.0,-4482.618998189092,-204.40742631742262,-19778.0,25855.77472528896,0.0,-5860.291063060346,0.0,0.0,0.0,0.0,2925.243753579328,-119.7274158079444,-22801.0,11078.941583015414,0.0,-5677.104053755519,0.0,0.0,0.0,0.0,22778.944329456295,-1166.781858716191,-27014.0,21136.077534750202,0.0,-141.71578626327113,0.0,0.0,0.0,0.0,860.5978951714249,-40.959643658355816,-21814.0,5840.197922805559,0.0,-0.0,0.0,0.0,0.0,0.0,-3.1390653306097924,-0.058857474948933605,-5837.0,39015.02712755714,0.0,-378.6,0.0,0.0,0.0,0.0,490.3322476967789,-33.759375253923224,-39093.0,38506.89349961229,0.0,-0.0,0.0,0.0,0.0,0.0,-22569.360162384124,-1011.5333372281541,-14926.0
t299,25083.587628421334,0.0,-0.0,0.0,0.0,0.0,0.0,-5089.5061480693685,-232.08148035196322,-19762.0,26609.03579493904,0.0,-5860.291063060346,0.0,0.0,0.0,0.0,1969.833115973825,-87.57784785251921,-22631.0,10657.564927218558,0.0,-5677.104053755519,0.0,0.0,0.0,0.0,24188.187599838253,-1155.64847330129,-28013.0,23503.971751227273,0.0,-141.71578626327113,0.0,0.0,0.0,0.0,-1193.4520108545157,-63.803954109486966,-22105.0,5636.894495968401,0.0,-0.0,0.0,0.0,0.0,0.0,298.7062461468525,-5.600742115253484,-5930.0,37842.941462834555,0.0,-378.6,0.0,0.0,0.0,0.0,1952.7020386184354,-131.04350145299014,-39286.0,38181.52643540904,0.0,-0.0,0.0,0.0,0.0,0.0,-22126.470841653478,-1003.0555937555644,-15052.0
t300,31030.445510059235,0.0,-0.0,0.0,0.0,0.0,0.0,-9798.757638258227,-446.6878718010037,-20785.0,24604.63151251027,0.0,-5860.291063060346,0.0,0.0,0.0,0.0,4590.221435996737,-195.5618854466593,-23139.0,10656.227284430519,0.0,-5521.534743443729,0.0,0.0,0.0,0.0,25422.732497345227,-1320.4250383320177,-29237.0,26674.36779538963,141.71578626327113,-0.0,0.0,0.0,0.0,0.0,-3558.596856159713,-231.4867254931893,-23026.0,5347.370648453663,0.0,-0.0,0.0,0.0,0.0,0.0,677.3825178570457,-30.75316631070988,-5994.0,36904.54987243696,0.0,-64.6,0.0,0.0,0.0,0.0,4455.35481704772,-445.304689484677,-40850.0,38275.30934441534,0.0,-0.0,0.0,0.0,0.0,0.0,-21788.33677382879,-1016.9725705865524,-15470.0
t301,32333.660618838647,0.0,-0.0,0.0,0.0,0.0,0.0,-9972.983845954823,-454.67677288382015,-21906.0,23179.743596405744,0.0,-3370.1368255767106,0.0,0.0,0.0,0.0,5389.230605487672,-218.8373763167054,-24980.0,9416.52681513226,0.0,-1696.4664358939278,0.0,0.0,0.0,0.0,24131.833896029355,-1344.8942752676946,-30507.0,28962.020545016738,99.20105052576946,-0.0,0.0,0.0,0.0,0.0,-5250.665786153239,-341.55580938926823,-23469.0,5704.270483021431,0.0,-0.0,0.0,0.0,0.0,0.0,456.4524585989625,-20.7229416203929,-6140.0,36257.16729671042,0.0,-0.0,0.0,0.0,0.0,0.0,6382.678970710552,-543.8462674209599,-42096.0,38211.16598363772,0.0,-0.0,0.0,0.0,0.0,0.0,-21136.546298718473,-988.6196849192536,-16086.0
t302,32936.51301348076,0.0,-0.0,0.0,0.0,0.0,0.0,-10472.028525930316,-477.4844875504478,-21987.0,23226.161684047685,0.0,-2246.9,0.0,0.0,0.0,0.0,4994.264560010419,-227.526244058102,-25746.0,8797.544714566167,0.0,-3372.4233014003066,0.0,0.0,0.0,0.0,27223.923399225714,-1340.0448123915737,-31309.0,31353.06112027597,0.0,-0.0,0.0,0.0,0.0,0.0,-7455.051573865975,-471.009546409987,-23427.0,5578.54914942902,0.0,-0.0,0.0,0.0,0.0,0.0,501.1797337392113,-14.728883168231961,-6065.0,36182.410288705396,0.0,-21.657220961652605,0.0,0.0,0.0,0.0,6854.063551221408,-737.816618965151,-42277.0,38927.14734010688,0.0,-0.0,0.0,0.0,0.0,0.0,-21646.351144400458,-1010.7961957064199,-16270.0
t303,32665.240029105782,0.0,-0.0,0.0,0.0,0.0,0.0,-10290.00631584515,-479.2337132606302,-21896.0,23463.22618225747,0.0,-3858.702174914607,0.0,0.0,0.0,0.0,6520.177430642352,-289.70143798521156,-25835.0,7567.507613926028,0.0,-3244.413845647293,0.0,0.0,0.0,0.0,28481.21289633461,-1458.3066646133402,-31346.0,33246.16544548183,0.0,-111.53041171607482,0.0,0.0,0.0,0.0,-9401.082570836828,-572.5524629289167,-23161.0,6040.98739741548,0.0,-0.0,0.0,0.0,0.0,0.0,-109.99368415485031,-4.993713260630204,-5926.0,36325.74061797383,0.0,-0.0,0.0,0.0,0.0,0.0,6148.6416730230385,-772.382290996871,-41702.0,38778.74823511708,0.0,-0.0,0.0,0.0,0.0,0.0,-21348.94942916317,-1202.7988059539164,-16227.0
t304,31860.44031216997,0.0,-0.0,0.0,0.0,0.0,0.0,-9616.63556690757,-509.80474526239635,-21734.0,20116.642051455423,0.0,-628.1183973297791,0.0,0.0,0.0,0.0,6349.995157821175,-302.5188119468186,-25536.0,4383.454354324725,0.0,-1665.0,0.0,0.0,0.0,0.0,29859.473829874983,-1411.9281841997067,-31166.0,34073.534923387866,0.0,-578.5,0.0,0.0,0.0,0.0,-10122.090387599384,-606.9445357884906,-22766.0,6737.302133462115,0.0,-0.0,0.0,0.0,0.0,0.0,-985.8751178519319,-45.427015610184064,-5706.0,36883.015133068264,0.0,-0.0,0.0,0.0,0.0,0.0,4940.563012303843,-831.5781453721117,-40992.0,37788.484076802386,0.0,-0.0,0.0,0.0,0.0,0.0,-20425.43092764111,-1247.053149161278,-16116.0
t305,28204.280228917112,0.0,-0.0,0.0,0.0,0.0,0.0,-6363.796594298248,-657.4836346188596,-21183.0,16286.939496805391,0.0,-0.0,0.0,0.0,0.0,0.0,9129.73582676199,-431.6753235673777,-24985.0,2800.2452301222515,0.0,-0.0,0.0,0.0,0.0,0.0,29400.139552510762,-1427.3847826330127,-30773.0,35291.11053346876,0.0,-578.5,0.0,0.0,0.0,0.0,-12047.851731117373,-639.7588023513941,-22025.0,7688.209256326341,1.9436831531621692,-0.0,0.0,0.0,0.0,0.0,-1996.6680163095398,-221.48492316996357,-5472.0,38025.12143783212,0.0,-0.0,0.0,0.0,0.0,0.0,2620.156620727248,-945.2780585593648,-39700.0,37912.47951510013,0.0,-0.0,0.0,0.0,0.0,0.0,-20741.71565827484,-1231.76385682529,-15939.0
t306,26980.46265925525,0.0,-629.1138013965824,0.0,0.0,0.0,0.0,-5002.210318225065,-734.1385396335959,-20615.0,13376.872791180678,0.0,-0.0,0.0,0.0,0.0,0.0,11368.660252295955,-533.533043476633,-24212.0,2600.317129135859,225.50889616582836,-0.0,0.0,0.0,0.0,0.0,28888.766461832645,-1444.5924871343313,-30270.0,35498.69163661015,0.0,-626.4862626508234,0.0,0.0,0.0,0.0,-12752.262355671744,-665.9430182875783,-21454.0,7843.17741378663,0.0,-0.0,0.0,0.0,0.0,0.0,-2304.2929057698134,-251.884508016816,-5287.0,37969.7227880959,64.6,-0.0,0.0,0.0,0.0,0.0,892.6052858713992,-1029.9280739673015,-37897.0,38232.46981326273,0.0,-0.0,0.0,0.0,0.0,0.0,-21091.266420333377,-1304.2033929293577,-15837.0
t307,26501.629413104212,0.0,-1919.9494131042134,0.0,0.0,0.0,0.0,-3400.0,-836.6800000000001,-20345.0,11221.52471858975,0.0,-0.0,0.0,0.0,0.0,0.0,12298.314357363935,-580.8390759536826,-22939.0,2441.782432439794,0.0,-0.0,0.0,0.0,0.0,0.0,29002.967199859922,-1440.7496322997135,-30004.0,35313.760468622815,0.0,-946.2157862632712,0.0,0.0,0.0,0.0,-12379.47764050017,-659.0670418593782,-21329.0,8573.027688703205,0.0,-0.0,0.0,0.0,0.0,0.0,-3092.182290122503,-264.84539858070235,-5216.0,37280.61923583664,48.707282666182664,-0.0,0.0,0.0,0.0,0.0,-151.24955722385494,-1081.0769612789688,-36097.0,39272.328591323654,0.0,-0.0,0.0,0.0,0.0,0.0,-22278.372069377325,-1426.9565219463238,-15567.0
t308,26053.673228430576,0.0,-1490.958905537415,0.0,0.0,0.0,0.0,-3519.694789415766,-829.019533477391,-20214.0,10613.57696929829,0.0,-0.0,0.0,0.0,0.0,0.0,12273.741332658523,-583.3183019568114,-22304.0,2289.7532858284117,0.0,-0.0,0.0,0.0,0.0,0.0,29242.921871761806,-1432.6751575902153,-30100.0,35358.1512331427,0.0,-946.2157862632712,0.0,0.0,0.0,0.0,-11999.002317329505,-651.9331295499283,-21761.0,8988.63488062565,0.0,-7.641128155709151,0.0,0.0,0.0,0.0,-3454.1820272395016,-256.81172523043875,-5270.0,36548.56903582407,20.69283058785638,-0.0,0.0,0.0,0.0,0.0,-366.6312044203278,-1091.630661991596,-35111.0,39049.54916039813,0.0,-0.0,0.0,0.0,0.0,0.0,-22177.152866015225,-1418.3962943829013,-15454.0
t309,25926.353595676603,0.0,-781.2093231640908,0.0,0.0,0.0,0.0,-3847.077214222769,-808.0670582897428,-20490.0,11896.22672204907,0.0,-0.0,0.0,0.0,0.0,0.0,11299.645419408223,-544.8721414572943,-22651.0,2264.543905013971,0.0,-0.0,0.0,0.0,0.0,0.0,29847.777848944064,-1412.3217539580323,-30700.0,35140.13149481835,0.0,-946.2157862632712,0.0,0.0,0.0,0.0,-11520.946132471252,-642.9695760838359,-22030.0,9119.802860845932,0.0,-0.0,0.0,0.0,0.0,0.0,-3687.856098036372,-235.94676280955724,-5196.0,36076.32917347655,64.6,-0.0,0.0,0.0,0.0,0.0,2.6087316477151035,-1073.537905124262,-35070.0,38930.69496551007,0.0,-0.0,0.0,0.0,0.0,0.0,-22094.152555269608,-1385.5424102404638,-15451.0
t310,25347.84343738896,0.0,-540.1634373889601,0.0,0.0,0.0,0.0,-3400.0,-836.6800000000001,-20571.0,12491.893388453434,0.0,-0.0,0.0,0.0,0.0,0.0,10116.32103590596,-505.214424359392,-22103.0,2325.549121750001,0.0,-0.0,0.0,0.0,0.0,0.0,31041.6005,-1372.1496217499998,-31995.0,34563.98734767737,0.0,-794.789081195893,0.0,0.0,0.0,0.0,-11658.646802828456,-645.5514636530336,-21465.0,9362.240888272758,0.0,-0.0,0.0,0.0,0.0,0.0,-4051.3061955010758,-262.9346927716817,-5048.0,35733.49333143719,39.44852470316094,-0.0,0.0,0.0,0.0,0.0,-7.889535905958837,-1074.0523202343918,-34691.0,38782.64039601411,0.0,-0.0,0.0,0.0,0.0,0.0,-22040.079001670467,-1438.5613943436479,-15304.0
t311,25267.489216418093,0.0,-0.0,0.0,0.0,0.0,0.0,-3998.0867696774503,-798.4024467406432,-20471.0,11318.079586739475,0.0,-0.0,0.0,0.0,0.0,0.0,9962.602636025787,-497.6822227652636,-20783.0,2306.292232918555,0.0,-0.0,0.0,0.0,0.0,0.0,31455.351444761316,-1396.6436776798698,-32365.0,34338.3731407908,0.0,-804.5,0.0,0.0,0.0,0.0,-11013.419685586065,-633.4534552047387,-21887.0,9421.89674091529,0.0,-0.0,0.0,0.0,0.0,0.0,-4060.056478423295,-219.84026249199445,-5142.0,35315.936255357235,0.0,-0.0,0.0,0.0,0.0,0.0,-267.92208078710246,-1091.0141745701333,-33957.0,38585.75648556608,0.0,-0.0,0.0,0.0,0.0,0.0,-22078.469066313188,-1369.2874192528989,-15138.0
t312,27642.907754446645,0.0,-0.0,0.0,0.0,0.0,0.0,-5801.914680962334,-682.99307348431,-21158.0,12020.814939522501,0.0,-0.0,0.0,0.0,0.0,0.0,9582.46012111277,-477.27506063526863,-21126.0,2253.424165347206,0.0,-0.0,0.0,0.0,0.0,0.0,30925.627933273154,-1376.0520986203583,-31803.0,33447.108643795444,0.0,-578.5,0.0,0.0,0.0,0.0,-9896.677439817442,-591.9312039779998,-22380.0,9930.408757460906,0.0,-0.0,0.0,0.0,0.0,0.0,-4450.895882032754,-211.5128754281521,-5268.0,35033.26653402583,0.0,-0.0,0.0,0.0,0.0,0.0,641.9439456140772,-1042.2104796399103,-34633.0,37466.96174224662,0.0,-0.0,0.0,0.0,0.0,0.0,-21000.543997187466,-1219.4177450591576,-15247.0
t313,27243.519305975242,0.0,-0.0,0.0,0.0,544.077,0.0,-7303.554232952604,-333.04207302263876,-20151.0,9171.55264569391,178.00514045327446,-0.0,0.0,0.0,1367.403,0.0,10201.423667142817,-509.384453289998,-20409.0,9260.120211206244,1918.9221939644403,-0.0,0.0,0.0,2334.615,0.0,22317.49091345376,-986.148318624439,-34845.0,29182.044330258006,0.0,-0.0,0.0,0.0,572.373,0.0,-8047.433908521535,-507.9834217364772,-21199.0,6532.1020978610095,135.65442766671356,-0.0,0.0,0.0,155.898,0.0,-1000.9101988440199,-48.74432668370377,-5774.0,35500.94951630781,0.0,-0.0,0.0,0.0,2465.2650000000003,0.0,-92.99216714281647,-1078.222349164998,-36795.0,31339.819763279927,0.0,-153.2209748473556,0.0,0.0,1017.5959999999999,0.0,-16074.024073135599,-942.1707152969811,-15188.0
t314,26998.394208522564,0.0,-0.0,0.0,0.0,545.076,0.0,-7034.688416720126,-320.78179180243774,-20188.0,9324.120684822066,2222.7091753780574,-0.0,0.0,0.0,1407.201,0.0,8473.694882649717,-424.7257428498362,-21003.0,9268.457122437938,1524.0628807949988,-0.0,0.0,0.0,2222.323,0.0,21086.178612067088,-932.0216153000305,-33169.0,29491.605566506103,0.0,-0.0,0.0,0.0,576.477,0.0,-8201.738801380263,-515.3437651258386,-21351.0,6833.313515215811,77.94474663189658,-0.0,0.0,0.0,158.382,0.0,-1147.7450766164839,-55.89518523122276,-5866.0,35420.21002137454,0.0,-0.0,0.0,0.0,2589.6169999999997,0.0,1634.7366173502824,-993.5636387248362,-38651.0,30256.71701268605,0.0,-0.0,0.0,0.0,478.5362997938132,0.0,-14810.437817350214,-914.815495129654,-15010.0
t315,26442.122731663345,0.0,-0.0,0.0,0.0,544.1850000000001,0.0,-6533.38535928017,-297.92237238317574,-20155.0,11511.006181813234,1329.1761566092202,-0.0,0.0,0.0,1429.512,0.0,7440.399952868083,-374.0942912905361,-21336.0,9269.082977886108,1517.17155168652,-0.0,0.0,0.0,2117.6020000000003,0.0,19567.02935669823,-864.8858862708612,-31606.0,29080.472374601908,0.0,-0.0,0.0,0.0,591.84,0.0,-7280.892956287017,-471.4194183148907,-21920.0,6730.010860372255,52.596023993820396,-0.0,0.0,0.0,162.51299999999998,0.0,-883.1123146429625,-43.007569723112276,-6019.0,35368.181640033625,0.0,-0.0,0.0,0.0,2663.719,0.0,2668.0315471319173,-942.9321871655361,-39757.0,29477.29074792553,0.0,-0.0,0.0,0.0,972.5067017632323,0.0,-14978.070226488082,-813.7272232006884,-14658.0
t316,25663.92015364476,0.0,-0.0,0.0,0.0,552.177,0.0,-5513.673635850003,-251.42351779476013,-20451.0,9255.81236851807,5337.979774860271,-0.0,0.0,0.0,1500.8,0.0,6640.2971085401305,-334.88925191846636,-22400.0,9384.95348686542,1897.5556373526188,-0.0,0.0,0.0,1929.6000000000001,0.0,16308.907046960008,-721.0161711780454,-28800.0,28640.157119822175,99.56719374817806,-0.0,0.0,0.0,1093.601080643109,0.0,-6897.146894077415,-470.17850013604846,-22466.0,6250.974425016804,53.93451414182891,-0.0,0.0,0.0,167.697,0.0,-256.7911059225853,-4.814833236048474,-6211.0,35368.5737563336,0.0,-0.0,0.0,0.0,2724.019,0.0,3468.13439145987,-903.7271477934663,-40657.0,28622.87795266829,0.0,-0.0,0.0,0.0,1020.1419999999999,0.0,-13749.726911110007,-667.2930415582853,-15226.0
t317,24848.45144584792,0.0,-0.0,0.0,0.0,553.986,0.0,-4671.420663588294,-213.0167822596262,-20518.0,9241.823686766704,5289.191063060345,-0.0,0.0,0.0,1581.401,0.0,7886.539373052525,-395.9551228795737,-23603.0,9568.582323198787,2197.3549549216345,-0.0,0.0,0.0,1957.673,0.0,16210.349927102063,-714.9602052224751,-29219.0,28370.67069018304,465.5717343436407,-0.0,0.0,0.0,1525.8580000000002,0.0,-7125.385936466428,-462.7144880602534,-22774.0,5679.603189007813,226.29853024416127,-0.0,0.0,0.0,425.31600000000003,0.0,17.102961271872378,-0.3206805238476071,-6348.0,39781.45924867396,0.0,-0.0,0.0,0.0,2797.719,0.0,-10.9423978579689,-811.2358508159796,-41757.0,26892.28476607662,0.0,-0.0,0.0,0.0,1008.0150000000001,0.0,-12306.243263513768,-549.0565025628489,-15045.0
t318,24206.288939184935,0.0,-0.0,0.0,0.0,555.876,0.0,-3992.124081087351,-182.04085809758323,-20588.0,9869.473427963445,5289.191063060345,-0.0,0.0,0.0,1641.165,0.0,8101.666879680556,-406.4963707043472,-24495.0,10436.095171160629,2401.4122656828213,-0.0,0.0,0.0,1924.977,0.0,14612.544719003483,-644.0291558469348,-28731.0,28230.9335616367,226.0,-0.0,0.0,0.0,1516.88,0.0,-6898.502121347563,-435.3114402891314,-22640.0,5482.185790633326,191.19636911143266,-0.0,0.0,0.0,427.862,0.0,290.197034655023,-5.441194399781681,-6386.0,40655.33047284259,0.0,-0.0,0.0,0.0,2843.346,0.0,-237.80759845530793,-822.8688743872739,-42438.0,26273.741547191767,0.0,-0.0,0.0,0.0,994.95,0.0,-11875.974832448841,-542.7167147429286,-14850.0
t319,23864.518297427472,0.0,-0.0,0.0,0.0,550.26,0.0,-3858.8162752749327,-175.96202215253695,-20380.0,10104.543867215627,1975.3952383843773,-0.0,0.0,0.0,1637.7480000000003,0.0,11288.988,-562.6751055999999,-24444.0,11626.408654593448,0.0,-0.0,0.0,0.0,1846.0510000000004,0.0,14729.371520736673,-648.8311753301226,-27553.0,28389.98415402558,684.2532455858247,-0.0,0.0,0.0,1496.0430000000001,0.0,-7764.4692713731565,-476.8111282382467,-22329.0,5187.962782515478,153.36440744961246,-0.0,0.0,0.0,426.589,0.0,610.5312713731569,-11.447461338246692,-6367.0,43928.387692899996,0.0,-0.0,0.0,0.0,2842.2740000000003,0.0,-3367.735999999999,-980.9256929,-42422.0,25942.926478239326,0.0,-0.0,0.0,0.0,989.9250000000001,0.0,-11637.869245461741,-519.9822327775858,-14775.0
t320,24211.945990171367,0.0,-0.0,0.0,0.0,539.811,0.0,-4551.221298939716,-207.53569123165104,-19993.0,11422.738099706596,0.0,-0.0,0.0,0.0,1604.985,0.0,11490.390102075651,-563.1132017822413,-23955.0,14310.017676063102,0.0,-0.0,0.0,0.0,1480.7929990211805,0.0,12544.846494984557,-602.6571700688377,-27733.0,29481.69103012594,174.46686184719724,-0.0,0.0,0.0,594.567,0.0,-7753.126441789586,-476.59845018355475,-22021.0,5620.875267259131,0.0,-97.41592576516264,0.0,0.0,169.587,0.0,599.1884417895862,-11.234783283554743,-6281.0,41048.07030957389,0.0,-0.0,0.0,0.0,2812.794,0.0,-767.5868223059024,-1111.277487267989,-41982.0,26494.17273243752,0.0,-0.0,0.0,0.0,398.466,0.0,-11562.49047581459,-572.1482566229345,-14758.0
t321,25489.87002744933,0.0,-0.0,0.0,0.0,529.4159999999999,0.0,-6131.681357545269,-279.6046699040643,-19608.0,13984.630535969893,0.0,-0.0,0.0,0.0,633.204,0.0,9256.511987067466,-422.34652303735663,-23452.0,12925.563483486272,0.0,-0.0,0.0,0.0,756.4590000000001,0.0,15214.429580992368,-879.4520644786338,-28017.0,30068.024234825538,0.0,-0.0,0.0,0.0,584.253,0.0,-8503.384588555129,-509.89264627040853,-21639.0,5430.199006071597,0.0,-0.0,0.0,0.0,169.344,0.0,685.3064906276722,-12.849496699268855,-6272.0,37716.21538101185,0.0,-0.0,0.0,0.0,1118.853,0.0,3505.812537619777,-901.880918631631,-41439.0,29209.15741534687,0.0,-0.0,0.0,0.0,400.761,0.0,-14026.994650206885,-739.9237651399835,-14843.0
t322,24816.00815779747,0.0,-0.0,0.0,0.0,527.04,0.0,-5569.09732000523,-253.9508377922385,-19520.0,18022.238214779234,0.0,-0.0,0.0,0.0,622.404,0.0,4644.450556068108,-237.0927708473373,-23052.0,13568.31438885953,0.0,-2215.3922875607755,0.0,0.0,767.691,0.0,17066.47360488579,-754.0867061845428,-28433.0,28499.721292188427,0.0,-0.0,0.0,0.0,585.6030000000001,0.0,-6993.539984789165,-402.78430739925983,-21689.0,5050.063203567734,0.0,-0.0,0.0,0.0,170.80200000000002,0.0,1126.2520218417997,-21.11722540953374,-6326.0,38645.7433663578,0.0,-0.0,0.0,0.0,1111.752,0.0,1990.1514068792571,-571.6467732370634,-41176.0,27374.83023287286,0.0,-0.0,0.0,0.0,404.10900000000004,0.0,-12264.690284880558,-547.2489479923042,-14967.0
t323,23929.64406858905,0.0,-0.0,0.0,0.0,532.3860000000001,0.0,-4537.136637900777,-206.89343068827543,-19718.0,19283.51227508953,0.0,-0.0,0.0,0.0,1533.362,0.0,2185.741764995237,-116.61604008476662,-22886.0,13407.189201447916,0.0,-0.0,0.0,0.0,794.205,0.0,15915.45612701691,-701.8503284648272,-29415.0,26149.014670227163,0.0,-0.0,0.0,0.0,586.278,0.0,-4765.282091690164,-256.0105785369976,-21714.0,5050.293704669376,0.0,-0.0,0.0,0.0,171.882,0.0,1165.6808105280243,-21.856515197400455,-6366.0,38221.48057593853,0.0,-0.0,0.0,0.0,1351.002931718932,0.0,2181.173516166902,-303.65702382436376,-41450.0,27461.735466492686,0.0,-0.0,0.0,0.0,409.968,0.0,-12145.633489116133,-542.0699773765517,-15184.0
t324,23813.76276274229,0.0,-0.0,0.0,0.0,558.873,0.0,-3513.4236445507813,-160.21211819151563,-20699.0,20644.64348007067,0.0,-0.0,0.0,0.0,1569.5420000000001,0.0,1284.2578480855218,-72.44332815619057,-23426.0,12947.281292403903,167.94336440865808,-0.0,0.0,0.0,2071.6400000000003,0.0,16456.36542900261,-723.2300858151702,-30920.0,24969.44664474285,675.9746380654208,-0.0,0.0,0.0,1507.165,0.0,-4420.46789794078,-237.1183848674931,-22495.0,5001.254972558305,0.0,-0.0,0.0,0.0,435.90200000000004,0.0,1089.266779558416,-20.423752116720298,-6506.0,37230.48061101012,0.0,-0.0,0.0,0.0,2858.2870000000003,0.0,2814.2572702968428,-242.02488130696335,-42661.0,28883.583831675485,0.0,-0.0,0.0,0.0,1045.8029999999999,0.0,-13710.25578445183,-610.1310472236546,-15609.0
t325,23709.587960652832,0.0,-0.0,0.0,0.0,1452.4930000000002,0.0,-3331.179189606762,-151.90177104606835,-21679.0,21714.961332105602,0.0,-0.0,0.0,0.0,1675.2679999999998,0.0,1706.9246703411122,-93.1540024467145,-25004.0,11604.361641951033,2581.20405375552,-0.0,0.0,0.0,2162.894,0.0,16665.484349808292,-731.9440455148348,-32282.0,24949.214157807684,720.2157862632712,-0.0,0.0,0.0,1529.878,0.0,-4147.722790369882,-217.58515370107395,-22834.0,4905.305674671993,99.04065786574617,-0.0,0.0,0.0,438.85,0.0,1127.952782127146,-21.14911466488399,-6550.0,38873.97662393666,0.0,-11.399999955368607,0.0,0.0,2922.7410000000004,0.0,2080.159337901624,-242.47696188290445,-43623.0,29789.260514270303,0.0,-0.0,0.0,0.0,1081.5140000000001,0.0,-14101.61916020153,-627.1553540687664,-16142.0
t326,24907.86634420148,0.0,-0.0,0.0,0.0,1454.1009999999999,0.0,-4455.783611516335,-203.1837326851449,-21703.0,20846.82833020873,0.0,-0.0,0.0,0.0,1719.086,0.0,3252.9533297941994,-160.86766000292974,-25658.0,9271.376751642674,2581.20405375552,-0.0,0.0,0.0,2199.543,0.0,19640.599414726592,-863.7232201247909,-32829.0,27607.181739467826,257.41578626318403,-0.0,0.0,0.0,1519.56,0.0,-6331.546624218653,-372.61090151236016,-22680.0,5087.3805588278265,108.76370417015866,-0.0,0.0,0.0,432.887,0.0,847.8662287918621,-15.897491789847415,-6461.0,38915.37050577228,0.0,-64.6,0.0,0.0,2922.004,0.0,2349.513101359523,-510.28760713180884,-43612.0,32209.901364671416,0.0,-867.2915757009414,0.0,0.0,1103.825,0.0,-15303.601838937187,-667.8329500332798,-16475.0
t327,23845.76745390741,0.0,-0.0,0.0,0.0,1438.624,0.0,-3646.1280163613364,-166.26343754607694,-21472.0,18357.645241037615,1951.8560999181195,-0.0,0.0,0.0,1715.7359999999999,0.0,3777.3684044629545,-194.60574541868476,-25608.0,10275.562610353187,2581.20405375552,-0.0,0.0,0.0,2197.2650000000003,0.0,18555.80261863633,-814.8342827450391,-32795.0,25117.018252556314,720.2157862632712,-0.0,0.0,0.0,1506.026,0.0,-4568.104820261574,-297.15521855801535,-22478.0,5776.94659984204,73.08049064460255,-0.0,0.0,0.0,393.97290951335674,0.0,0.0,-0.0,-6244.0,38921.62746857808,0.0,-0.0,0.0,0.0,2874.97,0.0,1558.0504157986193,-444.6478843767001,-42910.0,31659.877527073957,0.0,-0.0,0.0,0.0,1097.7949999999998,0.0,-15676.988602274994,-695.6839247989622,-16385.0
t328,23403.342012429035,0.0,-0.0,0.0,0.0,568.917,0.0,-2774.731266668934,-126.5277457601034,-21071.0,16979.36278691751,38.36675589262737,-0.0,0.0,0.0,1675.603,0.0,6651.08533206085,-335.4178748709817,-25009.0,9079.794690861594,3881.6391907348034,-0.0,0.0,0.0,2176.629,0.0,18144.029329914913,-795.0922115113034,-32487.0,26226.88521880838,107.52826565696797,-0.0,0.0,0.0,1458.992,0.0,-5525.273747661605,-492.131736803747,-21776.0,7509.757592593424,0.0,-0.0,0.0,0.0,163.62,0.0,-1583.683526472072,-29.694066121351348,-6060.0,38406.46552388056,0.0,-0.0,0.0,0.0,2792.0910000000003,0.0,1225.185942072827,-750.7424659533774,-41673.0,32113.370608597186,0.0,-0.0,0.0,0.0,1095.9189999999999,0.0,-16136.612063245979,-715.6775453512,-16357.0
t329,23639.218435621337,0.0,-0.0,0.0,0.0,546.534,0.0,-3771.7601717878115,-171.99226383352422,-20242.0,15498.85382737945,0.0,-0.0,0.0,0.0,648.135,0.0,8272.897861430658,-414.88668881010227,-24005.0,8774.026411236524,296.62569674364397,-0.0,0.0,0.0,865.1070000000001,0.0,23118.83072491436,-1013.5898328945291,-32041.0,27870.70246119251,0.0,-0.0,0.0,0.0,561.951,0.0,-6980.487366142475,-639.166095050036,-20813.0,9793.540344695812,0.0,-0.0,0.0,0.0,156.06,0.0,-4054.2239986461987,-115.37634604961622,-5780.0,40097.97213754076,0.0,-0.0,0.0,0.0,1079.811,0.0,-351.64586143065844,-833.1372761101022,-39993.0,33063.5649049993,0.0,-0.0,0.0,0.0,437.184,0.0,-16233.611188337874,-1075.1377166614245,-16192.0
t330,24079.82552570932,0.0,-0.0,0.0,0.0,0.0,0.0,-4210.518290672908,-436.30723503640957,-19433.0,13484.055509683356,0.0,-0.0,0.0,0.0,0.0,0.0,9976.297774886063,-498.3532845694171,-22962.0,5465.890684295673,0.0,-0.0,0.0,0.0,0.0,0.0,27246.826212054053,-1199.7168963497272,-31513.0,29169.6063132237,0.0,-0.0,0.0,0.0,0.0,0.0,-8611.858677323518,-657.747635900184,-19900.0,11646.050282913428,0.0,-0.0,0.0,0.0,0.0,0.0,-5847.50273456357,-220.5475483498578,-5578.0,40909.64964675547,0.0,-0.0,0.0,0.0,0.0,0.0,-2055.0457748860626,-916.6038718694172,-37938.0,33655.32931815706,0.0,-0.0,0.0,0.0,0.0,0.0,-16498.19850949406,-1154.1308086629915,-16003.0
t331,24577.897529015827,0.0,-0.0,0.0,0.0,0.0,0.0,-4924.729847949333,-643.1676810664896,-19010.0,11706.624806286058,0.0,-3344.036367884822,0.0,0.0,0.0,0.0,14065.516863453991,-656.1053018552268,-21772.0,5320.341763765006,0.0,-2581.20405375552,0.0,0.0,0.0,0.0,30014.93786264892,-1581.0755726584084,-31173.0,29759.4444948092,0.0,-804.5,0.0,0.0,0.0,0.0,-8718.190582124027,-655.7539126851746,-19581.0,13565.960402477715,0.0,-100.97999006656664,0.0,0.0,0.0,0.0,-7656.471917875972,-305.50849453517446,-5503.0,43178.20614464027,0.0,-0.0,0.0,0.0,0.0,0.0,-5992.872378153579,-1136.333766486692,-36049.0,33751.9354385,0.0,-0.0,0.0,0.0,0.0,0.0,-16788.190000000002,-1166.7454384999999,-15797.0
t332,25144.276016296688,0.0,-0.0,0.0,0.0,0.0,0.0,-5380.337624248594,-709.93839204809,-19054.0,11830.655156945593,0.0,-4844.763965333394,0.0,0.0,0.0,0.0,14829.936842539246,-681.8280341514455,-21134.0,5096.0346146676975,0.0,-4390.304595207706,0.0,0.0,0.0,0.0,32316.68149736371,-1776.4115168237006,-31246.0,29916.662452742337,0.0,-852.4862626508233,0.0,0.0,0.0,0.0,-8447.343902156957,-660.832287934557,-19956.0,14031.93992219657,0.0,-217.03445456896867,0.0,0.0,0.0,0.0,-7927.318597843043,-310.58686978455705,-5577.0,43641.877898046005,0.0,-0.0,0.0,0.0,0.0,0.0,-7471.826194003579,-1315.0517040424272,-34855.0,34883.41289681905,0.0,-0.0,0.0,0.0,0.0,0.0,-17919.792021650785,-1242.6208751682623,-15721.0
t333,25511.004446563336,0.0,-0.0,0.0,0.0,0.0,0.0,-5553.124408721511,-698.8800378418233,-19259.0,12068.662585907528,0.0,-5860.291063060346,0.0,0.0,0.0,0.0,15811.485627932752,-714.857150779937,-21305.0,5071.517063361224,0.0,-3593.136268498535,0.0,0.0,0.0,0.0,32079.102872067248,-1853.483666929937,-31704.0,29643.373607404224,0.0,-720.2157862632712,0.0,0.0,0.0,0.0,-8203.75830322645,-665.399517914504,-20054.0,14148.021621169493,0.0,-156.96332463143983,0.0,0.0,0.0,0.0,-8170.90419677355,-315.15409976450405,-5505.0,43816.0077798219,0.0,-0.0,0.0,0.0,0.0,0.0,-7527.52560094711,-1406.4821788747913,-34882.0,35474.22595264798,0.0,-0.0,0.0,0.0,0.0,0.0,-18435.275990331378,-1278.9499623166146,-15760.0
t334,23372.68,0.0,-0.0,0.0,0.0,0.0,0.0,-3400.0,-836.6800000000001,-19136.0,12085.78241350411,0.0,-4370.983520042246,0.0,0.0,0.0,0.0,13816.941859510669,-647.740752972534,-20884.0,5256.6206286332035,0.0,-4760.9,0.0,0.0,0.0,0.0,34073.64664048933,-1786.367269122534,-32783.0,28651.96195673827,0.0,-946.2157862632712,0.0,0.0,0.0,0.0,-7626.523499999999,-676.2226704750001,-19403.0,14697.456910190744,0.0,-295.34065786574615,0.0,0.0,0.0,0.0,-8748.139,-325.977252325,-5328.0,43367.43569458335,64.6,-0.0,0.0,0.0,0.0,0.0,-7575.882916912789,-1403.1527776705543,-34453.0,36652.02793788229,867.4356684754584,-0.0,0.0,0.0,0.0,0.0,-20540.043083087206,-1413.4205232705542,-15566.0
t335,23342.679999999997,0.0,-0.0,0.0,0.0,0.0,0.0,-3400.0,-836.6800000000001,-19106.0,11917.708735283262,0.0,-4470.411609886985,0.0,0.0,0.0,0.0,12762.977734779037,-612.2748601753145,-19598.0,5208.39466485987,0.0,-5677.104053755519,0.0,0.0,0.0,0.0,35127.61076522096,-1750.9013763253147,-32908.0,28977.961956738272,0.0,-946.2157862632712,0.0,0.0,0.0,0.0,-7626.523499999999,-676.2226704750001,-19729.0,14798.456910190745,0.0,-295.34065786574615,0.0,0.0,0.0,0.0,-8748.139,-325.977252325,-5429.0,43293.05813241957,0.0,-0.0,0.0,0.0,0.0,0.0,-8393.175982300985,-1346.882150118577,-33553.0,36384.89991341759,0.0,-0.0,0.0,0.0,0.0,0.0,-19722.750017699014,-1357.149895718577,-15305.0
t336,24180.68,0.0,-0.0,0.0,0.0,0.0,0.0,-3400.0,-836.6800000000001,-19944.0,12026.170976663696,0.0,-5681.208132712247,0.0,0.0,0.0,0.0,14103.417825268845,-657.3806692202966,-19791.0,5248.971591179751,0.0,-5071.135080540607,0.0,0.0,0.0,0.0,33787.170674731155,-1796.0071853702966,-32169.0,29425.693034855558,0.0,-794.789081195893,0.0,0.0,0.0,0.0,-7733.690667576722,-674.2132860829365,-20223.0,14721.539832218214,0.0,-215.60013186199836,0.0,0.0,0.0,0.0,-8640.971832423278,-323.96786793293643,-5541.0,43085.36541087453,0.0,-0.0,0.0,0.0,0.0,0.0,-7353.931261745722,-1418.434149128807,-34313.0,37464.69663298308,0.0,-0.0,0.0,0.0,0.0,0.0,-20761.99473825428,-1428.701894728807,-15274.0
t337,18380.72522347596,854.9638437513911,-0.0,0.0,0.0,0.0,0.0,-439.0293297889748,-701.6597374383773,-18095.0,7428.264343633097,1374.4227619669034,-0.0,0.0,0.0,0.0,0.0,11288.988,-562.6751055999999,-19529.0,3482.4906399428446,4533.160889456557,-0.0,0.0,0.0,0.0,0.0,33640.62982978897,-1566.2813591883773,-40090.0,21137.723493776557,578.5,-0.0,0.0,0.0,0.0,0.0,-5800.229849525518,-230.99364425104048,-15685.0,7561.586324252718,0.0,-0.0,0.0,0.0,0.0,0.0,-2548.2765087925786,-247.30981546013916,-4766.0,45291.44597482364,378.6,-0.0,0.0,0.0,0.0,0.0,-15290.891550482529,-896.1544243411114,-29483.0,36111.89672299917,0.0,-0.0,0.0,0.0,0.0,0.0,-20851.190591199374,-1239.7061317997898,-14021.0
t338,18937.525824513716,3319.8679782479694,-0.0,0.0,0.0,0.0,0.0,-2814.4164142709396,-809.9773884907548,-18633.0,8518.642651145481,960.0444544545196,-0.0,0.0,0.0,0.0,0.0,11288.988,-562.6751055999999,-20205.0,3301.582095969813,0.0,-0.0,0.0,0.0,0.0,0.0,36016.01691427094,-1674.5990102407548,-37643.0,21045.284220819387,578.5,-0.0,0.0,0.0,0.0,0.0,-5712.086777883425,-195.6974429359616,-15716.0,6956.85421162904,0.0,-0.0,0.0,0.0,0.0,0.0,-1834.1546105773646,-260.6996010516744,-4862.0,47504.44426514878,314.0,-0.0,0.0,0.0,0.0,0.0,-15891.349639498128,-857.0946256506465,-31070.0,36093.07741562472,0.0,-0.0,0.0,0.0,0.0,0.0,-21052.99747204108,-1230.0799435836404,-13810.0
t339,16649.90966676043,2678.366709420305,-0.0,0.0,0.0,0.0,0.0,488.76618359705026,-628.0425597777875,-19189.0,8376.047943263442,1357.639162336557,-0.0,0.0,0.0,0.0,0.0,11288.988,-562.6751055999999,-20460.0,3236.5129720736877,1665.0,-0.0,0.0,0.0,0.0,0.0,32368.771654312983,-1508.284626386672,-35762.0,20343.820740729872,946.2157862632712,-0.0,0.0,0.0,0.0,0.0,-5201.946820147124,-166.0897068460178,-15922.0,6198.563175292941,295.34065786574615,-0.0,0.0,0.0,0.0,0.0,-1176.5975471842244,-258.30628597446236,-5059.0,48330.788026,378.6,-0.0,0.0,0.0,0.0,0.0,-16081.673999999999,-844.7140259999999,-31783.0,36076.469733914266,522.3633569437843,-0.0,0.0,0.0,0.0,0.0,-21686.307470578682,-1223.5256202793646,-13689.0
t340,16726.678759123377,6566.3,-0.0,0.0,0.0,0.0,0.0,-2437.3300541801464,-635.6487049432324,-20220.0,8186.905362707619,2348.781742892381,-0.0,0.0,0.0,0.0,0.0,11288.988,-562.6751055999999,-21262.0,3367.1023082458582,65.37382134772498,-0.0,0.0,0.0,0.0,0.0,33912.18829563748,-1578.6644252310693,-35766.0,19409.180001139437,946.2157862632712,-0.0,0.0,0.0,0.0,0.0,-3933.7968348551167,-105.59895254758908,-16316.0,5191.627578398972,295.34065786574615,-0.0,0.0,0.0,0.0,0.0,83.59949567057429,-189.5677319352924,-5381.0,48989.788026,378.6,-0.0,0.0,0.0,0.0,0.0,-16081.673999999999,-844.7140259999999,-32442.0,36461.744867893496,1630.3,-0.0,0.0,0.0,0.0,0.0,-22831.974902272792,-1157.0699656207182,-14103.0
t341,16413.661479172766,6465.5683805325325,-0.0,0.0,0.0,0.0,0.0,-858.9208216656593,-563.309038039635,-21457.0,8039.705501159657,3762.9816044403437,-0.0,0.0,0.0,0.0,0.0,11288.988,-562.6751055999999,-22529.0,3885.7296605763345,1665.0,-0.0,0.0,0.0,0.0,0.0,32329.776800475338,-1506.5064610516754,-36374.0,20506.957571119427,946.2157862632712,-0.0,0.0,0.0,0.0,0.0,-4443.272419449935,-129.90093793276188,-16880.0,4772.99530957369,295.34065786574615,-0.0,0.0,0.0,0.0,0.0,808.1402881757119,-224.47625561514803,-5652.0,50075.388026,314.0,-0.0,0.0,0.0,0.0,0.0,-16081.673999999999,-844.7140259999999,-33463.0,37326.94740851399,1296.5526164314151,-0.0,0.0,0.0,0.0,0.0,-23043.037847535456,-1216.4621774099503,-14364.0
t342,21365.380122485836,97.3,-0.0,0.0,0.0,0.0,0.0,1628.51323671527,-503.19335920110825,-22588.0,11213.71025814534,195.3233213283724,-0.0,0.0,0.0,0.0,0.0,13022.990717572602,-621.024297046318,-23811.0,8370.96425804538,0.0,-0.0,0.0,0.0,0.0,0.0,28694.178642364044,-1478.142900409429,-35587.0,19087.772185283793,829.7619392466207,-0.0,0.0,0.0,0.0,0.0,-2744.1115712542382,-57.422553276172835,-17116.0,5169.905259591196,203.04836137371953,-0.0,0.0,0.0,0.0,0.0,693.0449033480818,-273.9985243129971,-5792.0,50425.168422568495,358.2486379572,-0.0,0.0,0.0,0.0,0.0,-15523.255951915044,-883.1611086106491,-34377.0,41435.71604764254,0.0,-0.0,0.0,0.0,0.0,0.0,-25771.359976830718,-1205.356070811822,-14459.0
t343,20374.695648271543,97.3,-0.0,0.0,0.0,0.0,0.0,3149.6676042579547,-187.6632525294983,-23434.0,14793.280305718123,0.0,-2246.9,0.0,0.0,0.0,0.0,12403.808510044882,-600.1888157630103,-24350.0,15352.16682425912,0.0,-1665.0,0.0,0.0,0.0,0.0,20761.18518223918,-1023.352006498301,-33425.0,17468.84655315723,578.5,-0.0,0.0,0.0,0.0,0.0,-823.0333033247,-51.31324983253195,-17173.0,3842.9216585034765,0.0,-0.0,0.0,0.0,0.0,0.0,2069.2362314727525,-117.15788997622894,-5795.0,47324.82410227449,0.0,-0.0,0.0,0.0,0.0,0.0,-11897.795673219884,-597.0284290546172,-34830.0,41681.44857957531,0.0,-0.0,0.0,0.0,0.0,0.0,-25663.068551470184,-1188.3800281051278,-14830.0
t344,21383.507652864242,38.92000000019035,-0.0,0.0,0.0,0.0,0.0,2594.019642849499,-162.44729571393717,-23854.0,20050.078656604597,0.0,-2246.9,0.0,0.0,0.0,0.0,6728.518762771192,-329.6974193757884,-24202.0,18563.15277041802,0.0,-1665.0,0.0,0.0,0.0,0.0,18043.43324174905,-879.5860121670665,-34062.0,16372.267565731727,578.5,-0.0,0.0,0.0,0.0,0.0,275.4581804145673,-46.225746146293034,-17180.0,4177.243797157924,0.0,-0.0,0.0,0.0,0.0,0.0,1812.0925848836443,-73.33638204156833,-5916.0,47153.64671200045,0.0,-0.0,0.0,0.0,0.0,0.0,-11659.061181439502,-621.5855305609524,-34873.0,33696.80218650114,0.0,-0.0,0.0,0.0,0.0,0.0,-17794.46123122845,-833.34095527269,-15069.0
t345,24781.36366693285,0.0,-97.3,0.0,0.0,0.0,0.0,-571.1341753710063,-25.92949156184369,-24087.0,24097.953104421787,0.0,-2246.9,0.0,0.0,0.0,0.0,2289.0320522322777,-99.08515665406469,-24041.0,19932.105460199196,0.0,-1665.0,0.0,0.0,0.0,0.0,17525.81682879373,-875.9222889929312,-34917.0,16813.076409422374,255.59728399479297,-0.0,0.0,0.0,0.0,0.0,170.45711076638958,-8.130804183556783,-17231.0,4743.1555455967355,0.0,-0.0,0.0,0.0,0.0,0.0,1206.727332728414,-56.88287832514945,-5893.0,34835.365574050455,0.0,-0.0,0.0,0.0,0.0,0.0,-49.919517683943525,-2.4460563665132327,-34783.0,37029.57317031811,0.0,-0.0,0.0,0.0,0.0,0.0,-20570.979631465863,-912.5935388522422,-15546.0
t346,28210.353489818976,0.0,-1890.6240258505993,0.0,0.0,0.0,0.0,-1857.0480718901872,-84.68139207819254,-24378.0,27261.344679169044,0.0,-3568.5488870857,0.0,0.0,0.0,0.0,137.65630504651705,-8.452097129856147,-23822.0,20178.04649569352,0.0,-5677.104053755519,0.0,0.0,0.0,0.0,22498.64857189019,-982.5910138281924,-36017.0,17679.241824488112,0.0,-89.48096818548174,0.0,0.0,0.0,0.0,-199.02906140135443,-3.7317949012753955,-17387.0,5667.702733499921,0.0,-0.0,0.0,0.0,0.0,0.0,199.02906140135443,-3.7317949012753955,-5863.0,33165.711814963586,0.0,-156.99999999955617,0.0,0.0,0.0,0.0,1757.276684783301,-120.98849974733027,-34645.0,39527.883708457004,0.0,-0.0,0.0,0.0,0.0,0.0,-22536.533489829817,-1027.3502186271865,-15964.0
t347,30256.92394954893,0.0,-3592.0773341819063,0.0,0.0,0.0,0.0,-2028.7913933013583,-126.05522206566184,-24510.0,29055.904800638906,0.0,-5860.291063060346,0.0,0.0,0.0,0.0,654.3021894465608,-50.91592702512324,-23799.0,20150.838078175162,0.0,-5677.104053755519,0.0,0.0,0.0,0.0,23089.44690213144,-1008.1809265510799,-36555.0,17669.11498044671,0.0,-230.01563680686286,0.0,0.0,0.0,0.0,315.9858183772544,-49.08516201710065,-17706.0,6651.608475456011,0.0,-0.0,0.0,0.0,0.0,0.0,-831.0267243739983,-15.581751082012467,-5805.0,32606.47031351335,0.0,-378.6,0.0,0.0,0.0,0.0,2702.220405996744,-184.09071951008815,-34746.0,41129.33397289134,0.0,-0.0,0.0,0.0,0.0,0.0,-23902.13719827664,-1115.1967746147047,-16112.0
t348,32075.517391372712,0.0,-4563.963708034131,0.0,0.0,0.0,0.0,-2845.299562691438,-353.2541206471346,-24313.0,29009.09014266035,0.0,-5860.291063060346,0.0,0.0,0.0,0.0,767.3140000000001,-47.113079600000006,-23869.0,19767.432127289896,0.0,-5343.995108770904,0.0,0.0,0.0,0.0,25526.210834483456,-1120.6478530024456,-38829.0,18971.814891139053,0.0,-0.0,0.0,0.0,0.0,0.0,-967.6499858153106,-195.16490532374007,-17809.0,7388.379297484488,0.0,-0.0,0.0,0.0,0.0,0.0,-1577.7956294326268,-29.58366805186175,-5781.0,30775.543430598947,0.0,-314.0,0.0,0.0,0.0,0.0,4732.625115247937,-316.1685458468783,-34878.0,42989.5306711117,0.0,-0.0,0.0,0.0,0.0,0.0,-25635.404771792015,-1226.1258993196889,-16128.0
t349,31836.74431058614,0.0,-97.3,0.0,0.0,0.0,0.0,-7249.596215521172,-507.8480950649606,-23982.0,29091.090142660345,0.0,-5860.291063060346,0.0,0.0,0.0,0.0,767.3140000000001,-47.113079600000006,-23951.0,19107.405482543116,0.0,-5165.752913055675,0.0,0.0,0.0,0.0,29508.591858196312,-1302.2444276837516,-42148.0,19080.539207178786,0.0,-578.5,0.0,0.0,0.0,0.0,-452.9750310103768,-215.0641761684034,-17834.0,7947.302096911701,0.0,-0.0,0.0,0.0,0.0,0.0,-2214.775064453203,-41.52703245849755,-5691.0,30579.79485682133,0.0,-64.6,0.0,0.0,0.0,0.0,4854.92959546358,-324.12445228490583,-35046.0,44061.91244173134,0.0,-1630.3,0.0,0.0,0.0,0.0,-25213.489142675135,-1199.1232990562087,-16019.0
t350,33467.36122505473,0.0,-895.5212250547318,0.0,0.0,0.0,0.0,-8000.0,-627.84,-23944.0,28915.171662253306,0.0,-5175.372582653301,0.0,0.0,0.0,0.0,767.3140000000001,-47.113079600000006,-24460.0,17994.377044170265,0.0,-2544.82792242027,0.0,0.0,0.0,0.0,31041.6005,-1372.1496217499998,-45119.0,18948.53304585427,0.0,-578.5,0.0,0.0,0.0,0.0,-263.1231936473014,-251.90985220696743,-17855.0,8465.368378506437,0.0,-0.0,0.0,0.0,0.0,0.0,-2801.8339911719627,-52.534387334474296,-5611.0,30644.826088628237,0.0,-314.0,0.0,0.0,0.0,0.0,5252.136684819264,-349.96277344749313,-35233.0,44620.70662756236,0.0,-1435.4026176373673,0.0,0.0,0.0,0.0,-25996.093999999997,-1249.2100099249997,-15940.0
t351,32059.596605036557,0.0,-2946.9891959249517,0.0,0.0,0.0,0.0,-4541.7634706804965,-784.8439384311055,-23786.0,25692.804634339445,0.0,-2246.9,0.0,0.0,0.0,0.0,1641.020041283452,-89.92467562288915,-24997.0,14924.670204593562,0.0,-1665.0,0.0,0.0,0.0,0.0,35304.86465514077,-1624.5348597343334,-46940.0,18501.893471733412,0.0,-0.0,0.0,0.0,0.0,0.0,-481.8212532042978,-192.0722185291148,-17828.0,10947.287452370108,0.0,-28.068121304124386,0.0,0.0,0.0,0.0,-5376.252591469566,-192.96673959641913,-5350.0,36635.84694101591,0.0,-314.0,0.0,0.0,0.0,0.0,-549.9533810698622,-601.8935599460239,-35170.0,43971.96546485415,0.0,-852.6614549291498,0.0,0.0,0.0,0.0,-25996.093999999997,-1249.2100099249997,-15874.0
t352,32689.815525999045,0.0,-4316.651193490971,0.0,0.0,0.0,0.0,-4806.803784571095,-770.360547936983,-22796.0,22647.583943331545,0.0,-2246.9,0.0,0.0,0.0,0.0,5075.832039971625,-448.51598330316705,-25028.0,12625.868550604771,0.0,-1665.0,0.0,0.0,0.0,0.0,38903.90563907511,-1778.7741896798773,-48086.0,19362.250917524463,0.0,-0.0,0.0,0.0,0.0,0.0,-1813.7787217731257,-355.4721957513418,-17193.0,11371.138705590012,23.857903122516404,-0.0,0.0,0.0,0.0,0.0,-6158.907266154134,-204.08934255839768,-5032.0,41064.50953799824,0.0,-64.6,0.0,0.0,0.0,0.0,-5335.904457273605,-1106.0050807246314,-34558.0,43022.6584941511,0.0,-139.53707019775334,0.0,0.0,0.0,0.0,-25864.34344927477,-1240.7779746785852,-15778.0
t353,30938.01666057555,0.0,-4470.5350213257025,0.0,0.0,0.0,0.0,-4398.2512321750855,-774.2304070747621,-21295.0,19561.17115346463,0.0,-322.89339859845876,0.0,0.0,0.0,0.0,5646.274654799807,-752.5524096659865,-24132.0,9734.865080615793,0.0,-1665.0,0.0,0.0,0.0,0.0,42244.313845200195,-1891.1789258159865,-48423.0,21602.977926275,0.0,-578.5,0.0,0.0,0.0,0.0,-4319.9775,-518.500426275,-16186.0,12383.08816284975,0.0,-0.0,0.0,0.0,0.0,0.0,-7356.622546560885,-258.46561628886417,-4768.0,41388.221501475,0.0,-0.0,0.0,0.0,0.0,0.0,-6740.556499999999,-1460.6650014749998,-33187.0,41779.45228134992,0.0,-0.0,0.0,0.0,0.0,0.0,-25075.180721264027,-1190.2715600858976,-15514.0
t354,27200.614411036346,0.0,-923.8817085608804,0.0,0.0,0.0,0.0,-5653.261434268669,-692.4712682068052,-19931.0,15307.007127254525,3444.4496688554336,-0.0,0.0,0.0,0.0,0.0,4717.35380030962,-783.8105964195812,-22685.0,5311.2024128792,1665.0,-0.0,0.0,0.0,0.0,0.0,43173.23469969038,-1922.4371125695814,-48227.0,23368.171263850363,0.0,-578.5,0.0,0.0,0.0,0.0,-6928.027906367213,-511.6433574831456,-15350.0,11617.742764023835,0.0,-0.0,0.0,0.0,0.0,0.0,-6772.803060563274,-288.9397034605614,-4556.0,39721.821501474995,0.0,-378.6,0.0,0.0,0.0,0.0,-6740.556499999999,-1460.6650014749998,-31142.0,38009.12184995521,0.0,-0.0,0.0,0.0,0.0,0.0,-21795.93959880084,-1199.1822511543892,-15014.0
t355,24159.83173447418,0.0,-97.3,0.0,0.0,0.0,0.0,-4373.132194951045,-774.3995395231332,-18915.0,11409.877416623101,3049.5956494680995,-0.0,0.0,0.0,0.0,0.0,7540.343913035164,-688.8169791263666,-21311.0,4076.0948545532624,5344.104053758268,-0.0,0.0,0.0,0.0,0.0,40350.244586964836,-1827.4434952763668,-47943.0,27116.749217556175,0.0,-578.5,0.0,0.0,0.0,0.0,-11287.653871368024,-638.5953461881504,-14612.0,9787.358556670128,0.0,-0.0,0.0,0.0,0.0,0.0,-5087.0086286319765,-288.34992803815044,-4412.0,38304.559479922194,0.0,-0.0,0.0,0.0,0.0,0.0,-7494.825928606773,-1408.7335513154235,-29401.0,35668.68871288074,0.0,-0.0,0.0,0.0,0.0,0.0,-19647.967876442184,-1356.7208364385567,-14664.0
t356,23525.16204090126,0.0,-97.3,0.0,0.0,0.0,0.0,-4404.467992415878,-772.3940484853838,-18251.0,10076.354801288748,3055.922296063742,-0.0,0.0,0.0,0.0,0.0,7736.924930535006,-682.202027887497,-20187.0,4096.021426354789,4858.143548217716,-0.0,0.0,0.0,0.0,0.0,40153.663569464996,-1820.828544037497,-47287.0,29332.037426195122,0.0,-852.4862626508234,0.0,0.0,0.0,0.0,-13002.7968858349,-670.7542777094044,-14806.0,8428.210547204895,0.0,-229.8360734803881,0.0,0.0,0.0,0.0,-3371.865614165102,-320.5088595594043,-4506.0,37116.228458443176,0.0,-0.0,0.0,0.0,0.0,0.0,-7481.583141215897,-1409.6453172272854,-28225.0,35356.5019776809,0.0,-0.0,0.0,0.0,0.0,0.0,-19629.874866368227,-1355.6271113126693,-14371.0
t357,22477.309148194472,0.0,-97.3,0.0,0.0,0.0,0.0,-3428.129431831696,-834.8797163627715,-18117.0,11554.958995227782,2246.9,-0.0,0.0,0.0,0.0,0.0,7412.26774688939,-693.126742117172,-20521.0,4293.147565299761,3529.284939856804,-0.0,0.0,0.0,0.0,0.0,40478.32075311061,-1831.753258267172,-46469.0,28312.40580869462,0.0,-946.2157862632712,0.0,0.0,0.0,0.0,-12152.381041797644,-654.8089806337058,-14559.0,9311.18567855181,0.0,-295.34065786574615,0.0,0.0,0.0,0.0,-4222.2814582023575,-304.5635624837058,-4489.0,38810.35794851905,0.0,-314.0,0.0,0.0,0.0,0.0,-8774.746960230961,-1320.6109882880983,-28401.0,34900.12805818822,0.0,-0.0,0.0,0.0,0.0,0.0,-19313.049607937348,-1329.0784502508698,-14258.0
t358,21762.380000000005,97.3,-0.0,0.0,0.0,0.0,0.0,-3400.0,-836.6800000000001,-17623.0,8607.422240047505,5754.326444216746,-0.0,0.0,0.0,0.0,0.0,6296.909851047984,-730.6585353122352,-19928.0,4376.363159520442,2066.2432429897804,-0.0,0.0,0.0,0.0,0.0,41593.67864895202,-1869.2850514622353,-46167.0,25868.785697363277,0.0,-946.2157862632712,0.0,0.0,0.0,0.0,-10460.484,-623.0859111,-13839.0,10854.359650815746,0.0,-295.34065786574615,0.0,0.0,0.0,0.0,-5914.1785,-272.84049295,-4372.0,38323.7492200191,0.0,-0.0,0.0,0.0,0.0,0.0,-9054.915236674095,-1318.8339833450113,-27950.0,34583.11249227091,0.0,-0.0,0.0,0.0,0.0,0.0,-19061.010763325907,-1329.1017289450115,-14193.0
t359,21326.380000000005,97.3,-0.0,0.0,0.0,0.0,0.0,-3400.0,-836.6800000000001,-17187.0,11425.589229886777,0.0,-0.0,0.0,0.0,0.0,0.0,7853.683860023435,-678.2730899102114,-18601.0,4534.089009685053,2931.9059563985957,-0.0,0.0,0.0,0.0,0.0,40036.904639976565,-1816.8996060602112,-45686.0,26032.78569736327,0.0,-946.2157862632712,0.0,0.0,0.0,0.0,-10460.484,-623.0859111,-14003.0,10935.359650815746,0.0,-295.34065786574615,0.0,0.0,0.0,0.0,-5914.1785,-272.84049295,-4453.0,38404.95970976487,0.0,-0.0,0.0,0.0,0.0,0.0,-9870.94226548615,-1375.0174442787213,-27159.0,33602.26892439256,0.0,-0.0,0.0,0.0,0.0,0.0,-18244.98373451385,-1385.2851898787214,-13972.0
t360,21620.38,97.3,-0.0,0.0,0.0,0.0,0.0,-3400.0,-836.6800000000001,-17481.0,9510.732209010304,3509.8780804737094,-0.0,0.0,0.0,0.0,0.0,6418.941868442883,-726.5521579268969,-18713.0,4242.532042519783,0.0,-0.0,0.0,0.0,0.0,0.0,41471.646631557116,-1865.1786740768969,-43849.0,26414.358992295893,0.0,-794.789081195893,0.0,0.0,0.0,0.0,-10460.484,-623.0859111,-14536.0,10902.420162732838,0.0,-165.40116978283936,0.0,0.0,0.0,0.0,-5914.1785,-272.84049295,-4550.0,39463.384210353644,0.0,-335.6572209616526,0.0,0.0,0.0,0.0,-9784.650718147534,-1369.0762712444575,-27974.0,33560.61929869692,0.0,-0.0,0.0,0.0,0.0,0.0,-18331.275281852468,-1379.3440168444577,-13850.0
t361,20018.331122364678,97.3,-0.0,0.0,0.0,0.0,0.0,3492.7399365295732,-522.3710588942515,-23086.0,7577.171806538003,2380.515299061998,-0.0,0.0,0.0,0.0,0.0,11288.988,-562.6751055999999,-20684.0,4050.1600205492614,1409.9720966245618,-0.0,0.0,0.0,0.0,0.0,29708.86056347043,-1386.9926806442513,-33782.0,25261.703085506164,0.0,-804.5,0.0,0.0,0.0,0.0,-7360.0150507076305,-290.1880347985314,-16807.0,8241.290278515744,0.0,-0.0,0.0,0.0,0.0,0.0,-2511.032366540235,-298.2579119755095,-5432.0,46170.208506515904,0.0,-0.0,0.0,0.0,0.0,0.0,-14862.165449292368,-924.0430572235313,-30384.0,40092.00173161027,0.0,-0.0,0.0,0.0,0.0,0.0,-19757.375633459764,-1292.6260981505093,-19042.0
t362,18835.608444920515,97.3,-0.0,0.0,0.0,0.0,0.0,5366.996514039294,-436.90495895980814,-23863.0,7106.342207932199,3210.344897667802,-0.0,0.0,0.0,0.0,0.0,11288.988,-562.6751055999999,-21043.0,4332.179455188181,1061.7431395609203,-0.0,0.0,0.0,0.0,0.0,27834.603985960704,-1301.526580709808,-31927.0,25287.782591430412,0.0,-946.2157862632712,0.0,0.0,0.0,0.0,-7092.76348473512,-272.80332043201963,-16976.0,8120.260492252751,0.0,-0.0,0.0,0.0,0.0,0.0,-2254.4959059099365,-285.76458634281397,-5580.0,48735.54237490748,0.0,-0.0,0.0,0.0,0.0,0.0,-15960.653406513024,-963.8889683944541,-31811.0,39118.03910089716,0.0,-0.0,0.0,0.0,0.0,0.0,-19182.67570284192,-1337.3633980552486,-18598.0
t363,17718.227210288333,429.2127897116646,-0.0,0.0,0.0,0.0,0.0,7000.0,-362.44,-24785.0,6952.591926855113,3608.0951787448876,-0.0,0.0,0.0,0.0,0.0,11288.988,-562.6751055999999,-21287.0,3937.610053976664,1675.8510677733354,-0.0,0.0,0.0,0.0,0.0,26201.6005,-1227.0616217499999,-30588.0,24389.67227370757,0.0,-531.3067701325675,0.0,0.0,0.0,0.0,-6140.5064999999995,-210.85900357500003,-17507.0,8566.377807569168,0.0,-0.0,0.0,0.0,0.0,0.0,-2368.081598020567,-291.29620954860167,-5907.0,51341.35429588992,0.0,-0.0,0.0,0.0,0.0,0.0,-17777.858001393946,-961.4962944959732,-32602.0,38296.58906480505,0.0,-0.0,0.0,0.0,0.0,0.0,-18204.142400585486,-1402.4466642195746,-18690.0
t364,16906.287956652402,2751.152043347593,-0.0,0.0,0.0,0.0,0.0,7000.0,-362.44,-26295.0,6798.397395044107,5191.289710555894,-0.0,0.0,0.0,0.0,0.0,11288.988,-562.6751055999999,-22716.0,4206.98432990749,1865.4767918425084,-0.0,0.0,0.0,0.0,0.0,26201.6005,-1227.0616217499999,-31047.0,24757.365503575,0.0,-0.0,0.0,0.0,0.0,0.0,-6140.5064999999995,-210.85900357500003,-18406.0,9045.604308813723,0.0,-0.0,0.0,0.0,0.0,0.0,-2408.3471660996706,-293.257142714054,-6344.0,52811.69924472781,0.0,-0.0,0.0,0.0,0.0,0.0,-18141.1877004517,-986.5115442760998,-33684.0,38533.969980613765,0.0,-0.0,0.0,0.0,0.0,0.0,-17800.547133448625,-1429.4228471651536,-19304.0
t365,16910.39678379704,4635.043216202956,-0.0,0.0,0.0,0.0,0.0,7000.0,-362.44,-28183.0,8184.396042539654,5860.291063060346,-0.0,0.0,0.0,0.0,0.0,11288.988,-562.6751055999999,-24771.0,4469.0425066446605,2844.418615105338,-0.0,0.0,0.0,0.0,0.0,26201.6005,-1227.0616217499999,-32288.0,25515.266843291327,0.0,-588.2411204727173,0.0,0.0,0.0,0.0,-5600.084085640549,-203.94163717805964,-19123.0,10697.632958881599,0.0,-0.0,0.0,0.0,0.0,0.0,-3690.090821968507,-314.54213691309053,-6693.0,54203.17880762447,0.0,-0.0,0.0,0.0,0.0,0.0,-18073.994131024567,-991.1846765998943,-35138.0,38602.71780145129,0.0,-0.0,0.0,0.0,0.0,0.0,-17126.41946136637,-1462.298340084925,-20014.0
t366,21962.194001878863,2424.9448706364383,-0.0,0.0,0.0,0.0,0.0,5701.51217242225,-421.6510449375454,-29667.0,10121.807091489789,3412.0245120133777,-0.0,0.0,0.0,0.0,0.0,13697.903508973803,-643.7351124769684,-26588.0,8226.159854960566,0.0,-0.0,0.0,0.0,0.0,0.0,25091.172818603947,-1367.332673564514,-31950.0,24265.93356887863,0.0,-0.0,0.0,0.0,0.0,0.0,-4519.46901808945,-180.46455078917722,-19566.0,11614.350344005326,0.0,-196.3,0.0,0.0,0.0,0.0,-4229.444728173161,-272.6056158321664,-6916.0,54294.337105737395,0.0,-0.0,0.0,0.0,0.0,0.0,-17100.478397003695,-914.8587087337041,-36279.0,40454.70929426038,0.0,-0.0,0.0,0.0,0.0,0.0,-18641.196356733697,-1367.5129375266933,-20446.0
t367,20677.595079298433,0.0,-97.3,0.0,0.0,0.0,0.0,10829.783026719999,-537.078106018432,-30873.0,21790.717770408322,0.0,-2246.9,0.0,0.0,0.0,0.0,8814.200731090477,-573.0185014988053,-27785.0,14690.5773184152,0.0,-1665.0,0.0,0.0,0.0,0.0,18406.826698972072,-1212.4040173872781,-30220.0,21590.79991728439,874.003087444471,-0.0,0.0,0.0,0.0,0.0,-2432.554804886739,-79.24819984211766,-19953.0,8284.118220544675,262.89133576413633,-0.0,0.0,0.0,0.0,0.0,-1193.1322120086315,-289.8773443001797,-7064.0,54296.90516158039,0.0,-0.0,0.0,0.0,0.0,0.0,-16483.07969511326,-870.8254664671175,-36943.0,39829.70176556914,0.0,-0.0,0.0,0.0,0.0,0.0,-17942.04374477392,-832.6580207952205,-21055.0
t368,19256.745258098013,0.0,-97.3,0.0,0.0,0.0,0.0,13266.758950023032,-648.2042081210503,-31778.0,30298.93237411499,0.0,-3216.5640816969044,0.0,0.0,0.0,0.0,1684.9688338045194,-420.3371262226014,-28347.0,17364.299218120785,0.0,-2272.056165255941,0.0,0.0,0.0,0.0,17225.470186384333,-1354.7132392491822,-30963.0,21049.2983035922,578.5,-0.0,0.0,0.0,0.0,0.0,-1059.2143041790437,-168.5839994131532,-20400.0,8697.43912453653,15.658737832978659,-0.0,0.0,0.0,0.0,0.0,-1309.9074732939196,-284.19038907558615,-7119.0,51019.92628917612,0.0,-0.0,0.0,0.0,0.0,0.0,-13106.510593644593,-727.4156955315113,-37186.0,38960.6555891938,0.0,-0.0,0.0,0.0,0.0,0.0,-16701.56559909433,-778.0899900994749,-21481.0
t369,19592.4939063463,0.0,-1215.0272584217464,0.0,0.0,0.0,0.0,14804.875683230766,-718.342331155323,-32464.0,34675.71587190796,0.0,-2246.9,0.0,0.0,0.0,0.0,-3194.3310400945907,-296.4848318133655,-28938.0,19829.703957949452,0.0,-2581.20405375552,0.0,0.0,0.0,0.0,16832.429046341287,-1460.9289505352244,-32620.0,19572.714540640496,946.2157862632712,-0.0,0.0,0.0,0.0,0.0,340.7193571808548,-259.6496840846146,-20600.0,8179.877797567673,33.71640876353831,-0.0,0.0,0.0,0.0,0.0,-759.6040400569875,-310.99016627422475,-7143.0,49046.09101706987,0.0,-0.0,0.0,0.0,0.0,0.0,-11021.377888810406,-647.7131282594627,-37377.0,40002.762515806535,0.0,-0.0,0.0,0.0,0.0,0.0,-17002.711117790925,-794.0513980156088,-22206.0
t370,19639.749636734745,0.0,-97.3,0.0,0.0,0.0,0.0,14098.792352087985,-686.241988822733,-32955.0,37812.738220086845,0.0,-2979.982905765626,0.0,0.0,0.0,0.0,-5210.954898671662,-332.80041564955957,-29289.0,20803.971205295442,0.0,-4316.529889752567,0.0,0.0,0.0,0.0,18802.40423681824,-1510.845552361126,-33779.0,23228.458942481644,578.5,-0.0,0.0,0.0,0.0,0.0,-2534.3313039003597,-72.62763858128162,-21200.0,7180.1558491298665,211.36249776408155,-0.0,0.0,0.0,0.0,0.0,33.426837603838976,-303.9451844977857,-7121.0,45719.66192033208,0.0,-0.0,0.0,0.0,0.0,0.0,-7764.671946362897,-441.98997396918116,-37513.0,41156.67194534967,0.0,-0.0,0.0,0.0,0.0,0.0,-17424.66527757515,-814.0066677745189,-22918.0
t371,18588.65964939753,0.0,-97.3,0.0,0.0,0.0,0.0,15462.077294939263,-748.4369443368001,-33205.0,36400.73025483776,0.0,-2246.9,0.0,0.0,0.0,0.0,-4239.167764376629,-298.6624904611353,-29616.0,21918.120398134986,0.0,-4160.182517799336,0.0,0.0,0.0,0.0,17229.69879345219,-1586.6366737878427,-33401.0,20509.789028701292,804.5,-0.0,0.0,0.0,0.0,0.0,267.60453628398363,-254.89356498527314,-21327.0,7094.896042555458,39.19190284320712,-0.0,0.0,0.0,0.0,0.0,179.23743784803446,-297.32538324669923,-7016.0,48930.62151829069,0.0,-0.0,0.0,0.0,0.0,0.0,-10549.217730656177,-623.4037876345105,-37758.0,42690.50141237652,0.0,-0.0,0.0,0.0,0.0,0.0,-18350.232567490668,-854.268844885844,-23486.0
t372,18946.032673356294,0.0,-97.3,0.0,0.0,0.0,0.0,15060.389076883048,-730.121750239343,-33179.0,37087.66893447588,0.0,-2818.0,0.0,0.0,0.0,0.0,-4382.207647149303,-147.46128732657402,-29740.0,21446.097416776225,0.0,-4760.9,0.0,0.0,0.0,0.0,19234.854382867892,-1656.0517996441215,-34264.0,22454.674058024808,901.9746380654208,-0.0,0.0,0.0,0.0,0.0,-1763.9048143646487,-122.7438817255796,-21470.0,6873.912609065883,139.82608418063975,-0.0,0.0,0.0,0.0,0.0,188.18066737945128,-296.9193606259729,-6905.0,45048.81480798594,0.0,-0.0,0.0,0.0,0.0,0.0,-6630.055685635351,-398.75912235057956,-38020.0,46325.555343310276,0.0,-0.0,0.0,0.0,0.0,0.0,-21707.25597998109,-1000.2993633291774,-23618.0
t373,18763.6905098787,0.0,-2624.0105098786985,0.0,0.0,0.0,0.0,17400.0,-836.6800000000001,-32703.0,34888.14967692819,0.0,-2246.9,0.0,0.0,0.0,0.0,-2796.711351272843,-249.53832565534447,-29595.0,21583.440168371788,0.0,-4267.628456154337,0.0,0.0,0.0,0.0,20478.880377407306,-1858.692089624756,-35936.0,22743.92696185586,720.2157862632712,-0.0,0.0,0.0,0.0,0.0,-1847.8601617403413,-117.28258637879082,-21499.0,7389.199499010809,182.63875331419192,-0.0,0.0,0.0,0.0,0.0,-451.8609999999999,-325.977252325,-6794.0,47029.11454917851,0.0,-0.0,0.0,0.0,0.0,0.0,-8426.668864394122,-485.44568478437947,-38117.0,49119.28911469999,0.0,-0.0,0.0,0.0,0.0,0.0,-24355.779000000002,-1115.5101147,-23648.0
t374,19414.636895378564,0.0,-880.6566922836716,0.0,0.0,0.0,0.0,14010.121329531754,-682.101532626648,-31862.0,35555.11047279567,0.0,-2246.9,0.0,0.0,0.0,0.0,-3798.3944979399857,-127.81597485568052,-29382.0,20784.565460824087,0.0,-4760.9,0.0,0.0,0.0,0.0,22989.873668408232,-1674.5391292323284,-37339.0,23093.86890182492,578.5,-0.0,0.0,0.0,0.0,0.0,-2417.049228785196,-45.319673039722424,-21210.0,8389.457042333896,3.153199046494592,-0.0,0.0,0.0,0.0,0.0,-1461.3064919399842,-289.30374944040614,-6642.0,43900.152,0.0,-0.0,0.0,0.0,0.0,0.0,-5560.0,-329.152,-38011.0,48274.89847742551,0.0,-0.0,0.0,0.0,0.0,0.0,-23763.24477927482,-1086.6536981506836,-23425.0
t375,21442.07687494219,0.0,-6566.3,0.0,0.0,0.0,0.0,17075.087096665768,-821.863971607959,-31129.0,35875.418899761076,0.0,-5289.191063060345,0.0,0.0,0.0,0.0,-1255.6873502286498,-537.5404864720831,-28793.0,18031.6105544995,0.0,-1665.0,0.0,0.0,0.0,0.0,23374.77918232137,-1930.3897368208761,-37811.0,21561.998429624473,287.95655863734373,-0.0,0.0,0.0,0.0,0.0,-1056.1521357171207,-19.802852544696012,-20774.0,10120.000557620344,0.0,-12.509840792767136,0.0,0.0,0.0,0.0,-3543.8478642828795,-228.642852544696,-6335.0,49757.36677176765,0.0,-0.0,0.0,0.0,0.0,0.0,-11552.578428758487,-622.7883430091658,-37582.0,46929.110121749996,0.0,-0.0,0.0,0.0,0.0,0.0,-23041.6005,-1051.50962175,-22836.0
t376,22073.173786000658,0.0,-6566.3,0.0,0.0,0.0,0.0,14992.0014815584,-726.8752675590631,-29772.0,33592.426050635986,0.0,-5860.291063060346,0.0,0.0,0.0,0.0,1055.544112565054,-690.6791001406876,-28097.0,15931.542536032646,0.0,-2284.382969040187,0.0,0.0,0.0,0.0,25940.4815184416,-1851.641085434063,-37736.0,25061.591059662278,0.0,-0.0,0.0,0.0,0.0,0.0,-4578.150915696238,-240.44014396604035,-20243.0,12177.52492046059,0.0,-233.17496473826338,0.0,0.0,0.0,0.0,-5679.917951485009,-261.43200423732,-6003.0,50860.22650065054,0.0,-0.0,0.0,0.0,0.0,0.0,-13074.821696868814,-842.4048037817279,-36943.0,42142.960418702314,0.0,-0.0,0.0,0.0,0.0,0.0,-18655.13654851499,-1261.82387018732,-22226.0
t377,21403.554200233542,0.0,-5553.3489518397555,0.0,0.0,0.0,0.0,12788.175557005665,-626.3808053994584,-28012.0,31089.646959191574,0.0,-5860.291063060346,0.0,0.0,0.0,0.0,2495.9006755980736,-761.2565717293056,-26964.0,12621.839180280118,0.0,-1665.0,0.0,0.0,0.0,0.0,28144.307442994337,-1751.1466232744583,-37350.0,23984.441793907026,0.0,-517.2907830391792,0.0,0.0,0.0,0.0,-3978.0305253965917,-247.12048547125255,-19242.0,12719.1518779753,0.0,-295.34065786574615,0.0,0.0,0.0,0.0,-6459.741422365206,-283.0697977443476,-5681.0,51034.16903991749,0.0,-0.0,0.0,0.0,0.0,0.0,-14569.735727836276,-909.4333120812105,-35555.0,41202.1083589,0.0,-0.0,0.0,0.0,0.0,0.0,-18420.876000000004,-1273.2323589,-21508.0
t378,18703.944788924364,0.0,-97.3,0.0,0.0,0.0,0.0,8032.895233733899,-409.5400226582658,-26230.0,27999.189204401475,0.0,-4794.274482276472,0.0,0.0,0.0,0.0,2790.7914999999994,-775.706222125,-25220.0,7024.718074267161,0.0,-1665.0,0.0,0.0,0.0,0.0,32899.5877662661,-1534.3058405332656,-36725.0,21625.2682442,0.0,-0.0,0.0,0.0,0.0,0.0,-3306.5460000000003,-157.7222442,-18161.0,10344.387487507289,0.0,-0.0,0.0,0.0,0.0,0.0,-4701.599587591579,-213.7878999157099,-5429.0,50375.388026,0.0,-0.0,0.0,0.0,0.0,0.0,-16081.673999999999,-844.7140259999999,-33449.0,41633.63467827413,0.0,-0.0,0.0,0.0,0.0,0.0,-19633.454912408422,-1214.17976586571,-20786.0
t379,16961.091789483482,1367.716809096443,-0.0,0.0,0.0,0.0,0.0,6742.378922551716,-374.1875211316418,-24697.0,17080.362599829532,0.0,-0.0,0.0,0.0,0.0,0.0,7029.639580100098,-706.0021799296317,-23404.0,4422.362166107564,2581.20405375552,-0.0,0.0,0.0,0.0,0.0,30718.569997348182,-1382.1362172112736,-36340.0,21883.994294884546,0.0,-468.3481451237785,0.0,0.0,0.0,0.0,-4062.7451711025897,-171.90097865817356,-17181.0,10686.998556305585,0.0,-0.0,0.0,0.0,0.0,0.0,-5157.979328897411,-287.01922740817355,-5242.0,48652.96166232191,0.0,-0.0,0.0,0.0,0.0,0.0,-16372.24202762026,-864.7196347016549,-31416.0,40369.97301958139,0.0,-0.0,0.0,0.0,0.0,0.0,-18897.62197237974,-1340.3510472016549,-20132.0
t380,18274.004954274104,1274.818882239272,-0.0,0.0,0.0,0.0,0.0,4612.4867669152845,-471.31060342866306,-23690.0,8746.657606971617,2360.0294986283807,-0.0,0.0,0.0,0.0,0.0,11288.988,-562.6751055999999,-21833.0,4150.918492093947,4760.9,-0.0,0.0,0.0,0.0,0.0,28589.113733084716,-1335.932225178663,-36165.0,23008.124748766822,0.0,-578.5,0.0,0.0,0.0,0.0,-4973.644409390745,-188.98033937607647,-17267.0,9768.843348194641,0.0,-0.0,0.0,0.0,0.0,0.0,-4214.339239516768,-302.5041086778724,-5252.0,46928.38802600001,0.0,-0.0,0.0,0.0,0.0,0.0,-16081.673999999999,-844.7140259999999,-30002.0,40401.68181014428,0.0,-0.0,0.0,0.0,0.0,0.0,-19220.930851092486,-1318.750959051796,-19862.0
t381,17970.539052463733,2897.411298341527,-0.0,0.0,0.0,0.0,0.0,3138.5708198113425,-538.5211706166028,-23468.0,8361.349915332816,2839.3371902671825,-0.0,0.0,0.0,0.0,0.0,11288.988,-562.6751055999999,-21927.0,4211.455048233745,4420.658063944198,-0.0,0.0,0.0,0.0,0.0,30063.029680188658,-1403.1427923666029,-37292.0,22798.353532816527,0.0,-720.2157862632712,0.0,0.0,0.0,0.0,-5037.619372319484,-212.518374233769,-16828.0,10404.502761633028,0.0,-229.67279071209077,0.0,0.0,0.0,0.0,-4665.578222772929,-296.25174814800755,-5213.0,46461.29980574336,0.0,-0.0,0.0,0.0,0.0,0.0,-15599.200904907586,-876.0989008357614,-29986.0,40380.535438499996,0.0,-0.0,0.0,0.0,0.0,0.0,-19188.190000000002,-1320.3454385,-19872.0
t382,19448.854202225233,4299.367002376305,-0.0,0.0,0.0,0.0,0.0,-415.62854303896165,-700.5926615625767,-22632.0,9503.055253763914,966.6318518360844,-0.0,0.0,0.0,0.0,0.0,11288.988,-562.6751055999999,-21196.0,4116.985240273614,1665.0,-0.0,0.0,0.0,0.0,0.0,33617.22904303896,-1565.2142833125768,-37834.0,25743.189624230155,0.0,-946.2157862632712,0.0,0.0,0.0,0.0,-8467.824804414216,-473.1490335526721,-15856.0,10784.489793531506,0.0,-0.0,0.0,0.0,0.0,0.0,-5475.422627981151,-281.0671655503534,-5028.0,41990.06521035696,0.0,-0.0,0.0,0.0,0.0,0.0,-11359.151067604631,-1151.9141427523186,-29479.0,40104.535438499996,0.0,-0.0,0.0,0.0,0.0,0.0,-19188.190000000002,-1320.3454385,-19596.0
t383,20716.645229874357,0.0,-0.0,0.0,0.0,0.0,0.0,1832.435702109453,-598.080931983809,-21951.0,6694.155839817281,2321.5312657827185,-0.0,0.0,0.0,0.0,0.0,11288.988,-562.6751055999999,-19742.0,4105.819807418652,3184.7179484246067,-0.0,0.0,0.0,0.0,0.0,31369.164797890546,-1462.702553733809,-37197.0,23565.52339810375,0.0,-946.2157862632712,0.0,0.0,0.0,0.0,-6398.591557078655,-351.71605476182134,-15869.0,11239.843265182377,0.0,-78.22400352351818,0.0,0.0,0.0,0.0,-5759.885780212849,-275.7334814460091,-5126.0,43302.342988247954,0.0,-0.0,0.0,0.0,0.0,0.0,-13740.45667047258,-1076.8863177753694,-28485.0,39118.07140044548,0.0,-0.0,0.0,0.0,0.0,0.0,-18591.654492235917,-1361.416908209557,-19165.0
t384,18132.057556268246,58.380000000175706,-0.0,0.0,0.0,0.0,0.0,4154.746024991948,-492.1835812603672,-21853.0,6831.7871056,2246.9,-0.0,0.0,0.0,0.0,0.0,11288.988,-562.6751055999999,-19805.0,4047.6760530076044,4185.274674994709,-0.0,0.0,0.0,0.0,0.0,29046.85447500805,-1356.8052030103672,-35923.0,22239.541870099438,0.0,-691.3184371107278,0.0,0.0,0.0,0.0,-5200.259875976137,-261.9635570125728,-16086.0,11040.516610837562,0.0,-0.0,0.0,0.0,0.0,0.0,-5505.004097847193,-280.5125129903651,-5255.0,46819.46542996871,0.0,-0.0,0.0,0.0,0.0,0.0,-16640.496630325833,-1081.9687996428775,-29097.0,37601.8588152215,0.0,-0.0,0.0,0.0,0.0,0.0,-17144.827895850838,-1461.0309193706696,-18996.0
t385,21502.3973265293,0.0,-0.0,0.0,0.0,60.936,0.0,-808.3809407962035,-442.95238573309643,-20312.0,9950.210293314376,0.0,-0.0,0.0,0.0,61.941,0.0,11191.540538126597,-556.691831440973,-20647.0,7010.038911942489,0.0,-0.0,0.0,0.0,109.791,0.0,30911.365405696677,-1434.195317639163,-36597.0,30305.695251670895,0.0,-794.789081195893,0.0,0.0,46.761,0.0,-13294.4445,-676.2226704750001,-15587.0,6544.28294713542,0.0,-0.0,0.0,0.0,14.022,0.0,-1628.5693333273575,-255.73561380806206,-4674.0,38614.47898906224,64.6,-0.0,0.0,0.0,87.369,0.0,-8366.590131573117,-1276.8578574891285,-29123.0,32689.997082100435,1390.613627417124,-0.0,0.0,0.0,45.072,0.0,-18004.9210381266,-1096.7616713909729,-15024.0
t386,21139.0064668444,0.0,-0.0,0.0,0.0,61.824,0.0,-226.2846767024257,-366.5457901419757,-20608.0,11186.543669252547,0.0,-0.0,0.0,0.0,65.238,0.0,11041.710604248296,-547.4922735008454,-21746.0,8650.515283858029,0.0,-0.0,0.0,0.0,106.302,0.0,27951.523984472587,-1274.341268330623,-35434.0,30326.514956738276,0.0,-946.2157862632712,0.0,0.0,46.368,0.0,-13294.4445,-676.2226704750001,-15456.0,5888.677115453318,115.68500290733414,-0.0,0.0,0.0,14.121,0.0,-1080.6242130147812,-230.85890534587108,-4707.0,38361.2847900649,64.6,-0.0,0.0,0.0,92.43900000000001,0.0,-6536.790094755381,-1168.5336953095184,-30813.0,32626.9936350814,1176.941582617741,-0.0,0.0,0.0,44.718,0.0,-17855.0911042483,-1087.5621134508453,-14906.0
t387,20863.91578849628,0.0,-0.0,0.0,0.0,64.35,0.0,810.9912176861949,-289.25700618247384,-21450.0,11890.48292360943,0.0,-0.0,0.0,0.0,65.964,0.0,10548.779372246503,-517.2262958559353,-21988.0,9321.525579822366,0.0,-0.0,0.0,0.0,101.523,0.0,25569.888705137328,-1151.937284959696,-33841.0,30689.422956738275,0.0,-946.2157862632712,0.0,0.0,47.46,0.0,-13294.4445,-676.2226704750001,-15820.0,5743.1088777114255,98.19620856633469,-0.0,0.0,0.0,14.667,0.0,-751.0747275710364,-215.89735870672507,-4889.0,37777.91914451143,64.6,-0.0,0.0,0.0,93.918,0.0,-5521.980195252485,-1108.4569492589471,-31306.0,32365.179244712097,881.6607633403345,-0.0,0.0,0.0,44.616,0.0,-17362.159872246506,-1057.2961358059351,-14872.0
t388,20579.817876021058,0.0,-0.0,0.0,0.0,68.703,0.0,2359.6052000617465,-107.1260760828033,-22901.0,12854.118778355078,571.1,-0.0,0.0,0.0,70.521,0.0,10527.159028387943,-515.8988067430197,-23507.0,9761.218567987971,858.8597016551755,-0.0,0.0,0.0,102.816,0.0,24696.87894712347,-1147.7732167666177,-34272.0,30460.050170475002,0.0,-0.0,0.0,0.0,49.617000000000004,0.0,-13294.4445,-676.2226704750001,-16539.0,5478.377100819751,54.11449450558894,-0.0,0.0,0.0,15.627,0.0,-148.52165229383468,-190.59694303150602,-5209.0,41221.53061230752,0.0,-0.0,0.0,0.0,96.039,0.0,-8046.652087053937,-1257.917525253593,-32013.0,32487.059453155143,0.0,-0.0,0.0,0.0,46.14,0.0,-16094.024936225387,-1059.1745169297471,-15380.0
t389,21340.369148899605,0.0,-0.0,0.0,0.0,73.767,0.0,3331.5959656305868,-156.73211453019508,-24589.0,12896.515076107378,2840.5408712131702,-0.0,0.0,0.0,77.61,0.0,10574.116018622899,-518.781965943446,-25870.0,10163.102666142307,0.0,-0.0,0.0,0.0,105.72,0.0,26198.08607826209,-1226.908744404401,-35240.0,31561.416170475,0.0,-226.0,0.0,0.0,52.251,0.0,-13294.4445,-676.2226704750001,-17417.0,5894.607759817359,0.0,-0.0,0.0,0.0,16.551000000000002,0.0,-203.13774033131767,-191.02101948604184,-5517.0,45742.574501475,0.0,-64.6,0.0,0.0,99.60600000000001,0.0,-11114.915499999997,-1460.6650014749998,-33202.0,32566.749413726262,0.0,-0.0,0.0,0.0,47.685,0.0,-15491.300322184261,-1228.134091542,-15895.0
t390,21950.33164954154,0.0,-0.0,0.0,0.0,78.519,0.0,4347.186872039174,-203.03752158071748,-26173.0,15066.519256183316,2204.921849416686,-0.0,0.0,0.0,84.246,0.0,11288.988,-562.6751055999999,-28082.0,10335.09570288752,0.0,-0.0,0.0,0.0,104.48400000000001,0.0,25588.82623848665,-1200.4059413741693,-34828.0,32071.880170475008,0.0,-226.0,0.0,0.0,53.787,0.0,-13294.4445,-676.2226704750001,-17929.0,7138.619653214901,0.0,-0.0,0.0,0.0,17.133,0.0,-1208.1060714940681,-236.6465817208307,-5711.0,46958.27872239203,0.0,-33.05722091702121,0.0,0.0,103.35900000000001,0.0,-11114.915499999997,-1460.6650014749998,-34453.0,32979.217312015826,0.0,-0.0,0.0,0.0,48.522,0.0,-15607.535039031756,-1246.204272984056,-16174.0
t391,25914.890370279674,0.0,-0.0,0.0,0.0,82.422,0.0,1734.8732999742579,-258.18567025393503,-27474.0,16812.14330983329,494.68268675353096,-0.0,0.0,0.0,89.322,0.0,12998.036594208286,-620.1845907951088,-29774.0,11627.224662862218,0.0,-0.0,0.0,0.0,99.534,0.0,22602.567538001873,-1151.3262008640877,-33178.0,32082.169170475,0.0,-0.0,0.0,0.0,54.498000000000005,0.0,-13294.4445,-676.2226704750001,-18166.0,8376.869892109355,0.0,-95.17007645656763,0.0,0.0,17.481,0.0,-2186.766271788584,-285.41454386420173,-5827.0,41740.49895076412,0.0,-64.6,0.0,0.0,105.798,0.0,-5413.652973059037,-1102.0439777050951,-35266.0,34254.10355623596,0.0,-0.0,0.0,0.0,50.136,0.0,-16440.613687336794,-1151.6258688991506,-16712.0
t392,28586.694189080325,0.0,-0.0,0.0,0.0,85.383,0.0,-201.8718334739132,-9.205355606410443,-28461.0,22109.224917893393,0.0,-2057.1508122933938,0.0,0.0,92.613,0.0,11288.988,-562.6751055999999,-30871.0,19149.896075046185,0.0,-2581.20405375552,0.0,0.0,101.85300000000001,0.0,18066.78401417629,-786.3290354669638,-33951.0,29266.08822706295,0.0,-47.98626265082337,0.0,0.0,55.335,0.0,-10216.966822670736,-611.4701417413942,-18445.0,6824.208925492993,0.0,-295.34065786574615,0.0,0.0,17.736,0.0,-605.1342305971648,-29.470037030081926,-5912.0,39164.88803920884,64.6,-0.0,0.0,0.0,107.001,0.0,-2638.344759393056,-1031.144279815788,-35667.0,33922.79322628924,0.0,-0.0,0.0,0.0,51.693,0.0,-15693.454368041417,-1050.0318582478176,-17231.0
t393,28996.432528567086,0.0,-0.0,0.0,0.0,0.0,0.0,81.25651731920603,-3.6890458862919537,-29074.0,31693.660647822366,0.0,-5380.2450215216595,0.0,0.0,0.0,0.0,5771.382096424072,-282.79772272477953,-31802.0,22122.941269904117,0.0,-5677.104053755519,0.0,0.0,0.0,0.0,19698.02695645729,-856.8641726058921,-35287.0,27423.25326103893,0.0,-283.44602748729807,0.0,0.0,0.0,0.0,-7993.919328007931,-458.887905543701,-18687.0,6237.85427425905,0.0,-295.34065786574615,0.0,0.0,0.0,0.0,-0.3067626061416888,-5.20685378716191,-5937.0,37705.40409929681,0.0,-0.0,0.0,0.0,0.0,0.0,-1164.9585231292058,-582.4455761676106,-35958.0,37037.367373263194,0.0,-1630.3,0.0,0.0,0.0,0.0,-16391.480956457293,-1014.5864168058921,-18001.0
t394,28973.326083059357,0.0,-0.0,0.0,0.0,88.539,0.0,472.59052686008835,-21.455609919448012,-29513.0,32795.130278521436,0.0,-3128.9199048490123,0.0,0.0,97.272,0.0,2797.6000276840973,-137.08240135652076,-32424.0,22114.68671278649,0.0,-4872.87255250412,0.0,0.0,110.535,0.0,20379.143585695376,-886.4927459777488,-36845.0,27997.525089565228,0.0,-578.5,0.0,0.0,57.258,0.0,-8026.259788731513,-364.0233008337142,-19086.0,5844.023853797736,0.0,-197.09147835457955,0.0,0.0,17.781,0.0,388.52957623431143,-126.242951677468,-5927.0,36632.226451229195,0.0,-0.0,0.0,0.0,108.555,0.0,-253.18484204698416,-302.59660918221493,-36185.0,37285.39956882314,0.0,-1630.3,0.0,0.0,56.535000000000004,0.0,-15758.419085695377,-1108.2154831277487,-18845.0
t395,29577.999,0.0,-0.0,0.0,0.0,89.001,0.0,0.0,-0.0,-29667.0,32631.27318878851,0.0,-1650.028810325488,0.0,0.0,97.893,0.0,1631.8218943606487,-79.95927282367178,-32631.0,21980.563389265964,0.0,-3835.6990191895093,0.0,0.0,112.023,0.0,19952.025750050743,-867.9131201272073,-37341.0,27653.17798616406,0.0,-0.0,0.0,0.0,57.480000000000004,0.0,-8188.867201500374,-361.79078466368173,-19160.0,4869.4332869638965,0.0,-0.0,0.0,0.0,17.745,0.0,1137.7967417692776,-109.97502873317396,-5915.0,35857.740212133715,0.0,-64.6,0.0,0.0,109.389,0.0,798.524065370447,-238.05327750417956,-36463.0,35786.665107327965,0.0,-0.0,0.0,0.0,58.272,0.0,-15331.301250050745,-1089.6358572772074,-19424.0
t396,29361.54092006693,0.0,-0.0,0.0,0.0,88.281,0.0,-21.826625924763665,-0.9952941421692232,-29427.0,31790.425659517445,0.0,-1536.0052153149022,0.0,0.0,98.352,0.0,2556.4958525735665,-125.26829677610476,-32784.0,20947.758078693674,0.0,-2788.394288726268,0.0,0.0,114.114,0.0,20663.427125924765,-898.9049158921691,-38038.0,26401.2966651181,0.0,-0.0,0.0,0.0,57.657000000000004,0.0,-6956.154620971038,-283.7990441470651,-19219.0,4848.1822946515595,0.0,-0.0,0.0,0.0,17.541,0.0,1090.3623390302569,-109.08563368181731,-5847.0,38111.37102662413,0.0,-64.6,0.0,0.0,109.917,0.0,-1311.4280706327856,-206.25995599135257,-36639.0,36698.65735890001,0.0,-0.0,0.0,0.0,58.851,0.0,-16020.876000000002,-1119.6323588999999,-19617.0
t397,29749.880665465837,0.0,-0.0,0.0,0.0,87.282,0.0,-710.7523579436056,-32.410307522228415,-29094.0,30530.46048883345,0.0,-571.1,0.0,0.0,97.926,0.0,2717.890127409617,-133.17661624307124,-32642.0,19917.38131979827,0.0,-1136.3713926303608,0.0,0.0,118.305,0.0,21473.156582604228,-937.4715097721372,-39435.0,25174.797541524218,0.0,-0.0,0.0,0.0,57.363,0.0,-5888.442110902496,-222.71843062172417,-19121.0,4963.842833660062,0.0,-0.0,0.0,0.0,17.355,0.0,909.4965667922938,-105.6944004523555,-5785.0,39317.751283622376,0.0,-0.0,0.0,0.0,110.352,0.0,-2480.4728079600363,-163.63047566234866,-36784.0,36651.7983589,0.0,-0.0,0.0,0.0,58.71,0.0,-16020.876000000002,-1119.6323588999999,-19570.0
t398,29947.045426608063,0.0,-0.0,0.0,0.0,85.611,0.0,-1430.428870130131,-65.22755647793397,-28537.0,30382.556849269415,0.0,-0.0,0.0,0.0,97.797,0.0,2227.8087809995664,-109.16263026897876,-32599.0,19745.415257180255,0.0,-0.0,0.0,0.0,122.742,0.0,22006.112538888676,-960.2697960689306,-40914.0,23494.527953392793,0.0,-0.0,0.0,0.0,57.303000000000004,0.0,-4274.9511133180795,-175.879840074714,-19101.0,4980.285323308975,0.0,-0.0,0.0,0.0,16.815,0.0,641.955374830103,-34.05569813907845,-5605.0,39397.250411268535,0.0,-64.6,0.0,0.0,111.321,0.0,-2227.8087809995664,-109.16263026897876,-37107.0,38135.49665909021,0.0,-797.3011427642707,0.0,0.0,58.155,0.0,-16942.68793027057,-1068.662586055361,-19385.0
t399,29779.196111649973,0.0,-0.0,0.0,0.0,81.615,0.0,-2539.9876737279787,-115.82343792199583,-27205.0,29759.473364314053,0.0,-0.0,0.0,0.0,98.379,0.0,3086.3802688600854,-151.23263317414418,-32793.0,20094.144628739952,0.0,-0.0,0.0,0.0,123.453,0.0,21890.994610951257,-957.5922396912084,-41151.0,21907.262494940536,0.0,-0.0,0.0,0.0,56.079,0.0,-3122.6572232957865,-147.68427164474645,-18693.0,5243.167179768,0.0,-0.0,0.0,0.0,15.906,0.0,43.74707794343966,-0.8202577114394937,-5302.0,40112.65490203422,0.0,-0.0,0.0,0.0,110.958,0.0,-3086.3802688600854,-151.23263317414418,-36986.0,36245.60360757345,0.0,-0.0,0.0,0.0,57.126,0.0,-16272.09679187093,-988.6328157025196,-19042.0
t400,27805.907502408703,0.0,-0.0,0.0,0.0,78.117,0.0,-1764.5605417068691,-80.46396070183323,-26039.0,28525.485777738202,0.0,-0.0,0.0,0.0,94.446,0.0,3009.5354597915834,-147.46723752978758,-31482.0,19274.651440942635,0.0,-0.0,0.0,0.0,119.83800000000001,0.0,21506.037092458715,-954.5265334013533,-39946.0,20007.5343485317,0.0,-0.0,0.0,0.0,53.532000000000004,0.0,-2121.099097615059,-95.96725091663733,-17844.0,4798.466822491935,0.0,-0.0,0.0,0.0,14.97,0.0,179.9369961865622,-3.3738186784980413,-4990.0,39672.01255287106,0.0,-0.0,0.0,0.0,106.767,0.0,-3984.5891376141817,-205.1904152568854,-35589.0,36079.990598711316,0.0,-0.0,0.0,0.0,55.203,0.0,-16825.26077150075,-908.9328272105615,-18401.0
t401,24116.588044096246,0.0,-0.0,0.0,0.0,655.5600000000001,0.0,-470.6848164654256,-21.46322763082341,-24280.0,29575.384040959263,0.0,-0.0,0.0,0.0,88.095,0.0,-288.7621931594488,-9.716847799815453,-29365.0,11743.095537479505,3161.2898140906395,-0.0,0.0,0.0,1052.055,0.0,24144.271593248097,-1135.711944818249,-38965.0,18704.748172573632,141.71578626327113,-0.0,0.0,0.0,50.472,0.0,-1989.9394589827739,-82.99649985413085,-16824.0,3895.9917235510165,295.34065786574615,-0.0,0.0,0.0,127.521,0.0,411.8691654351459,-7.722546851908985,-4723.0,39811.022538112156,0.0,-0.0,0.0,0.0,100.164,0.0,-6153.193187175135,-369.993350937008,-33388.0,33729.20927622731,0.0,-0.0,0.0,0.0,476.84700000000004,0.0,-15653.561102900463,-891.49517332684,-17661.0
t402,22062.17443898729,0.0,-0.0,0.0,0.0,90.99441657908922,0.0,562.3623972696589,-25.531252836042515,-22690.0,17098.03200791175,2398.2312228559786,-0.0,0.0,0.0,726.3000000000001,0.0,7021.489767857277,-344.0529986250066,-26900.0,9565.519575393677,4491.159118876033,-0.0,0.0,0.0,1020.087,0.0,23806.338575501555,-1102.1042697712649,-37781.0,18526.32834554851,789.8692151037112,-0.0,0.0,0.0,47.886,0.0,-3247.192479385531,-154.8910812666898,-15962.0,5035.407544513937,187.16507655697544,-0.0,0.0,0.0,13.587,0.0,-676.089841691526,-31.06977937938744,-4529.0,42949.32171602208,0.0,-0.0,0.0,0.0,93.56700000000001,0.0,-11258.976502694693,-594.9122133273817,-31189.0,33752.82257973567,0.0,-0.0,0.0,0.0,458.784,0.0,-16207.93191685674,-1011.6746628789247,-16992.0
t403,22837.437455855168,0.0,-0.0,0.0,0.0,64.638,0.0,-1264.6708569774044,-91.40459887776159,-21546.0,10989.561962939655,3042.2910630603456,-0.0,0.0,0.0,667.035,0.0,10521.673999999999,-515.562026,-24705.0,9868.834152506633,1802.1032254248062,-0.0,0.0,0.0,1004.0490000000001,0.0,25686.32989524019,-1174.3162731716293,-37187.0,18108.912406594427,153.78730118119998,-0.0,0.0,0.0,45.987,0.0,-2844.0266371820435,-135.66007059358347,-15329.0,6154.524689583994,0.0,-0.0,0.0,0.0,13.206,0.0,-1684.8994648306807,-80.8312247533129,-4402.0,44013.047383779296,0.0,-0.0,0.0,0.0,88.35900000000001,0.0,-13931.011573432106,-717.3948103471807,-29453.0,33900.858548111544,0.0,-0.0,0.0,0.0,49.107,0.0,-16483.39536281796,-1097.5701852935833,-16369.0
t404,22835.040993170907,0.0,-0.0,0.0,0.0,62.199,0.0,-1985.3083262067512,-178.9316669641541,-20733.0,11723.902413612372,510.8196123876275,-0.0,0.0,0.0,617.1659999999999,0.0,10521.673999999999,-515.562026,-22858.0,9724.952114374037,1217.7076452384208,-0.0,0.0,0.0,1006.5600000000001,0.0,26537.516210160993,-1206.7359697734473,-37280.0,17965.6569255,0.0,-0.0,0.0,0.0,46.533,0.0,-2387.315,-113.8749255,-15511.0,6873.24988591761,0.0,-0.0,0.0,0.0,13.479000000000001,0.0,-2285.624733946442,-108.10415197116846,-4493.0,42289.72351608826,0.0,-0.0,0.0,0.0,84.672,0.0,-13460.835150007799,-689.5603660804617,-28224.0,33962.9070402,0.0,-0.0,0.0,0.0,47.985,0.0,-16940.107000000004,-1075.7850402,-15995.0
t405,22675.777241347118,0.0,-0.0,0.0,0.0,61.026,0.0,-2195.751493501971,-199.05174784515134,-20342.0,12065.420026,0.0,-0.0,0.0,0.0,612.4680000000001,0.0,10521.673999999999,-515.562026,-22684.0,10049.274407551302,1938.3918481455642,-0.0,0.0,0.0,1054.566,0.0,27260.89278150455,-1245.125037201422,-39058.0,17596.001287434578,97.47463806542075,-0.0,0.0,0.0,45.714,0.0,-2387.315,-113.8749255,-15238.0,6962.243207474438,0.0,-0.0,0.0,0.0,13.383000000000001,0.0,-2401.2716839721043,-113.35452350233352,-4461.0,42712.52332818908,0.0,-0.0,0.0,0.0,84.678,0.0,-13858.121604030475,-713.0797241586042,-28226.0,34056.6250402,0.0,-0.0,0.0,0.0,48.267,0.0,-16940.107000000004,-1075.7850402,-16089.0
t406,23435.44808557197,0.0,-0.0,0.0,0.0,59.142,0.0,-3517.5364037870936,-263.0536817848754,-19714.0,11239.267265453564,0.0,-0.0,0.0,0.0,587.763,0.0,10454.226850206556,-512.2571156601213,-21769.0,9820.411788947415,1085.1428155226167,-0.0,0.0,0.0,1075.0320000000002,0.0,29175.340213256062,-1339.926817726093,-39816.0,16141.192022876241,578.5,-0.0,0.0,0.0,43.218,0.0,-2249.60391607926,-107.30610679698071,-14406.0,6917.340370539461,0.0,-0.0,0.0,0.0,13.119,0.0,-2442.244673320702,-115.21469721875988,-4373.0,42742.575820474915,0.0,-0.0,0.0,0.0,83.223,0.0,-14342.363986354823,-742.4348341200987,-27741.0,33943.502305417715,0.0,-0.0,0.0,0.0,47.532000000000004,0.0,-17077.81808392074,-1069.2162214969808,-15844.0
t407,21978.989746795738,0.0,-0.0,0.0,0.0,57.639,0.0,-2560.8054104331777,-262.8233363625551,-19213.0,10401.644288864998,0.0,-0.0,0.0,0.0,544.374,0.0,9690.832503822292,-474.8507926872923,-20162.0,9717.639597921869,1618.5447921793366,-0.0,0.0,0.0,1061.289,0.0,28198.128384999578,-1288.6017751007812,-39307.0,16151.796609286512,611.4307641391515,-0.0,0.0,0.0,43.704,0.0,-2136.996633984598,-101.93473944106532,-14568.0,7482.675556958428,0.0,-0.0,0.0,0.0,13.32,0.0,-2919.1302543604634,-136.86530259796504,-4440.0,40490.365005394495,44.248637957199996,-0.0,0.0,0.0,80.574,0.0,-13081.603224028226,-675.5844193234836,-26858.0,33694.809220156465,0.0,-0.0,0.0,0.0,46.461,0.0,-17190.4253660154,-1063.8448541410653,-15487.0
t408,21269.763329086432,0.0,-0.0,0.0,0.0,58.923,0.0,-1413.8812567309537,-273.80507235547634,-19641.0,12118.9610273235,0.0,-0.0,0.0,0.0,546.129,0.0,7951.535197346479,-389.6252246699775,-20227.0,10062.801237079035,1344.3065379335494,-0.0,0.0,0.0,1038.7169999999999,0.0,27277.836531377998,-1252.6613063905857,-38471.0,14624.53425423582,946.2157862632712,-0.0,0.0,0.0,45.144,0.0,-502.5253402092802,-65.3687002898092,-15048.0,8988.892193668964,0.0,-0.0,0.0,0.0,13.755,0.0,-4237.529473052865,-180.11772061610077,-4585.0,39854.721938907736,0.0,-0.0,0.0,0.0,82.995,0.0,-11663.352150604867,-609.3647883028741,-27665.0,33598.57116063,0.0,-0.0,0.0,0.0,45.753,0.0,-17412.08350812651,-981.2406525034801,-15251.0
t409,13901.166068805667,0.0,-0.0,0.0,0.0,0.0,0.0,3385.1127880588497,-527.2788568645165,-16759.0,7995.599950081407,0.0,-0.0,0.0,0.0,0.0,0.0,10200.933170659908,-591.5331207413124,-17605.0,3614.3722917201926,320.27108155795776,-0.0,0.0,0.0,0.0,0.0,30810.712778837424,-1425.356152115576,-33320.0,26795.993632978694,0.0,-426.2474625036957,0.0,0.0,0.0,0.0,-7626.523499999999,-676.2226704750001,-18067.0,13636.037704107195,248.07854821780603,-0.0,0.0,0.0,0.0,0.0,-8748.139,-325.977252325,-4810.0,41099.79408067143,0.0,-0.0,0.0,0.0,0.0,0.0,-6646.726737556179,-1456.0673431152527,-32997.0,36408.30224707499,0.0,-0.0,0.0,0.0,0.0,0.0,-21375.3695,-1470.9327470749997,-13562.0
t410,13696.537273236805,0.0,-0.0,0.0,0.0,0.0,0.0,3760.618522153017,-510.1557953898224,-16947.0,7996.484592556693,0.0,-576.3143808945742,0.0,0.0,0.0,0.0,10896.261284897877,-543.431496559996,-17773.0,3612.7954392928373,0.0,-0.0,0.0,0.0,0.0,0.0,29440.981977846983,-1374.7774171398223,-31679.0,27270.44131049108,0.0,-566.6951400160806,0.0,0.0,0.0,0.0,-7626.523499999999,-676.2226704750001,-18401.0,14113.274379319662,0.0,-206.1581269946626,0.0,0.0,0.0,0.0,-8748.139,-325.977252325,-4833.0,41803.25117733287,0.0,-0.0,0.0,0.0,0.0,0.0,-6347.829784897876,-1441.4213924349958,-34014.0,36119.30224707499,0.0,-0.0,0.0,0.0,0.0,0.0,-21375.3695,-1470.9327470749997,-13273.0
t411,13451.708044043078,0.0,-0.0,0.0,0.0,0.0,0.0,4301.771189706315,-485.47923374939205,-17268.0,8258.49885235112,0.0,-704.8117467511215,0.0,0.0,0.0,0.0,11288.988,-562.6751055999999,-18280.0,3741.5958294735833,0.0,-144.17149130309028,0.0,0.0,0.0,0.0,28117.35397763554,-1303.7783158060297,-30411.0,27357.347896540527,0.0,-0.0,0.0,0.0,0.0,0.0,-7468.65552831491,-668.6923682256213,-19220.0,14178.557261002126,0.0,-186.44100867712586,0.0,0.0,0.0,0.0,-8748.139,-325.977252325,-4918.0,42787.4236291235,0.0,-0.0,0.0,0.0,0.0,0.0,-5958.081167341852,-1414.3424617816377,-35415.0,36131.63991651071,0.0,-0.0,0.0,0.0,0.0,0.0,-21533.23747168509,-1463.402444825621,-13135.0
t412,14121.318738378463,0.0,-0.0,0.0,0.0,0.0,0.0,4202.679094894356,-489.9978332728174,-17834.0,8086.268496518989,817.4186090810106,-0.0,0.0,0.0,0.0,0.0,11288.988,-562.6751055999999,-19630.0,3899.8669110830674,418.2159020048335,-0.0,0.0,0.0,0.0,0.0,27190.47671636125,-1247.559529449149,-30261.0,27249.089813995357,0.0,-0.0,0.0,0.0,0.0,0.0,-7106.66442156186,-651.4253924335007,-19491.0,13808.785017560866,199.33123476413553,-0.0,0.0,0.0,0.0,0.0,-8748.139,-325.977252325,-4934.0,43315.716887156945,0.0,-0.0,0.0,0.0,0.0,0.0,-4932.111811255603,-1353.6050759013317,-37030.0,36824.36404747164,0.0,-0.0,0.0,0.0,0.0,0.0,-21895.22857843814,-1446.1354690335006,-13483.0
t413,14247.329133891286,0.0,-0.0,0.0,0.0,0.0,0.0,4367.168005077196,-482.49713896847993,-18132.0,7997.283656304319,1949.4034492956794,-0.0,0.0,0.0,0.0,0.0,11288.988,-562.6751055999999,-20673.0,3772.1895748224997,2964.5832124818926,-0.0,0.0,0.0,0.0,0.0,25488.252093659285,-1149.0248809636796,-31076.0,26864.603708387924,0.0,-0.0,0.0,0.0,0.0,0.0,-6652.826390057196,-629.7773183307282,-19582.0,13863.011309271253,140.10494305374777,-0.0,0.0,0.0,0.0,0.0,-8748.139,-325.977252325,-4929.0,42690.947220456685,0.0,-0.0,0.0,0.0,0.0,0.0,-3394.376098736482,-1262.5711217201997,-38034.0,37431.554004873535,0.0,-0.0,0.0,0.0,0.0,0.0,-22349.066609942798,-1424.487394930728,-13658.0
t414,14634.366271130157,4597.278180513359,-0.0,0.0,0.0,0.0,0.0,-255.36003408905526,-693.2844175544609,-18283.0,7848.613692736654,2189.3443528329635,-0.0,0.0,0.0,0.0,0.0,11979.96855573072,-585.9266013003387,-21432.0,4098.923650778477,0.0,-0.0,0.0,0.0,0.0,0.0,28069.183534765638,-1303.1071855441119,-30865.0,25697.16462950516,0.0,-0.0,0.0,0.0,0.0,0.0,-6080.678753441021,-602.4858760641367,-19014.0,13660.285312548898,289.830939776103,-0.0,0.0,0.0,0.0,0.0,-8748.139,-325.977252325,-4876.0,41362.774708421624,64.6,-0.0,0.0,0.0,0.0,0.0,-2043.7600564073,-1182.6146520143122,-38201.0,37986.410199223115,0.0,-0.0,0.0,0.0,0.0,0.0,-22921.21424655898,-1397.1959526641365,-13668.0
t415,15178.178700052098,0.0,-0.0,0.0,0.0,0.0,0.0,3684.450363377872,-513.629063429969,-18349.0,8808.174597275478,465.13538115639994,-0.0,0.0,0.0,0.0,0.0,12892.317153172371,-616.6271316042503,-21549.0,5185.977689601095,1937.7093582708394,-0.0,0.0,0.0,0.0,0.0,23287.646110854654,-1158.3331587265893,-29253.0,23958.655078162923,0.0,-0.0,0.0,0.0,0.0,0.0,-4866.104398814469,-544.5506793484502,-18548.0,13730.740177693118,157.37607463188397,-0.0,0.0,0.0,0.0,0.0,-8748.139,-325.977252325,-4814.0,41127.577076422276,64.6,-0.0,0.0,0.0,0.0,0.0,-2114.381627404895,-1186.7954490173697,-37891.0,39315.04935713397,0.0,-0.0,0.0,0.0,0.0,0.0,-24135.78860118553,-1339.26075594845,-13840.0
t416,17071.090832496735,0.0,-1384.6462686387567,0.0,0.0,0.0,0.0,3132.359827985872,-538.8043918438442,-18280.0,9464.590752650503,0.0,-0.0,0.0,0.0,0.0,0.0,12830.97211853831,-614.5628711888141,-21681.0,8278.90522570684,0.0,-0.0,0.0,0.0,0.0,0.0,22967.256553475818,-1126.1617791826584,-30120.0,22634.529129181894,0.0,-0.0,0.0,0.0,0.0,0.0,-4139.752348980704,-506.77678020119475,-17988.0,14148.456910190745,0.0,-295.34065786574615,0.0,0.0,0.0,0.0,-8748.139,-325.977252325,-4779.0,41235.27600000023,0.0,-64.6,0.0,0.0,0.0,0.0,-2459.5358727663133,-1044.1401272339126,-37667.0,39011.722552960695,0.0,-0.0,0.0,0.0,0.0,0.0,-23583.161278252985,-1237.5612747077178,-14191.0
t417,18980.432396527212,0.0,-4429.929399114239,0.0,0.0,0.0,0.0,4023.6581891612777,-498.1611865742458,-18076.0,12339.088765245266,0.0,-3613.3910630603455,0.0,0.0,0.0,0.0,13424.849130454884,-634.5468326398069,-21516.0,14886.525408735735,0.0,-4012.10405375552,0.0,0.0,0.0,0.0,21482.081180383837,-1105.5025353640526,-31251.0,21812.10785920387,0.0,-0.0,0.0,0.0,0.0,0.0,-3517.7897463066247,-466.3181128972459,-17828.0,14160.456910190745,0.0,-295.34065786574615,0.0,0.0,0.0,0.0,-8748.139,-325.977252325,-4791.0,42233.989642946675,0.0,-64.6,0.0,0.0,0.0,0.0,-3979.5382193874702,-941.8514235592073,-37248.0,38380.85277264286,0.0,-0.0,0.0,0.0,0.0,0.0,-22685.1215343059,-1175.7312383369615,-14520.0
t418,19624.03557532241,0.0,-6469.0,0.0,0.0,0.0,0.0,5321.300428234256,-324.33600355665993,-18152.0,13498.207300250466,0.0,-3613.3910630603455,0.0,0.0,0.0,0.0,12171.55732623778,-592.3735634279013,-21464.0,17044.335594881697,0.0,-4165.510528091957,0.0,0.0,0.0,0.0,20391.62949629568,-956.4545630854273,-32314.0,20123.952484610563,0.0,-0.0,0.0,0.0,0.0,0.0,-1882.0398992634764,-359.91258534708913,-17882.0,13830.300242204967,0.0,-151.4270059511432,0.0,0.0,0.0,0.0,-8488.538526965598,-313.33470928822464,-4877.0,42738.5574304532,0.0,-64.6,0.0,0.0,0.0,0.0,-4575.953338420663,-907.0040920325359,-37191.0,38842.65189749078,0.0,-0.0,0.0,0.0,0.0,0.0,-22937.95548611798,-1167.6964113728056,-14737.0
t419,20173.94726747547,0.0,-6469.0,0.0,0.0,0.0,0.0,4958.859756970654,-231.8070244461219,-18432.0,14126.187292231327,0.0,-3219.9738633103266,0.0,0.0,0.0,0.0,11102.278243914634,-531.4916728356359,-21477.0,18115.16135993169,0.0,-3979.0658637594993,0.0,0.0,0.0,0.0,19206.118108066374,-946.2136042385665,-32396.0,18330.999755105517,597.0505658859195,-0.0,0.0,0.0,0.0,0.0,-357.32071836199066,-260.7296026294475,-18310.0,13629.976573198128,0.0,-116.81812264658743,0.0,0.0,0.0,0.0,-8195.113538215446,-299.0449123360923,-5019.0,42066.27589619553,0.0,-0.0,0.0,0.0,0.0,0.0,-3521.021133619016,-794.2547625765168,-37751.0,39223.445906087414,0.0,-0.0,0.0,0.0,0.0,0.0,-23193.800718755207,-1155.645187332214,-14874.0
t420,20349.25495961353,0.0,-1463.654776408862,0.0,0.0,0.0,0.0,995.4189830677026,-397.01916627236335,-19484.0,16009.131017505331,0.0,-3451.058759907427,0.0,0.0,0.0,0.0,9977.817566561092,-445.88982415899886,-22090.0,16487.90167219704,0.0,-3164.306026731831,0.0,0.0,0.0,0.0,21040.762060618214,-1187.3577060834216,-33177.0,17236.954316690346,804.5,-0.0,0.0,0.0,0.0,0.0,1257.2476158017496,-155.7019324920962,-19143.0,13470.157587312586,0.0,-106.4180973533848,0.0,0.0,0.0,0.0,-7879.085159658815,-283.65433030038434,-5201.0,41837.70121944074,0.0,-0.0,0.0,0.0,0.0,0.0,-2023.9447196596075,-536.7564997811312,-39277.0,39757.40773598961,0.0,-0.0,0.0,0.0,0.0,0.0,-23368.216346730333,-1131.1913892592895,-15258.0
t421,20502.322016341237,0.0,-2605.6129682620144,0.0,0.0,0.0,0.0,2628.0517902838346,-298.76083836305713,-20226.0,16893.846480932854,0.0,-0.0,0.0,0.0,0.0,0.0,6835.443701146051,-325.2901820789004,-23404.0,15113.780855395134,0.0,-916.2040537555198,0.0,0.0,0.0,0.0,21365.258619992637,-1029.8354216322539,-34533.0,17195.69802442174,946.2157862632712,-0.0,0.0,0.0,0.0,0.0,1434.27264373972,-144.1864544247312,-19432.0,13823.296511141496,0.0,-84.29728596597776,0.0,0.0,0.0,0.0,-8211.172253409477,-299.82697176604154,-5228.0,42012.78139974669,0.0,-0.0,0.0,0.0,0.0,0.0,-1232.972255162243,-477.8091445844349,-40302.0,39608.34246890656,0.0,-0.0,0.0,0.0,0.0,0.0,-22818.88224659052,-1133.4602223160412,-15656.0
t422,20256.63068033834,0.0,-0.0,0.0,0.0,0.0,0.0,260.1083776412197,-406.73905797956036,-20110.0,16263.050335460302,0.0,-1192.4799095815924,0.0,0.0,0.0,0.0,9229.054494337313,-427.62492021602,-23872.0,13836.473624723705,0.0,-0.0,0.0,0.0,0.0,0.0,22759.117946039012,-1170.5915707627205,-35425.0,17844.499715187623,675.9746380654208,-0.0,0.0,0.0,0.0,0.0,1021.5591161419209,-171.03346939496805,-19371.0,14099.48444545073,0.0,-0.0,0.0,0.0,0.0,0.0,-8625.480654549181,-320.0037909015452,-5154.0,43020.9984023373,0.0,-0.0,0.0,0.0,0.0,0.0,-2239.7854341594666,-574.2129681778279,-40207.0,39351.21088690236,0.0,-0.0,0.0,0.0,0.0,0.0,-22404.573845450817,-1153.637041451545,-15793.0
t423,19006.85851043646,0.0,-0.0,0.0,0.0,0.0,0.0,1384.6418224593917,-618.5003328958518,-19773.0,15497.542985047541,0.0,-0.0,0.0,0.0,0.0,0.0,8570.241582436454,-421.78456748399685,-23646.0,10985.631813417509,0.0,-0.0,0.0,0.0,0.0,0.0,25757.156485007094,-1170.7882984246044,-35572.0,18507.863515567606,334.7946805614939,-0.0,0.0,0.0,0.0,0.0,553.8028203097479,-201.4610164388509,-19195.0,13569.143613189895,159.12372773920833,-0.0,0.0,0.0,0.0,0.0,-8380.20831305817,-308.05902787093294,-5040.0,43344.55291995679,0.0,-0.0,0.0,0.0,0.0,0.0,-2835.7882102126864,-656.764709744095,-39852.0,41984.13846536276,0.0,-0.0,0.0,0.0,0.0,0.0,-25049.846186941828,-1295.2922784209325,-15639.0
t424,16463.512204228806,3092.5262825556956,-0.0,0.0,0.0,0.0,0.0,258.8002230446673,-669.8387098291632,-19145.0,14049.815754510542,0.0,-0.0,0.0,0.0,0.0,0.0,9438.169231429505,-471.98498594004576,-23016.0,5797.421334817152,1038.9292332246914,-0.0,0.0,0.0,0.0,0.0,29665.068013543336,-1340.418581585173,-35161.0,20101.886862338055,946.2157862632712,-0.0,0.0,0.0,0.0,0.0,-1760.3423231067209,-426.7603254946057,-18861.0,12352.11697539815,241.80516714194994,-0.0,0.0,0.0,0.0,0.0,-7489.252655206539,-264.6694873335585,-4840.0,43517.1071281453,0.0,-0.0,0.0,0.0,0.0,0.0,-3508.543815850796,-1052.5633122944996,-38956.0,43266.12670462543,64.30442585772411,-0.0,0.0,0.0,0.0,0.0,-26603.898673853448,-1283.5324566297195,-15443.0
t425,15659.52776701167,0.0,-0.0,0.0,0.0,0.0,0.0,3188.7071853369644,-536.2349523486345,-18312.0,9776.988177400035,1620.6989281999654,-0.0,0.0,0.0,0.0,0.0,11288.988,-562.6751055999999,-22124.0,4279.0180443580575,3689.1367990905574,-0.0,0.0,0.0,0.0,0.0,28113.242396281858,-1288.3972397304683,-34793.0,22870.46600326154,158.01192301346418,-0.0,0.0,0.0,0.0,0.0,-4319.9775,-518.500426275,-18190.0,13131.769992556834,241.80516714194994,-0.0,0.0,0.0,0.0,0.0,-8407.201560669193,-309.37359902958974,-4657.0,43827.11124872567,0.0,-0.0,0.0,0.0,0.0,0.0,-4840.905581618817,-1348.205667106834,-37638.0,41483.45978891039,0.0,-0.0,0.0,0.0,0.0,0.0,-25022.852939330805,-1296.6068495795894,-15164.0
t426,16071.211635441565,692.5878697032285,-0.0,0.0,0.0,0.0,0.0,1141.775530657239,-629.5750358020299,-17276.0,8717.95831684855,1578.7287887514512,-0.0,0.0,0.0,0.0,0.0,11288.988,-562.6751055999999,-21023.0,3982.5923296088445,0.0,-0.0,0.0,0.0,0.0,0.0,31599.343845406136,-1466.9361750149817,-34115.0,24728.839418915442,0.0,-0.0,0.0,0.0,0.0,0.0,-6622.508274687831,-628.3311442276096,-17478.0,13912.456910190747,0.0,-295.34065786574615,0.0,0.0,0.0,0.0,-8748.139,-325.977252325,-4543.0,43596.479895001336,0.0,-0.0,0.0,0.0,0.0,0.0,-6280.075376063374,-1433.4045189379517,-35883.0,38639.425946139774,0.0,-0.0,0.0,0.0,0.0,0.0,-22379.384725312164,-1423.0412208276093,-14837.0
t427,16043.092425460105,560.2972220855545,-0.0,0.0,0.0,0.0,0.0,1218.678607932612,-626.0682554782729,-17196.0,8649.853187395374,0.0,-0.0,0.0,0.0,0.0,0.0,12017.330648320614,-587.1838357159887,-20080.0,4137.456557781734,0.0,-0.0,0.0,0.0,0.0,0.0,31243.060117275425,-1514.516675057158,-33866.0,26127.334547800965,0.0,-0.0,0.0,0.0,0.0,0.0,-7235.751692541728,-657.5828552592404,-18234.0,13710.362315519587,149.7539368054131,-0.0,0.0,0.0,0.0,0.0,-8748.139,-325.977252325,-4786.0,42533.02044271656,0.0,-0.0,0.0,0.0,0.0,0.0,-6729.037373528654,-1459.9830691878963,-34344.0,37784.43423931751,0.0,-0.0,0.0,0.0,0.0,0.0,-21766.141307458274,-1452.2929318592403,-14566.0
t428,16567.35295451349,2284.8484517787333,-0.0,0.0,0.0,0.0,0.0,-510.29208711957017,-704.9093191726524,-17637.0,8899.114092797332,1849.573012802667,-0.0,0.0,0.0,0.0,0.0,11288.988,-562.6751055999999,-21475.0,3761.8391371374187,666.0432865602729,-0.0,0.0,0.0,0.0,0.0,31094.71139037785,-1414.5938140755427,-34108.0,27836.534394272905,0.0,-749.7882237979047,0.0,0.0,0.0,0.0,-7626.523499999999,-676.2226704750001,-18784.0,13963.578409887248,0.0,-1.4621575622477394,0.0,0.0,0.0,0.0,-8748.139,-325.977252325,-4888.0,40503.10317788618,0.0,-0.0,0.0,0.0,0.0,0.0,-4123.375303258279,-1305.72787462789,-35074.0,37577.302247075,0.0,-0.0,0.0,0.0,0.0,0.0,-21375.3695,-1470.9327470749997,-14731.0
t429,17220.475605435764,2489.03214620057,-0.0,0.0,0.0,0.0,0.0,-1181.969923141096,-735.5378284952341,-17792.0,8848.878378543424,2256.808727056574,-0.0,0.0,0.0,0.0,0.0,11288.988,-562.6751055999999,-21832.0,3637.9300410705823,916.2040537555198,-0.0,0.0,0.0,0.0,0.0,31313.263165783566,-1418.3972606096681,-34449.0,27896.356151410328,0.0,-946.2157862632712,0.0,0.0,0.0,0.0,-7637.116309856878,-676.0240552901836,-18637.0,13601.984169417563,295.34065786574615,-0.0,0.0,0.0,0.0,0.0,-8737.546190143123,-325.7786371401836,-4834.0,40064.62205438518,35.53000009673853,-0.0,0.0,0.0,0.0,0.0,-3670.2492426424706,-1278.9028118394342,-35151.0,37631.30224707499,0.0,-0.0,0.0,0.0,0.0,0.0,-21375.3695,-1470.9327470749997,-14785.0
t430,17577.84947860233,4181.830521397673,-0.0,0.0,0.0,0.0,0.0,-3400.0,-836.6800000000001,-17523.0,9237.468163061883,859.9370312449171,-0.0,0.0,0.0,0.0,0.0,11645.258410610231,-574.6636049170343,-21168.0,3598.642642327893,0.0,-0.0,0.0,0.0,0.0,0.0,33761.61132806895,-1566.2539703968419,-35794.0,27027.96195673827,0.0,-946.2157862632712,0.0,0.0,0.0,0.0,-7626.523499999999,-676.2226704750001,-17779.0,14037.395517129793,0.0,-271.2792648047933,0.0,0.0,0.0,0.0,-8748.139,-325.977252325,-4692.0,40303.46658948399,0.0,-0.0,0.0,0.0,0.0,0.0,-4256.837738679182,-1313.6288508048076,-34733.0,37608.302247075,0.0,-0.0,0.0,0.0,0.0,0.0,-21375.3695,-1470.9327470749997,-14762.0
t431,17891.344930228544,0.0,-0.0,0.0,0.0,0.0,0.0,-99.1822209530801,-686.1627092754605,-17106.0,8916.203557197747,0.0,-0.0,0.0,0.0,0.0,0.0,11217.992782757367,-559.196339955111,-19575.0,3488.61268860457,1965.3944722248966,-0.0,0.0,0.0,0.0,0.0,32305.878861729987,-1491.8860225594533,-36268.0,26437.96195673827,0.0,-946.2157862632712,0.0,0.0,0.0,0.0,-7626.523499999999,-676.2226704750001,-17189.0,14176.456910190745,0.0,-295.34065786574615,0.0,0.0,0.0,0.0,-8748.139,-325.977252325,-4807.0,40885.94535089837,0.0,-0.0,0.0,0.0,0.0,0.0,-5674.657423534272,-1398.2879273641038,-33813.0,37411.93800567643,0.0,-22.635758601433054,0.0,0.0,0.0,0.0,-21375.3695,-1470.9327470749997,-14543.0
t432,18319.010416503028,1500.1662377173825,-0.0,0.0,0.0,0.0,0.0,-1406.4046042658829,-745.7720499545243,-17667.0,8776.027709268683,328.659396331316,-0.0,0.0,0.0,0.0,0.0,11288.988,-562.6751055999999,-19831.0,3374.9712648686295,0.0,-0.0,0.0,0.0,0.0,0.0,33414.78369968469,-1539.7549645533177,-35250.0,27061.233290523807,0.0,-897.4871200488117,0.0,0.0,0.0,0.0,-7626.523499999999,-676.2226704750001,-17861.0,14171.570663719582,0.0,-191.45441139458126,0.0,0.0,0.0,0.0,-8748.139,-325.977252325,-4906.0,41521.36138974261,0.0,-0.0,0.0,0.0,0.0,0.0,-5547.335095418808,-1390.0262943237933,-34584.0,37409.3187541441,0.0,-53.0165070691091,0.0,0.0,0.0,0.0,-21375.3695,-1470.9327470749997,-14510.0
t433,14589.581761389336,6566.3,-0.0,0.0,0.0,0.0,0.0,-767.2931918413688,-453.5885695479664,-19935.0,9389.851355116294,0.0,-0.0,0.0,0.0,0.0,0.0,11126.869686004373,-552.7210411206686,-19964.0,3913.879618615089,1281.5150509868286,-0.0,0.0,0.0,0.0,0.0,27587.212384841565,-1298.607054443475,-31484.0,27977.74850356917,0.0,-473.00233309417246,0.0,0.0,0.0,0.0,-7626.523499999999,-676.2226704750001,-19202.0,14139.529284479511,135.58696784548738,-0.0,0.0,0.0,0.0,0.0,-8748.139,-325.977252325,-5201.0,45540.8136929,0.0,-0.0,0.0,0.0,0.0,0.0,-8927.735999999999,-1310.0776928999999,-35303.0,27445.36264279555,188.61597337519936,-0.0,0.0,0.0,0.0,0.0,-12644.39037900457,-983.588237166177,-14006.0
t434,15825.359844444347,885.1674122959978,-0.0,0.0,0.0,0.0,0.0,3654.4307031940107,-251.95795993435314,-20113.0,9433.091069712815,305.5960358871846,-0.0,0.0,0.0,0.0,0.0,11288.988,-562.6751055999999,-20465.0,4001.92593471404,3890.3245057423874,-0.0,0.0,0.0,0.0,0.0,23193.964720404456,-1098.2151608608865,-29988.0,27627.746170475002,0.0,-0.0,0.0,0.0,0.0,0.0,-7626.523499999999,-676.2226704750001,-19325.0,14363.694140215292,0.0,-25.57788789029091,0.0,0.0,0.0,0.0,-8748.139,-325.977252325,-5264.0,47480.8136929,0.0,-0.0,0.0,0.0,0.0,0.0,-8927.735999999999,-1310.0776928999999,-37243.0,27619.765941275,0.0,-0.0,0.0,0.0,0.0,0.0,-12834.984923598466,-994.7810176765332,-13790.0
t435,16762.101221703844,1998.2240032493598,-0.0,0.0,0.0,0.0,0.0,1807.8373900600636,-336.1626150132611,-20232.0,8728.166802492706,1290.5203031072929,-0.0,0.0,0.0,0.0,0.0,11288.988,-562.6751055999999,-20745.0,4067.9881178737646,0.0,-0.0,0.0,0.0,0.0,0.0,25774.351723582964,-1214.3398414567328,-28628.0,29030.062484926406,0.0,-804.5,0.0,0.0,0.0,0.0,-7711.941400077865,-674.62108484854,-19839.0,14303.383669719504,108.7130969011768,-0.0,0.0,0.0,0.0,0.0,-8662.721099922135,-324.37566669854004,-5425.0,48536.8136929,0.0,-0.0,0.0,0.0,0.0,0.0,-8927.735999999999,-1310.0776928999999,-38299.0,28468.479656836498,0.0,-0.0,0.0,0.0,0.0,0.0,-13568.778613643026,-1026.7010431934716,-13873.0
t436,18176.61519296722,0.0,-0.0,0.0,0.0,0.0,0.0,2778.294574438396,-291.90976740560916,-20663.0,8991.996346009797,854.2132031459199,-0.0,0.0,0.0,0.0,0.0,12458.830765503475,-602.0403146591918,-21703.0,4059.3310142610076,1867.5449988249804,-0.0,0.0,0.0,0.0,0.0,23519.597425683518,-1204.4734387695055,-28242.0,28663.24216889449,446.9892218670747,-0.0,0.0,0.0,0.0,0.0,-8168.164488827071,-666.0669019344924,-20276.0,13984.411464919616,177.90803003780655,-0.0,0.0,0.0,0.0,0.0,-8206.49801117293,-315.82148378449244,-5640.0,49527.8136929,0.0,-0.0,0.0,0.0,0.0,0.0,-8927.735999999999,-1310.0776928999999,-39290.0,28691.046544680095,0.0,-0.0,0.0,0.0,0.0,0.0,-13454.32426562539,-1021.7222790547044,-14215.0
t437,20417.36363287138,0.0,-0.0,0.0,0.0,0.0,0.0,1068.5122103372428,-369.87584320862175,-21116.0,8871.87428128822,1936.8556812493266,-0.0,0.0,0.0,0.0,0.0,12987.086145664049,-619.8161082015952,-23176.0,4213.212407465988,751.9609899590705,-0.0,0.0,0.0,0.0,0.0,24801.404076185274,-1304.5774736103326,-28462.0,28419.14569964494,900.7007533383539,-0.0,0.0,0.0,0.0,0.0,-8040.383660518008,-668.4627924652874,-20611.0,14218.085204231258,158.41100956602443,-0.0,0.0,0.0,0.0,0.0,-8334.278839481993,-318.2173743152873,-5724.0,50837.813692899996,0.0,-0.0,0.0,0.0,0.0,0.0,-8927.735999999999,-1310.0776928999999,-40600.0,28983.68837673668,0.0,-0.0,0.0,0.0,0.0,0.0,-13554.603932186565,-1026.0844445501157,-14403.0
t438,20591.09831031327,3035.275519895202,-0.0,0.0,0.0,0.0,0.0,-1774.8410770930304,-499.53275311544223,-21352.0,8933.620340398786,0.0,-0.0,0.0,0.0,0.0,0.0,16222.05238164352,-728.6727220423045,-24427.0,4979.835757247117,0.0,-0.0,0.0,0.0,0.0,0.0,24591.144094154282,-1550.9798514014042,-28020.0,28995.40801710457,367.7157862632711,-0.0,0.0,0.0,0.0,0.0,-8261.812807406715,-664.310995961124,-20437.0,13930.289592300918,195.62567810349282,-0.0,0.0,0.0,0.0,0.0,-8112.849692593284,-314.06557781112406,-5699.0,51420.813692899996,0.0,-0.0,0.0,0.0,0.0,0.0,-8927.735999999999,-1310.0776928999999,-41183.0,29185.930197298432,0.0,-0.0,0.0,0.0,0.0,0.0,-13735.956898704771,-1033.9732985936575,-14416.0
t439,21426.615961983407,0.0,-0.0,0.0,0.0,0.0,0.0,416.9701970319402,-399.5861590153435,-21444.0,9186.95774781068,0.0,-0.0,0.0,0.0,0.0,0.0,16352.090765860527,-733.0485136712067,-24806.0,6113.688270102645,0.0,-0.0,0.0,0.0,0.0,0.0,22015.18819128222,-1440.876461384867,-26688.0,28642.432560611716,222.0544466963471,-0.0,0.0,0.0,0.0,0.0,-8047.15110441586,-668.3359028922026,-20149.0,14154.218864602568,123.38301572377665,-0.0,0.0,0.0,0.0,0.0,-8327.51139558414,-318.09048474220265,-5632.0,51337.10536869283,0.0,-0.0,0.0,0.0,0.0,0.0,-8706.145814759098,-1296.9595539337388,-41334.0,29368.999689430162,0.0,-0.0,0.0,0.0,0.0,0.0,-13703.440839415587,-1032.558850014578,-14633.0
t440,23236.695029244936,0.0,-0.0,0.0,0.0,0.0,0.0,-1414.589737227364,-483.10529201756776,-21339.0,10081.223260778212,0.0,-0.0,0.0,0.0,0.0,0.0,15169.366011934071,-679.5892727122803,-24571.0,8828.966224533719,0.0,-0.0,0.0,0.0,0.0,0.0,19072.34115818492,-1210.3073827186377,-26691.0,28592.415360011244,0.0,-367.7157862632711,0.0,0.0,0.0,0.0,-7817.049261297294,-672.6503124506758,-19735.0,14438.018133003383,0.0,-0.0,0.0,0.0,0.0,0.0,-8557.613238702706,-322.4048943006758,-5558.0,44530.116410438946,0.0,-0.0,0.0,0.0,0.0,0.0,-2477.7976945080663,-937.3187159308952,-41115.0,29830.01400175325,0.0,-0.0,0.0,0.0,0.0,0.0,-13974.65723838356,-1044.3567633696848,-14811.0
t441,25201.17102345291,0.0,-496.6558240059403,0.0,0.0,0.0,0.0,-2926.4682473670264,-552.0469520799364,-21226.0,15998.970464669594,0.0,-3571.8133981396113,0.0,0.0,0.0,0.0,12267.811336167215,-491.9684026971936,-24203.0,12541.611098416239,0.0,-4012.10405375552,0.0,0.0,0.0,0.0,19393.346705210406,-1455.8537498711235,-26467.0,28907.88608105729,0.0,-946.2157862632712,0.0,0.0,0.0,0.0,-7810.904773191365,-672.7655216026619,-19478.0,14451.277830261299,0.0,-0.0,0.0,0.0,0.0,0.0,-8563.757726808635,-322.52010345266194,-5565.0,37880.7516300394,0.0,-0.0,0.0,0.0,0.0,0.0,3384.3231638327848,-650.0747938721936,-40615.0,32667.99001902384,0.0,-797.3011427642705,0.0,0.0,0.0,0.0,-15744.35045784338,-1121.3384184161869,-15005.0
t442,26567.74709867668,0.0,-6566.3,0.0,0.0,0.0,0.0,1604.9664320230745,-345.4135306997478,-21261.0,22223.3752924409,0.0,-4842.601412840444,0.0,0.0,0.0,0.0,6749.943314077429,-321.7171936778843,-23809.0,13043.290248107922,0.0,-5677.104053755519,0.0,0.0,0.0,0.0,20288.876359427824,-982.0625537802288,-26673.0,28478.35316598552,0.0,-473.2947054478487,0.0,0.0,0.0,0.0,-7967.223922993808,-669.8345375438661,-19368.0,14345.027696400059,0.0,-0.0,0.0,0.0,0.0,0.0,-8407.438577006193,-319.5891193938661,-5618.0,38558.88044895072,0.0,-0.0,0.0,0.0,0.0,0.0,2379.433917968805,-699.3143669195285,-40239.0,32580.52894926926,0.0,-1630.3,0.0,0.0,0.0,0.0,-14648.55752349713,-1073.671425772125,-15228.0
t443,26943.421321992402,0.0,-6469.0,0.0,0.0,0.0,0.0,1560.997205439552,-347.4185274319564,-21688.0,23090.727897752728,0.0,-4296.379378902078,0.0,0.0,0.0,0.0,5244.128469767983,-266.47698861863114,-23772.0,13867.107102859294,0.0,-5094.488178063439,0.0,0.0,0.0,0.0,19996.615766934367,-876.2346917302218,-27893.0,28536.816588716192,0.0,-367.7157862632711,0.0,0.0,0.0,0.0,-7784.846691824634,-673.2541106282881,-19711.0,14622.824500653656,0.0,-0.0,0.0,0.0,0.0,0.0,-8589.815808175366,-323.00869247828814,-5710.0,38413.60404568661,0.0,-0.0,0.0,0.0,0.0,0.0,2677.1235302320174,-684.7275759186311,-40406.0,31006.994453422187,0.0,-1630.3,0.0,0.0,0.0,0.0,-13104.202472373916,-1006.4919810482653,-15266.0
t444,27766.4654189983,0.0,-6566.3,0.0,0.0,0.0,0.0,1678.8777553574037,-342.0431743557024,-22537.0,23364.852477631197,0.0,-3042.2910630603456,0.0,0.0,0.0,0.0,4155.820234793728,-208.3816493645793,-24270.0,13234.430908419927,0.0,-3229.7319891479196,0.0,0.0,0.0,0.0,20366.33650793871,-916.0354272107234,-29455.0,27973.08749691914,914.6586735558576,-0.0,0.0,0.0,0.0,0.0,-7626.523499999999,-676.2226704750001,-20585.0,15114.421075591314,0.0,-212.30482326631318,0.0,0.0,0.0,0.0,-8748.139,-325.977252325,-5828.0,38373.11337875636,0.0,-0.0,0.0,0.0,0.0,0.0,4076.066015389553,-616.1793941459119,-41833.0,30615.65324056575,0.0,-0.0,0.0,0.0,0.0,0.0,-13902.438013479394,-1041.2152270863537,-15672.0
t445,27791.945518325112,0.0,-2918.1875884179312,0.0,0.0,0.0,0.0,-1297.970476192786,-477.78745371439106,-23098.0,23023.034189482903,0.0,-1598.4340128557458,0.0,0.0,0.0,0.0,4665.079487688356,-207.67966431551207,-25882.0,13127.100842777429,0.0,-1913.6147719048954,0.0,0.0,0.0,0.0,21184.33046928952,-1086.8165401620417,-31311.0,28387.530384211725,946.2157862632712,-0.0,0.0,0.0,0.0,0.0,-7626.523499999999,-676.2226704750001,-21031.0,15225.456910190745,0.0,-295.34065786574615,0.0,0.0,0.0,0.0,-8748.139,-325.977252325,-5856.0,38392.04834321818,0.0,-0.0,0.0,0.0,0.0,0.0,5238.187116951212,-559.2354601693906,-43071.0,30711.974209487835,0.0,-0.0,0.0,0.0,0.0,0.0,-13414.964097736301,-1020.010111751529,-16277.0
t446,27627.10102753923,0.0,-97.3,0.0,0.0,0.0,0.0,-3969.2052673481503,-599.5957601910757,-22961.0,23476.26140727163,0.0,-1748.5001005323397,0.0,0.0,0.0,0.0,5059.590050781461,-219.3513575207458,-26568.0,11534.042659277642,0.0,-0.0,0.0,0.0,0.0,0.0,22209.47340510018,-1175.516064377827,-32568.0,28559.181041963806,766.5651285111935,-0.0,0.0,0.0,0.0,0.0,-7626.523499999999,-676.2226704750001,-21023.0,14968.127352522482,0.0,-134.01110019748268,0.0,0.0,0.0,0.0,-8748.139,-325.977252325,-5760.0,38472.461175938115,0.0,-0.0,0.0,0.0,0.0,0.0,5342.655341241066,-554.1165171791878,-43261.0,29683.961723069748,0.0,-0.0,0.0,0.0,0.0,0.0,-12267.851029774556,-970.1106932951932,-16446.0
t447,27435.245617012377,0.0,-0.0,0.0,0.0,0.0,0.0,-4289.064285589495,-614.1813314228809,-22532.0,23164.38002361599,0.0,-91.07447721517951,0.0,0.0,0.0,0.0,3742.7554369949453,-180.06098339575644,-26636.0,9531.67341207191,0.0,-0.0,0.0,0.0,0.0,0.0,24749.160560638134,-1159.8339727100526,-33121.0,28911.50274297932,88.2434274956813,-0.0,0.0,0.0,0.0,0.0,-7626.523499999999,-676.2226704750001,-20697.0,14898.416252325,0.0,-196.3,0.0,0.0,0.0,0.0,-8748.139,-325.977252325,-5628.0,38253.59766126348,0.0,-0.0,0.0,0.0,0.0,0.0,5015.547156946155,-570.1448182096384,-42699.0,30222.8980745408,0.0,-0.0,0.0,0.0,0.0,0.0,-12843.73636898974,-995.1617055510536,-16384.0
t448,25620.44155043235,0.0,-0.0,0.0,0.0,0.0,0.0,-3162.6258133438705,-562.8157370884805,-21895.0,21117.71205988308,0.0,-0.0,0.0,0.0,0.0,0.0,5138.052513267004,-251.76457315008318,-26004.0,6152.514944405026,0.0,-0.0,0.0,0.0,0.0,0.0,28674.737332561523,-1336.2522769665532,-33491.0,28214.55404958743,434.19212088756206,-0.0,0.0,0.0,0.0,0.0,-7626.523499999999,-676.2226704750001,-20346.0,14631.583760057487,0.0,-160.4675077324864,0.0,0.0,0.0,0.0,-8748.139,-325.977252325,-5397.0,45218.17844558443,0.0,-0.0,0.0,0.0,0.0,0.0,-2608.298512764126,-990.8799328203129,-41619.0,28868.450603978374,0.0,-0.0,0.0,0.0,0.0,0.0,-11667.203019720528,-930.2475842578428,-16271.0
t449,24858.99838836958,1063.90240057535,-0.0,0.0,0.0,0.0,0.0,-4376.72225415544,-618.1785347894881,-20928.0,13121.300425441485,1235.386680158514,-0.0,0.0,0.0,0.0,0.0,11288.988,-562.6751055999999,-25083.0,4059.582686126576,916.2040537555198,-0.0,0.0,0.0,0.0,0.0,30257.560247623238,-1422.3469875053374,-33811.0,28224.461956738272,0.0,-141.71578626327113,0.0,0.0,0.0,0.0,-7626.523499999999,-676.2226704750001,-19780.0,14423.910722257691,0.0,-183.79446993269127,0.0,0.0,0.0,0.0,-8748.139,-325.977252325,-5166.0,50369.81369289999,0.0,-0.0,0.0,0.0,0.0,0.0,-8927.735999999999,-1310.0776928999999,-40132.0,28792.11976293365,0.0,-0.0,0.0,0.0,0.0,0.0,-11867.427493467796,-952.6922694658491,-15972.0
t450,24618.003361019204,1913.0766389808032,-0.0,0.0,0.0,0.0,0.0,-5800.0,-683.08,-20048.0,9675.8896316746,3279.9687038095194,-0.0,0.0,0.0,0.0,0.0,11571.31714587456,-572.175481358679,-23955.0,3903.9287154511435,0.0,-0.0,0.0,0.0,0.0,0.0,31558.792449715715,-1503.7211651668558,-33959.0,28232.961956738272,0.0,-946.2157862632712,0.0,0.0,0.0,0.0,-7626.523499999999,-676.2226704750001,-18984.0,14110.156910190746,0.0,-99.04065786574617,0.0,0.0,0.0,0.0,-8748.139,-325.977252325,-4937.0,48504.8136929,0.0,-0.0,0.0,0.0,0.0,0.0,-8927.735999999999,-1310.0776928999999,-38267.0,28786.375701748453,0.0,-0.0,0.0,0.0,0.0,0.0,-12027.711095590275,-959.6646061581769,-15799.0
t451,25043.82239617896,960.2576038210409,-0.0,0.0,0.0,0.0,0.0,-5800.0,-683.08,-19521.0,10634.243590569937,1276.6750633418433,-0.0,0.0,0.0,0.0,0.0,11349.80287213558,-564.7215260473622,-22696.0,3962.677957465752,0.0,-0.0,0.0,0.0,0.0,0.0,31568.37000514324,-1487.047962608991,-34044.0,28007.625615460714,0.0,-367.7157862632711,0.0,0.0,0.0,0.0,-7842.741241373191,-672.1685878242527,-19125.0,13416.503770435318,295.34065786574615,-0.0,0.0,0.0,0.0,0.0,-8531.92125862681,-321.9231696742527,-4858.0,46951.8136929,0.0,-0.0,0.0,0.0,0.0,0.0,-8927.735999999999,-1310.0776928999999,-36714.0,28287.21973619045,0.0,-0.0,0.0,0.0,0.0,0.0,-11815.774377278816,-950.4453589116284,-15521.0
t452,24797.0344039091,0.0,-0.0,0.0,0.0,0.0,0.0,-4877.0413197294365,-640.9930841796623,-19279.0,9501.196732305956,2099.4903732940456,-0.0,0.0,0.0,0.0,0.0,11288.988,-562.6751055999999,-22327.0,4145.732668193752,1566.3307974746454,-0.0,0.0,0.0,0.0,0.0,30028.36416215686,-1413.4276278252553,-34327.0,28642.23243312582,0.0,-626.4862626508233,0.0,0.0,0.0,0.0,-7626.523499999999,-676.2226704750001,-19713.0,14032.116252325,0.0,-0.0,0.0,0.0,0.0,0.0,-8748.139,-325.977252325,-4958.0,46047.8136929,0.0,-0.0,0.0,0.0,0.0,0.0,-8927.735999999999,-1310.0776928999999,-35810.0,27551.870702823016,0.0,-0.0,0.0,0.0,0.0,0.0,-11137.912342427424,-920.9583603955929,-15493.0
t453,24414.067902005274,0.0,-0.0,0.0,0.0,0.0,0.0,-4414.181237571989,-619.8866644332827,-19380.0,9304.342369086957,2607.3447365130446,-0.0,0.0,0.0,0.0,0.0,11288.988,-562.6751055999999,-22638.0,4322.204010514887,1162.033218014038,-0.0,0.0,0.0,0.0,0.0,30429.675433423905,-1429.912661952841,-34484.0,27994.746170475,0.0,-0.0,0.0,0.0,0.0,0.0,-7626.523499999999,-676.2226704750001,-19692.0,13902.032602947926,81.08364937707505,-0.0,0.0,0.0,0.0,0.0,-8748.139,-325.977252325,-4909.0,46158.8136929,0.0,-0.0,0.0,0.0,0.0,0.0,-8927.735999999999,-1310.0776928999999,-35921.0,27010.333510121476,1630.3,-0.0,0.0,0.0,0.0,0.0,-12002.083695851914,-958.5498142695582,-15680.0
t454,24099.16786740079,1546.912132599213,-0.0,0.0,0.0,0.0,0.0,-5800.0,-683.08,-19163.0,9096.645095087564,1221.339034809101,-0.0,0.0,0.0,0.0,0.0,12303.840771463067,-596.8249013597322,-22025.0,4169.871405390143,3095.9,-0.0,0.0,0.0,0.0,0.0,28986.572384660984,-1448.3437900511285,-34804.0,28053.246170475,0.0,-578.5,0.0,0.0,0.0,0.0,-7626.523499999999,-676.2226704750001,-19172.0,14002.83963101751,0.0,-185.72337869250987,0.0,0.0,0.0,0.0,-8748.139,-325.977252325,-4743.0,45729.81369290001,0.0,-0.0,0.0,0.0,0.0,0.0,-8927.735999999999,-1310.0776928999999,-35492.0,26668.652467165448,0.0,-0.0,0.0,0.0,0.0,0.0,-10188.01465612405,-879.637811041396,-15601.0
t455,24415.93506182115,0.0,-0.0,0.0,0.0,0.0,0.0,-4766.005223623895,-635.9298381972496,-19014.0,10338.687105599998,0.0,-0.0,0.0,0.0,0.0,0.0,11288.988,-562.6751055999999,-21065.0,3906.9559583565265,1547.2629806507523,-0.0,0.0,0.0,0.0,0.0,30719.018998392403,-1443.2379373996798,-34730.0,27510.319465407625,0.0,-74.57329493262186,0.0,0.0,0.0,0.0,-7626.523499999999,-676.2226704750001,-19133.0,14177.244999540448,0.0,-257.12874721544796,0.0,0.0,0.0,0.0,-8748.139,-325.977252325,-4846.0,44935.8136929,0.0,-0.0,0.0,0.0,0.0,0.0,-8927.735999999999,-1310.0776928999999,-34698.0,26666.13519072094,1630.3,-0.0,0.0,0.0,0.0,0.0,-11939.603274768506,-955.83191595243,-15401.0
t456,24398.108799464728,1662.9712005352758,-0.0,0.0,0.0,0.0,0.0,-5800.0,-683.08,-19578.0,10397.6871056,0.0,-0.0,0.0,0.0,0.0,0.0,11288.988,-562.6751055999999,-21124.0,4044.4275556919943,666.7470525105737,-0.0,0.0,0.0,0.0,0.0,30219.505898376818,-1423.6805065793917,-33507.0,27714.746170475,0.0,-0.0,0.0,0.0,0.0,0.0,-7626.523499999999,-676.2226704750001,-19412.0,13818.932510812292,211.18374151270822,-0.0,0.0,0.0,0.0,0.0,-8748.139,-325.977252325,-4956.0,45653.81369290001,0.0,-0.0,0.0,0.0,0.0,0.0,-8927.735999999999,-1310.0776928999999,-35416.0,26644.219721706217,0.0,-0.0,0.0,0.0,0.0,0.0,-10406.09539837682,-889.1243233293916,-15349.0
t457,24818.29599474029,0.0,-0.0,0.0,0.0,0.0,0.0,-3887.195572704636,-655.1004220356472,-20276.0,8490.163928444044,0.0,-1190.3548934550677,0.0,0.0,0.0,0.0,15205.662155959044,-694.4711909480218,-21811.0,4049.8507801689516,0.0,-1665.0,0.0,0.0,0.0,0.0,31312.672134996646,-1770.5229151656015,-31927.0,28307.1634924789,0.0,-0.0,0.0,0.0,0.0,0.0,-7979.560261277855,-669.6032312010402,-19658.0,13433.11939390744,295.34065786574615,-0.0,0.0,0.0,0.0,0.0,-8395.102238722146,-319.35781305104024,-5014.0,47303.4136929,0.0,-64.6,0.0,0.0,0.0,0.0,-8927.735999999999,-1310.0776928999999,-37001.0,33793.08087071913,0.0,-0.0,0.0,0.0,0.0,0.0,-17328.740218251056,-1201.3406524680674,-15263.0
t458,24498.89884128421,0.0,-0.0,0.0,0.0,0.0,0.0,-2954.532174143278,-816.3666671409335,-20728.0,8537.640826795243,0.0,-1680.55156852434,0.0,0.0,0.0,0.0,16513.38686928038,-738.4761275512849,-22632.0,4022.139927194665,0.0,-1665.0,0.0,0.0,0.0,0.0,29733.727404761554,-1785.8673319562188,-30305.0,28382.746170475,0.0,-0.0,0.0,0.0,0.0,0.0,-7626.523499999999,-676.2226704750001,-20080.0,14292.446012052458,0.0,-162.3297597274579,0.0,0.0,0.0,0.0,-8748.139,-325.977252325,-5056.0,47867.88531391265,0.0,-0.0,0.0,0.0,0.0,0.0,-7729.729599898657,-1239.1557140140005,-38899.0,35810.535438499996,0.0,-0.0,0.0,0.0,0.0,0.0,-19188.190000000002,-1320.3454385,-15302.0
t459,24717.47081654385,0.0,-0.0,0.0,0.0,0.0,0.0,-2691.115930129923,-804.3548864139245,-21222.0,8458.630023956901,0.0,-1165.3652158165155,0.0,0.0,0.0,0.0,16231.733689925612,-728.9984980659967,-22796.0,4063.289922060394,0.0,-1665.0,0.0,0.0,0.0,0.0,28448.949522480263,-1687.2394445406576,-29160.0,29070.746170475,0.0,-0.0,0.0,0.0,0.0,0.0,-7626.523499999999,-676.2226704750001,-20768.0,14420.556118160534,0.0,-100.43986583553146,0.0,0.0,0.0,0.0,-8748.139,-325.977252325,-5246.0,47755.73201908668,0.0,-0.0,0.0,0.0,0.0,0.0,-6426.714782275951,-1162.0172368107362,-40167.0,35477.535438499996,0.0,-0.0,0.0,0.0,0.0,0.0,-19188.190000000002,-1320.3454385,-14969.0
t460,24623.930095897744,0.0,-0.0,0.0,0.0,0.0,0.0,-2087.117536244972,-776.8125596527708,-21760.0,8231.223974339151,0.0,-0.0,0.0,0.0,0.0,0.0,16141.746453211412,-725.970427550564,-23647.0,4294.499821556677,0.0,-0.0,0.0,0.0,0.0,0.0,28518.72967100454,-1691.2294925612168,-31122.0,29951.746170475,0.0,-0.0,0.0,0.0,0.0,0.0,-7626.523499999999,-676.2226704750001,-21649.0,14527.116252324999,0.0,-0.0,0.0,0.0,0.0,0.0,-8748.139,-325.977252325,-5453.0,49480.08377007886,0.0,-0.0,0.0,0.0,0.0,0.0,-7010.50608797098,-1196.577682107882,-41273.0,35710.535438499996,0.0,-0.0,0.0,0.0,0.0,0.0,-19188.190000000002,-1320.3454385,-15202.0
t461,25679.655436460576,0.0,-0.0,0.0,0.0,0.0,0.0,-2662.600838236969,-803.0545982236058,-22214.0,8344.306041310678,0.0,-0.0,0.0,0.0,0.0,0.0,17409.31817466686,-768.6242159775398,-24985.0,4247.754166781036,0.0,-0.0,0.0,0.0,0.0,0.0,29743.871163570107,-1873.6253303511455,-32118.0,30591.746170475,0.0,-0.0,0.0,0.0,0.0,0.0,-7626.523499999999,-676.2226704750001,-22289.0,14592.070926485878,112.04532583912226,-0.0,0.0,0.0,0.0,0.0,-8748.139,-325.977252325,-5630.0,52396.813692899996,0.0,-0.0,0.0,0.0,0.0,0.0,-8927.735999999999,-1310.0776928999999,-42159.0,35877.535438499996,0.0,-0.0,0.0,0.0,0.0,0.0,-19188.190000000002,-1320.3454385,-15369.0
t462,24634.44520534455,0.0,-0.0,0.0,0.0,0.0,0.0,-1424.832828370838,-746.6123769737103,-22463.0,9552.542105627714,0.0,-0.0,0.0,0.0,0.0,0.0,17058.26931626459,-756.8114218923033,-25854.0,4527.218302909762,0.0,-0.0,0.0,0.0,0.0,0.0,28857.15201210625,-1805.3703150160136,-31579.0,30834.746170475,0.0,-0.0,0.0,0.0,0.0,0.0,-7626.523499999999,-676.2226704750001,-22532.0,14467.146494470062,269.96975785493805,-0.0,0.0,0.0,0.0,0.0,-8748.139,-325.977252325,-5663.0,53088.813692899996,0.0,-0.0,0.0,0.0,0.0,0.0,-8927.735999999999,-1310.0776928999999,-42851.0,35797.535438499996,0.0,-0.0,0.0,0.0,0.0,0.0,-19188.190000000002,-1320.3454385,-15289.0
t463,24889.958915392835,0.0,-0.0,0.0,0.0,0.0,0.0,-1849.004318470572,-765.9545969222581,-22275.0,8502.83782932081,0.0,-0.0,0.0,0.0,0.0,0.0,17895.134092284563,-784.9719216053757,-25613.0,4653.93485733373,0.0,-0.0,0.0,0.0,0.0,0.0,26661.379911515403,-1747.314768849134,-29568.0,30901.746170475,0.0,-0.0,0.0,0.0,0.0,0.0,-7626.523499999999,-676.2226704750001,-22599.0,14609.246407264045,56.86984506095691,-0.0,0.0,0.0,0.0,0.0,-8748.139,-325.977252325,-5592.0,51112.176612400894,0.0,-0.0,0.0,0.0,0.0,0.0,-7144.657185329397,-1204.5194270715003,-42763.0,35862.535438499996,0.0,-0.0,0.0,0.0,0.0,0.0,-19188.190000000002,-1320.3454385,-15354.0
t464,26558.843357162317,0.0,-97.3,0.0,0.0,0.0,0.0,-3610.324099532393,-823.2192576299269,-22028.0,8993.463652566044,0.0,-58.32251835016518,0.0,0.0,0.0,0.0,16673.730558476866,-743.8716926927465,-24865.0,7763.488267319613,0.0,-1665.0,0.0,0.0,0.0,0.0,25656.857941523136,-1553.3462088427466,-30202.0,30793.746170475002,0.0,-0.0,0.0,0.0,0.0,0.0,-7626.523499999999,-676.2226704750001,-22491.0,14854.187006789169,0.0,-233.070754464171,0.0,0.0,0.0,0.0,-8748.139,-325.977252325,-5547.0,46395.661692899994,0.0,-0.0,0.0,0.0,0.0,0.0,-3367.735999999999,-980.9256929,-42047.0,35629.750596597536,0.0,-0.0,0.0,0.0,0.0,0.0,-18977.86590046761,-1306.8846961299269,-15345.0
t465,28048.00049760116,0.0,-3842.9136656326173,0.0,0.0,0.0,0.0,-2028.965983137473,-511.12084883106877,-21665.0,16230.181418629772,0.0,-4124.230172840752,0.0,0.0,0.0,0.0,12678.480274860018,-609.4315206490396,-24175.0,11906.109487303376,0.0,-5402.236809950722,0.0,0.0,0.0,0.0,25881.074208277456,-1246.9468856301085,-31138.0,30969.746170474995,0.0,-0.0,0.0,0.0,0.0,0.0,-7626.523499999999,-676.2226704750001,-22667.0,14773.961588736249,0.0,-95.84533641125034,0.0,0.0,0.0,0.0,-8748.139,-325.977252325,-5604.0,45580.661692899994,0.0,-0.0,0.0,0.0,0.0,0.0,-3367.735999999999,-980.9256929,-41232.0,33302.935438500004,0.0,-0.0,0.0,0.0,0.0,0.0,-16788.190000000002,-1166.7454384999999,-15348.0
t466,28478.580967903992,0.0,-6566.3,0.0,0.0,0.0,0.0,29.95316765111329,-417.2341355551092,-21525.0,24976.195749523537,0.0,-5860.291063060346,0.0,0.0,0.0,0.0,4815.733790409541,-240.63847687273082,-23691.0,13315.863425399151,0.0,-5677.104053755519,0.0,0.0,0.0,0.0,25578.24709139713,-1128.006463040765,-32089.0,31158.746170474995,0.0,-0.0,0.0,0.0,0.0,0.0,-7626.523499999999,-676.2226704750001,-22856.0,14994.967724462262,0.0,-198.85147213726106,0.0,0.0,0.0,0.0,-8748.139,-325.977252325,-5722.0,39068.175645674004,0.0,-64.6,0.0,0.0,0.0,0.0,2348.017445918287,-704.593091592296,-40647.0,33016.03311219217,0.0,-0.0,0.0,0.0,0.0,0.0,-16397.288995376075,-1142.7441168160908,-15476.0
t467,28619.741374549598,0.0,-6566.3,0.0,0.0,0.0,0.0,138.82806565646933,-412.26944020606504,-21780.0,25272.553119202235,0.0,-5860.291063060346,0.0,0.0,0.0,0.0,4339.9081361284025,-222.17019227029175,-23530.0,14559.452249009013,0.0,-5677.104053755519,0.0,0.0,0.0,0.0,24534.260601995433,-1076.6087972489227,-32340.0,31963.746170474995,0.0,-0.0,0.0,0.0,0.0,0.0,-7626.523499999999,-676.2226704750001,-23661.0,15112.59105726963,0.0,-233.4748049446281,0.0,0.0,0.0,0.0,-8748.139,-325.977252325,-5805.0,38003.676915698685,0.0,-64.6,0.0,0.0,0.0,0.0,3581.3438638715975,-640.4207795702918,-40880.0,33054.69334144476,0.0,-0.0,0.0,0.0,0.0,0.0,-16219.678167651904,-1142.0151737928577,-15693.0
t468,28776.963056357516,0.0,-5340.7101368638205,0.0,0.0,0.0,0.0,-213.89911963819577,-428.35379985550173,-22794.0,23283.991812362623,0.0,-4442.008496648268,0.0,0.0,0.0,0.0,5522.115013549579,-280.0983292639294,-24084.0,14480.05888250791,0.0,-5071.135080540607,0.0,0.0,0.0,0.0,25455.499619638198,-1117.4234216055017,-33747.0,33274.746170474995,0.0,-0.0,0.0,0.0,0.0,0.0,-7626.523499999999,-676.2226704750001,-24972.0,15327.456910190744,0.0,-295.34065786574615,0.0,0.0,0.0,0.0,-8748.139,-325.977252325,-5958.0,40742.2119301135,0.0,-0.0,0.0,0.0,0.0,0.0,2399.1369864504213,-698.3489165639294,-42443.0,34134.93543849999,0.0,-0.0,0.0,0.0,0.0,0.0,-16788.190000000002,-1166.7454384999999,-16180.0
t469,28955.393727879098,0.0,-992.119609927435,0.0,0.0,0.0,0.0,-3472.335613955299,-576.9385039963616,-23914.0,22645.768201642553,0.0,-5466.873863310327,0.0,0.0,0.0,0.0,9264.963315883055,-440.85765421527174,-26003.0,12685.841928848718,0.0,-2581.20405375552,0.0,0.0,0.0,0.0,27239.00179063296,-1315.6396657261585,-36028.0,34051.74617047499,0.0,-0.0,0.0,0.0,0.0,0.0,-7626.523499999999,-676.2226704750001,-25749.0,14959.861305339668,144.25494698533316,-0.0,0.0,0.0,0.0,0.0,-8748.139,-325.977252325,-6030.0,44644.25369409619,0.0,-0.0,0.0,0.0,0.0,0.0,131.22300743928736,-809.476701535475,-43966.0,34570.9354385,0.0,-0.0,0.0,0.0,0.0,0.0,-16788.190000000002,-1166.7454384999999,-16616.0
t470,28233.232856161325,0.0,-0.0,0.0,0.0,0.0,0.0,-3505.2562814796097,-615.9765746817136,-24112.0,22384.09508700787,0.0,-2246.9,0.0,0.0,0.0,0.0,7000.336074229372,-352.5311612372392,-26785.0,11517.30365308911,0.0,-1567.5234451990764,0.0,0.0,0.0,0.0,29089.346637740957,-1283.1268456309874,-37756.0,34209.74617047499,0.0,-0.0,0.0,0.0,0.0,0.0,-7626.523499999999,-676.2226704750001,-25907.0,15354.456910190744,0.0,-295.34065786574615,0.0,0.0,0.0,0.0,-8748.139,-325.977252325,-5985.0,44166.86582276661,0.0,-0.0,0.0,0.0,0.0,0.0,920.9159257706287,-770.7817485372392,-44317.0,35041.34464556207,0.0,-0.0,0.0,0.0,0.0,0.0,-17130.679856261348,-1188.664789300726,-16722.0
t471,27643.786141996756,0.0,-97.3,0.0,0.0,0.0,0.0,-2831.7197226441804,-810.7664193525746,-23904.0,21456.110597171984,0.0,-2818.0,0.0,0.0,0.0,0.0,8525.13574808414,-427.2463452561228,-26736.0,9491.392373256194,0.0,-97.47655479780069,0.0,0.0,0.0,0.0,30473.32022264418,-1346.2360411025745,-38521.0,34030.74617047499,0.0,-0.0,0.0,0.0,0.0,0.0,-7626.523499999999,-676.2226704750001,-25728.0,15021.732891606405,0.0,-60.61663928140407,0.0,0.0,0.0,0.0,-8748.139,-325.977252325,-5887.0,45435.38068064026,0.0,-0.0,0.0,0.0,0.0,0.0,-603.8837480841394,-845.4969325561228,-43986.0,37069.53543849999,0.0,-0.0,0.0,0.0,0.0,0.0,-19188.190000000002,-1320.3454385,-16561.0
t472,26549.392357425368,0.0,-0.0,0.0,0.0,0.0,0.0,-1878.110517813091,-767.2818396122769,-23904.0,16934.868210263317,0.0,-1346.1811046633227,0.0,0.0,0.0,0.0,11288.988,-562.6751055999999,-26315.0,5833.4395699238285,0.0,-0.0,0.0,0.0,0.0,0.0,34348.15582396249,-1588.5953938863213,-38593.0,33605.746170474995,0.0,-0.0,0.0,0.0,0.0,0.0,-7626.523499999999,-676.2226704750001,-25303.0,14580.652610117273,220.46364220772801,-0.0,0.0,0.0,0.0,0.0,-8748.139,-325.977252325,-5727.0,52667.95043157344,0.0,-0.0,0.0,0.0,0.0,0.0,-8196.1808061494,-1266.7696254240445,-43205.0,37018.535438499996,0.0,-0.0,0.0,0.0,0.0,0.0,-19188.190000000002,-1320.3454385,-16510.0
t473,25818.49576273512,97.3,-0.0,0.0,0.0,0.0,0.0,-1544.7166820343555,-752.0790807007667,-23619.0,9313.258178578853,4592.156804261496,-0.0,0.0,0.0,0.0,0.0,12401.702981900607,-600.1179647409554,-25707.0,3942.337307702456,2581.20405375552,-0.0,0.0,0.0,0.0,0.0,33633.60220013375,-1654.1435615917221,-38503.0,32920.746170474995,0.0,-0.0,0.0,0.0,0.0,0.0,-7626.523499999999,-676.2226704750001,-24618.0,14555.93861548139,87.17763684361111,-0.0,0.0,0.0,0.0,0.0,-8748.139,-325.977252325,-5569.0,52164.283692803256,35.53000009673853,-0.0,0.0,0.0,0.0,0.0,-8927.735999999999,-1310.0776928999999,-41962.0,36707.5354385,0.0,-0.0,0.0,0.0,0.0,0.0,-19188.190000000002,-1320.3454385,-16199.0
t474,25323.016116293977,2007.6638837060214,-0.0,0.0,0.0,0.0,0.0,-3400.0,-836.6800000000001,-23094.0,8878.181036557316,3066.235271742103,-0.0,0.0,0.0,0.0,0.0,13490.33409334152,-636.7504016409422,-24798.0,3816.122511132466,1665.0,-0.0,0.0,0.0,0.0,0.0,34400.25440665848,-1775.3769177909421,-38106.0,32093.746170474995,0.0,-0.0,0.0,0.0,0.0,0.0,-7626.523499999999,-676.2226704750001,-23791.0,14554.116252325,0.0,-0.0,0.0,0.0,0.0,0.0,-8748.139,-325.977252325,-5480.0,50446.813692899996,0.0,-0.0,0.0,0.0,0.0,0.0,-8927.735999999999,-1310.0776928999999,-40209.0,36450.535438499996,0.0,-0.0,0.0,0.0,0.0,0.0,-19188.190000000002,-1320.3454385,-15942.0
t475,25777.81725637578,0.0,-0.0,0.0,0.0,0.0,0.0,-2273.505409693744,-785.3118466820348,-22719.0,6307.575290122901,4481.820358685636,-0.0,0.0,0.0,0.0,0.0,13654.892130792636,-642.2877796011721,-23802.0,3927.140309776579,2581.20405375552,-0.0,0.0,0.0,0.0,0.0,33109.20177890111,-1729.546142433207,-37888.0,32315.746170474995,0.0,-0.0,0.0,0.0,0.0,0.0,-7626.523499999999,-676.2226704750001,-24013.0,14399.651749502034,233.46450282296888,-0.0,0.0,0.0,0.0,0.0,-8748.139,-325.977252325,-5559.0,49011.8136929,0.0,-0.0,0.0,0.0,0.0,0.0,-8927.735999999999,-1310.0776928999999,-38774.0,36055.5354385,0.0,-0.0,0.0,0.0,0.0,0.0,-19188.190000000002,-1320.3454385,-15547.0
t476,24431.210006086407,2746.4699939135944,-0.0,0.0,0.0,0.0,0.0,-3400.0,-836.6800000000001,-22941.0,6019.687794285782,3701.3269308566255,-0.0,0.0,0.0,0.0,0.0,14757.371484718366,-679.386209860773,-23799.0,3587.636258142899,2841.15945258624,-0.0,0.0,0.0,0.0,0.0,33133.21701528163,-1818.012726010773,-37744.0,32844.746170474995,0.0,-0.0,0.0,0.0,0.0,0.0,-7626.523499999999,-676.2226704750001,-24542.0,14699.106976155357,58.009276169644416,-0.0,0.0,0.0,0.0,0.0,-8748.139,-325.977252325,-5683.0,48530.213692900004,64.6,-0.0,0.0,0.0,0.0,0.0,-8927.735999999999,-1310.0776928999999,-38357.0,36055.535438499996,0.0,-0.0,0.0,0.0,0.0,0.0,-19188.190000000002,-1320.3454385,-15547.0
t477,23261.858339095834,97.3,-0.0,0.0,0.0,0.0,0.0,580.9885815839389,-655.1469206797724,-23285.0,5761.226366606314,5147.001712919498,-0.0,0.0,0.0,0.0,0.0,13931.362942902872,-651.5910224286816,-24188.0,3610.3434299897426,5677.104053755519,-0.0,0.0,0.0,0.0,0.0,29978.236975513188,-1608.6844592584541,-37657.0,32916.74617047499,0.0,-0.0,0.0,0.0,0.0,0.0,-7626.523499999999,-676.2226704750001,-24614.0,14568.365065340278,96.751186984723,-0.0,0.0,0.0,0.0,0.0,-8748.139,-325.977252325,-5591.0,47873.45062473625,0.0,-0.0,0.0,0.0,0.0,0.0,-7896.362893450305,-1381.0877312859463,-38596.0,37272.91858343564,0.0,-0.0,0.0,0.0,0.0,0.0,-20219.563106549693,-1391.3554768859462,-15662.0
t478,22376.14195008889,3949.922887489428,-0.0,0.0,0.0,0.0,0.0,-2550.1385210198096,-797.9263165585033,-22978.0,5218.541653924919,3814.5342486435693,-0.0,0.0,0.0,0.0,0.0,15235.39582638952,-695.4717289580074,-23573.0,3689.113367036224,4760.9,-0.0,0.0,0.0,0.0,0.0,31805.33119463029,-1795.3445616665108,-38460.0,31980.746170474995,0.0,-0.0,0.0,0.0,0.0,0.0,-7626.523499999999,-676.2226704750001,-23678.0,14584.038667755152,0.0,-130.92241543015302,0.0,0.0,0.0,0.0,-8748.139,-325.977252325,-5379.0,47925.37849698661,0.0,-0.0,0.0,0.0,0.0,0.0,-8246.390141745802,-1356.9883552408014,-38322.0,36755.79195909499,0.0,-0.0,0.0,0.0,0.0,0.0,-19869.535858254196,-1367.2561008408013,-15519.0
t479,22501.189853156746,4478.490146843255,-0.0,0.0,0.0,0.0,0.0,-3400.0,-836.6800000000001,-22743.0,6845.536373078821,2712.0353811564,-0.0,0.0,0.0,0.0,0.0,13265.616914332051,-629.1886685672736,-22194.0,3726.7427669085673,2144.1008321407626,-0.0,0.0,0.0,0.0,0.0,34624.97158566795,-1767.8151847172735,-38728.0,32040.746170474995,0.0,-0.0,0.0,0.0,0.0,0.0,-7626.523499999999,-676.2226704750001,-23738.0,14528.410906895115,0.0,-5.294654570113929,0.0,0.0,0.0,0.0,-8748.139,-325.977252325,-5449.0,47220.9242550695,64.6,-0.0,0.0,0.0,0.0,0.0,-8579.46833331847,-1334.0559217510233,-37372.0,36292.78133403256,0.0,-0.0,0.0,0.0,0.0,0.0,-19536.457666681534,-1344.3236673510232,-15412.0
t480,20000.3255785343,6566.3,-0.0,0.0,0.0,0.0,0.0,-2587.017577022092,-799.6080015122075,-23180.0,4848.945236020116,2246.9,-0.0,0.0,0.0,0.0,0.0,16001.402621596608,-721.2478576167259,-22376.0,3440.0549138243123,4740.544006029136,-0.0,0.0,0.0,0.0,0.0,31076.203455425482,-1822.8023752789334,-37434.0,32259.746170474995,0.0,-0.0,0.0,0.0,0.0,0.0,-7626.523499999999,-676.2226704750001,-23957.0,14591.76191345063,0.0,-40.64566112562967,0.0,0.0,0.0,0.0,-8748.139,-325.977252325,-5477.0,48346.8136929,0.0,-0.0,0.0,0.0,0.0,0.0,-8927.735999999999,-1310.0776928999999,-38109.0,36005.535438499996,0.0,-0.0,0.0,0.0,0.0,0.0,-19188.190000000002,-1320.3454385,-15497.0
t481,16647.175158221817,765.5949386137086,-0.0,0.0,0.0,623.4839999999999,0.0,5310.027674321016,-254.28177115654506,-23092.0,12728.547658060023,2579.767362746964,-0.0,0.0,0.0,68.121,0.0,7708.26916844691,-377.7051892538986,-22707.0,8890.995564451008,3955.527319301507,-0.0,0.0,0.0,953.2890000000001,0.0,22555.522610127944,-1048.3344938804642,-35307.0,35474.59518812012,946.2157862632712,-0.0,0.0,0.0,68.856,0.0,-12873.911665488517,-663.7553088948722,-22952.0,9426.56151351028,0.0,-0.0,0.0,0.0,17.166,0.0,-3401.7795400614327,-319.94797344884813,-5722.0,44895.79224602971,378.6,-0.0,0.0,0.0,118.113,0.0,-4931.599299833176,-1089.9059461965464,-39371.0,29258.93177695313,1630.3,-0.0,0.0,0.0,46.521,0.0,-14366.528947512747,-1062.2238294403853,-15507.0
t482,16967.61903432293,661.671050327875,-0.0,0.0,0.0,632.043,0.0,5408.233883920087,-260.56696857088554,-23409.0,12595.502083397267,2747.6531936710235,-0.0,0.0,0.0,71.199,0.0,8747.261538308845,-428.6158153771334,-23733.0,9145.194541389634,4004.924368992271,-0.0,0.0,0.0,911.898,0.0,20665.741544267526,-953.758454649435,-33774.0,34338.140172548214,751.3675221086758,-0.0,0.0,0.0,69.933,0.0,-11301.314191890882,-547.1265027660046,-23311.0,9141.776050497238,0.0,-0.0,0.0,0.0,17.223,0.0,-3092.247348455783,-325.7517020414541,-5741.0,49591.80454793456,283.82619476761846,-0.0,0.0,0.0,125.895,0.0,-7064.7873943824125,-971.7383483197618,-41965.0,29628.479765552598,382.96194311702493,-0.0,0.0,0.0,47.025,0.0,-13362.88803176738,-1020.5786769022427,-15675.0
t483,17327.64052147805,634.9014785219492,-0.0,0.0,0.0,620.298,0.0,4600.0,-208.84,-22974.0,12451.797508828271,2297.863876348628,-0.0,0.0,0.0,658.098,0.0,9428.223569740385,-461.9829549172789,-24374.0,8884.618624089075,5231.98648071043,-0.0,0.0,0.0,869.616,0.0,18004.996231260324,-783.217336059824,-32208.0,36784.778170475,578.5,-0.0,0.0,0.0,70.389,0.0,-13294.4445,-676.2226704750001,-23463.0,8628.260827164431,67.55999110932102,-0.0,0.0,0.0,17.424,0.0,-2602.5309264315383,-302.71389184221596,-5808.0,45884.45919155766,378.6,-0.0,0.0,0.0,129.573,0.0,-2274.2855697403847,-927.3466218172789,-43191.0,29968.439987317903,274.8575302379245,-0.0,0.0,0.0,46.338,0.0,-13861.958804828784,-981.6767127270399,-15446.0
t484,16145.05141089699,942.8027617313305,-0.0,0.0,0.0,606.663,0.0,5009.532935226151,-235.05010785447365,-22469.0,12331.707419112296,4190.0286190645875,-0.0,0.0,0.0,185.91732540193044,0.0,8706.989102440783,-426.6424660195984,-24988.0,8884.408916728358,3488.689418765444,-0.0,0.0,0.0,794.826,0.0,17010.011149509883,-739.9354850036799,-29438.0,33678.48409217895,675.9746380654208,-0.0,0.0,0.0,70.47,0.0,-10444.119688741723,-490.80904150264905,-23490.0,7716.430898240152,64.44314821810853,-0.0,0.0,0.0,123.14221291673972,0.0,-1766.0394999999999,-261.97675937500003,-5876.0,47846.42841764631,314.0,-0.0,0.0,0.0,129.54,0.0,-4403.37591369906,-706.5925039472475,-43180.0,30378.701921794185,0.0,-0.0,0.0,0.0,46.164,0.0,-14112.998084736033,-923.8678370581536,-15388.0
t485,17048.759293356557,798.0556945234616,-0.0,0.0,0.0,600.021,0.0,3962.89682368125,-186.73281156127135,-22223.0,12315.204500682381,4757.349420788265,-0.0,0.0,0.0,692.496,0.0,8289.116801818458,-406.1667232891045,-25648.0,8952.662113038597,3540.3136548109796,-0.0,0.0,0.0,808.6500000000001,0.0,17405.51409529579,-757.1398631453669,-29950.0,35577.45597142053,654.1829009204453,-0.0,0.0,0.0,72.477,0.0,-11580.392297630135,-564.7235747108402,-24159.0,6636.038375179911,170.08587991203615,-0.0,0.0,0.0,161.70299999999997,0.0,-762.4150459316488,-216.41220916029687,-5989.0,46803.29029861326,0.0,-0.0,0.0,0.0,129.972,0.0,-2849.231004188323,-760.0312944249447,-43324.0,30801.476842166732,0.0,-0.0,0.0,0.0,46.332,0.0,-14465.489373045393,-938.3194691213414,-15444.0
t486,16695.826001513753,883.4221178135044,-0.0,0.0,0.0,592.3800000000001,0.0,3972.2459115488728,-203.87403087613615,-21940.0,12395.10623158269,5860.291063060346,-0.0,0.0,0.0,78.735,0.0,8318.472876295444,-407.60517093847676,-26245.0,9438.55472293354,2905.635827621661,-0.0,0.0,0.0,797.9580000000001,0.0,17158.234657025398,-746.3832075806048,-29554.0,33667.76748672708,718.281149498117,-0.0,0.0,0.0,71.145,0.0,-10263.156265410265,-479.03737081493773,-23715.0,5632.017718810951,295.34065786574615,-0.0,0.0,0.0,17.688,0.0,126.98698048431561,-176.03335716101208,-5896.0,48291.953649063595,0.0,-0.0,0.0,0.0,130.653,0.0,-4195.823110885179,-675.7835381784145,-43551.0,31258.437933929312,0.0,-0.0,0.0,0.0,45.606,0.0,-15116.961049058586,-985.0828848707288,-15202.0
t487,16901.129242564344,850.7800879060765,-0.0,0.0,0.0,479.24886867718305,0.0,3089.958057319749,-164.1162564673528,-21157.0,14608.201295906101,4773.956931937501,-0.0,0.0,0.0,78.099,0.0,6911.401442856357,-338.6586706999615,-26033.0,9965.004050105688,1200.1393818223983,-0.0,0.0,0.0,84.555,0.0,17705.490400493367,-770.1888324214614,-28185.0,33517.066850737,677.8878189945614,-0.0,0.0,0.0,68.238,0.0,-10970.275718547988,-546.9169511835765,-22746.0,5119.111923440977,196.3,-0.0,0.0,0.0,17.277,0.0,552.6996765563501,-126.38859999732821,-5759.0,45628.555011946635,160.17238643447763,-0.0,0.0,0.0,130.881,0.0,-1609.03049769865,-683.5779006824703,-43627.0,31727.908571071737,0.0,-0.0,0.0,0.0,45.249,0.0,-15680.243360979186,-1009.9142100925537,-15083.0
t488,20366.472357984832,0.0,-0.0,0.0,0.0,0.0,0.0,360.69783038417614,-59.17018836901006,-20668.0,14036.741864475993,0.0,-0.0,0.0,0.0,0.0,0.0,11849.804723882658,-581.5465883586514,-25305.0,8618.172302497725,0.0,-0.0,0.0,0.0,0.0,0.0,20551.053082376337,-938.2253848740615,-28231.0,34808.797715129695,54.399482186638615,-0.0,0.0,0.0,0.0,0.0,-12221.099741071246,-656.0974562450858,-21986.0,5707.99245062773,196.3,-0.0,0.0,0.0,0.0,0.0,-165.23420467569122,-124.05824595203916,-5615.0,46519.47189276811,378.6,-0.0,0.0,0.0,0.0,0.0,-2890.272862877211,-1013.7990298909039,-42994.0,33891.88790336328,0.0,-0.0,0.0,0.0,0.0,0.0,-17484.948828019023,-1188.9390753442572,-15218.0
t489,19673.066558945375,0.0,-3055.283855059311,0.0,0.0,0.0,0.0,3547.2630380409996,-161.04574192706139,-20004.0,14488.620010024526,0.0,-2246.9,0.0,0.0,0.0,0.0,13002.618771020305,-620.3387810448332,-24624.0,11940.87329636921,0.0,-3016.377581091092,0.0,0.0,0.0,0.0,20450.193212118535,-1045.6889273966526,-28329.0,34087.11227792735,0.0,-0.0,0.0,0.0,0.0,0.0,-12066.964271822391,-615.1480061049612,-21405.0,6524.4850393430615,0.0,-0.0,0.0,0.0,0.0,0.0,-713.3025380409995,-214.18250130206138,-5597.0,48423.00544926687,0.0,-0.0,0.0,0.0,0.0,0.0,-5035.426773396299,-1061.5786758705715,-42326.0,35519.51436633136,0.0,-0.0,0.0,0.0,0.0,0.0,-19184.381437920147,-1051.132928411209,-15284.0
t490,21423.23119607757,0.0,-4951.811348669203,0.0,0.0,0.0,0.0,3376.8910041814656,-153.31085158983856,-19695.0,23501.274760880133,0.0,-5860.291063060346,0.0,0.0,0.0,0.0,6632.524706393495,-334.5084042132812,-23939.0,14772.21448163267,0.0,-5677.104053755519,0.0,0.0,0.0,0.0,20253.93577848703,-881.0462063641858,-28468.0,32054.99481392909,0.0,-0.0,0.0,0.0,0.0,0.0,-10391.310199333042,-523.6846145960532,-21140.0,6363.3781151463045,0.0,-0.0,0.0,0.0,0.0,0.0,-542.9305041814655,-206.44761096483856,-5614.0,42108.613316162235,0.0,-0.0,0.0,0.0,0.0,0.0,478.4362424749297,-700.0495586371721,-41887.0,37886.89993518377,0.0,-1630.3,0.0,0.0,0.0,0.0,-19807.54702802241,-986.052907161348,-15463.0
t491,19908.490897223906,0.0,-3270.6420114568473,0.0,0.0,0.0,0.0,3414.153691842599,-155.002577609654,-19897.0,23864.4238254102,0.0,-5860.291063060346,0.0,0.0,0.0,0.0,5897.352188485964,-298.48495083581224,-23603.0,15186.774579444309,0.0,-5677.104053755519,0.0,0.0,0.0,0.0,20834.668735609277,-909.3392612980691,-29435.0,30712.76477879643,0.0,-0.0,0.0,0.0,0.0,0.0,-8832.773788128663,-385.9909906677695,-21494.0,6503.3325288272545,0.0,-0.0,0.0,0.0,0.0,0.0,-580.1931918425989,-208.139336984654,-5715.0,45092.772633843226,0.0,-0.0,0.0,0.0,0.0,0.0,-2630.839135966579,-437.9334978766509,-42024.0,34621.11344555,0.0,-0.0,0.0,0.0,0.0,0.0,-18102.3685,-1102.7449455499998,-15416.0
t492,20307.81688479164,0.0,-2366.7488094596074,0.0,0.0,0.0,0.0,3222.220746561874,-146.28882189390907,-21017.0,23868.30083068087,0.0,-5860.291063060346,0.0,0.0,0.0,0.0,6302.5701748289075,-314.57994244943933,-23996.0,15239.544348267462,0.0,-5677.104053755519,0.0,0.0,0.0,0.0,22265.610733033653,-994.051027545592,-30834.0,30871.216155865335,0.0,-0.0,0.0,0.0,0.0,0.0,-8139.336753524782,-415.8794023405527,-22316.0,8039.1092959033,0.0,-0.0,0.0,0.0,0.0,0.0,-2008.0548637058407,-169.0544321974597,-5862.0,47671.544262209056,0.0,-0.0,0.0,0.0,0.0,0.0,-3843.9229659984217,-617.6212962106366,-43210.0,35517.511679781055,0.0,-797.3011427642705,0.0,0.0,0.0,0.0,-17799.08707119539,-1084.1234658213966,-15837.0
t493,19753.321538543536,0.0,-1870.4815385435388,0.0,0.0,0.0,0.0,4600.0,-208.84,-22274.0,24758.78070902507,0.0,-2925.8709621386747,0.0,0.0,0.0,0.0,3928.591223042699,-192.50096992909226,-25569.0,13874.628429460454,0.0,-2581.20405375552,0.0,0.0,0.0,0.0,21745.857245371026,-963.2816210759647,-32076.0,32767.195298174687,0.0,-0.0,0.0,0.0,0.0,0.0,-9651.744323023535,-527.4509751511448,-22588.0,9875.967978676947,0.0,-0.0,0.0,0.0,0.0,0.0,-3670.7036725370153,-226.26430613993097,-5979.0,44661.12336691944,0.0,-0.0,0.0,0.0,0.0,0.0,383.05402714682623,-610.1773940662708,-44434.0,36404.986365950004,0.0,-1630.3,0.0,0.0,0.0,0.0,-17335.054500000002,-1055.6318659499998,-16384.0
t494,19357.845284147017,0.0,-1309.0052841470163,0.0,0.0,0.0,0.0,4600.0,-208.84,-22440.0,22287.24994411328,0.0,-3643.933756859238,0.0,0.0,0.0,0.0,8206.817889322778,-402.13407657681614,-26448.0,11910.86194288278,0.0,-3444.8902556447183,0.0,0.0,0.0,0.0,25318.82991593531,-1174.8016031733703,-32610.0,30730.649137383578,0.0,-0.0,0.0,0.0,0.0,0.0,-7657.023181546892,-435.62595583668946,-22638.0,11484.299507215976,0.0,-196.3,0.0,0.0,0.0,0.0,-5105.137162857866,-240.8623443581116,-5942.0,54178.47615638815,0.0,-0.0,0.0,0.0,0.0,0.0,-8643.609627446309,-954.8665289418424,-44580.0,34368.4688030201,0.0,-0.0,0.0,0.0,0.0,0.0,-16719.87783340702,-1085.590969613078,-16563.0
t495,17802.049029026126,0.0,-0.0,0.0,0.0,0.0,0.0,4646.785225399435,-211.83425442556384,-22237.0,21817.25597670853,0.0,-4421.016750741088,0.0,0.0,0.0,0.0,9629.886513658985,-523.1257396264241,-26503.0,8656.539351791977,0.0,-1665.0,0.0,0.0,0.0,0.0,26721.000065331424,-1244.5394171234022,-32468.0,30342.643553553287,0.0,-0.0,0.0,0.0,0.0,0.0,-7516.0904433156065,-431.55311023768024,-22395.0,11894.305212861818,0.0,-51.67289117105879,0.0,0.0,0.0,0.0,-5801.2895219707825,-267.34279971997717,-5774.0,55774.10082803189,0.0,-0.0,0.0,0.0,0.0,0.0,-10827.73144353837,-1067.369384493525,-43879.0,34551.9507414578,0.0,-0.0,0.0,0.0,0.0,0.0,-16852.560395565084,-1158.3903458927175,-16541.0
t496,19385.093292355123,413.72998131350886,-0.0,0.0,0.0,0.0,0.0,2537.0081929455964,-445.831466614223,-21890.0,19172.141870136325,0.0,-2246.9,0.0,0.0,0.0,0.0,9754.082795592,-614.3246657283291,-26065.0,4117.742921828098,0.0,-1665.0,0.0,0.0,0.0,0.0,31103.503352817715,-1432.2462746458123,-32124.0,31830.937123484673,0.0,-0.0,0.0,0.0,0.0,0.0,-9464.496461503948,-551.4406619807237,-21815.0,11406.739693120204,250.97249918225813,-0.0,0.0,0.0,0.0,0.0,-5766.095136282762,-275.6170560196982,-5616.0,55703.53715708823,0.0,-0.0,0.0,0.0,0.0,0.0,-11690.438491457715,-1347.0986656305038,-42666.0,34039.00210299502,361.2067463820713,-0.0,0.0,0.0,0.0,0.0,-16473.56425211089,-1361.6445972662186,-16565.0
t497,18165.020489513216,1049.0625130784574,-0.0,0.0,0.0,0.0,0.0,2582.7821321808797,-563.8651347725519,-21233.0,14437.6871056,0.0,-0.0,0.0,0.0,0.0,0.0,11288.988,-562.6751055999999,-25164.0,2571.6683887034296,0.0,-0.0,0.0,0.0,0.0,0.0,30618.81836781912,-1428.4867565225518,-31762.0,31660.671576289573,0.0,-578.5,0.0,0.0,0.0,0.0,-9456.25639764542,-641.9151786441483,-20984.0,12541.230746546062,58.84511630266786,-0.0,0.0,0.0,0.0,0.0,-6918.406102354579,-291.66976049414836,-5390.0,52646.225208671385,0.0,-0.0,0.0,0.0,0.0,0.0,-10446.575421594594,-1414.6497870767878,-40785.0,34601.37835744402,799.8897536381787,-0.0,0.0,0.0,0.0,0.0,-17669.350578405407,-1424.9175326767877,-16307.0
t498,19299.55021810553,1089.3995989839223,-0.0,0.0,0.0,0.0,0.0,804.0265712610453,-644.9763883504963,-20548.0,11051.99689457842,0.0,-0.0,0.0,0.0,0.0,0.0,13583.90206945887,-639.898964037291,-23996.0,2748.162009257702,0.0,-0.0,0.0,0.0,0.0,0.0,30102.659859280084,-1586.8218685377874,-31264.0,29735.176259732194,0.0,-578.5,0.0,0.0,0.0,0.0,-8263.39492854236,-664.2813311898308,-20229.0,13702.303484497472,0.0,-0.0,0.0,0.0,0.0,0.0,-8111.26757145764,-314.03591303983075,-5277.0,50789.41725834278,0.0,-185.68742905573015,0.0,0.0,0.0,0.0,-10720.238349615987,-1433.4914796710607,-38450.0,34932.44687565507,0.0,-0.0,0.0,0.0,0.0,0.0,-17395.68765038401,-1443.7592252710606,-16093.0
t499,18502.08212215734,1180.042002407286,-0.0,0.0,0.0,0.0,0.0,1198.8483889014706,-626.972513466093,-20254.0,10137.58266378986,0.0,-0.0,0.0,0.0,0.0,0.0,13541.903032659116,-638.4856964489793,-23041.0,2809.567647625659,0.0,-0.0,0.0,0.0,0.0,0.0,29749.83707843941,-1567.4047260650723,-30992.0,30726.954970508574,0.0,-946.2157862632712,0.0,0.0,0.0,0.0,-9101.166061804128,-648.5731224411726,-20031.0,13085.164800352792,0.0,-295.34065786574615,0.0,0.0,0.0,0.0,-7273.4964381958725,-298.3277042911726,-5218.0,48717.9653083657,0.0,-378.6,0.0,0.0,0.0,0.0,-10348.470074440467,-1407.895233925226,-36583.0,35055.61890508476,0.0,-0.0,0.0,0.0,0.0,0.0,-17767.45592555953,-1418.162979525226,-15870.0
t500,19518.978436005797,1089.5001597249263,-0.0,0.0,0.0,0.0,0.0,490.7817561871416,-659.2603519178664,-20440.0,8893.305073127529,0.0,-0.0,0.0,0.0,0.0,0.0,14254.147654858458,-662.452727985987,-22485.0,2937.000507099451,0.0,-0.0,0.0,0.0,0.0,0.0,29745.659088954402,-1623.6595960538534,-31059.0,31519.859107261287,0.0,-852.4862626508234,0.0,0.0,0.0,0.0,-9711.238581921494,-637.1342626889721,-20319.0,12534.148836097866,0.0,-229.8360734803881,0.0,0.0,0.0,0.0,-6663.423918078506,-286.88884453897197,-5354.0,47671.3479495311,0.0,-378.6,0.0,0.0,0.0,0.0,-10285.208289499087,-1403.539660032012,-35604.0,34978.52511613292,0.0,-0.0,0.0,0.0,0.0,0.0,-17830.71771050091,-1413.8074056320122,-15734.0
t501,18684.895381402668,1103.3814779970794,-0.0,0.0,0.0,0.0,0.0,1611.8622232213575,-608.1390826211061,-20792.0,10801.99813776323,0.0,-0.0,0.0,0.0,0.0,0.0,12803.645182011456,-613.6433197746854,-22992.0,2952.6478237786037,0.0,-0.0,0.0,0.0,0.0,0.0,30075.08109476719,-1523.7289185457917,-31504.0,32288.35899229589,0.0,-794.789081195893,0.0,0.0,0.0,0.0,-10460.484,-623.0859111,-20410.0,11683.42016273284,0.0,-165.40116978283928,0.0,0.0,0.0,0.0,-5914.1785,-272.84049295,-5331.0,47895.59298949246,0.0,-314.0,0.0,0.0,0.0,0.0,-10427.272227340096,-1413.3207621523654,-35741.0,34977.24228041227,0.0,-0.0,0.0,0.0,0.0,0.0,-17688.653772659905,-1423.5885077523653,-15865.0
t502,18462.666170636276,1115.5575916878224,-0.0,0.0,0.0,0.0,0.0,1869.1815586035782,-596.4053209276768,-20851.0,11534.04132003804,0.0,-0.0,0.0,0.0,0.0,0.0,11655.983173138055,-575.0244931760956,-22615.0,3084.952561995404,0.0,-0.0,0.0,0.0,0.0,0.0,30965.423768258366,-1473.3763302537723,-32577.0,31621.785697363273,0.0,-946.2157862632712,0.0,0.0,0.0,0.0,-10460.484,-623.0859111,-19592.0,11740.359650815746,0.0,-295.34065786574615,0.0,0.0,0.0,0.0,-5914.1785,-272.84049295,-5258.0,47722.83305364502,0.0,-378.6,0.0,0.0,0.0,0.0,-10492.426424984815,-1417.8066286602043,-35434.0,34881.573949275386,0.0,-0.0,0.0,0.0,0.0,0.0,-17623.499575015187,-1428.0743742602042,-15830.0
t503,18905.50272979035,1023.8904777981639,-0.0,0.0,0.0,0.0,0.0,1685.3928772106801,-604.786084799193,-21010.0,10723.6871056,0.0,-0.0,0.0,0.0,0.0,0.0,11288.988,-562.6751055999999,-21450.0,2817.2000837598716,0.0,-0.0,0.0,0.0,0.0,0.0,31516.20762278932,-1469.4077065491929,-32864.0,31472.069911100003,0.0,-804.5,0.0,0.0,0.0,0.0,-10460.484,-623.0859111,-19584.0,11806.31899295,0.0,-196.3,0.0,0.0,0.0,0.0,-5914.1785,-272.84049295,-5423.0,46783.719650927895,0.0,-378.6,0.0,0.0,0.0,0.0,-10267.779933225325,-1402.3397177025636,-34735.0,34932.75353007724,0.0,-0.0,0.0,0.0,0.0,0.0,-17848.146066774672,-1412.6074633025635,-15672.0
t504,19323.169815012614,698.5849962040307,-0.0,0.0,0.0,0.0,0.0,2677.778489655084,-559.5333008717282,-22140.0,11272.687105600002,0.0,-0.0,0.0,0.0,0.0,0.0,11288.988,-562.6751055999999,-21999.0,3266.3329122768105,0.0,-0.0,0.0,0.0,0.0,0.0,30523.822010344917,-1424.1549226217282,-32366.0,31903.78569736327,0.0,-720.2157862632712,0.0,0.0,0.0,0.0,-10460.484,-623.0859111,-20100.0,11824.059650815747,0.0,-99.04065786574617,0.0,0.0,0.0,0.0,-5914.1785,-272.84049295,-5538.0,47629.053875327794,0.0,-335.6572209616526,0.0,0.0,0.0,0.0,-10427.088539145943,-1413.3081152201983,-35453.0,34718.413321674256,0.0,-0.0,0.0,0.0,0.0,0.0,-17688.837460854054,-1423.5758608201982,-15606.0
t505,17302.871626243483,1724.3506015444273,-0.0,0.0,0.0,0.0,0.0,2637.1631333321448,-561.3853611200542,-21103.0,8493.1930325556,3042.2910630603456,-0.0,0.0,0.0,0.0,0.0,10087.617139441836,-603.1012350577821,-21020.0,2909.520831343804,5677.104053758017,-0.0,0.0,0.0,0.0,0.0,31765.808227226018,-1466.4331123278364,-38886.0,32625.12820668905,0.0,-0.0,0.0,0.0,0.0,0.0,-4949.0186207820225,-421.10958590703126,-27255.0,14229.11812251453,0.0,-0.0,0.0,0.0,0.0,0.0,-7782.251265216715,-307.8668572978134,-6139.0,51433.20361736049,0.0,-0.0,0.0,0.0,0.0,0.0,-12571.128614001262,-1073.0750033592178,-37789.0,35769.5354385,0.0,-0.0,0.0,0.0,0.0,0.0,-19188.190000000002,-1320.3454385,-15261.0
t506,14550.393850626477,4458.551921132345,-0.0,0.0,0.0,0.0,0.0,2978.858290207705,-545.8040619665287,-21442.0,9168.77459559629,2574.9125100037118,-0.0,0.0,0.0,0.0,0.0,11288.988,-562.6751055999999,-22470.0,3132.7834739242317,4760.9,-0.0,0.0,0.0,0.0,0.0,30222.742209792297,-1410.4256837165285,-36706.0,32987.41972610855,0.0,-0.0,0.0,0.0,0.0,0.0,-4818.150044565658,-317.2696815428948,-27852.0,13178.536611339028,6.699853400612483,-0.0,0.0,0.0,0.0,0.0,-6644.698717707622,-286.53774703201793,-6254.0,55526.11394698759,0.0,-0.0,0.0,0.0,0.0,0.0,-13839.54973772672,-990.5642092608767,-40696.0,35718.5354385,0.0,-0.0,0.0,0.0,0.0,0.0,-19188.190000000002,-1320.3454385,-15210.0
t507,13813.74354246676,5134.369000217618,-0.0,0.0,0.0,0.0,0.0,2843.84798901647,-551.960531700849,-21240.0,9619.947088257486,2662.740017342514,-0.0,0.0,0.0,0.0,0.0,11288.988,-562.6751055999999,-23009.0,2988.6255887117973,2581.20405375552,-0.0,0.0,0.0,0.0,0.0,30357.75251098353,-1416.5821534508489,-34511.0,33452.86372952243,0.0,-0.0,0.0,0.0,0.0,0.0,-4998.8127587193285,-297.05097080310514,-28157.0,12984.569720395652,0.0,-0.0,0.0,0.0,0.0,0.0,-6263.185349026406,-279.3843713692451,-6442.0,56678.89926643812,0.0,-0.0,0.0,0.0,0.0,0.0,-14040.400392254265,-977.4988741838599,-41661.0,35632.535438499996,0.0,-0.0,0.0,0.0,0.0,0.0,-19188.190000000002,-1320.3454385,-15124.0
t508,12747.849748594903,1555.5902514050986,-0.0,0.0,0.0,0.0,0.0,7000.0,-362.44,-20941.0,10902.609797077745,2952.902517884814,-0.0,0.0,0.0,0.0,0.0,9964.724265309766,-607.2365802723264,-23213.0,2875.7588617320916,1665.0,-0.0,0.0,0.0,0.0,0.0,27525.864234690234,-1271.6230964223262,-30795.0,33374.03209210146,0.0,-0.0,0.0,0.0,0.0,0.0,-4663.176661789359,-234.8554303120946,-28476.0,12447.631465547713,191.81041689248605,-0.0,0.0,0.0,0.0,0.0,-5674.0999160409665,-277.34196639923186,-6688.0,57493.46766083254,0.0,-0.0,0.0,0.0,0.0,0.0,-14965.121922169674,-917.3457386628626,-41611.0,35606.535438499996,0.0,-0.0,0.0,0.0,0.0,0.0,-19188.190000000002,-1320.3454385,-15098.0
t509,11940.754978012375,3525.9408243141347,-0.0,0.0,0.0,0.0,0.0,5810.964228838457,-416.6600311649664,-20861.0,9388.414373231399,3939.2727323686004,-0.0,0.0,0.0,0.0,0.0,11288.988,-562.6751055999999,-24054.0,2830.6437863192114,1808.0015954342098,-0.0,0.0,0.0,0.0,0.0,27390.636271161544,-1281.2816529149663,-30748.0,33764.759019941725,0.0,-365.3876285935526,0.0,0.0,0.0,0.0,-4338.303690452189,-177.06770089597853,-28884.0,11763.734151044366,271.8726081494237,-0.0,0.0,0.0,0.0,0.0,-4882.420809547811,-292.18594964597855,-6861.0,58517.88802599949,0.0,-235.4999999994822,0.0,0.0,0.0,0.0,-16081.673999999999,-844.7140259999999,-41356.0,35385.5354385,0.0,-0.0,0.0,0.0,0.0,0.0,-19188.190000000002,-1320.3454385,-14877.0
t510,12611.989262693287,1100.4507373067088,-0.0,0.0,0.0,0.0,0.0,7000.0,-362.44,-20350.0,12332.006709871812,3438.0564521026995,-0.0,0.0,0.0,0.0,0.0,9538.515348353398,-621.5785103279081,-24687.0,3353.8918748313044,0.0,-0.0,0.0,0.0,0.0,0.0,27952.073151646604,-1285.9650264779082,-30020.0,33007.77104210999,0.0,-0.0,0.0,0.0,0.0,0.0,-4215.996599175449,-174.77444293453968,-28617.0,11982.166154761093,216.45443774799597,-0.0,0.0,0.0,0.0,0.0,-5004.727900824551,-289.89269168453967,-6904.0,58002.388026,0.0,-0.0,0.0,0.0,0.0,0.0,-16081.673999999999,-844.7140259999999,-41076.0,35075.53543849999,0.0,-0.0,0.0,0.0,0.0,0.0,-19188.190000000002,-1320.3454385,-14567.0
t511,13184.14,97.3,-0.0,0.0,0.0,0.0,0.0,7000.0,-362.44,-19919.0,10487.443315609156,3310.904030123861,-0.0,0.0,0.0,0.0,0.0,11289.339590900792,-562.6869366338117,-24525.0,3508.8245436846037,0.0,-0.0,0.0,0.0,0.0,0.0,26201.248909099206,-1227.0734527838117,-28483.0,33643.593344531786,0.0,-0.0,0.0,0.0,0.0,0.0,-5257.3232607622695,-234.27008376952432,-28152.0,11821.36720710028,180.56421360881842,-0.0,0.0,0.0,0.0,0.0,-4826.700719372327,-293.2307013367689,-6882.0,56547.24617704816,0.0,-0.0,0.0,0.0,0.0,0.0,-15218.374519865403,-900.8716571827554,-40428.0,35020.535438499996,0.0,-0.0,0.0,0.0,0.0,0.0,-19188.190000000002,-1320.3454385,-14512.0
t512,14941.963594147526,0.0,-97.3,0.0,0.0,0.0,0.0,4916.42778403042,-229.09137817794692,-19532.0,11812.962548602094,0.0,-1389.162453160648,0.0,0.0,0.0,0.0,14168.78001134015,-659.580106781596,-23933.0,7963.158134271746,0.0,-1665.0,0.0,0.0,0.0,0.0,23321.808488659848,-1323.966622931596,-28296.0,35905.367890457084,0.0,-0.0,0.0,0.0,0.0,0.0,-7606.647463358011,-395.72042709907055,-27903.0,12144.651027649921,40.110876355453215,-0.0,0.0,0.0,0.0,0.0,-5013.024778782548,-289.7371252228272,-6882.0,53213.541834485695,0.0,-0.0,0.0,0.0,0.0,0.0,-12682.72625785944,-1065.8155766262432,-39465.0,32867.614600708366,0.0,-0.0,0.0,0.0,0.0,0.0,-17104.617784030423,-1186.9968166779468,-14576.0
t513,19454.188011088,0.0,-97.3,0.0,0.0,0.0,0.0,280.9028203060434,-405.7908313940444,-19232.0,21906.39641084421,0.0,-2246.9,0.0,0.0,0.0,0.0,4012.788130228745,-180.2845410729529,-23492.0,11803.143979699775,0.0,-1665.0,0.0,0.0,0.0,0.0,19137.358882378092,-971.5028620778673,-28304.0,29848.694711707703,0.0,-946.2157862632712,0.0,0.0,0.0,0.0,-1131.8519557245484,-73.62696971988187,-27697.0,12435.149996369357,0.0,-0.0,0.0,0.0,0.0,0.0,-5299.25621852709,-242.8937778422693,-6893.0,39493.857657858694,0.0,-378.6,0.0,0.0,0.0,0.0,-429.1419850412917,-150.11567281740804,-38536.0,32203.83580337062,0.0,-0.0,0.0,0.0,0.0,0.0,-16570.79967361995,-799.0361297506655,-14834.0
t514,21330.80805878049,0.0,-6474.265580473946,0.0,0.0,0.0,0.0,4350.992585054954,-197.53506336149493,-19010.0,31704.65107614014,0.0,-5415.525341167573,0.0,0.0,0.0,0.0,-3329.1014704905588,-112.0242644820073,-22848.0,14610.636863479556,0.0,-5402.236809950722,0.0,0.0,0.0,0.0,20444.12785884666,-856.5279123754977,-28796.0,29978.446754024168,0.0,-946.2157862632712,0.0,0.0,0.0,0.0,-1313.0836766737536,-173.14729108714218,-27546.0,12724.109569772712,0.0,-99.04065786574617,0.0,0.0,0.0,0.0,-5397.904254738898,-217.16465716806889,-7010.0,35971.122350922866,0.0,-378.6,0.0,0.0,0.0,0.0,2359.9953463576976,-153.51769728056823,-37799.0,32799.53003624959,0.0,-0.0,0.0,0.0,0.0,0.0,-17115.026388356102,-744.5036478934904,-14940.0
t515,23837.373344962987,0.0,-6566.3,0.0,0.0,0.0,0.0,2181.0698690101462,-319.14321397313734,-19133.0,32279.33270686964,0.0,-5860.291063060346,0.0,0.0,0.0,0.0,-3761.468237613602,-126.5734061956977,-22531.0,15093.36212581549,0.0,-5677.104053755519,0.0,0.0,0.0,0.0,21753.027934212878,-914.2860062728447,-30255.0,30030.148052162975,0.0,-946.2157862632712,0.0,0.0,0.0,0.0,-1230.586022420533,-147.3462434791671,-27706.0,13505.179563831509,0.0,-211.09667024766105,0.0,0.0,0.0,0.0,-5839.910947055164,-245.17194652868304,-7209.0,36188.24047885428,0.0,-378.6,0.0,0.0,0.0,0.0,2033.6483460567076,-132.28882491098884,-37711.0,32650.764856254948,0.0,-1630.3,0.0,0.0,0.0,0.0,-15135.780942190431,-698.6839140645145,-15186.0
t516,25492.843963198116,0.0,-6566.3,0.0,0.0,0.0,0.0,1257.7047023736432,-361.2486655717619,-19823.0,31670.285401837948,0.0,-5466.873863310327,0.0,0.0,0.0,0.0,-3416.4480612660186,-114.96347726160153,-22672.0,14286.353717938222,0.0,-5325.459803654784,0.0,0.0,0.0,0.0,24160.452579653007,-1024.3464939364508,-32097.0,29483.2099352591,0.0,-946.2157862632712,0.0,0.0,0.0,0.0,-204.67973240301234,-13.314416592815952,-28319.0,13584.744311969476,0.0,-241.9536947844817,0.0,0.0,0.0,0.0,-5723.24841917135,-263.54219801364474,-7356.0,38726.2346841898,0.0,-378.6,0.0,0.0,0.0,0.0,204.67973240301234,-13.314416592815952,-38539.0,33597.43849347029,0.0,-797.3011427642705,0.0,0.0,0.0,0.0,-16278.460801589283,-811.6765491167322,-15710.0
t517,27674.825858345102,0.0,-104.00703532282141,0.0,0.0,0.0,0.0,-5663.785245059797,-579.0335779624871,-21328.0,31624.616778338128,0.0,-5860.291063060346,0.0,0.0,0.0,0.0,-1892.638432039644,-63.687283238134015,-23808.0,14475.042468236943,0.0,-5677.104053755519,0.0,0.0,0.0,0.0,26797.40231524752,-1166.3407297289427,-34429.0,28878.529210784967,0.0,-701.0595575834453,0.0,0.0,0.0,0.0,991.2761784551819,-29.74583165670012,-29139.0,13993.217887895134,0.0,-269.59251570756487,0.0,0.0,0.0,0.0,-5963.511571277558,-245.1138009100126,-7515.0,41101.152637127445,0.0,-335.6572209616526,0.0,0.0,0.0,0.0,133.16710394588853,-8.662520111680049,-40890.0,33417.86070716491,0.0,-1630.3,0.0,0.0,0.0,0.0,-14401.910349271593,-747.6503578933142,-16638.0
t518,29580.91166556032,0.0,-3113.98798113752,0.0,0.0,0.0,0.0,-4383.106713408511,-378.81697101428944,-21705.0,32264.31392393492,0.0,-3721.813328321448,0.0,0.0,0.0,0.0,-3351.715373301866,-112.78522231160778,-25078.0,13532.684548663583,0.0,-2250.585132952175,0.0,0.0,0.0,0.0,26199.916638943352,-1120.016054654775,-36362.0,28115.09757444735,0.0,-578.5,0.0,0.0,0.0,0.0,1789.4824801207928,-121.08005456814243,-29205.0,14016.307159188109,0.0,-196.3,0.0,0.0,0.0,0.0,-6114.592899811663,-206.4142593764495,-7499.0,41378.46527531393,0.0,-314.0,0.0,0.0,0.0,0.0,1044.4780198792073,-67.94329519314243,-42041.0,33183.15351375165,0.0,-0.0,0.0,0.0,0.0,0.0,-15184.462152421316,-781.6913613303271,-17217.0
t519,29918.5424161347,0.0,-580.782815489584,0.0,0.0,0.0,0.0,-7076.639011779926,-625.1205888651914,-21636.0,32424.432197571172,0.0,-2246.9,0.0,0.0,0.0,0.0,-4894.929475724566,-177.60272184660178,-25105.0,11882.803103559778,0.0,-1741.2941976891684,0.0,0.0,0.0,0.0,28521.052179830225,-1222.5610857008276,-37440.0,27616.694677596017,0.0,-578.5,0.0,0.0,0.0,0.0,1872.485998125893,-115.68067572191066,-28795.0,13963.63358146484,0.0,-247.2947450045733,0.0,0.0,0.0,0.0,-6157.321488220075,-204.01734824019138,-7355.0,40393.57976730439,0.0,-314.0,0.0,0.0,0.0,0.0,1801.10609721418,-103.68586451857425,-41777.0,32152.61461147162,0.0,-0.0,0.0,0.0,0.0,0.0,-14065.754299445733,-611.8603120258894,-17475.0
t520,27993.054414727878,0.0,-97.3,0.0,0.0,0.0,0.0,-5785.34278378718,-682.4116309406954,-21428.0,31281.794525609785,0.0,-2246.9,0.0,0.0,0.0,0.0,-4323.411721191687,-145.48280441810027,-24566.0,9188.93569069018,0.0,-1665.0,0.0,0.0,0.0,0.0,32013.89223596658,-1371.8279266567613,-38166.0,30658.392811906633,0.0,-578.5,0.0,0.0,0.0,0.0,-1843.2307643379154,-148.66204756872054,-28088.0,14142.209636844484,0.0,-15.98093325043878,0.0,0.0,0.0,0.0,-6640.7647190371,-286.46398455694566,-7199.0,40784.65277464365,0.0,-314.0,0.0,0.0,0.0,0.0,718.0568216015366,-46.70959624517995,-41142.0,32696.302013178796,0.0,-0.0,0.0,0.0,0.0,0.0,-14139.199069214234,-905.1029439645604,-17652.0
t521,25011.208620652564,0.0,-97.3,0.0,0.0,0.0,0.0,-3516.936324266034,-578.9722963865312,-20818.0,22861.35465575045,0.0,-2246.9,0.0,0.0,0.0,0.0,3482.06358723583,-448.5182429862735,-23648.0,4542.709547340752,0.0,-1665.0,0.0,0.0,0.0,0.0,37565.75320190327,-1706.4627492440243,-38737.0,29814.908572927172,0.0,-0.0,0.0,0.0,0.0,0.0,-2402.336145106548,-188.57242782062207,-27224.0,13967.434671402953,0.0,-0.0,0.0,0.0,0.0,0.0,-6637.040515659338,-286.3941557436126,-7044.0,50492.042620579065,0.0,-0.0,0.0,0.0,0.0,0.0,-10026.472434125133,-718.5701864539338,-39747.0,37225.791475133905,0.0,-0.0,0.0,0.0,0.0,0.0,-18465.031369982054,-1086.7601051518561,-17674.0
t522,24464.52341914176,0.0,-0.0,0.0,0.0,0.0,0.0,-3327.1647084370343,-833.3587107047288,-20304.0,12009.57750883132,0.0,-0.0,0.0,0.0,0.0,0.0,11032.289950861947,-555.8674596932607,-22486.0,4001.745321144548,0.0,-0.0,0.0,0.0,0.0,0.0,36598.58442805016,-1700.3297491947105,-38900.0,28710.917939575498,523.7101028755912,-0.0,0.0,0.0,0.0,0.0,-2542.147629760215,-308.4804126908736,-26384.0,14017.124873041363,0.0,-0.0,0.0,0.0,0.0,0.0,-6843.1901476455405,-266.9347253958223,-6907.0,50351.86282337295,314.0,-0.0,0.0,0.0,0.0,0.0,-11644.846712851238,-1112.0161105217096,-37909.0,41981.22134144146,0.0,-0.0,0.0,0.0,0.0,0.0,-23273.525180218083,-1124.6961612233792,-17583.0
t523,24471.794885526506,5.438504521674076,-0.0,0.0,0.0,0.0,0.0,-3237.9431809948164,-829.2902090533637,-20410.0,10590.254721279274,85.42813881223668,-0.0,0.0,0.0,0.0,0.0,11208.025061523122,-558.7079216146329,-21325.0,4158.368149808548,0.0,-0.0,0.0,0.0,0.0,0.0,36439.543680994815,-1693.9118308033635,-38904.0,27248.85476791796,578.5,-0.0,0.0,0.0,0.0,0.0,-1139.02728278167,-210.32748513629016,-26478.0,14291.066079606644,0.0,-0.0,0.0,0.0,0.0,0.0,-7122.090045281174,-282.97603432547106,-6886.0,50247.57501044273,314.0,-0.0,0.0,0.0,0.0,0.0,-13235.98258075407,-1020.5924296886596,-36305.0,41367.80249091941,0.0,-0.0,0.0,0.0,0.0,0.0,-22912.52565270621,-1142.2768382132076,-17313.0
t524,23362.099572910563,0.0,-0.0,0.0,0.0,0.0,0.0,-1960.8058092663118,-751.2937636442474,-20650.0,10506.755120477543,439.12648400656934,-0.0,0.0,0.0,0.0,0.0,10545.73904115867,-550.6206456427786,-20941.0,4237.732637861886,1004.7228488101994,-0.0,0.0,0.0,0.0,0.0,35276.917814144836,-1637.3733008169193,-38882.0,25798.71506817246,578.5,-0.0,0.0,0.0,0.0,0.0,481.44342546448365,-73.65849363694593,-26785.0,14448.208679669564,0.0,-0.0,0.0,0.0,0.0,0.0,-7166.88003297626,-296.3286466933049,-6985.0,51050.27119599928,378.6,-0.0,0.0,0.0,0.0,0.0,-14861.9611142398,-872.9100817594683,-35694.0,40950.538427339896,0.0,-0.0,0.0,0.0,0.0,0.0,-22314.453324285612,-1151.0851030542794,-17485.0
t525,22475.449877284853,1029.8647852360054,-0.0,0.0,0.0,0.0,0.0,-1665.993255505642,-651.3214070152148,-21188.0,10305.16964804823,362.51745755177603,-0.0,0.0,0.0,0.0,0.0,11288.988,-562.6751055999999,-21394.0,3923.9911146111394,2581.20405375552,-0.0,0.0,0.0,0.0,0.0,33897.81377890124,-1578.0089472678965,-38825.0,24422.102247005692,874.003087444471,-0.0,0.0,0.0,0.0,0.0,1626.3894680762648,-30.494802526429964,-26892.0,14412.925742427427,68.12192581911968,-0.0,0.0,0.0,0.0,0.0,-7206.005561948538,-287.0421062980097,-6988.0,52681.788026,378.6,-0.0,0.0,0.0,0.0,0.0,-16081.673999999999,-844.7140259999999,-36134.0,40260.16654276702,188.61597337519936,-0.0,0.0,0.0,0.0,0.0,-21859.518429523323,-1084.2640866188979,-17505.0
t526,22189.199815674878,97.3,-0.0,0.0,0.0,0.0,0.0,-454.11983676736844,-454.3799789075052,-21378.0,11847.571211630351,3236.941037420156,-0.0,0.0,0.0,0.0,0.0,6617.363036568947,-719.8752856194549,-20982.0,3677.135954298144,0.0,-0.0,0.0,0.0,0.0,0.0,36064.86459172135,-1621.0005460194925,-38121.0,23516.348277886427,901.9746380654208,-0.0,0.0,0.0,0.0,0.0,2331.3906589025764,-43.71357485442331,-26706.0,14443.292075775676,99.04065786574617,-0.0,0.0,0.0,0.0,0.0,-7419.984632283356,-276.3481013580673,-6846.0,52422.788026,378.6,-0.0,0.0,0.0,0.0,0.0,-16081.673999999999,-844.7140259999999,-35875.0,39336.458280653256,0.0,-0.0,0.0,0.0,0.0,0.0,-21057.83981814215,-977.6184625111114,-17301.0
t527,22192.8067318517,1350.5102862743338,-0.0,0.0,0.0,0.0,0.0,-1286.7742287821793,-460.5427893438554,-21796.0,9690.340438574915,2246.9,-0.0,0.0,0.0,0.0,0.0,8484.949918175684,-587.1903567505974,-19835.0,3517.0000607696297,1665.0,-0.0,0.0,0.0,0.0,0.0,33973.74362726788,-1556.7436880375121,-37599.0,22805.598834616252,946.2157862632712,-0.0,0.0,0.0,0.0,0.0,4327.567176987794,-124.38179786731779,-27955.0,14391.69721177286,0.0,-0.0,0.0,0.0,0.0,0.0,-7250.069121004264,-253.6280907685936,-6888.0,51941.38802600001,314.0,-0.0,0.0,0.0,0.0,0.0,-16081.673999999999,-844.7140259999999,-35329.0,38594.59575530058,1630.3,-0.0,0.0,0.0,0.0,0.0,-22167.743372644916,-971.1523826556647,-17086.0
t528,21014.184362685774,97.3,-0.0,0.0,0.0,0.0,0.0,2242.097876663224,-289.5822393489959,-23064.0,8540.545021201247,1823.7679894691041,-0.0,0.0,0.0,0.0,0.0,10450.116650082015,-589.4296607523607,-20225.0,3374.430364276315,5248.079846511728,-0.0,0.0,0.0,0.0,0.0,29086.281388795123,-1348.791599583169,-36360.0,23158.15410101647,946.2157862632712,-0.0,0.0,0.0,0.0,0.0,2980.769669479427,-60.13955675916868,-27025.0,14345.917484567506,14.395345131302449,-0.0,0.0,0.0,0.0,0.0,-7139.695692580647,-248.6171371181614,-6972.0,52951.43804992754,358.2486379572,-0.0,0.0,0.0,0.0,0.0,-16063.846222959715,-843.840464925026,-36402.0,37848.44916821359,1630.3,-0.0,0.0,0.0,0.0,0.0,-21555.723669479426,-952.0254987341687,-16971.0
t529,30964.130640685522,1723.6154603306472,-0.0,0.0,0.0,0.0,0.0,-7721.921329369546,-595.8247716466226,-24370.0,10393.609005786375,0.0,-0.0,0.0,0.0,0.0,0.0,11285.915549751451,-562.5245555378211,-21117.0,3268.606969741827,3269.88394937411,-0.0,0.0,0.0,0.0,0.0,29549.763806465315,-1307.254725581241,-34781.0,22047.349416130535,874.003087444471,-0.0,0.0,0.0,0.0,0.0,6140.5064999999995,-210.85900357500003,-28851.0,14180.230130220938,94.95625390547407,-128.24668952433356,0.0,0.0,0.0,0.0,-6826.217670630454,-238.72202397162263,-7082.0,48848.783726306305,0.0,-0.0,0.0,0.0,0.0,0.0,-9718.269380516678,-570.5143457896352,-38560.0,40644.730887883146,0.0,-0.0,0.0,0.0,0.0,0.0,-22709.77747570008,-1156.9534121830552,-16778.0
t530,30364.55046453256,1641.2839070934742,-0.0,0.0,0.0,0.0,0.0,-6521.169602082851,-529.6647695431845,-24955.0,10166.96675422458,1712.7203513754203,-0.0,0.0,0.0,0.0,0.0,11288.988,-562.6751055999999,-22606.0,3377.287710288846,4279.278534051036,-0.0,0.0,0.0,0.0,0.0,26691.572365951575,-1180.1386102914569,-33168.0,21461.136717311732,946.2157862632712,-0.0,0.0,0.0,0.0,0.0,6140.5064999999995,-210.85900357500003,-28337.0,14137.58254456549,72.20632977939178,-155.8771267621796,0.0,0.0,0.0,0.0,-6700.880051518753,-233.0316960639514,-7120.0,51201.21229964787,0.0,-0.0,0.0,0.0,0.0,0.0,-9228.623764965761,-604.5885346821073,-41368.0,39401.62405730354,0.0,-0.0,0.0,0.0,0.0,0.0,-21670.39344738421,-1124.230609919331,-16607.0
t531,29924.42299050523,1713.8427800422203,-0.0,0.0,0.0,0.0,0.0,-6389.6201502703625,-494.6456202770858,-24754.0,11507.992078698748,1132.695026901251,-0.0,0.0,0.0,0.0,0.0,11288.988,-562.6751055999999,-23367.0,3394.7703321835797,3928.102564893821,-0.0,0.0,0.0,0.0,0.0,25455.55290928656,-1125.4258063639504,-31653.0,21255.136717311732,946.2157862632712,-0.0,0.0,0.0,0.0,0.0,6140.5064999999995,-210.85900357500003,-28131.0,14018.363556367021,0.0,-174.83669563057992,0.0,0.0,0.0,0.0,-6381.973521151178,-218.5533395852635,-7243.0,51840.218834575004,0.0,-0.0,0.0,0.0,0.0,0.0,-8834.494499999999,-631.724334575,-42374.0,38914.15363653715,0.0,-0.0,0.0,0.0,0.0,0.0,-21278.959237865012,-1117.1943986721283,-16518.0
t532,30465.637308321853,1619.8507071244915,-0.0,0.0,0.0,0.0,0.0,-6826.347996852777,-489.1400185935677,-24770.0,10632.7871056,2246.9,-0.0,0.0,0.0,0.0,0.0,11288.988,-562.6751055999999,-23606.0,3345.3508677421282,3508.176930464553,-0.0,0.0,0.0,0.0,0.0,25125.88809269439,-1111.4158909010678,-30868.0,21586.69415507421,683.6583485007957,-0.0,0.0,0.0,0.0,0.0,6140.5064999999995,-210.85900357500003,-28200.0,13691.499638085705,0.0,-0.0,0.0,0.0,0.0,0.0,-6102.628559748143,-205.8710783375657,-7383.0,51692.21883457501,0.0,-0.0,0.0,0.0,0.0,0.0,-8834.494499999999,-631.724334575,-42226.0,38600.91935973853,0.0,-0.0,0.0,0.0,0.0,0.0,-20791.911536093467,-1096.0078236450659,-16713.0
t533,30064.0883787653,1618.0562284907608,-0.0,0.0,0.0,0.0,0.0,-6305.022582489364,-453.122024766693,-24924.0,9419.41922186827,4212.267883731731,-0.0,0.0,0.0,0.0,0.0,11288.988,-562.6751055999999,-24358.0,3307.7820525152074,2913.767630512113,-0.0,0.0,0.0,0.0,0.0,25727.666181643675,-1136.2158646710009,-30813.0,21398.439696724636,675.9746380654208,-0.0,0.0,0.0,0.0,0.0,6335.103183015079,-223.51751780513086,-28186.0,13551.78312169456,99.04065786574617,-0.0,0.0,0.0,0.0,0.0,-5968.062022034923,-199.76175752538552,-7483.0,53391.49122324521,0.0,-0.0,0.0,0.0,0.0,0.0,-10716.270683015076,-528.2205402301307,-42147.0,38075.95623897409,0.0,-0.0,0.0,0.0,0.0,0.0,-20362.402077119383,-1034.5541618546933,-16679.0
t534,31108.548755581935,1477.1854785712312,-0.0,0.0,0.0,0.0,0.0,-7288.492373492852,-491.24186066031194,-24806.0,12054.994996180954,2052.6921094190448,-0.0,0.0,0.0,0.0,0.0,11288.988,-562.6751055999999,-24834.0,3780.7919102028823,1804.3445677840118,-0.0,0.0,0.0,0.0,0.0,25732.18606381402,-1138.322541800915,-30179.0,21610.452888476426,5.141651499726291,-0.0,0.0,0.0,0.0,0.0,6489.9989472954185,-233.59348727156697,-27872.0,13447.510984038548,99.04065786574617,-0.0,0.0,0.0,0.0,0.0,-5894.145686033384,-196.40595587091562,-7456.0,51397.223543344866,244.2222222221232,-0.0,0.0,0.0,0.0,0.0,-9183.986947295416,-654.4588182715669,-41803.0,38627.89551429931,0.0,-0.0,0.0,0.0,0.0,0.0,-21144.548004287783,-1111.3475100115186,-16372.0
t535,30828.798253032364,1360.2704346640337,-0.0,0.0,0.0,0.0,0.0,-7140.990897661637,-471.07779003476253,-24577.0,10500.915331997301,2090.7092999005054,-0.0,0.0,0.0,0.0,0.0,12652.947718220306,-608.5723501181133,-24636.0,5024.288612545237,0.0,-0.0,0.0,0.0,0.0,0.0,24773.960759929032,-1201.2493724742696,-28597.0,22215.45627834171,0.0,-0.0,0.0,0.0,0.0,0.0,5205.818087979933,-166.2743663216428,-27255.0,13338.177041039227,0.0,-0.0,0.0,0.0,0.0,0.0,-5746.475319795515,-189.70172124371638,-7402.0,49602.64383457501,314.0,-0.0,0.0,0.0,0.0,0.0,-8334.494499999999,-666.1493345749999,-40916.0,38707.44314358388,0.0,-0.0,0.0,0.0,0.0,0.0,-21410.76584867212,-1131.6772949117528,-16165.0
t536,27156.252112463906,0.0,-0.0,0.0,0.0,0.0,0.0,-2798.336449403259,-351.91566306064436,-24006.0,10240.153021738986,0.0,-2246.9,0.0,0.0,0.0,0.0,16630.002129982375,-735.2551517213592,-23888.0,11214.897357207492,0.0,-1665.0,0.0,0.0,0.0,0.0,20098.407106047754,-1333.304463255246,-28315.0,22641.524693672756,0.0,-0.0,0.0,0.0,0.0,0.0,4203.9610940378525,-118.48578771060556,-26727.0,14399.447285509574,0.0,-196.3,0.0,0.0,0.0,0.0,-6613.100768877535,-229.04651663204012,-7361.0,48820.92487526253,0.0,-0.0,0.0,0.0,0.0,0.0,-8429.149026092224,-604.7758491703094,-39787.0,40202.17852813116,0.0,-0.0,0.0,0.0,0.0,0.0,-23091.784085694962,-1186.3944424361976,-15924.0
t537,33250.66267042638,0.0,-5267.243400141773,0.0,0.0,0.0,0.0,-4115.129704875873,-455.28956540874356,-23413.0,23188.78444138611,0.0,-3277.047606428675,0.0,0.0,0.0,0.0,3596.5810819501876,-142.31791690762384,-23366.0,17276.55096782759,0.0,-5402.236809950722,0.0,0.0,0.0,0.0,17147.707129651026,-979.0212875278944,-28043.0,21280.568289838273,0.0,-946.2157862632711,0.0,0.0,0.0,0.0,6140.5064999999995,-210.85900357500003,-26264.0,14794.937690583474,0.0,-99.04065786574617,0.0,0.0,0.0,0.0,-7089.234064465975,-250.66296825175527,-7356.0,37540.582808575,0.0,-378.6,0.0,0.0,0.0,0.0,1687.1795,-116.16230857499998,-38733.0,34097.661168322644,0.0,-0.0,0.0,0.0,0.0,0.0,-17367.610442259363,-947.0507260632822,-15783.0
t538,33758.84798449191,0.0,-6566.3,0.0,0.0,0.0,0.0,-3737.6603906874993,-427.8875938044147,-23027.0,32522.676230542627,0.0,-5860.291063060346,0.0,0.0,0.0,0.0,-3635.2575476475495,-178.12761983472993,-22849.0,20410.085932058617,0.0,-5677.104053755519,0.0,0.0,0.0,0.0,14902.165492105123,-1085.1473704082232,-28550.0,21035.568289838273,0.0,-946.2157862632712,0.0,0.0,0.0,0.0,6140.5064999999995,-210.85900357500003,-26019.0,14756.883093713473,0.0,-99.04065786574617,0.0,0.0,0.0,0.0,-6977.2629559237885,-245.57947992393997,-7435.0,28902.883340831908,0.0,-378.6,0.0,0.0,0.0,0.0,9942.329203185685,-572.6125440175875,-37894.0,34931.23473535186,0.0,-1630.3,0.0,0.0,0.0,0.0,-16634.82030103197,-914.1144343198906,-15752.0
t539,33667.25587228377,0.0,-6566.3,0.0,0.0,0.0,0.0,-3562.680455823305,-357.275416460459,-23181.0,32986.71518489585,0.0,-5860.291063060346,0.0,0.0,0.0,0.0,-4233.0067891663575,-207.41733266915153,-22686.0,19456.55628178139,0.0,-5677.104053755519,0.0,0.0,0.0,0.0,16959.487420112113,-843.9396481379863,-29895.0,17937.732520855796,0.0,-946.2157862632712,0.0,0.0,0.0,0.0,9549.06927766991,-432.5860122624277,-26108.0,14138.359635414454,0.0,-99.04065786574617,0.0,0.0,0.0,0.0,-6288.987216207872,-214.33176134083735,-7536.0,34895.54900824181,0.0,-378.6,0.0,0.0,0.0,0.0,3929.0970767529616,-634.0460849947647,-37812.0,34944.13366469263,0.0,-1630.3,0.0,0.0,0.0,0.0,-16352.97931333745,-901.8543513551789,-16059.0
t540,33966.944695204365,0.0,-4561.324350849693,0.0,0.0,0.0,0.0,-5040.293542280071,-342.3268020745956,-24023.0,31842.4702752666,0.0,-5860.291063060346,0.0,0.0,0.0,0.0,-2980.1517752204554,-146.02743698580232,-22856.0,18772.839842489353,0.0,-5071.135080540607,0.0,0.0,0.0,0.0,18670.648995402677,-825.3537573514188,-31547.0,20754.16865742575,0.0,-946.2157862632712,0.0,0.0,0.0,0.0,7026.542793291112,-268.4956644535868,-26566.0,13482.885438298888,0.0,-295.34065786574615,0.0,0.0,0.0,0.0,-5384.28643457829,-173.25834585485435,-7630.0,35310.11259242097,0.0,-378.6,0.0,0.0,0.0,0.0,3916.6317505370666,-329.1443429580308,-38519.0,34297.743960966625,0.0,-797.3011427642707,0.0,0.0,0.0,0.0,-16209.091787152034,-886.3510310503192,-16405.0
t541,34291.946353269384,0.0,-347.17566143240634,0.0,0.0,0.0,0.0,-7824.560466337879,-398.21022549910674,-25722.0,30169.33594051514,0.0,-5466.873863310327,0.0,0.0,0.0,0.0,-749.7255264106831,-36.736550794123474,-23916.0,17959.390737306036,0.0,-2581.20405375552,0.0,0.0,0.0,0.0,19419.01805026235,-881.2047338128696,-33916.0,22221.807885121656,0.0,-701.0595575834453,0.0,0.0,0.0,0.0,6144.361439875705,-211.10976741391465,-27454.0,12556.529846815578,0.0,-33.53607348038807,0.0,0.0,0.0,0.0,-4603.196892682412,-137.7968806527815,-7782.0,37778.30242688281,0.0,-335.6572209616526,0.0,0.0,0.0,0.0,3118.9337289158407,-198.57893483698513,-40363.0,33717.79020436052,0.0,-0.0,0.0,0.0,0.0,0.0,-15504.830333622924,-864.959870737597,-17348.0
t542,34585.70482343645,0.0,-97.3,0.0,0.0,0.0,0.0,-7952.429480442344,-391.9753429941022,-26144.0,29533.14488783014,0.0,-2246.9,0.0,0.0,0.0,0.0,-1925.9516821768816,-87.29320565325865,-25273.0,15150.248622436799,0.0,-1665.0,0.0,0.0,0.0,0.0,23613.786177671733,-1040.0348001085274,-36059.0,22738.396781513296,0.0,-578.5,0.0,0.0,0.0,0.0,5521.432386865172,-181.3291683784687,-27500.0,12292.383962767553,0.0,-0.0,0.0,0.0,0.0,0.0,-4470.606677867377,-131.7772849001789,-7690.0,39986.95961549484,0.0,-0.0,0.0,0.0,0.0,0.0,1464.8163874922852,-71.77600298712198,-41380.0,34956.42230051953,0.0,-0.0,0.0,0.0,0.0,0.0,-16251.047111542584,-839.3751889769361,-17866.0
t543,34341.17113188632,0.0,-97.3,0.0,0.0,0.0,0.0,-7765.660198429979,-356.21093345634523,-26122.0,29420.206904074104,0.0,-2246.9,0.0,0.0,0.0,0.0,-1711.707932157021,-57.59897191708376,-25404.0,11074.045050332566,0.0,-1665.0,0.0,0.0,0.0,0.0,29310.126950925674,-1357.1720012582448,-37362.0,22754.05838672969,0.0,-0.0,0.0,0.0,0.0,0.0,4703.243155303279,-142.30154203296644,-27315.0,11820.364432738828,0.0,-0.0,0.0,0.0,0.0,0.0,-4171.181070416904,-118.1833623219274,-7531.0,46619.376463308705,0.0,-0.0,0.0,0.0,0.0,0.0,-5266.594093002932,-311.7823703057736,-41041.0,33854.01792340606,0.0,-0.0,0.0,0.0,0.0,0.0,-15098.22681222212,-785.7911111839359,-17970.0
t544,34759.189708952246,0.0,-0.0,0.0,0.0,0.0,0.0,-8432.660394942859,-384.5293140093944,-25942.0,27493.46936299205,0.0,-2246.9,0.0,0.0,0.0,0.0,-312.0682658463218,-10.501097145728728,-24924.0,7022.3513760917795,0.0,-1665.0,0.0,0.0,0.0,0.0,34461.00974754956,-1593.3611236413376,-38225.0,22019.466263234357,0.0,-0.0,0.0,0.0,0.0,0.0,4787.211292729006,-179.6775559633637,-26627.0,10479.051550027467,0.0,-0.0,0.0,0.0,0.0,0.0,-3098.053463337908,-65.99808668955612,-7315.0,47604.60311883758,0.0,-0.0,0.0,0.0,0.0,0.0,-6998.065818759807,-425.5373000777773,-40181.0,39316.56863370302,0.0,-0.0,0.0,0.0,0.0,0.0,-20407.373097391668,-912.1955363113568,-17997.0
t545,34899.78262531546,769.3924454082817,-0.0,0.0,0.0,0.0,0.0,-9893.960895373715,-497.2141753500334,-25278.0,18096.617482611975,0.0,-0.0,0.0,0.0,0.0,0.0,6396.98252427571,-345.6000068876818,-24148.0,3390.996901658615,81.8289920024159,-0.0,0.0,0.0,0.0,0.0,36990.56436204685,-1714.3902557078763,-38749.0,26615.264440425108,0.0,-0.0,0.0,0.0,0.0,0.0,-901.1058349173519,-47.158605507756405,-25667.0,8893.375516402662,154.85887018510863,-0.0,0.0,0.0,0.0,0.0,-1811.6757086230946,-86.55867796467797,-7150.0,51627.58280406524,0.0,-0.0,0.0,0.0,0.0,0.0,-12105.262975244821,-677.319828820412,-38845.0,37556.53774614537,0.0,-0.0,0.0,0.0,0.0,0.0,-18675.541472163575,-992.9962739817943,-17888.0
t546,33672.20258747684,1159.7874966189015,-0.0,0.0,0.0,0.0,0.0,-9778.535600351714,-502.4544837440322,-24551.0,9357.032927962046,3010.654177637953,-0.0,0.0,0.0,0.0,0.0,11288.988,-562.6751055999999,-23094.0,3068.546395106317,995.1547266436867,-0.0,0.0,0.0,0.0,0.0,36601.6005,-1701.3016217499999,-38964.0,28203.32604512221,0.0,-0.0,0.0,0.0,0.0,0.0,-3107.712338314921,-210.6137068072913,-24885.0,9310.922778284232,25.280143858200475,-0.0,0.0,0.0,0.0,0.0,-2268.742331108523,-98.46059103391161,-6969.0,51288.8767947383,314.0,-0.0,0.0,0.0,0.0,0.0,-13762.286619646293,-995.5901750920085,-36845.0,37804.826748253945,0.0,-0.0,0.0,0.0,0.0,0.0,-18973.311610578545,-1062.5151376754031,-17769.0
t547,33578.33171522685,1224.2797017955215,-0.0,0.0,0.0,0.0,0.0,-10328.107497404539,-477.50391961783396,-23997.0,10273.601825222398,1042.085280377602,-0.0,0.0,0.0,0.0,0.0,11288.988,-562.6751055999999,-22042.0,3178.4576967534467,1006.2434249965557,-0.0,0.0,0.0,0.0,0.0,36601.6005,-1701.3016217499999,-39085.0,30658.451632157496,0.0,-0.0,0.0,0.0,0.0,0.0,-5430.846975394776,-481.6046567627216,-24746.0,9415.163367747493,0.0,-0.0,0.0,0.0,0.0,0.0,-2404.181251310075,-70.98211643741844,-6940.0,45305.07157661269,314.0,-0.0,0.0,0.0,0.0,0.0,-9119.46591466141,-1297.6056619512751,-35202.0,37892.15059838234,1139.8641402049943,-0.0,0.0,0.0,0.0,0.0,-20607.986861229198,-984.027877358138,-17440.0
t548,33227.82221135257,744.357074783829,-0.0,0.0,0.0,0.0,0.0,-9467.608722120678,-516.5705640157212,-23988.0,7998.890232442088,2954.796873157913,-0.0,0.0,0.0,0.0,0.0,11288.988,-562.6751055999999,-21680.0,3179.8928880827107,1160.8082336672924,-0.0,0.0,0.0,0.0,0.0,36601.6005,-1701.3016217499999,-39241.0,32295.525239869345,0.0,-0.0,0.0,0.0,0.0,0.0,-6873.911067994232,-470.6141718751081,-24951.0,9686.178271825918,0.0,-0.0,0.0,0.0,0.0,0.0,-2526.5967098850892,-111.58156194082933,-7048.0,44674.213692900004,64.6,-0.0,0.0,0.0,0.0,0.0,-8927.735999999999,-1310.0776928999999,-34501.0,37863.01329306051,612.745901239481,-0.0,0.0,0.0,0.0,0.0,-20094.735999999997,-1009.0231942999999,-17372.0
t549,33372.10967534533,1090.5090142908325,-0.0,0.0,0.0,0.0,0.0,-9773.956305925167,-502.66238371099746,-24186.0,7806.569757750453,3817.1173478495457,-0.0,0.0,0.0,0.0,0.0,11288.988,-562.6751055999999,-22350.0,3110.726985680371,1208.974136069632,-0.0,0.0,0.0,0.0,0.0,36601.6005,-1701.3016217499999,-39220.0,33425.55146425433,0.0,-0.0,0.0,0.0,0.0,0.0,-7918.708256136614,-501.8432081177165,-25005.0,8639.613672674624,28.524122398163627,-0.0,0.0,0.0,0.0,0.0,-1579.2922086995677,-74.845586373222,-7014.0,44959.99343861365,12.82025428635601,-0.0,0.0,0.0,0.0,0.0,-8927.735999999999,-1310.0776928999999,-34735.0,37623.380414993386,562.4407594752047,-0.0,0.0,0.0,0.0,0.0,-19690.89572923865,-1027.925445229941,-17467.0
t550,32878.01986103995,1190.5934750559754,-0.0,0.0,0.0,0.0,0.0,-9413.590337414551,-519.0229986813794,-24136.0,9074.7871056,2246.9,-0.0,0.0,0.0,0.0,0.0,11288.988,-562.6751055999999,-22048.0,2647.420627452853,1116.2804942971509,-0.0,0.0,0.0,0.0,0.0,36601.6005,-1701.3016217499999,-38664.0,34219.32403767079,0.0,-0.0,0.0,0.0,0.0,0.0,-9398.876790465572,-572.4472472052078,-24248.0,7920.138076578669,122.56329911312717,-0.0,0.0,0.0,0.0,0.0,-1026.9443383029723,-46.757037388822766,-6969.0,44504.2136929,64.6,-0.0,0.0,0.0,0.0,0.0,-8927.735999999999,-1310.0776928999999,-34331.0,37256.2002844534,194.32106972614565,-0.0,0.0,0.0,0.0,0.0,-19123.4410338169,-1054.0803203626513,-17273.0
t551,32783.69202179176,1329.0059429330613,-0.0,0.0,0.0,0.0,0.0,-9640.999334511649,-508.69863021317116,-23963.0,9661.5871056,571.1,-0.0,0.0,0.0,0.0,0.0,11288.988,-562.6751055999999,-20959.0,2852.328854481444,386.37226726857097,-0.0,0.0,0.0,0.0,0.0,36601.6005,-1701.3016217499999,-38139.0,34265.5507630268,0.0,-0.0,0.0,0.0,0.0,0.0,-9446.945572014445,-562.605191012355,-24256.0,7194.849900101514,196.3,-0.0,0.0,0.0,0.0,0.0,-339.8318546857953,-42.31804541571907,-7009.0,43770.2136929,64.6,-0.0,0.0,0.0,0.0,0.0,-8927.735999999999,-1310.0776928999999,-33597.0,36991.35269933998,530.1278497079329,-0.0,0.0,0.0,0.0,0.0,-19535.07573878811,-1034.4048102598072,-16952.0
t552,32620.875326186473,1281.416764749045,-0.0,0.0,0.0,0.0,0.0,-8805.669485580887,-546.6226053546277,-24550.0,8450.48311048216,1913.7921172666927,-0.0,0.0,0.0,0.0,0.0,11797.511700368548,-579.7869281174017,-21582.0,2623.3366446359514,0.0,-0.0,0.0,0.0,0.0,0.0,36093.07679963145,-1718.4134442674017,-36998.0,36190.51672769665,0.0,-0.0,0.0,0.0,0.0,0.0,-11036.251335567707,-601.2653921289439,-24553.0,6905.9283447761545,196.3,-0.0,0.0,0.0,0.0,0.0,108.0743518204647,-104.30269659661982,-7106.0,44671.60753145105,101.20616144895746,-0.0,0.0,0.0,0.0,0.0,-8927.735999999999,-1310.0776928999999,-34535.0,36744.29411298738,409.71625302144093,-0.0,0.0,0.0,0.0,0.0,-19229.00603067187,-1049.0043353369517,-16876.0
t553,10848.151971040194,1901.2880289598065,-0.0,0.0,0.0,0.0,0.0,7000.0,-362.44,-19387.0,6553.469300404338,2246.9,-0.0,0.0,0.0,0.0,0.0,9456.953757457226,-624.3230578615643,-17633.0,3804.8772750716225,3348.197556397167,-0.0,0.0,0.0,0.0,0.0,28033.634742542774,-1288.7095740115642,-33898.0,26675.19354991536,0.0,-946.2157862632712,0.0,0.0,0.0,0.0,-10020.644868842894,-631.3328948091957,-15077.0,11982.445765682047,0.0,-295.34065786574615,0.0,0.0,0.0,0.0,-6354.017631157106,-281.0874766591958,-5052.0,37469.813692899996,0.0,-0.0,0.0,0.0,0.0,0.0,-8927.735999999999,-1310.0776928999999,-27232.0,36229.60666192403,0.0,-676.0712234240367,0.0,0.0,0.0,0.0,-19188.190000000002,-1320.3454385,-15045.0
t554,11586.414124938003,1496.0258750619962,-0.0,0.0,0.0,0.0,0.0,7000.0,-362.44,-19720.0,6312.325786008263,2818.0,-0.0,0.0,0.0,0.0,0.0,9016.808170842874,-639.1339568511372,-17508.0,3562.8792895977604,1450.8608542462516,-0.0,0.0,0.0,0.0,0.0,28473.780329157125,-1303.5204730011371,-32184.0,28119.42286993224,0.0,-946.2157862632712,0.0,0.0,0.0,0.0,-11318.041960803896,-639.165122865073,-15216.0,10952.880901776924,0.0,-295.34065786574615,0.0,0.0,0.0,0.0,-5056.620539196105,-288.91970471507307,-5312.0,38653.2386929,0.0,-0.0,0.0,0.0,0.0,0.0,-9427.735999999999,-1344.5026928999998,-27881.0,35045.0613884458,0.0,-463.1009499458014,0.0,0.0,0.0,0.0,-18688.190000000002,-1354.7704385,-14539.0
t555,12509.93385606909,1308.5061439309093,-0.0,0.0,0.0,0.0,0.0,7000.0,-362.44,-20456.0,5073.435917505871,2246.9,-0.0,0.0,0.0,0.0,0.0,11054.238508483655,-570.5744259895249,-17804.0,3493.2526552292434,2093.3582953939344,-0.0,0.0,0.0,0.0,0.0,26436.349991516345,-1234.9609421395248,-30788.0,29226.960970529795,0.0,-946.2157862632712,0.0,0.0,0.0,0.0,-12005.686722126651,-652.0584621398747,-15623.0,10562.12947972897,0.0,-295.34065786574615,0.0,0.0,0.0,0.0,-4368.975777873349,-301.8130439898747,-5596.0,40821.870866086494,0.0,-0.0,0.0,0.0,0.0,0.0,-10510.799267237207,-1419.0715988492818,-28892.0,34026.46607721207,0.0,-0.0,0.0,0.0,0.0,0.0,-17605.126732762787,-1429.3393444492817,-14992.0
t556,12686.652905622917,2181.7870943770818,-0.0,0.0,0.0,0.0,0.0,7000.0,-362.44,-21506.0,5678.7871056,2246.9,-0.0,0.0,0.0,0.0,0.0,11288.988,-562.6751055999999,-18652.0,3563.4076339749495,2002.0534877750456,-0.0,0.0,0.0,0.0,0.0,26201.6005,-1227.0616217499999,-30540.0,29930.374660114405,0.0,-0.0,0.0,0.0,0.0,0.0,-12681.053100196617,-636.32155991779,-16613.0,9219.922741212755,0.0,-0.0,0.0,0.0,0.0,0.0,-2989.3697964029343,-321.5529448098229,-5909.0,43185.90041359635,0.0,-0.0,0.0,0.0,0.0,0.0,-11646.751604743436,-1415.1488088529125,-30124.0,34221.307356151956,0.0,-0.0,0.0,0.0,0.0,0.0,-17173.41399865701,-1460.8933574949453,-15587.0
t557,14063.514568859078,1928.9254311409222,-0.0,0.0,0.0,0.0,0.0,7000.0,-362.44,-22630.0,6015.686229886145,3226.0008757138557,-0.0,0.0,0.0,0.0,0.0,11288.988,-562.6751055999999,-19968.0,4382.637975197995,1866.8231465520034,-0.0,0.0,0.0,0.0,0.0,26201.6005,-1227.0616217499999,-31224.0,27616.025349121344,0.0,-0.0,0.0,0.0,0.0,0.0,-9909.963187992433,-456.06216112890775,-17250.0,8277.566357130561,295.34065786574615,-0.0,0.0,0.0,0.0,0.0,-2117.799541595601,-279.1074734007058,-6176.0,47322.90130413648,0.0,-0.0,0.0,0.0,0.0,0.0,-14499.396812007564,-1240.5044921289075,-31583.0,34509.1955786221,968.2963479329993,-0.0,0.0,0.0,0.0,0.0,-17963.4289584044,-1424.0629681507055,-16090.0
t558,16920.82192388113,-2.096281709782488e-13,-0.0,0.0,0.0,0.0,0.0,6941.984156839372,-359.8060807205075,-23503.0,7499.584511087025,0.0,-0.0,0.0,0.0,0.0,0.0,14102.77451059448,-657.3590216815041,-20945.0,8482.776154463427,0.0,-41.84460603744442,0.0,0.0,0.0,0.0,23387.81398940552,-1321.7455378315042,-30507.0,28530.497670247423,0.0,-0.0,0.0,0.0,0.0,0.0,-10308.510036615582,-481.9876336318436,-17740.0,6763.847832019134,295.34065786574615,-0.0,0.0,0.0,0.0,0.0,-393.84515683937207,-323.3433330455075,-6342.0,47235.21530347499,0.0,-0.0,0.0,0.0,0.0,0.0,-13547.858781701976,-1228.3565217730074,-32459.0,37943.21798589859,0.0,-0.0,0.0,0.0,0.0,0.0,-20182.35868168244,-1432.8593042161638,-16328.0
t559,19859.369240842712,0.0,-97.3,0.0,0.0,0.0,0.0,4693.752114341769,-257.8213551844846,-24198.0,19084.617535464025,0.0,-2246.9,0.0,0.0,0.0,0.0,4914.071992151394,-240.7895276154183,-21511.0,15386.214217247854,0.0,-1665.0,0.0,0.0,0.0,0.0,15858.465676956072,-799.6798942039325,-28780.0,24884.891461500796,0.0,-0.0,0.0,0.0,0.0,0.0,-6593.561246655836,-240.33021484496214,-18051.0,5335.381008105833,295.34065786574615,-0.0,0.0,0.0,0.0,0.0,965.2543524999239,-137.97601847150347,-6458.0,42470.39722476979,0.0,-0.0,0.0,0.0,0.0,0.0,-9044.777857645151,-541.6193671246364,-32884.0,28450.466445724865,0.0,-0.0,0.0,0.0,0.0,0.0,-10793.20503164817,-820.2614140766954,-16837.0
t560,21978.241130411927,0.0,-905.730702555215,0.0,0.0,0.0,0.0,3956.766784143393,-224.27721200011004,-24805.0,29824.657219527617,0.0,-2246.9,0.0,0.0,0.0,0.0,-5475.506428218077,-184.2507913095383,-21918.0,19485.471420680762,0.0,-4132.287019217526,0.0,0.0,0.0,0.0,14262.291542309269,-566.4759437725052,-29049.0,24247.27815217731,0.0,-0.0,0.0,0.0,0.0,0.0,-5717.592162501013,-190.68598967629833,-18339.0,5352.620255518503,0.0,-0.0,0.0,0.0,0.0,0.0,1277.193715856607,-123.81397137511004,-6506.0,33235.0,0.0,-0.0,0.0,0.0,0.0,0.0,0.0,-0.0,-33235.0,28067.82783435444,0.0,-1630.3,0.0,0.0,0.0,0.0,-8303.153451590179,-673.3743827642652,-17461.0
t561,22892.098659185118,0.0,-1081.638763261892,0.0,0.0,0.0,0.0,3899.2039640443936,-221.66385996761545,-25488.0,34467.698861869976,0.0,-4321.672165744981,0.0,0.0,0.0,0.0,-7730.8825,-260.144196125,-22155.0,21436.426073525246,0.0,-5677.104053755519,0.0,0.0,0.0,0.0,14722.97834564064,-564.3003654103679,-29918.0,22570.20080160188,0.0,-0.0,0.0,0.0,0.0,0.0,-3854.3895753334737,-101.8112262684067,-18614.0,5323.444083387009,0.0,-0.0,0.0,0.0,0.0,0.0,1334.7565359556065,-121.20061934261548,-6537.0,33362.0,0.0,-0.0,0.0,0.0,0.0,0.0,0.0,-0.0,-33362.0,28765.397406485943,0.0,-1630.3,0.0,0.0,0.0,0.0,-8371.666770307167,-506.43063617877453,-18257.0
t562,23318.18265401687,0.0,-97.3,0.0,0.0,0.0,0.0,2871.105537380191,-174.9881913970607,-25917.0,36093.76954377406,0.0,-5860.291063060346,0.0,0.0,0.0,0.0,-7433.34637518862,-250.13210552509707,-22550.0,22449.038926555877,0.0,-5677.104053755519,0.0,0.0,0.0,0.0,15452.009059491935,-598.9439322922913,-31625.0,20515.499393705668,0.0,-0.0,0.0,0.0,0.0,0.0,-1772.269343514767,-33.23005019090188,-18710.0,5261.454435453386,0.0,-0.0,0.0,0.0,0.0,0.0,1301.1638061345757,-54.61824158796256,-6508.0,33600.0,0.0,-0.0,0.0,0.0,0.0,0.0,0.0,-0.0,-33600.0,29807.074511070507,0.0,-0.0,0.0,0.0,0.0,0.0,-10418.662684303315,-502.41182676719416,-18886.0
t563,23830.899999999998,0.0,-97.3,0.0,0.0,0.0,0.0,2400.0,-153.6,-25980.0,36428.90055943533,0.0,-5466.873863310327,0.0,0.0,0.0,0.0,-7730.8825,-260.144196125,-22971.0,22288.596991824772,0.0,-4393.462150171795,0.0,0.0,0.0,0.0,14713.764731544192,-563.8995731971723,-32045.0,18714.93123521198,342.81322587447323,-0.0,0.0,0.0,0.0,0.0,-258.8902685511197,-4.854192535333493,-18794.0,5762.105337123207,88.65697366877257,-0.0,0.0,0.0,0.0,0.0,599.6887687006351,-21.451079492614898,-6429.0,33852.99999999999,0.0,-0.0,0.0,0.0,0.0,0.0,0.0,-0.0,-33853.0,29898.641162752723,0.0,-77.00816702955989,0.0,0.0,0.0,0.0,-9723.680731693708,-473.9522640294538,-19624.0
t564,23677.14850624356,0.0,-439.23734544980846,0.0,0.0,0.0,0.0,2496.049485864495,-157.96064665824807,-25576.0,36697.75145405337,0.0,-5831.262942182797,0.0,0.0,0.0,0.0,-7180.852814657351,-241.63569721321986,-23444.0,21628.365367282815,0.0,-3708.397503080954,0.0,0.0,0.0,0.0,15543.440392654218,-605.4082568560837,-32858.0,17850.78421373673,946.2157862632712,-0.0,0.0,0.0,0.0,0.0,0.0,-0.0,-18797.0,6430.410132522743,0.0,-0.0,0.0,0.0,0.0,0.0,-96.04948586449511,-4.360646658248078,-6330.0,34151.0,0.0,-0.0,0.0,0.0,0.0,0.0,0.0,-0.0,-34151.0,31825.046175242875,0.0,-489.0860376031442,0.0,0.0,0.0,0.0,-10762.587577996868,-517.3725596428637,-20056.0
t565,23768.410244574163,0.0,-2401.9161115110487,0.0,0.0,0.0,0.0,3494.810252395639,-203.304385458762,-24658.0,34813.43983329979,0.0,-3111.4131371747926,0.0,0.0,0.0,0.0,-7730.8825,-260.144196125,-23711.0,21573.291453599446,0.0,-2485.4292717765757,0.0,0.0,0.0,0.0,16029.26150083861,-621.1236826614795,-34496.0,17805.78421373673,946.2157862632712,-0.0,0.0,0.0,0.0,0.0,0.0,-0.0,-18752.0,7333.514637854401,0.0,-0.0,0.0,0.0,0.0,0.0,-1094.810252395639,-49.70438545876202,-6189.0,34267.0,0.0,-0.0,0.0,0.0,0.0,0.0,0.0,-0.0,-34267.0,31926.165425506657,0.0,-231.2069381315667,0.0,0.0,0.0,0.0,-10698.37900083861,-514.5794865364795,-20482.0
t566,25324.32535243828,0.0,-5464.4275754119135,0.0,0.0,0.0,0.0,4246.534907787162,-237.43268481353715,-23869.0,35677.20818357179,0.0,-3980.1814874467955,0.0,0.0,0.0,0.0,-7730.8825,-260.144196125,-23706.0,19860.289664437332,0.0,-1665.0,0.0,0.0,0.0,0.0,18350.83694652765,-741.1266109649823,-35805.0,17882.43550036432,507.56449963568116,-0.0,0.0,0.0,0.0,0.0,0.0,-0.0,-18390.0,7957.367592600699,0.0,-0.0,0.0,0.0,0.0,0.0,-1846.5349077871622,-83.83268481353717,-6027.0,35327.80564865342,0.0,-0.0,0.0,0.0,0.0,0.0,-1211.1080519764141,-71.69759667700372,-34045.0,32815.731212714214,0.0,-0.0,0.0,0.0,0.0,0.0,-11808.846394551232,-562.8848181629786,-20444.0
t567,23939.285631152827,0.0,-6566.3,0.0,0.0,0.0,0.0,6105.9563814213325,-317.9420125741576,-23161.0,33528.926696124996,0.0,-2246.9,0.0,0.0,0.0,0.0,-7730.8825,-260.144196125,-23291.0,17975.5603932647,0.0,-1665.0,0.0,0.0,0.0,0.0,20818.287590409567,-907.847983674269,-36221.0,20292.339154479767,0.0,-0.0,0.0,0.0,0.0,0.0,-1987.0813786304468,-37.25777584932088,-18268.0,7924.05249011128,0.0,-0.0,0.0,0.0,0.0,0.0,-1929.0044190473852,-215.04807106389444,-5780.0,38902.36590767815,0.0,-0.0,0.0,0.0,0.0,0.0,-4993.73669531547,-295.62921236267584,-33613.0,30749.76527138377,0.0,-0.0,0.0,0.0,0.0,0.0,-10283.538978837598,-492.2262925461772,-19974.0
t568,22847.315377691248,0.0,-4921.4753776912485,0.0,0.0,0.0,0.0,4600.0,-208.84,-22317.0,33004.5553811699,0.0,-2246.9,0.0,0.0,0.0,0.0,-7441.257080413963,-250.39830075592985,-23066.0,15243.945135317643,0.0,-1665.0,0.0,0.0,0.0,0.0,23382.175099257995,-1031.120234575645,-35930.0,21857.227104328213,0.0,-0.0,0.0,0.0,0.0,0.0,-3888.6904720442226,-119.53663228399051,-17849.0,8088.355801488458,0.0,-0.0,0.0,0.0,0.0,0.0,-2321.7995429181733,-251.55625857028426,-5515.0,38977.152,0.0,-0.0,0.0,0.0,0.0,0.0,-5560.0,-329.152,-33088.0,28800.818311415056,0.0,-0.0,0.0,0.0,0.0,0.0,-8770.428003881636,-528.3903075334216,-19502.0
t569,19225.357536542746,0.0,-1819.5175365427458,0.0,0.0,0.0,0.0,4600.0,-208.84,-21797.0,31032.181472818684,0.0,-2246.9,0.0,0.0,0.0,0.0,-6147.420764106495,-206.86070871218354,-22431.0,10589.291307397621,0.0,-1665.0,0.0,0.0,0.0,0.0,27889.648299086173,-1239.9396064837995,-35574.0,23442.863333523932,0.0,-0.0,0.0,0.0,0.0,0.0,-5844.553449643125,-205.30988388080857,-17393.0,7595.420190037685,0.0,-0.0,0.0,0.0,0.0,0.0,-2061.9925503568757,-256.42763968080857,-5277.0,38107.152,0.0,-0.0,0.0,0.0,0.0,0.0,-5560.0,-329.152,-32218.0,32693.330676951296,0.0,-0.0,0.0,0.0,0.0,0.0,-12875.681534979678,-861.6491419716159,-18956.0
t570,16406.82811060675,0.0,-97.3,0.0,0.0,0.0,0.0,4826.828941659451,-223.35705226620485,-20913.0,26713.82785659454,0.0,-2246.9,0.0,0.0,0.0,0.0,-2448.969945288688,-518.9579113058543,-21499.0,5481.20574450418,0.0,-1665.0,0.0,0.0,0.0,0.0,32514.309527308746,-1425.5152718129305,-34905.0,23132.365503575,0.0,-0.0,0.0,0.0,0.0,0.0,-6140.5064999999995,-210.85900357500003,-16781.0,7572.18562148553,114.39138770494695,-0.0,0.0,0.0,0.0,0.0,-2324.407717617504,-289.1692915729725,-5073.0,44575.64507846717,0.0,-0.0,0.0,0.0,0.0,0.0,-13029.092054711313,-738.5530237558542,-30808.0,32981.40046427781,0.0,-0.0,0.0,0.0,0.0,0.0,-13398.162251350692,-1186.2382129271075,-18397.0
t571,14053.378722545838,763.5614458508381,-0.0,0.0,0.0,0.0,0.0,5598.824606413806,-272.7647748104836,-20143.0,15912.067818001447,626.572477692658,-0.0,0.0,0.0,0.0,0.0,4562.561073325901,-725.2013690200032,-20376.0,3825.2004166869865,0.0,-0.0,0.0,0.0,0.0,0.0,32256.612353948374,-1430.8127706353628,-34651.0,23170.27305762503,0.0,-0.0,0.0,0.0,0.0,0.0,-6564.020709118651,-261.25234850637787,-16345.0,8852.32971015828,0.0,-0.0,0.0,0.0,0.0,0.0,-3573.60343473455,-316.7262754237272,-4962.0,47775.89951255446,0.0,-0.0,0.0,0.0,0.0,0.0,-17351.953856146796,-1054.9456564076506,-29369.0,32525.15267010821,1630.3,-0.0,0.0,0.0,0.0,0.0,-14928.420033688088,-1340.032636420124,-17887.0
t572,13433.234048831902,0.0,-0.0,0.0,0.0,0.0,0.0,6616.685110145465,-379.9191589773668,-19670.0,8242.047160259324,3466.407003853239,-0.0,0.0,0.0,0.0,0.0,8550.375260182302,-654.8294242948655,-19604.0,3949.579429961152,3065.5875397888467,-0.0,0.0,0.0,0.0,0.0,29323.52812967223,-1336.6950994222323,-35002.0,22002.662291864934,0.0,-74.57329493262183,0.0,0.0,0.0,0.0,-5336.892131427145,-276.1968655051631,-16315.0,10843.802882875067,0.0,-0.0,0.0,0.0,0.0,0.0,-5620.455075719813,-278.34780715525346,-4945.0,46179.499434527956,0.0,-0.0,0.0,0.0,0.0,0.0,-16532.23079285304,-1108.2686416749093,-28539.0,34608.15744678831,1524.7858002866856,-0.0,0.0,0.0,0.0,0.0,-17001.010500000004,-1470.9327470749997,-17661.0
t573,11368.71332119082,1496.7266788091808,-0.0,0.0,0.0,0.0,0.0,7000.0,-362.44,-19503.0,7791.202131532427,5860.291063060346,-0.0,0.0,0.0,0.0,0.0,6480.971660820614,-724.4648554133862,-19408.0,4173.631383192629,2842.6031491913686,-0.0,0.0,0.0,0.0,0.0,31009.616839179387,-1388.8513715633862,-36637.0,24898.68911453585,0.0,-141.71578626327113,0.0,0.0,0.0,0.0,-8275.755175767343,-538.218152505236,-15943.0,11823.02942868836,0.0,-99.04065786574617,0.0,0.0,0.0,0.0,-6597.339018157165,-285.64975266544684,-4841.0,42187.47178924028,0.0,-0.0,0.0,0.0,0.0,0.0,-12616.483806075488,-1362.987983164789,-28208.0,35849.21657232598,224.7266747490139,-0.0,0.0,0.0,0.0,0.0,-17001.010500000004,-1470.9327470749997,-17602.0
t574,8872.991544158058,3515.4484558419435,-0.0,0.0,0.0,0.0,0.0,7000.0,-362.44,-19026.0,8578.536083127927,2652.1711721495817,-0.0,0.0,0.0,0.0,0.0,8220.231506334341,-665.9387616118494,-18785.0,3670.864230340669,5677.104053755519,-0.0,0.0,0.0,0.0,0.0,29270.35699366566,-1330.3252777618493,-37288.0,25070.684868465956,0.0,-0.0,0.0,0.0,0.0,0.0,-9275.378224067217,-645.3066443987398,-15150.0,12110.706014098618,0.0,-66.3605119170931,0.0,0.0,0.0,0.0,-7099.284275932783,-295.0612262487397,-4650.0,40176.58050147499,0.0,-0.0,0.0,0.0,0.0,0.0,-11114.915499999997,-1460.6650014749998,-27601.0,35716.326776681824,0.0,-19.38352960682747,0.0,0.0,0.0,0.0,-17001.010500000004,-1470.9327470749997,-17225.0
t575,8612.228313269741,3195.2116867302634,-0.0,0.0,0.0,0.0,0.0,7000.0,-362.44,-18445.0,5450.732314914734,5017.559787904443,-0.0,0.0,0.0,0.0,0.0,7763.03144099146,-681.3235438106374,-17550.0,3731.253000952096,4760.9,-0.0,0.0,0.0,0.0,0.0,29727.55705900854,-1345.7100599606372,-36874.0,23960.115602093316,0.0,-273.9862626508234,0.0,0.0,0.0,0.0,-8176.504919690515,-547.6244197519774,-14962.0,12003.663963779423,0.0,-229.8360734803881,0.0,0.0,0.0,0.0,-6786.6289513855545,-289.19893891347914,-4698.0,40458.289193087425,0.0,-0.0,0.0,0.0,0.0,0.0,-12526.44412892393,-1368.8450641634981,-26563.0,35282.17487743103,0.0,-84.23163035603648,0.0,0.0,0.0,0.0,-17001.010500000004,-1470.9327470749997,-16726.0
t576,9094.273928750566,2545.1660712494345,-0.0,0.0,0.0,0.0,0.0,7000.0,-362.44,-18277.0,7850.245747639603,3989.2880872445467,-0.0,0.0,0.0,0.0,0.0,6252.615214933344,-732.1490498174928,-17360.0,3292.358227145317,2581.20405375552,-0.0,0.0,0.0,0.0,0.0,31237.973285066655,-1396.5355659674929,-35715.0,24131.170283324656,0.0,-0.0,0.0,0.0,0.0,0.0,-8589.44341388905,-589.726869435607,-14952.0,12053.109103281615,0.0,-0.0,0.0,0.0,0.0,0.0,-6968.500080693609,-292.60902258800513,-4792.0,39959.17193558994,0.0,-0.0,0.0,0.0,0.0,0.0,-11931.63450541734,-1407.5374301726017,-26620.0,34741.466862715344,157.47638435965564,-0.0,0.0,0.0,0.0,0.0,-17001.010500000004,-1470.9327470749997,-16427.0
t577,21830.74547747357,1341.293076351207,-0.0,0.0,0.0,0.0,0.0,-4703.938938240988,-633.099615583789,-17835.0,4460.290494748858,843.5119309660065,-0.0,0.0,0.0,0.0,0.0,14598.228626983117,-674.0310526979819,-19228.0,2679.1743194183796,2581.20405375552,-0.0,0.0,0.0,0.0,0.0,32196.298811257868,-1762.677184431771,-35694.0,26054.19232851743,51.801874042463744,-0.0,0.0,0.0,0.0,0.0,-8437.503192957975,-491.4910096019163,-17177.0,10829.32731668244,0.0,-0.0,0.0,0.0,0.0,0.0,-5806.720050235949,-267.6072664464907,-4755.0,43193.19959844394,0.0,-0.0,0.0,0.0,0.0,0.0,-10950.716807042023,-1178.482791401916,-31064.0,31030.160661760543,0.0,-0.0,0.0,0.0,0.0,0.0,-16895.648449764052,-1161.5122119964906,-12973.0
t578,22341.930423902766,1171.6637680847284,-0.0,0.0,0.0,0.0,0.0,-5194.216787865451,-567.3774041220445,-17752.0,6182.427120167995,571.1,-0.0,0.0,0.0,0.0,0.0,14250.813410495164,-662.3405306631623,-20342.0,2725.792478105314,873.3225418375182,-0.0,0.0,0.0,0.0,0.0,32066.09208171512,-1729.2071016579514,-33936.0,27965.528801236764,141.71578626327113,-0.0,0.0,0.0,0.0,0.0,-10350.059163876764,-563.185423623272,-17194.0,8686.880995854679,99.04065786574617,-0.0,0.0,0.0,0.0,0.0,-3807.674991884541,-250.24666183588593,-4728.0,44222.59293439818,0.0,-0.0,0.0,0.0,0.0,0.0,-10176.764548583527,-1228.8283858146413,-32817.0,30998.9354385,0.0,-0.0,0.0,0.0,0.0,0.0,-16788.190000000002,-1166.7454384999999,-13044.0
t579,20791.928863805817,1303.2849266674236,-0.0,0.0,0.0,0.0,0.0,-4027.8838951522334,-350.32989532100635,-17717.0,4994.17785563835,2246.9,-0.0,0.0,0.0,0.0,0.0,13970.8416244235,-652.9194800618508,-20559.0,2678.2207756273506,1591.227415566463,-0.0,0.0,0.0,0.0,0.0,29379.041646575595,-1584.4898377694096,-32064.0,27767.85236502173,122.18483085486896,-0.0,0.0,0.0,0.0,0.0,-10038.876294280628,-593.1609015959654,-17258.0,7946.72412069114,99.04065786574617,-0.0,0.0,0.0,0.0,0.0,-3091.606044378407,-148.1587341784811,-4806.0,43873.46753311877,0.0,-0.0,0.0,0.0,0.0,0.0,-9403.327037187828,-1279.1404959309316,-33191.0,31039.9354385,0.0,-0.0,0.0,0.0,0.0,0.0,-16788.190000000002,-1166.7454384999999,-13085.0
t580,20618.11803312511,1073.4153424099427,-0.0,0.0,0.0,0.0,0.0,-3195.427406157949,-284.1059693771015,-18212.0,5000.090858358465,2659.003957193271,-0.0,0.0,0.0,0.0,0.0,14024.634805037786,-654.7296205895215,-21029.0,2591.9773892525563,1665.0,-0.0,0.0,0.0,0.0,0.0,28182.199558881694,-1534.1769481342496,-30905.0,28391.569911099996,0.0,-0.0,0.0,0.0,0.0,0.0,-10460.484,-623.0859111,-17308.0,8003.042608693901,0.0,-0.0,0.0,0.0,0.0,0.0,-2834.9969577615275,-133.04565093237335,-5035.0,43661.813692899996,0.0,-0.0,0.0,0.0,0.0,0.0,-8927.735999999999,-1310.0776928999999,-33424.0,31221.9354385,0.0,-0.0,0.0,0.0,0.0,0.0,-16788.190000000002,-1166.7454384999999,-13267.0
t581,22246.408694335227,737.0329173242337,-0.0,0.0,0.0,0.0,0.0,-3712.5658577033137,-269.8757539561444,-19001.0,5018.8245321358645,3542.5687014844016,-0.0,0.0,0.0,0.0,0.0,14288.205542277366,-663.5987758976333,-22186.0,2650.583911448682,2337.8425198628793,-0.0,0.0,0.0,0.0,0.0,28020.25376976521,-1547.6802010767751,-31461.0,28375.153897145614,0.0,-0.0,0.0,0.0,0.0,0.0,-10598.26818909746,-610.8857080481541,-17166.0,7231.108862379168,99.04065786574617,-0.0,0.0,0.0,0.0,0.0,-1962.3978268525364,-122.75169339237893,-5245.0,44677.344572722046,0.0,-0.0,0.0,0.0,0.0,0.0,-9247.03743838927,-1289.3071343327779,-34141.0,31567.935438500004,0.0,-0.0,0.0,0.0,0.0,0.0,-16788.190000000002,-1166.7454384999999,-13613.0
t582,22870.605865375546,306.39502065384914,-0.0,0.0,0.0,0.0,0.0,-3189.875054368843,-247.1258316605514,-19740.0,5658.548726069842,2246.9,-0.0,0.0,0.0,0.0,0.0,15939.723633600825,-719.1723596706677,-23126.0,4222.7930955273005,2581.20405375552,-0.0,0.0,0.0,0.0,0.0,25857.96551616727,-1579.962665450093,-31082.0,28873.669959040224,97.47463806542075,-0.0,0.0,0.0,0.0,0.0,-11412.213753134376,-640.9308439712696,-16918.0,6859.5492934671865,60.69251665008721,-0.0,0.0,0.0,0.0,0.0,-1479.6743422648788,-132.5674678523957,-5308.0,44713.8136929,0.0,-0.0,0.0,0.0,0.0,0.0,-8927.735999999999,-1310.0776928999999,-34476.0,31539.9354385,0.0,-0.0,0.0,0.0,0.0,0.0,-16788.190000000002,-1166.7454384999999,-13585.0
t583,25802.791276583514,0.0,-0.0,0.0,0.0,0.0,0.0,-5106.676621373155,-580.1146552103555,-20116.0,6921.148992861038,0.0,-0.0,0.0,0.0,0.0,0.0,17267.710111801065,-763.8591046621059,-23425.0,7465.473481684898,0.0,-0.0,0.0,0.0,0.0,0.0,23585.491287327466,-1505.964769012367,-29545.0,30857.667170475,0.0,-226.0,0.0,0.0,0.0,0.0,-13294.4445,-676.2226704750001,-16661.0,7070.149466202949,7.429409169032481,-0.0,0.0,0.0,0.0,0.0,-1503.7864302122384,-251.79244515974327,-5322.0,39059.6616929,0.0,-0.0,0.0,0.0,0.0,0.0,-3367.735999999999,-980.9256929,-34711.0,32467.714971867794,0.0,-0.0,0.0,0.0,0.0,0.0,-17580.557847543143,-1128.1571243246487,-13759.0
t584,24544.26934587149,0.0,-6566.3,0.0,0.0,0.0,0.0,3199.7232728849604,-272.6926187564458,-20905.0,13492.586714650986,0.0,-2246.9,0.0,0.0,0.0,0.0,12652.883473636895,-608.5701882878815,-23290.0,16313.935935754893,0.0,-4796.26783673581,0.0,0.0,0.0,0.0,19486.144294719237,-955.8123937383148,-30048.0,30441.316401204313,0.0,-512.3407862631335,0.0,0.0,0.0,0.0,-12771.75396384318,-642.2216510979989,-16515.0,7769.600827926462,0.0,-99.04065786574617,0.0,0.0,0.0,0.0,-2085.0477108188384,-277.5124592418775,-5308.0,39199.951209679806,0.0,-64.6,0.0,0.0,0.0,0.0,-3890.4265361568187,-946.9246735229988,-34298.0,31549.958546383117,0.0,-0.0,0.0,0.0,0.0,0.0,-16591.52283042225,-1066.4357159608646,-13892.0
t585,25826.0736629131,0.0,-6566.3,0.0,0.0,0.0,0.0,2306.774989013581,-284.5486519266816,-21282.0,24832.70258327289,0.0,-5860.291063060346,0.0,0.0,0.0,0.0,4573.699768441065,-224.1112886536122,-23322.0,20479.712079396337,0.0,-5677.104053755519,0.0,0.0,0.0,0.0,16826.494188499502,-736.1022141403159,-30893.0,27188.157284284352,0.0,-946.2157862632712,0.0,0.0,0.0,0.0,-9296.926942107388,-429.01455591369546,-16516.0,7388.383060338554,0.0,-122.01698412600385,0.0,0.0,0.0,0.0,-1725.9847015651526,-242.38137464739748,-5298.0,35633.22753814149,0.0,-64.6,0.0,0.0,0.0,0.0,-1140.164799776228,-447.46273836525984,-33981.0,28154.908821564364,0.0,-1630.3,0.0,0.0,0.0,0.0,-11543.892502505381,-803.716319058984,-14177.0
t586,26364.518296374557,0.0,-6566.3,0.0,0.0,0.0,0.0,2151.8100743392447,-259.0283707138042,-21691.0,27923.526145771095,0.0,-5860.291063060346,0.0,0.0,0.0,0.0,1282.6129519340147,-62.84803464476673,-23283.0,20394.322618514052,0.0,-5677.104053755519,0.0,0.0,0.0,0.0,18947.39358633369,-871.6121510922158,-32793.0,23566.7470055981,0.0,-367.7157862632711,0.0,0.0,0.0,0.0,-6461.304317717316,-231.72690161751143,-16506.0,6712.605297296857,19.52987733268805,-99.04065786574617,0.0,0.0,0.0,0.0,-1090.7747758645464,-231.31974089925043,-5311.0,37675.22460088973,0.0,-0.0,0.0,0.0,0.0,0.0,-3743.8143166050622,-248.41028428466925,-33683.0,27318.018999689568,0.0,-797.3011427642705,0.0,0.0,0.0,0.0,-11085.923202420021,-783.7946545052708,-14651.0
t587,24465.641051141447,0.0,-1953.1709680178096,0.0,0.0,0.0,0.0,-257.72995321617964,-233.74012990746334,-22021.0,27072.724029092296,0.0,-4685.64097095696,0.0,0.0,0.0,0.0,1140.816973569573,-55.90003170490908,-23472.0,19325.837762086332,0.0,-1665.0,0.0,0.0,0.0,0.0,16394.855067966488,-729.6928300528186,-33326.0,20963.108545239895,0.0,-0.0,0.0,0.0,0.0,0.0,-4111.29721574468,-172.81132949521276,-16679.0,7296.462660817078,0.0,-176.950251923049,0.0,0.0,0.0,0.0,-1634.6734440443922,-125.83896484963661,-5359.0,35760.487987158325,0.0,-64.6,0.0,0.0,0.0,0.0,-1832.0660123571852,-96.82197480113572,-33767.0,27112.708296977176,0.0,-1630.3,0.0,0.0,0.0,0.0,-9699.905416173622,-723.5028808035526,-15059.0
t588,22579.576115366843,0.0,-97.3,0.0,0.0,0.0,0.0,-230.57250220130072,-237.70361316554246,-22014.0,27062.905460785783,0.0,-3425.905460785779,0.0,0.0,0.0,0.0,0.0,-0.0,-23637.0,17707.36862017011,0.0,-4760.9,0.0,0.0,0.0,0.0,21797.29942971681,-972.7680498869208,-33771.0,21225.56250341242,0.0,-0.0,0.0,0.0,0.0,0.0,-4130.393125607282,-173.16937780513655,-16922.0,7385.586844619612,0.0,-204.05375216108203,0.0,0.0,0.0,0.0,-1672.7408641197858,-128.79222833874542,-5380.0,35447.88726947341,0.0,-64.6,0.0,0.0,0.0,0.0,-1201.1775580375854,-71.10971143582506,-34111.0,30811.43744397002,0.0,-0.0,0.0,0.0,0.0,0.0,-14562.415379750857,-935.0220642191622,-15314.0
t589,21569.32568960886,0.0,-1656.2724444060616,0.0,0.0,0.0,0.0,2514.086271524405,-114.139516727208,-22313.0,24979.228962735888,0.0,-5289.191063060345,0.0,0.0,0.0,0.0,4366.942271634551,-213.980171310093,-23843.0,16775.364025864386,0.0,-2581.20405375552,0.0,0.0,0.0,0.0,21948.313926341852,-981.4738984507267,-35161.0,21032.16691181928,0.0,-0.0,0.0,0.0,0.0,0.0,-3497.8575755772076,-161.30933624207265,-17373.0,8081.734143462188,0.0,-288.23283874570944,0.0,0.0,0.0,0.0,-2322.774695947198,-117.72660876928065,-5353.0,41083.73769262768,0.0,-0.0,0.0,0.0,0.0,0.0,-6068.995943918378,-314.74174870929556,-34700.0,33484.14881930956,0.0,-0.0,0.0,0.0,0.0,0.0,-16939.714254058028,-1038.434565251524,-15506.0
t590,21079.754673024578,0.0,-97.3,0.0,0.0,0.0,0.0,1225.2079293745628,-344.6626023991409,-21863.0,24495.06388703825,0.0,-3450.375037996263,0.0,0.0,0.0,0.0,3985.605836969522,-195.2946860115066,-24835.0,14723.249462776781,0.0,-2581.20405375552,0.0,0.0,0.0,0.0,25373.81436112357,-1134.8597701448307,-36381.0,21175.293445486004,0.0,-0.0,0.0,0.0,0.0,0.0,-3713.9327006488347,-165.36074483716564,-17296.0,9697.82916912295,0.0,-196.3,0.0,0.0,0.0,0.0,-3994.0647716437034,-207.46439747924686,-5300.0,40882.64150498604,0.0,-21.657220961652605,0.0,0.0,0.0,0.0,-5541.576155175116,-287.4081288492778,-35032.0,33995.68636595,0.0,-0.0,0.0,0.0,0.0,0.0,-17335.054500000002,-1055.6318659499998,-15605.0
t591,21249.827082479635,0.0,-97.3,0.0,0.0,0.0,0.0,685.8004184395236,-387.3275009191577,-21451.0,24057.897877821426,0.0,-2246.9,0.0,0.0,0.0,0.0,3435.8746748460326,-177.87255266745564,-25069.0,11957.38253904751,0.0,-1665.0,0.0,0.0,0.0,0.0,27702.286584601687,-1262.6691236491974,-36732.0,19908.44760433776,0.0,-0.0,0.0,0.0,0.0,0.0,-2932.123056737695,-145.3245476000719,-16831.0,10402.024320096441,0.0,-118.60040043338691,0.0,0.0,0.0,0.0,-4956.23526238491,-226.18865727814512,-5101.0,40404.72956702381,0.0,-0.0,0.0,0.0,0.0,0.0,-5500.218486608638,-337.51108041516875,-34567.0,35032.60117201653,0.0,-0.0,0.0,0.0,0.0,0.0,-18435.384872156,-1087.2162998605436,-15510.0
t592,22541.782532932455,157.7706180201585,-0.0,0.0,0.0,0.0,0.0,-1869.3533007325507,-271.199850220061,-20559.0,19718.148751344757,0.0,-0.0,0.0,0.0,0.0,0.0,4898.897212045472,-240.04596339022814,-24377.0,5538.552289521421,1780.4938110640112,-0.0,0.0,0.0,0.0,0.0,30114.44105025625,-1405.487150841685,-36028.0,18662.811284532032,874.003087444471,-0.0,0.0,0.0,0.0,0.0,-3000.681847834789,-143.13252414171944,-16393.0,8114.025792479922,0.0,-0.0,0.0,0.0,0.0,0.0,-3086.458758847478,-143.56703363244398,-4884.0,44623.09517543571,0.0,-0.0,0.0,0.0,0.0,0.0,-10458.897212045471,-569.1979633902281,-33595.0,32819.7820012372,0.0,-0.0,0.0,0.0,0.0,0.0,-16597.947142841433,-1091.8348583957875,-15130.0
t593,19605.29758962802,1011.3286420057939,-0.0,0.0,0.0,0.0,0.0,-559.7080853182915,-294.9181463155266,-19762.0,10842.180409927183,1793.5066956728188,-0.0,0.0,0.0,0.0,0.0,11288.988,-562.6751055999999,-23362.0,2032.6557893582387,5677.104053755519,-0.0,0.0,0.0,0.0,0.0,29275.404455952215,-1368.1642990659748,-35617.0,21949.236164759284,0.0,-0.0,0.0,0.0,0.0,0.0,-5869.14532939202,-222.09083536726322,-15858.0,6733.297854205595,271.99351117099513,-0.0,0.0,0.0,0.0,0.0,-2064.4494571966143,-239.84190817997612,-4701.0,48811.836249427644,0.0,-0.0,0.0,0.0,0.0,0.0,-15729.19335764227,-867.6428917853701,-32215.0,32294.22788575155,0.0,-0.0,0.0,0.0,0.0,0.0,-16341.896226403018,-1147.3316593485313,-14805.0
t594,20100.913541652895,1359.430740934625,-0.0,0.0,0.0,0.0,0.0,-2096.1594133392473,-514.1848692482697,-18850.0,6511.534907443451,4647.145216536348,-0.0,0.0,0.0,0.0,0.0,11574.606028271537,-572.2861522513372,-22161.0,2078.875652581893,1665.0,-0.0,0.0,0.0,0.0,0.0,32612.14188506771,-1542.0175376496068,-34814.0,22725.62793041785,95.70628718550262,-0.0,0.0,0.0,0.0,0.0,-7186.714948768558,-283.6192688347956,-15351.0,7761.444851485237,244.45230280817097,-0.0,0.0,0.0,0.0,0.0,-3181.825033853152,-324.07212044025334,-4500.0,46734.237940522835,0.0,-0.0,0.0,0.0,0.0,0.0,-14933.85851737829,-919.3794231445421,-30881.0,32514.9354385,0.0,-0.0,0.0,0.0,0.0,0.0,-16788.190000000002,-1166.7454384999999,-14560.0
t595,21319.10906301596,1530.9817535818504,-0.0,0.0,0.0,0.0,0.0,-4660.951431329193,-631.1393852686112,-17558.0,4338.397706461505,3824.2104969051215,-0.0,0.0,0.0,0.0,0.0,13230.395256411623,-628.0034597782511,-20765.0,2150.3790484797305,423.1656377995605,-0.0,0.0,0.0,0.0,0.0,33521.14467491757,-1714.6893611968624,-34380.0,24559.938233041907,302.59915694956567,-0.0,0.0,0.0,0.0,0.0,-10122.478334862226,-555.0590551292472,-14185.0,7836.6452944952125,112.3382567355405,-0.0,0.0,0.0,0.0,0.0,-3531.1017082606413,-228.88184297011298,-4189.0,40756.264558373085,0.0,-0.0,0.0,0.0,0.0,0.0,-10135.769440796917,-1231.4951175761603,-29389.0,33572.49783801318,0.0,-0.0,0.0,0.0,0.0,0.0,-18301.239016080213,-1093.2588219329737,-14178.0
t596,21091.57746347159,1708.9426954748785,-0.0,0.0,0.0,0.0,0.0,-5379.53008434452,-709.9900746019507,-16711.0,3817.985541846302,1038.2770572601883,-0.0,0.0,0.0,0.0,0.0,14033.774574733285,-655.0371738397749,-18235.0,2087.849764723059,0.0,-0.0,0.0,0.0,0.0,0.0,33856.81392526672,-1793.6636899897749,-34151.0,26648.38869894732,226.0,-0.0,0.0,0.0,0.0,0.0,-11906.366922462032,-639.0217764852868,-14329.0,7065.0137149102175,196.3,-0.0,0.0,0.0,0.0,0.0,-2768.126078889391,-243.18763602082393,-4250.0,37405.67600442789,0.0,-0.0,0.0,0.0,0.0,0.0,-8609.701646273847,-1331.9743581540456,-27464.0,33999.00368280066,0.0,-0.0,0.0,0.0,0.0,0.0,-19226.86376803021,-1133.139914770459,-13639.0
t597,20743.52798666529,1796.3709425626232,-0.0,0.0,0.0,0.0,0.0,-5230.362103875974,-719.5368253519378,-16590.0,5068.697061401452,1218.5266060070098,-0.0,0.0,0.0,0.0,0.0,12610.934953165559,-607.158620574021,-18291.0,2015.13158988958,0.0,-0.0,0.0,0.0,0.0,0.0,35279.65354683444,-1745.785136724021,-35549.0,27045.901188429674,226.0,-0.0,0.0,0.0,0.0,0.0,-12386.698750753054,-659.2024376766198,-14226.0,7702.566406555171,111.88800820464124,-0.0,0.0,0.0,0.0,0.0,-3303.8154189201077,-275.6389958397027,-4235.0,37214.47005823335,64.6,-0.0,0.0,0.0,0.0,0.0,-8447.959772038173,-1343.1102861951715,-27488.0,33239.44610939376,39.223178479129274,-0.0,0.0,0.0,0.0,0.0,-18521.75245441269,-1202.9168334601923,-13554.0
t598,19600.60719869483,2077.6477241833154,-0.0,0.0,0.0,0.0,0.0,-4679.460387690326,-754.7945351878193,-16244.0,4655.6761448108155,1339.4313727548526,-0.0,0.0,0.0,0.0,0.0,12557.244416447798,-605.3519340134684,-17947.0,2129.6343666112666,1665.0,-0.0,0.0,0.0,0.0,0.0,35333.344083552205,-1743.9784501634686,-37384.0,26782.34982866715,0.0,-197.9752876622974,0.0,0.0,0.0,0.0,-12146.672593771635,-654.7019472332181,-13783.0,8712.124699861948,0.0,-52.67826455036296,0.0,0.0,0.0,0.0,-4227.989906228366,-304.45652908321813,-4127.0,36779.8795480545,44.248637957199996,-0.0,0.0,0.0,0.0,0.0,-8355.663286808463,-1349.464899203237,-27119.0,32390.832813627043,962.8166918652232,-0.0,0.0,0.0,0.0,0.0,-18480.80232550121,-1277.8471799910562,-13595.0
t599,19058.269599639403,2248.6160662148413,-0.0,0.0,0.0,0.0,0.0,-4811.544514801543,-746.3411510527013,-15749.0,4921.858672762704,1235.8284328372958,-0.0,0.0,0.0,0.0,0.0,11288.988,-562.6751055999999,-16884.0,2103.866759547562,242.83436220243377,-0.0,0.0,0.0,0.0,0.0,36601.6005,-1701.3016217499999,-37247.0,26754.908833618556,0.0,-214.53137389339417,0.0,0.0,0.0,0.0,-11926.798158159667,-650.5793015654938,-13963.0,9022.238883121574,0.0,-99.04065786574617,0.0,0.0,0.0,0.0,-4447.8643418403335,-300.33388341549374,-4175.0,35346.70623517998,64.6,-0.0,0.0,0.0,0.0,0.0,-7538.585532599451,-1405.7207025805276,-26467.0,32430.19007831635,1427.2554735158856,-0.0,0.0,0.0,0.0,0.0,-19165.795952599008,-1325.649599233229,-13366.0
t600,19235.623373473514,2197.112677482844,-0.0,0.0,0.0,0.0,0.0,-4814.589798030295,-746.1462529260612,-15872.0,4471.270772773208,0.0,-0.0,0.0,0.0,0.0,0.0,13097.252430927503,-623.5232037007104,-16945.0,2200.9956483529463,1243.8180024252672,-0.0,0.0,0.0,0.0,0.0,34793.336069072495,-1762.1497198507104,-36476.0,26685.659595400426,0.0,-92.44675599572047,0.0,0.0,0.0,0.0,-11697.924911219345,-646.2879281853627,-14249.0,9332.820756681765,0.0,-99.04065786574617,0.0,0.0,0.0,0.0,-4676.737588780655,-296.04251003536274,-4261.0,36373.416615200345,64.6,-0.0,0.0,0.0,0.0,0.0,-8246.001502121402,-1357.0151130789413,-26835.0,31950.163181938344,1019.9206295149613,-0.0,0.0,0.0,0.0,0.0,-18455.334699848303,-1276.7491116050023,-13238.0
