BalanceComponent,Generation,Storage_Discharge,Storage_Charge,Flexible_Demand_Defer,Flexible_Demand_Stasify,Demand_Response,Nonserved_Energy,Transmission_NetExport,Transmission_Losses,Demand,Generation,Storage_Discharge,Storage_Charge,Flexible_Demand_Defer,Flexible_Demand_Stasify,Demand_Response,Nonserved_Energy,Transmission_NetExport,Transmission_Losses,Demand,Generation,Storage_Discharge,Storage_Charge,Flexible_Demand_Defer,Flexible_Demand_Stasify,Demand_Response,Nonserved_Energy,Transmission_NetExport,Transmission_Losses,Demand,Generation,Storage_Discharge,Storage_Charge,Flexible_Demand_Defer,Flexible_Demand_Stasify,Demand_Response,Nonserved_Energy,Transmission_NetExport,Transmission_Losses,Demand,Generation,Storage_Discharge,Storage_Charge,Flexible_Demand_Defer,Flexible_Demand_Stasify,Demand_Response,Nonserved_Energy,Transmission_NetExport,Transmission_Losses,Demand,Generation,Storage_Discharge,Storage_Charge,Flexible_Demand_Defer,Flexible_Demand_Stasify,Demand_Response,Nonserved_Energy,Transmission_NetExport,Transmission_Losses,Demand,Generation,Storage_Discharge,Storage_Charge,Flexible_Demand_Defer,Flexible_Demand_Stasify,Demand_Response,Nonserved_Energy,Transmission_NetExport,Transmission_Losses,Demand
Zone,1,1,1,1,1,1,1,1,1,1,2,2,2,2,2,2,2,2,2,2,3,3,3,3,3,3,3,3,3,3,4,4,4,4,4,4,4,4,4,4,5,5,5,5,5,5,5,5,5,5,6,6,6,6,6,6,6,6,6,6,7,7,7,7,7,7,7,7,7,7
AnnualSum,1.6203533195295864e8,1.4174014230834948e7,-1.6694552538429203e7,0.0,0.0,2423.9506649065447,0.0,3.518760761891427e6,-1.577259786492138e6,-1.6145871857142845e8,1.9553612181671458e8,1.3438811233253852e7,-1.6300205302767735e7,0.0,0.0,13978.96624615006,0.0,-2.079664626441694e6,-2.849669087005055e6,-1.877593729999999e8,1.775121943875081e8,2.2012654663528178e7,-2.6232900628304303e7,0.0,0.0,17979.663946348297,0.0,1.2928644179537329e8,-5.904031024908766e6,-2.966923388571429e8,2.217321140775137e8,2.7460657905719853e6,-3.3093992251386205e6,0.0,0.0,3083.6690263376595,0.0,-6.1100332654477e7,-3.586905086067901e6,-1.5648462657142854e8,5.493196483517852e7,1.6565285061010795e6,-1.9488570648567933e6,0.0,0.0,1642.4325533086594,0.0,-7.047969763104255e6,-733947.3744432793,-4.685936157142856e7,3.061468027356249e8,551946.0694747954,-685529.7277521046,0.0,0.0,5527.63242857143,0.0,-6.336712316354007e6,-5.695233536279248e6,-2.93986800857143e8,2.0252718654449633e8,8.649717249904674e6,-1.0176137935088329e7,0.0,0.0,1541.808378650626,0.0,-5.624052319688783e7,-5.8927404708035765e6,-1.3886904400000006e8
t1,13059.714229878075,4531.855770121921,-0.0,0.0,0.0,0.0,0.0,-250.0,-247.57,-17094.0,9494.90586135317,3038.4510943515334,-0.0,0.0,0.0,521.559,0.0,6574.251931179489,-312.1678868841898,-19317.0,16222.98619308467,2412.2641411290133,-0.0,0.0,0.0,905.337,0.0,14754.336568820512,-763.9239030341898,-33531.0,29878.67147472362,0.0,-804.5,0.0,0.0,0.0,0.0,-10965.245247072322,-600.9262276512962,-17508.0,5986.879971512493,0.0,-0.0,0.0,0.0,0.0,0.0,-619.3944271974451,-106.4855443150479,-5261.0,37049.80769239149,0.0,-0.0,0.0,0.0,0.0,0.0,-3756.9383257302343,-993.8693666612483,-32299.0,21420.988562971932,269.63528410306026,-0.0,0.0,0.0,0.0,0.0,-5737.0105,-888.6133470749999,-15065.0
t2,13335.00239724636,4414.567602753636,-0.0,0.0,0.0,0.0,0.0,-250.0,-247.57,-17252.0,9822.159701590062,2712.0353811564,-0.0,0.0,0.0,548.856,0.0,7591.341880947422,-346.3929636938808,-20328.0,16322.628027390212,2028.981333401096,-0.0,0.0,0.0,868.293,0.0,13737.246619052577,-798.1489798438809,-32159.0,29615.39822367036,0.0,-578.5,0.0,0.0,0.0,0.0,-10427.871134172347,-592.0270894980156,-18017.0,6562.11492276323,0.0,-0.0,0.0,0.0,0.0,0.0,-1182.181638663164,-95.93328410006568,-5284.0,39572.04771588746,0.0,-0.0,0.0,0.0,0.0,0.0,-3731.5252271644913,-995.5224887229499,-34845.0,21407.751669849495,96.87217722549768,-0.0,0.0,0.0,0.0,0.0,-5737.0105,-888.6133470749999,-14879.0
t3,13207.633243135431,4091.9367568645653,-0.0,0.0,0.0,0.0,0.0,-250.0,-247.57,-16802.0,9370.29330660195,1756.4001322129966,-0.0,0.0,0.0,557.01,0.0,9351.933430522125,-405.6368693370696,-20630.0,16279.90051537538,2396.043300633817,-0.0,0.0,0.0,826.794,0.0,11976.655069477874,-857.3928854870696,-30622.0,29931.244402513767,0.0,-578.5,0.0,0.0,0.0,0.0,-10590.842891529892,-608.901510983873,-18153.0,6694.062825186368,0.0,-0.0,0.0,0.0,0.0,0.0,-1317.6699468650884,-93.3928783212796,-5283.0,40175.00247759263,0.0,-0.0,0.0,0.0,0.0,0.0,-3433.065161605021,-1014.9373159875934,-35727.0,20807.526969204846,168.09687787014627,-0.0,0.0,0.0,0.0,0.0,-5737.0105,-888.6133470749999,-14350.0
t4,13090.974726722881,4057.59527327711,-0.0,0.0,0.0,0.0,0.0,-250.0,-247.57,-16651.0,11735.677872864248,3116.010158558117,-0.0,0.0,0.0,571.428,0.0,6034.902755707187,-294.01878712954687,-21164.0,16124.541484876452,1264.6295277488243,-0.0,0.0,0.0,578.918046361455,0.0,15293.685744292814,-745.7748032795469,-32516.0,30584.26523584428,0.0,-856.3630927513466,0.0,0.0,0.0,0.0,-10887.803982324354,-631.0981607685817,-18209.0,6789.085360294228,0.0,-0.0,0.0,0.0,0.0,0.0,-1379.8585176756455,-92.22684261858166,-5317.0,39226.21550147501,0.0,-0.0,0.0,0.0,0.0,0.0,-3073.915500000001,-1038.300001475,-35114.0,20578.894549118606,339.7292979563863,-0.0,0.0,0.0,0.0,0.0,-5737.0105,-888.6133470749999,-14293.0
t5,13009.731552438654,4202.8384475613475,-0.0,0.0,0.0,0.0,0.0,-250.0,-247.57,-16715.0,9925.33394271766,5639.543361206455,-0.0,0.0,0.0,597.186,0.0,6257.443995939244,-301.50729986335557,-22118.0,16091.148794829975,1774.891017122627,-0.0,0.0,0.0,893.0790000000001,0.0,15071.144504060758,-753.2633160133555,-33077.0,30426.963058546284,0.0,-1732.581780226189,0.0,0.0,0.0,0.0,-9880.841066779047,-573.5402115410466,-18240.0,6983.46591959551,0.0,-0.0,0.0,0.0,0.0,0.0,-1551.4565398935138,-89.00937970199662,-5343.0,39666.2399084915,0.0,-0.0,0.0,0.0,0.0,0.0,-3909.2803933274417,-983.9595151640499,-34773.0,20057.641191024202,756.98265605079,-0.0,0.0,0.0,0.0,0.0,-5737.0105,-888.6133470749999,-14189.0
t6,13169.260132174559,4179.3098678254355,-0.0,0.0,0.0,0.0,0.0,-250.0,-247.57,-16851.0,10515.814433238114,5315.792086727783,-0.0,0.0,0.0,620.73,0.0,6859.427525672998,-321.7640456388964,-22990.0,17618.418087461898,0.0,-0.0,0.0,0.0,868.941,0.0,14469.160974327004,-773.5200617888963,-32183.0,30815.151691326188,0.0,-1732.581780226189,0.0,0.0,0.0,0.0,-10460.484,-623.0859111,-17999.0,7310.464953057728,0.0,-126.07186010772737,0.0,0.0,0.0,0.0,-1807.1785,-84.21459295,-5293.0,38680.21550147501,0.0,-0.0,0.0,0.0,0.0,0.0,-3073.915500000001,-1038.300001475,-34568.0,19842.221262979787,777.4025840952082,-0.0,0.0,0.0,0.0,0.0,-5737.0105,-888.6133470749999,-13994.0
t7,17442.248253252958,48.32174674703877,-0.0,0.0,0.0,0.0,0.0,-250.0,-247.57,-16993.0,11792.937553716722,694.3290275495997,-0.0,0.0,0.0,630.558,0.0,10686.728129698016,-450.55271096433825,-23354.0,19125.23235681011,333.0000000022457,-0.0,0.0,0.0,810.216,0.0,10641.860370301983,-902.3087271143381,-30008.0,30361.763087824755,0.0,-1958.581780226189,0.0,0.0,0.0,0.0,-10344.928735285164,-625.2525723134031,-17433.0,8344.925463932654,0.0,-1139.810445054414,0.0,0.0,0.0,0.0,-1922.7337647148356,-86.38125416340317,-5196.0,38205.21550147501,0.0,-0.0,0.0,0.0,0.0,0.0,-3073.915500000001,-1038.300001475,-34093.0,20566.79704274842,30.826804326571555,-0.0,0.0,0.0,0.0,0.0,-5737.0105,-888.6133470749999,-13972.0
t8,19197.39285554573,0.0,-3250.1828555457328,0.0,0.0,0.0,0.0,1150.0,-52.21,-17045.0,16289.669900689776,0.0,-2246.9,0.0,0.0,0.0,0.0,9496.739699601823,-410.5096002916014,-23129.0,24590.7822393984,0.0,-1665.0,0.0,0.0,0.0,0.0,7945.9884518827785,-687.7706912811816,-30184.0,29013.147618245075,0.0,-1481.7683757366995,0.0,0.0,0.0,0.0,-9802.964847295161,-635.4143952132158,-17093.0,8199.152165998708,0.0,-501.9114362306524,0.0,0.0,0.0,0.0,-2464.69765270484,-96.54307706321575,-5136.0,35142.4486929,0.0,-0.0,0.0,0.0,0.0,0.0,-886.7359999999999,-887.7126929,-33368.0,20042.723328363812,0.0,-116.10256353962494,0.0,0.0,0.0,0.0,-5438.329651484602,-605.2911133395801,-13883.0
t9,22547.39299434526,0.0,-6714.182994345263,0.0,0.0,0.0,0.0,1150.0,-52.21,-16931.0,30114.44133245782,0.0,-6937.441332457817,0.0,0.0,0.0,0.0,0.0,-0.0,-23177.0,30018.340395771393,0.0,-11579.418774021398,0.0,0.0,0.0,0.0,13100.6005,-613.52212175,-30926.0,23104.447780005772,0.0,-1242.8062631885205,0.0,0.0,0.0,0.0,-4637.342217113897,-249.29929970335144,-16975.0,8190.094658048794,0.0,-1139.810445054414,0.0,0.0,0.0,0.0,-1866.9489245834409,-85.33528841093951,-5098.0,34329.465718345076,0.0,-0.0,0.0,0.0,0.0,0.0,-1389.4333583026612,-255.03236004241188,-32685.0,21446.434024716298,0.0,-586.8850658163009,0.0,0.0,0.0,0.0,-6356.876,-638.6729588999999,-13864.0
t10,24084.55777377853,0.0,-8295.347773778538,0.0,0.0,0.0,0.0,1150.0,-52.21,-16887.0,33937.69691041133,0.0,-6847.311610368039,0.0,0.0,0.0,0.0,-4007.5318531836647,-134.8534468596303,-22948.0,31452.500342327177,0.0,-14098.585555119713,0.0,0.0,0.0,0.0,14606.646130725225,-639.5609179326882,-31321.0,20902.656173970285,0.0,-406.38792977028794,0.0,0.0,0.0,0.0,-3306.5460000000003,-157.7222442,-17032.0,8104.626080635953,0.0,-1070.2329876859528,0.0,0.0,0.0,0.0,-1807.1785,-84.21459295,-5143.0,35216.576,0.0,-0.0,0.0,0.0,0.0,0.0,-2780.0,-164.576,-32272.0,21189.87023991697,0.0,-2859.622154152354,0.0,0.0,0.0,0.0,-3855.3897775415608,-529.8583082230579,-13945.0
t11,23312.48759406471,0.0,-7410.277594064713,0.0,0.0,0.0,0.0,1150.0,-52.21,-17000.0,35867.42375623828,0.0,-7418.411610368039,0.0,0.0,0.0,0.0,-5316.124554607688,-178.8875912625487,-22954.0,31205.777814664434,0.0,-14937.461024341634,0.0,0.0,0.0,0.0,16065.828941781829,-690.1457321046239,-31644.0,21156.73918054341,0.0,-442.88900341696797,0.0,0.0,0.0,0.0,-3285.737778778538,-158.11239834790243,-17270.0,8008.4773490309935,0.0,-900.8858807116299,0.0,0.0,0.0,0.0,-1827.986721221462,-84.60474709790242,-5195.0,35046.576,0.0,-0.0,0.0,0.0,0.0,0.0,-2780.0,-164.576,-32102.0,21481.748958514796,0.0,-2740.360093348579,0.0,0.0,0.0,0.0,-4005.9798871741405,-536.4089779920752,-14199.0
t12,23804.619032978753,0.0,-7619.409032978761,0.0,0.0,0.0,0.0,1150.0,-52.21,-17283.0,35513.8756430986,0.0,-4856.7117664054385,0.0,0.0,0.0,0.0,-7553.972695489928,-254.19118120323608,-22849.0,31528.8587140374,0.0,-11574.60596210532,0.0,0.0,0.0,0.0,13991.622181931369,-577.8749338634387,-33368.0,21410.998358033226,0.0,-678.3480668115218,0.0,0.0,0.0,0.0,-2947.1901243533343,-164.46016686837498,-17621.0,7587.847403182134,0.0,-66.36051191709318,0.0,0.0,0.0,0.0,-2166.5343756466655,-90.95251561837499,-5264.0,35273.576,0.0,-0.0,0.0,0.0,0.0,0.0,-2780.0,-164.576,-32329.0,21258.90156284679,0.0,-6688.141986595148,0.0,0.0,0.0,0.0,306.07501355855993,-348.83458981020266,-14528.0
t13,22423.44373884376,0.0,-5609.233738843765,0.0,0.0,0.0,0.0,1150.0,-52.21,-17912.0,35012.911630580464,0.0,-6847.311610368039,0.0,0.0,0.0,0.0,-4791.3704060488835,-161.22961416354494,-23213.0,29336.040079964383,0.0,-10126.443272762965,0.0,0.0,0.0,0.0,17286.83135838893,-748.4281655903369,-35748.0,21252.99520971469,0.0,-0.0,0.0,0.0,0.0,0.0,-2792.936585549234,-157.05862416545295,-18303.0,7609.817706631808,0.0,-0.0,0.0,0.0,0.0,0.0,-2165.877507295026,-90.94019933678175,-5353.0,36379.576,0.0,-0.0,0.0,0.0,0.0,0.0,-2780.0,-164.576,-33435.0,21430.60702165125,0.0,-0.0,0.0,0.0,0.0,0.0,-5906.646859495785,-604.9601621554631,-14919.0
t14,22276.068395265414,0.0,-5019.858395265416,0.0,0.0,0.0,0.0,1150.0,-52.21,-18354.0,32790.71618912028,0.0,-2424.582800249981,0.0,0.0,0.0,0.0,-5487.479697064082,-184.65369180620635,-24694.0,27607.374813012775,0.0,-3934.338995478357,0.0,0.0,0.0,0.0,15338.796139518581,-656.831957052977,-38355.0,18786.14743188881,0.0,-0.0,0.0,0.0,0.0,0.0,-402.23174462103464,-43.915687267774366,-18340.0,7568.518844176882,0.0,-0.0,0.0,0.0,0.0,0.0,-2179.3264766644247,-91.19236751245796,-5298.0,37970.576,0.0,-0.0,0.0,0.0,0.0,0.0,-2780.0,-164.576,-35026.0,22242.604134835397,0.0,-797.3011427642707,0.0,0.0,0.0,0.0,-5639.758221169039,-376.5447709020871,-15429.0
t15,21025.804061795745,0.0,-4097.594061795752,0.0,0.0,0.0,0.0,1150.0,-52.21,-18026.0,31440.321075364092,0.0,-2246.9,0.0,0.0,0.0,0.0,-4006.760346970475,-411.66072839361414,-24775.0,25599.907939141005,0.0,-1665.0,0.0,0.0,0.0,0.0,16519.894663776933,-689.8026029179458,-39765.0,18088.050650318288,0.0,-0.0,0.0,0.0,0.0,0.0,-4.820702794966105,-0.22994752331988322,-18083.0,6867.541193646832,0.0,-0.0,0.0,0.0,0.0,0.0,-1670.0068595850405,-77.53433406179147,-5120.0,41371.16428325762,0.0,-0.0,0.0,0.0,0.0,0.0,-6129.464521694586,-328.69976156303477,-34913.0,21559.086150404342,0.0,-0.0,0.0,0.0,0.0,0.0,-5858.842232731867,-303.24391767247783,-15397.0
t16,18830.00012325505,0.0,-97.3,0.0,0.0,0.0,0.0,-1236.4238683052854,-133.27625494976414,-17363.0,28314.507812669865,0.0,-2246.9,0.0,0.0,0.0,0.0,-1567.0808364241857,-487.52697624567384,-24013.0,22062.708283341934,0.0,-1665.0,0.0,0.0,0.0,0.0,20704.71022391909,-881.4185072610289,-40221.0,16200.9362662738,1380.063733726205,-0.0,0.0,0.0,0.0,0.0,0.0,-0.0,-17581.0,5779.3667514356275,0.0,-0.0,0.0,0.0,0.0,0.0,-845.0035885169574,-38.363162918669865,-4896.0,44769.78983457501,0.0,-0.0,0.0,0.0,0.0,0.0,-10227.853500000001,-572.9363345749999,-33969.0,22609.111204231922,0.0,-0.0,0.0,0.0,0.0,0.0,-6828.348430672662,-542.7627735592607,-15238.0
t17,17023.57,0.0,-0.0,0.0,0.0,0.0,0.0,-250.0,-247.57,-16526.0,22890.138045729236,0.0,-0.0,0.0,0.0,68.328,0.0,277.89082965294256,-460.3568753821785,-22776.0,20407.411221185117,0.0,-0.0,0.0,0.0,122.004,0.0,21050.697670347057,-912.1128915321785,-40668.0,15232.48951657182,579.4441019549043,-0.0,0.0,0.0,0.0,0.0,1805.315196505991,-490.24881503271473,-17127.0,4889.5843893080955,1016.6256106919043,-0.0,0.0,0.0,0.0,0.0,-1150.0,-52.21,-4704.0,48753.17760191372,0.0,-0.0,0.0,0.0,0.0,0.0,-15339.714696505991,-905.4629054077146,-32508.0,20568.941334408704,1666.856419716293,-0.0,0.0,0.0,0.0,0.0,-6394.189,-856.6087541249999,-14985.0
t18,13732.953077108703,2341.6169228912936,-0.0,0.0,0.0,0.0,0.0,-250.0,-247.57,-15577.0,16762.082109157902,5305.329718008343,-0.0,0.0,0.0,578.907,0.0,-711.6634502648303,-493.65537690141156,-21441.0,16872.395442786572,1665.0,-0.0,0.0,0.0,1099.764,0.0,22040.251950264832,-945.4113930514116,-40732.0,15994.805483589073,804.5,-0.0,0.0,0.0,0.0,0.0,104.29175668317066,-379.5972402722403,-16524.0,5449.295717673712,982.0973752762886,-0.0,0.0,0.0,0.0,0.0,-1807.1785,-84.21459295,-4540.0,45258.50258733041,0.0,-0.0,0.0,0.0,0.0,0.0,-13638.691256683172,-794.8113306472402,-30825.0,20075.315705015215,1251.3081420597773,-0.0,0.0,0.0,0.0,0.0,-5737.0105,-888.6133470749999,-14701.0
t19,13542.278540956797,1924.2914590432033,-0.0,0.0,0.0,0.0,0.0,-250.0,-247.57,-14969.0,12025.320546352004,2241.7245592479994,-0.0,0.0,0.0,544.293,0.0,5627.988,-280.3261056,-20159.0,17328.248447954145,7799.590173795852,-0.0,0.0,0.0,1112.643,0.0,15700.6005,-732.0821217499999,-41209.0,16842.05816793153,578.5,-0.0,0.0,0.0,0.0,0.0,-573.0200614273765,-335.5381065041492,-16512.0,6029.585058918721,196.3,-0.0,0.0,0.0,0.0,0.0,-1646.4957174775632,-76.38934144115733,-4503.0,42891.13163545177,0.0,-0.0,0.0,0.0,0.0,0.0,-12961.379438572625,-750.7521968791491,-29179.0,19806.743955673628,1396.7374224149653,-0.0,0.0,0.0,0.0,0.0,-5897.693282522437,-880.7880955661573,-14425.0
t20,13379.435878365504,1945.1341216344956,-0.0,0.0,0.0,0.0,0.0,-250.0,-247.57,-14827.0,12630.419831073392,1431.084068493683,-0.0,0.0,0.0,531.09,0.0,5366.530259017005,-289.1241585840778,-19670.0,17042.98816769746,8164.956766053625,-0.0,0.0,0.0,1121.877,0.0,15962.058240982995,-740.8801747340779,-41551.0,14307.980925616434,1310.0409772753665,-0.0,0.0,0.0,0.0,0.0,1591.305587045515,-476.32748993731076,-16733.0,6335.85072201757,0.0,-0.0,0.0,0.0,0.0,0.0,-1642.6487289192046,-76.20199309836525,-4617.0,44573.24666735783,0.0,-0.0,0.0,0.0,0.0,0.0,-15125.705087045517,-891.5415803123107,-28556.0,19954.73341569584,1088.4076026083158,-0.0,0.0,0.0,0.0,0.0,-5901.540271080796,-880.6007472233651,-14261.0
t21,13180.12186773481,2250.4481322651895,-0.0,0.0,0.0,0.0,0.0,-250.0,-247.57,-14933.0,11830.691332156313,2232.023773443685,-0.0,0.0,0.0,538.623,0.0,5627.988,-280.3261056,-19949.0,16869.333328816298,8911.388292933703,-0.0,0.0,0.0,1130.76,0.0,15700.6005,-732.0821217499999,-41880.0,13323.044570465087,578.5,-0.0,0.0,0.0,0.0,0.0,3302.068015439239,-587.6125859043225,-16616.0,5943.477617370636,565.9154755793637,-0.0,0.0,0.0,0.0,0.0,-1807.1785,-84.21459295,-4618.0,46707.29419171856,0.0,-0.0,0.0,0.0,0.0,0.0,-16836.46751543924,-1002.8266762793223,-28868.0,19870.052421456163,981.5714256188294,-0.0,0.0,0.0,0.0,0.0,-5737.0105,-888.6133470749999,-14226.0
t22,13029.041258407848,2226.528741592148,-0.0,0.0,0.0,0.0,0.0,-250.0,-247.57,-14758.0,12288.983334961817,1267.7717706381857,-0.0,0.0,0.0,524.583,0.0,5627.988,-280.3261056,-19429.0,16976.690326010837,8921.764295739165,-0.0,0.0,0.0,1134.027,0.0,15700.6005,-732.0821217499999,-42001.0,11299.23565940676,1393.4582516932392,-0.0,0.0,0.0,0.0,0.0,3847.3920000000003,-623.0859111,-15917.0,5768.005843628281,84.20415637171914,-0.0,0.0,0.0,0.0,0.0,-1150.0,-52.21,-4650.0,47011.091501475,0.0,-0.0,0.0,0.0,0.0,0.0,-17381.7915,-1038.300001475,-28591.0,19782.26376785806,1558.5339862669352,-0.0,0.0,0.0,0.0,0.0,-6394.189,-856.6087541249999,-14090.0
t23,13747.289929556548,1313.2800704434508,-0.0,0.0,0.0,0.0,0.0,-250.0,-247.57,-14563.0,13227.377841749409,0.0,-0.0,0.0,0.0,491.697,0.0,4800.109379432682,-308.18422118209025,-18211.0,17094.53356727768,7405.505549487085,-0.0,0.0,0.0,1117.422,0.0,16528.479120567317,-759.9402373320902,-41386.0,10905.11213087381,1958.581780226189,-0.0,0.0,0.0,0.0,0.0,3847.3920000000003,-623.0859111,-16088.0,5510.140913788649,499.0690862113502,-0.0,0.0,0.0,0.0,0.0,-1150.0,-52.21,-4807.0,46242.091501475,0.0,-0.0,0.0,0.0,0.0,0.0,-17381.7915,-1038.300001475,-27822.0,20057.986429868582,976.8113242564141,-0.0,0.0,0.0,0.0,0.0,-6394.189,-856.6087541249999,-13784.0
t24,12453.701409815963,3324.868590184034,-0.0,0.0,0.0,0.0,0.0,-250.0,-247.57,-15281.0,13490.095521622548,0.0,-0.0,0.0,0.0,496.125,0.0,4700.32155969376,-311.54208131630503,-18375.0,17040.420980866325,6731.711176293723,-0.0,0.0,0.0,1099.899,0.0,16628.26694030624,-763.298097466305,-40737.0,11607.452141486185,1711.2417696138148,-0.0,0.0,0.0,0.0,0.0,3847.3920000000003,-623.0859111,-16543.0,5790.599059397215,859.1093300853961,-0.0,0.0,0.0,0.0,0.0,-1664.4449217913707,-77.26346769123975,-4908.0,47106.091501475,0.0,-0.0,0.0,0.0,0.0,0.0,-17381.7915,-1038.300001475,-28686.0,20161.0272424275,360.3790575973653,-0.0,0.0,0.0,0.0,0.0,-5879.74407820863,-881.6622218162397,-13760.0
t25,16428.57,0.0,-0.0,0.0,0.0,0.0,0.0,-250.0,-247.57,-15931.0,9536.467891437462,4020.8702141625404,-0.0,0.0,0.0,0.0,0.0,5627.988,-280.3261056,-18905.0,16202.56482839542,2949.9167933545814,-0.0,0.0,0.0,0.0,0.0,15700.6005,-732.0821217499999,-34121.0,27881.593704212544,0.0,-578.5,0.0,0.0,0.0,0.0,-9858.724808267561,-634.3688959449833,-16810.0,7562.032669551481,0.0,-238.5974000240594,0.0,0.0,0.0,0.0,-2408.9376917324385,-95.49757779498321,-4819.0,32901.4486929,0.0,-0.0,0.0,0.0,0.0,0.0,-886.7359999999999,-887.7126929,-31127.0,22851.352682146087,0.0,-524.1366436460967,0.0,0.0,0.0,0.0,-7924.1900000000005,-738.0260384999999,-13665.0
t26,15576.800746055973,884.7692539440264,-0.0,0.0,0.0,0.0,0.0,-250.0,-247.57,-15964.0,8274.27695004236,5475.130483238988,-0.0,0.0,0.0,0.0,0.0,6604.787992051176,-313.19542533252206,-20041.0,16020.372067304841,2569.778866228862,-0.0,0.0,0.0,0.0,0.0,14723.800507948825,-764.9514414825221,-32549.0,29363.860320415486,0.0,-1299.290409315483,0.0,0.0,0.0,0.0,-10460.484,-623.0859111,-16981.0,7608.271780705302,0.0,-907.8786877553023,0.0,0.0,0.0,0.0,-1807.1785,-84.21459295,-4809.0,35183.448692900005,0.0,-0.0,0.0,0.0,0.0,0.0,-886.7359999999999,-887.7126929,-33409.0,22910.920773434485,0.0,-528.7047349344957,0.0,0.0,0.0,0.0,-7924.1900000000005,-738.0260384999999,-13720.0
t27,15820.670241774547,693.8997582254535,-0.0,0.0,0.0,0.0,0.0,-250.0,-247.57,-16017.0,8329.328099043478,2185.4321549296665,-0.0,0.0,0.0,0.0,0.0,10268.726709191138,-436.48696316428186,-20347.0,16335.030357009955,4492.350831495467,-0.0,0.0,0.0,0.0,0.0,11059.861790808862,-888.2429793142819,-30999.0,28912.643206032622,0.0,-653.0732949326218,0.0,0.0,0.0,0.0,-10460.484,-623.0859111,-17176.0,7496.290689787954,0.0,-708.8975968379536,0.0,0.0,0.0,0.0,-1807.1785,-84.21459295,-4896.0,35943.448692900005,0.0,-0.0,0.0,0.0,0.0,0.0,-886.7359999999999,-887.7126929,-34169.0,22856.361550601458,0.0,-861.1455121014642,0.0,0.0,0.0,0.0,-7924.1900000000005,-738.0260384999999,-13333.0
t28,16043.348895372814,1027.221104627187,-0.0,0.0,0.0,0.0,0.0,-250.0,-247.57,-16573.0,8424.601188855857,2246.9,-0.0,0.0,0.0,0.0,0.0,10576.336855739792,-446.838044595644,-20801.0,16002.756837719806,4430.585578765633,-0.0,0.0,0.0,0.0,0.0,10752.251644260208,-898.5940607456439,-30287.0,28692.23078635908,0.0,-578.5,0.0,0.0,0.0,0.0,-10089.692535295877,-630.0382510632023,-17394.0,7496.921404951944,0.0,-202.78450733461852,0.0,0.0,0.0,0.0,-2177.9699647041225,-91.1669329132023,-5025.0,35945.448692900005,0.0,-0.0,0.0,0.0,0.0,0.0,-886.7359999999999,-887.7126929,-34171.0,22939.036397040567,0.0,-718.8203585405727,0.0,0.0,0.0,0.0,-7924.1900000000005,-738.0260384999999,-13558.0
t29,15533.197262232612,2271.3727377673895,-0.0,0.0,0.0,0.0,0.0,-250.0,-247.57,-17307.0,11309.292654282293,898.8167357957923,-0.0,0.0,0.0,0.0,0.0,10140.047518313151,-432.15690839123755,-21916.0,16024.461976885672,4632.909965968717,-0.0,0.0,0.0,0.0,0.0,11188.540981686849,-883.9129245412375,-30962.0,28361.433452274985,0.0,-578.5,0.0,0.0,0.0,0.0,-9648.625188458582,-638.3082638164016,-17496.0,7878.47425720782,0.0,-0.0,0.0,0.0,0.0,0.0,-2619.037311541418,-99.4369456664016,-5160.0,36148.448692900005,0.0,-0.0,0.0,0.0,0.0,0.0,-886.7359999999999,-887.7126929,-34374.0,22515.536134488186,0.0,-112.32009598818877,0.0,0.0,0.0,0.0,-7924.1900000000005,-738.0260384999999,-13741.0
t30,16846.41226223261,1776.157737767388,-0.0,0.0,0.0,0.0,0.0,-250.0,-247.57,-18125.0,9648.487980797128,5336.557694717603,-0.0,0.0,0.0,0.0,0.0,8185.335162089585,-366.3808376043146,-22804.0,17358.065222919184,854.8182929247179,-0.0,0.0,0.0,0.0,0.0,13143.253337910415,-818.1368537543146,-30538.0,29298.827318032992,0.0,-1628.5740274284622,0.0,0.0,0.0,0.0,-9526.658144717994,-640.5951458865376,-17503.0,8069.728183018544,0.0,-0.0,0.0,0.0,0.0,0.0,-2741.004355282006,-101.72382773653761,-5227.0,36344.448692900005,0.0,-0.0,0.0,0.0,0.0,0.0,-886.7359999999999,-887.7126929,-34570.0,22402.216038499995,0.0,-0.0,0.0,0.0,0.0,0.0,-7924.1900000000005,-738.0260384999999,-13740.0
t31,18808.095167892792,495.47483210720566,-0.0,0.0,0.0,0.0,0.0,-250.0,-247.57,-18806.0,10543.322946817712,0.0,-0.0,0.0,0.0,0.0,0.0,13207.038197943073,-535.3611447607844,-23215.0,20395.077057383573,1577.4898014702812,-0.0,0.0,0.0,0.0,0.0,8121.550302056928,-987.1171609107844,-29107.0,29840.11650320468,0.0,-1958.581780226189,0.0,0.0,0.0,0.0,-10122.104190449416,-629.4305325290735,-17130.0,8601.92796898407,0.0,-1139.810445054414,0.0,0.0,0.0,0.0,-2145.5583095505835,-90.55921437907344,-5226.0,36304.4486929,0.0,-0.0,0.0,0.0,0.0,0.0,-886.7359999999999,-887.7126929,-34530.0,22888.678153408997,0.0,-312.46211490900606,0.0,0.0,0.0,0.0,-7924.1900000000005,-738.0260384999999,-13914.0
t32,20055.742933411457,0.0,-243.1729334114584,0.0,0.0,0.0,0.0,-250.0,-247.57,-19315.0,12003.008207657347,0.0,-1752.4084059323548,0.0,0.0,0.0,0.0,13358.8705,-540.470301725,-23069.0,24444.92599193884,0.0,-1910.4176740638422,0.0,0.0,0.0,0.0,7969.718000000001,-992.226317875,-29512.0,30049.151691326188,0.0,-1958.581780226189,0.0,0.0,0.0,0.0,-10460.484,-623.0859111,-17007.0,8269.203538004414,0.0,-1139.810445054414,0.0,0.0,0.0,0.0,-1807.1785,-84.21459295,-5238.0,35914.448692900005,0.0,-0.0,0.0,0.0,0.0,0.0,-886.7359999999999,-887.7126929,-34140.0,25651.34631753768,0.0,-2947.1302790376785,0.0,0.0,0.0,0.0,-7924.1900000000005,-738.0260384999999,-14042.0
t33,23099.152538755465,0.0,-2933.582538755467,0.0,0.0,0.0,0.0,-250.0,-247.57,-19668.0,22761.35970048246,0.0,-4432.118070969196,0.0,0.0,0.0,0.0,4907.334467456815,-304.5760969700782,-22932.0,29531.723018224413,0.0,-14452.644937647523,0.0,0.0,0.0,0.0,16421.254032543184,-756.3321131200782,-30744.0,29311.056356180117,0.0,-1958.581780226189,0.0,0.0,0.0,0.0,-9671.597034246039,-637.8775417078867,-17043.0,8497.015662095877,0.0,-540.9439727840279,0.0,0.0,0.0,0.0,-2596.065465753961,-99.00622355788677,-5261.0,35544.448692900005,0.0,-0.0,0.0,0.0,0.0,0.0,-886.7359999999999,-887.7126929,-33770.0,25630.407888246096,0.0,-2763.1918497461006,0.0,0.0,0.0,0.0,-7924.1900000000005,-738.0260384999999,-14205.0
t34,23834.108553045036,0.0,-3947.409786671971,0.0,0.0,0.0,0.0,206.07424792169877,-226.77301429477052,-19866.0,26817.432581882756,0.0,-7148.595847000167,0.0,0.0,0.0,0.0,3381.0972446354263,-355.93397951801796,-22694.0,30647.93702686155,0.0,-14937.461024341634,0.0,0.0,0.0,0.0,17491.417007442877,-786.8930099627885,-32415.0,27731.874936706354,0.0,-578.5,0.0,0.0,0.0,0.0,-9328.056000617944,-644.3189360884136,-17181.0,8441.414629237563,0.0,-66.36051191709318,0.0,0.0,0.0,0.0,-2939.6064993820555,-105.44761793841354,-5330.0,35242.448692900005,0.0,-0.0,0.0,0.0,0.0,0.0,-886.7359999999999,-887.7126929,-33468.0,24063.930586882518,0.0,-956.7145483825234,0.0,0.0,0.0,0.0,-7924.1900000000005,-738.0260384999999,-14445.0
t35,22911.762215217197,0.0,-2497.1922152172006,0.0,0.0,0.0,0.0,-250.0,-247.57,-19917.0,26516.573169527794,0.0,-7418.411610368039,0.0,0.0,0.0,0.0,4003.8178712719427,-334.97943043169914,-22767.0,30057.387569340164,0.0,-13628.422751486527,0.0,0.0,0.0,0.0,17324.77062872806,-786.7354465816991,-32967.0,27491.432390104266,0.0,-339.31441685422163,0.0,0.0,0.0,0.0,-9074.036165248448,-649.0818080015916,-17429.0,8641.836824603146,0.0,-0.0,0.0,0.0,0.0,0.0,-3193.626334751553,-110.21048985159162,-5338.0,35357.448692900005,0.0,-0.0,0.0,0.0,0.0,0.0,-886.7359999999999,-887.7126929,-33583.0,23418.2160385,0.0,-0.0,0.0,0.0,0.0,0.0,-7924.1900000000005,-738.0260384999999,-14756.0
t36,21914.244565820758,0.0,-1405.6745658207699,0.0,0.0,0.0,0.0,-250.0,-247.57,-20011.0,25941.335126191487,0.0,-6856.603284071819,0.0,0.0,0.0,0.0,4451.1934017127,-319.9252438323677,-23216.0,28755.990062173827,0.0,-11491.703900478758,0.0,0.0,0.0,0.0,16877.3950982873,-771.6812599823677,-33370.0,26062.49094862137,0.0,-0.0,0.0,0.0,0.0,0.0,-7414.815444503825,-525.675504117543,-18122.0,8404.720673951551,0.0,-0.0,0.0,0.0,0.0,0.0,-3008.9724445413995,-106.74822941015124,-5289.0,38106.37926041218,0.0,-0.0,0.0,0.0,0.0,0.0,-2730.6106109547754,-767.7686494573918,-34608.0,23607.216038499995,0.0,-0.0,0.0,0.0,0.0,0.0,-7924.1900000000005,-738.0260384999999,-14945.0
t37,21502.7247392558,0.0,-652.1547392557981,0.0,0.0,0.0,0.0,-250.0,-247.57,-20353.0,24444.927494381005,0.0,-5464.589388781,0.0,0.0,0.0,0.0,5627.988,-280.3261056,-24328.0,27240.281779087156,0.0,-7420.800157337152,0.0,0.0,0.0,0.0,15700.6005,-732.0821217499999,-34788.0,25400.62772395589,0.0,-0.0,0.0,0.0,0.0,0.0,-6540.947855426839,-417.67986852905415,-18442.0,7783.887479306411,0.0,-0.0,0.0,0.0,0.0,0.0,-2398.5840326197886,-95.30344668662104,-5290.0,40794.08440854581,0.0,-0.0,0.0,0.0,0.0,0.0,-4214.866611953373,-671.217796592433,-35908.0,23880.216038499995,0.0,-0.0,0.0,0.0,0.0,0.0,-7924.1900000000005,-738.0260384999999,-15218.0
t38,21209.05191935571,0.0,-704.4819193557015,0.0,0.0,0.0,0.0,-250.0,-247.57,-20007.0,23494.790634627134,0.0,-4011.452529027133,0.0,0.0,0.0,0.0,5627.988,-280.3261056,-24831.0,24816.884760223948,0.0,-4074.403138473951,0.0,0.0,0.0,0.0,15700.6005,-732.0821217499999,-35711.0,22500.819929477213,0.0,-0.0,0.0,0.0,0.0,0.0,-3996.6445359475483,-201.17539352966276,-18303.0,7159.922198228772,0.0,-0.0,0.0,0.0,0.0,0.0,-1776.1253588828238,-84.79683934594706,-5299.0,44099.84853410336,0.0,-0.0,0.0,0.0,0.0,0.0,-7381.628605169628,-465.21992893371566,-36253.0,23656.216038499995,0.0,-0.0,0.0,0.0,0.0,0.0,-7924.1900000000005,-738.0260384999999,-14994.0
t39,19733.57,0.0,-0.0,0.0,0.0,0.0,0.0,-250.0,-247.57,-19236.0,21533.2381056,0.0,-2246.9,0.0,0.0,0.0,0.0,5627.988,-280.3261056,-24634.0,21990.352322184135,0.0,-1384.8707004341456,0.0,0.0,0.0,0.0,15700.6005,-732.0821217499999,-35574.0,21527.965879361596,264.1092671656703,-0.0,0.0,0.0,0.0,0.0,-3750.037437867256,-166.03770866001105,-17876.0,6489.4144041074005,0.0,-0.0,0.0,0.0,0.0,0.0,-1307.6150535169772,-89.79935059042322,-5092.0,44210.023025999995,0.0,-0.0,0.0,0.0,0.0,0.0,-8040.674,-422.349026,-35747.0,23288.757810833456,194.79952946271897,-0.0,0.0,0.0,0.0,0.0,-7980.262008615768,-735.2953316804121,-14768.0
t40,18935.570000000007,0.0,-0.0,0.0,0.0,0.0,0.0,-250.0,-247.57,-18438.0,18594.307670178805,0.0,-0.0,0.0,0.0,0.0,0.0,5575.775389755909,-282.08305993471373,-23888.0,19852.025965840625,0.0,-0.0,0.0,0.0,0.0,0.0,15752.813110244093,-733.8390760847137,-34871.0,20503.21497334881,1732.581780226189,-0.0,0.0,0.0,0.0,0.0,-4723.5064999999995,-184.290253575,-17328.0,5084.5540899733805,280.4465123516192,-0.0,0.0,0.0,0.0,0.0,-390.2180000000001,-110.782602325,-4864.0,43219.023026,0.0,-0.0,0.0,0.0,0.0,0.0,-8040.674,-422.349026,-34756.0,20990.14936425118,1985.066674248815,-0.0,0.0,0.0,0.0,0.0,-7924.1900000000005,-738.0260384999999,-14313.0
t41,16299.357306084858,1550.212693915139,-0.0,0.0,0.0,0.0,0.0,-250.0,-247.57,-17352.0,13767.065132750973,2373.4592871958985,-0.0,0.0,0.0,0.0,0.0,6924.426853058549,-323.95127300542015,-22741.0,16292.268107902466,4650.277534311502,-0.0,0.0,0.0,0.0,0.0,14404.161646941453,-775.7072891554201,-34571.0,19827.27388177987,1651.5333137104872,-0.0,0.0,0.0,0.0,0.0,-4602.780553413845,-182.0266420765096,-16694.0,4026.071362055223,541.2084824074421,-0.0,0.0,0.0,0.0,0.0,146.2345534138451,-76.51439787650959,-4637.0,41872.02302600001,0.0,-0.0,0.0,0.0,0.0,0.0,-8040.674,-422.349026,-33409.0,21081.456769561733,2098.9331759882634,-0.0,0.0,0.0,0.0,0.0,-8581.3685,-706.02144555,-13893.0
t42,15738.574451323806,1035.9955486761933,-0.0,0.0,0.0,0.0,0.0,-250.0,-247.57,-16277.0,10187.683007579422,2874.328048506431,-0.0,0.0,0.0,0.0,0.0,8703.816684756193,-383.8277408420459,-21382.0,16490.19226721438,5630.61967453386,-0.0,0.0,0.0,0.0,0.0,12624.771815243806,-835.5837569920459,-33910.0,20354.296753575003,578.5,-0.0,0.0,0.0,0.0,0.0,-4723.5064999999995,-184.290253575,-16025.0,3964.6989272620176,1032.3016750629827,-0.0,0.0,0.0,0.0,0.0,-390.2180000000001,-110.782602325,-4496.0,40185.023025999995,0.0,-0.0,0.0,0.0,0.0,0.0,-8040.674,-422.349026,-31722.0,21408.149703417053,825.0663350829391,-0.0,0.0,0.0,0.0,0.0,-7924.1900000000005,-738.0260384999999,-13571.0
t43,16174.57,0.0,-0.0,0.0,0.0,0.0,0.0,-250.0,-247.57,-15677.0,11413.889167361265,0.0,-0.0,0.0,0.0,0.0,0.0,9117.871518641008,-397.76068600226995,-20134.0,16282.01680131316,6019.782919480116,-0.0,0.0,0.0,0.0,0.0,12210.716981358994,-849.51670215227,-33663.0,20450.296753575003,804.5,-0.0,0.0,0.0,0.0,0.0,-4723.5064999999995,-184.290253575,-16347.0,3904.0479784717454,479.7695309032556,-0.0,0.0,0.0,0.0,0.0,266.9604999999999,-78.778009375,-4572.0,38675.023026,0.0,-0.0,0.0,0.0,0.0,0.0,-8040.674,-422.349026,-30212.0,21565.30067801816,999.0892675318337,-0.0,0.0,0.0,0.0,0.0,-8581.3685,-706.02144555,-13277.0
t44,15531.164636296984,581.4053637030149,-0.0,0.0,0.0,0.0,0.0,-250.0,-247.57,-15615.0,11705.310650777606,3082.0274548223965,-0.0,0.0,0.0,0.0,0.0,5627.988,-280.3261056,-20135.0,16248.15525420823,2675.326367541774,-0.0,0.0,0.0,0.0,0.0,15700.6005,-732.0821217499999,-33892.0,20611.60804811072,1108.1887054642818,-0.0,0.0,0.0,0.0,0.0,-4723.5064999999995,-184.290253575,-16812.0,4108.180237680186,943.5104450544139,-0.0,0.0,0.0,0.0,0.0,-254.51673215371352,-104.17395058088584,-4693.0,38415.023026,0.0,-0.0,0.0,0.0,0.0,0.0,-8040.674,-422.349026,-29952.0,21415.498315304427,594.8103392977437,-0.0,0.0,0.0,0.0,0.0,-8059.8912678462875,-731.4173867558858,-13219.0
t45,16150.57,0.0,-0.0,0.0,0.0,0.0,0.0,-250.0,-247.57,-15653.0,11999.988258276791,3181.349847323209,-0.0,0.0,0.0,0.0,0.0,5627.988,-280.3261056,-20529.0,16518.357536610783,3216.1240851392176,-0.0,0.0,0.0,0.0,0.0,15700.6005,-732.0821217499999,-34703.0,19665.214973348815,1958.581780226189,-0.0,0.0,0.0,0.0,0.0,-4723.5064999999995,-184.290253575,-16716.0,4509.4534890902405,555.8642843382463,-0.0,0.0,0.0,0.0,0.0,-312.3283948731628,-106.98937855532301,-4646.0,38699.023026,0.0,-0.0,0.0,0.0,0.0,0.0,-8040.674,-422.349026,-30236.0,21374.78184458269,647.5305752744653,-0.0,0.0,0.0,0.0,0.0,-8002.079605126838,-734.232814730323,-13286.0
t46,15600.886800174218,113.68319982579273,-0.0,0.0,0.0,0.0,0.0,-250.0,-247.57,-15217.0,14344.217124429504,0.0,-0.0,0.0,0.0,0.0,0.0,5767.814130460494,-285.03125488999564,-19827.0,16233.719942155007,5466.292959345483,-0.0,0.0,0.0,0.0,0.0,15560.774369539506,-736.7872710399956,-36524.0,20084.296753575,578.5,-0.0,0.0,0.0,0.0,0.0,-4723.5064999999995,-184.290253575,-15755.0,4508.319769731262,196.3,-0.0,0.0,0.0,0.0,0.0,-97.11145609446089,-96.50831363680024,-4511.0,38091.023025999995,0.0,-0.0,0.0,0.0,0.0,0.0,-8040.674,-422.349026,-29628.0,21350.36040502117,831.6878886961672,-0.0,0.0,0.0,0.0,0.0,-8217.29654390554,-723.7517498118002,-13241.0
t47,15269.569999999996,0.0,-0.0,0.0,0.0,0.0,0.0,-250.0,-247.57,-14772.0,12512.426003273102,272.9121023268972,-0.0,0.0,0.0,0.0,0.0,5627.988,-280.3261056,-18133.0,16225.31127615629,4984.170345593717,-0.0,0.0,0.0,0.0,0.0,15700.6005,-732.0821217499999,-36178.0,20354.296753575007,578.5,-0.0,0.0,0.0,0.0,0.0,-4723.5064999999995,-184.290253575,-16025.0,4786.606478594709,0.0,-0.0,0.0,0.0,0.0,0.0,-59.9098816341272,-94.69659696058199,-4632.0,37109.023026,0.0,-0.0,0.0,0.0,0.0,0.0,-8040.674,-422.349026,-28646.0,21860.48971553698,88.94843596447117,-0.0,0.0,0.0,0.0,0.0,-8254.498118365873,-721.940033135582,-12973.0
t48,15674.64383066216,95.92616933783904,-0.0,0.0,0.0,0.0,0.0,-250.0,-247.57,-15273.0,12299.740272279178,609.597833320825,-0.0,0.0,0.0,0.0,0.0,5627.988,-280.3261056,-18257.0,16243.303503216135,4103.17811853387,-0.0,0.0,0.0,0.0,0.0,15700.6005,-732.0821217499999,-35315.0,19518.004939697887,732.2873011812,-0.0,0.0,0.0,0.0,0.0,-3719.8752002997862,-136.4170405792998,-16394.0,4346.897405276938,173.92010409806218,-0.0,0.0,0.0,0.0,0.0,266.9604999999999,-78.778009375,-4709.0,37779.023026,0.0,-0.0,0.0,0.0,0.0,0.0,-8040.674,-422.349026,-29316.0,23138.14803225451,0.0,-0.0,0.0,0.0,0.0,0.0,-9584.999799700214,-658.1482325542997,-12895.0
t49,14758.953572242253,4916.816427757748,-0.0,0.0,0.0,0.0,0.0,-1450.0,-170.77,-18055.0,8904.710081452626,6269.628024147375,-0.0,0.0,0.0,0.0,0.0,5627.988,-280.3261056,-20522.0,16438.10004370831,3992.381578041692,-0.0,0.0,0.0,0.0,0.0,15700.6005,-732.0821217499999,-35399.0,21572.94018272392,1018.9473246414174,-0.0,0.0,0.0,0.0,0.0,-2791.3937954685616,-271.49371189677316,-19529.0,6612.771446111423,943.5104450544139,-0.0,0.0,0.0,0.0,0.0,-2222.9540035983673,-72.32788756746939,-5261.0,39775.05105126237,314.0,-0.0,0.0,0.0,0.0,0.0,-4176.32620093307,-673.7248503293038,-35239.0,23636.00442956279,3255.4092717872063,-0.0,0.0,0.0,0.0,0.0,-10687.9145,-471.49920134999996,-15732.0
t50,15643.310907036843,4055.4590929631563,-0.0,0.0,0.0,0.0,0.0,-1450.0,-170.77,-18078.0,9708.60426901488,6456.733836585121,-0.0,0.0,0.0,0.0,0.0,5627.988,-280.3261056,-21513.0,16206.435683980933,2737.0459377690663,-0.0,0.0,0.0,0.0,0.0,15700.6005,-732.0821217499999,-33912.0,20101.4263724514,578.5,-0.0,0.0,0.0,0.0,0.0,-702.1151532470857,-116.81121920431573,-19861.0,7386.036703695677,0.0,-0.0,0.0,0.0,0.0,0.0,-1998.9096477994367,-68.12705589623944,-5319.0,44447.290947558926,379.60144070264465,-0.0,0.0,0.0,0.0,0.0,-6489.649198953477,-523.2431893080762,-37814.0,23322.96308830803,3411.4506130419627,-0.0,0.0,0.0,0.0,0.0,-10687.9145,-471.49920134999996,-15575.0
t51,15565.276645115171,3890.4933548848335,-0.0,0.0,0.0,0.0,0.0,-1450.0,-170.77,-17835.0,10454.969689626832,6162.368415973167,-0.0,0.0,0.0,0.0,0.0,5627.988,-280.3261056,-21965.0,15927.493148715217,1454.988473034779,-0.0,0.0,0.0,0.0,0.0,15700.6005,-732.0821217499999,-32351.0,18642.65192112356,1250.78375407112,-0.0,0.0,0.0,0.0,0.0,364.39676413281103,-6.832439327490206,-20251.0,6789.139203460301,196.3,-0.0,0.0,0.0,0.0,0.0,-1514.396764132811,-59.04243932749021,-5412.0,45438.37361812116,378.6,-0.0,0.0,0.0,0.0,0.0,-6620.871167074213,-520.1024510469405,-38676.0,23218.954653602035,4424.015305720692,-0.0,0.0,0.0,0.0,0.0,-12107.717332925788,-569.2526263969404,-14966.0
t52,15598.776586034555,3815.9934139654465,-0.0,0.0,0.0,0.0,0.0,-1450.0,-170.77,-17794.0,12197.762530951166,4800.575574648835,-0.0,0.0,0.0,0.0,0.0,5627.988,-280.3261056,-22346.0,15652.711905550708,1128.769716199287,-0.0,0.0,0.0,0.0,0.0,15700.6005,-732.0821217499999,-31750.0,18219.76314502497,1958.581780226189,-0.0,0.0,0.0,0.0,0.0,330.8586749032786,-6.203600154436473,-20503.0,6256.009011559535,845.2632634981801,-0.0,0.0,0.0,0.0,0.0,-1480.8586749032786,-58.41360015443647,-5562.0,46795.02158529737,315.00144070264463,-0.0,0.0,0.0,0.0,0.0,-8040.674,-422.349026,-38647.0,23207.654989885486,2927.7587114645103,-0.0,0.0,0.0,0.0,0.0,-10687.9145,-471.49920134999996,-14976.0
t53,15384.409815791174,4762.848654288885,-0.0,0.0,0.0,0.0,0.0,-2053.9057930861663,-143.35267699388805,-17950.0,12599.130581983209,5296.207523616792,-0.0,0.0,0.0,0.0,0.0,5627.988,-280.3261056,-23243.0,15495.622552380602,1691.8590693693952,-0.0,0.0,0.0,0.0,0.0,15700.6005,-732.0821217499999,-32156.0,18721.418219773812,1958.581780226189,-0.0,0.0,0.0,0.0,0.0,0.0,-0.0,-20680.0,5085.076438853307,1139.810445054414,-0.0,0.0,0.0,0.0,0.0,-546.0942069138335,-24.792676993888044,-5654.0,46575.42302600001,378.6,-0.0,0.0,0.0,0.0,0.0,-8040.674,-422.349026,-38491.0,23104.920308735833,2947.493392614163,-0.0,0.0,0.0,0.0,0.0,-10687.9145,-471.49920134999996,-14893.0
t54,15144.783662397525,4364.986337602472,-0.0,0.0,0.0,0.0,0.0,-1450.0,-170.77,-17889.0,15562.636348979559,3068.7017566204418,-0.0,0.0,0.0,0.0,0.0,5627.988,-280.3261056,-23979.0,15966.517747670934,570.9638740790656,-0.0,0.0,0.0,0.0,0.0,15700.6005,-732.0821217499999,-31506.0,18250.97190658359,1275.6072905427861,-0.0,0.0,0.0,0.0,0.0,784.1231112087884,-14.702308335164782,-20296.0,6793.524974489538,943.5104450544139,-0.0,0.0,0.0,0.0,0.0,-1934.1231112087885,-66.91230833516478,-5736.0,46383.02158529737,315.00144070264463,-0.0,0.0,0.0,0.0,0.0,-8040.674,-422.349026,-38235.0,23101.543878185068,2732.8698231649314,-0.0,0.0,0.0,0.0,0.0,-10687.9145,-471.49920134999996,-14675.0
t55,17197.962003017317,2234.8079969826845,-0.0,0.0,0.0,0.0,0.0,-1450.0,-170.77,-17812.0,17148.565914790306,456.21450772223443,-0.0,0.0,0.0,0.0,0.0,6963.485162609258,-325.26558512180156,-24243.0,16090.918263881058,0.0,-0.0,0.0,0.0,0.0,0.0,14365.103337390743,-777.0216012718015,-29679.0,18356.870610111146,1096.3286847820182,-0.0,0.0,0.0,0.0,0.0,342.0530487695803,-17.252343662744664,-19778.0,7266.51714149556,134.92643555459986,-0.0,0.0,0.0,0.0,0.0,-1621.3949222578267,-61.04865479233425,-5719.0,45597.15739470005,358.9374466821004,-0.0,0.0,0.0,0.0,0.0,-7911.332126511754,-430.7627148704104,-37614.0,23236.795218940788,2402.6184824092097,-0.0,0.0,0.0,0.0,0.0,-10687.9145,-471.49920134999996,-14480.0
t56,19754.78276528589,0.0,-97.3,0.0,0.0,0.0,0.0,-1889.514512188564,-162.9682530973276,-17605.0,15672.391086818492,0.0,-0.0,0.0,0.0,0.0,0.0,8508.876931320436,-377.2680181389327,-23804.0,19588.071685463634,0.0,-1717.75921985426,0.0,0.0,0.0,0.0,12819.711568679564,-829.0240342889326,-29861.0,17319.507020387366,0.0,-0.0,0.0,0.0,0.0,0.0,2007.47388465975,-64.98090504711674,-19262.0,7159.263459126107,0.0,-0.0,0.0,0.0,0.0,0.0,-1474.1012592798038,-29.162199846303093,-5656.0,46170.94930633187,0.0,-314.0,0.0,0.0,0.0,0.0,-8631.18738465975,-460.7619216721167,-36765.0,26211.572492507657,0.0,-4.547473508864641e-13,0.0,0.0,0.0,0.0,-11341.259228531633,-513.3132639760245,-14357.0
t57,24937.356776656037,0.0,-4141.568049692873,0.0,0.0,0.0,0.0,-3244.043298743504,-208.7454282196602,-17343.0,19928.056240249512,0.0,-1693.718134649512,0.0,0.0,0.0,0.0,5627.988,-280.3261056,-23582.0,23140.311290393423,0.0,-7560.829668643416,0.0,0.0,0.0,0.0,15700.6005,-732.0821217499999,-30548.0,16605.446754525037,0.0,-0.0,0.0,0.0,0.0,0.0,2346.5939080431726,-87.04066256820838,-18865.0,8209.625161122252,0.0,-0.0,0.0,0.0,0.0,0.0,-2521.7318436935648,-78.89331742868785,-5609.0,45210.12908723638,0.0,-0.0,0.0,0.0,0.0,0.0,-8970.307408043172,-482.82167919320835,-35757.0,28758.148430267724,0.0,-4852.680065288816,0.0,0.0,0.0,0.0,-8939.099857562933,-573.3685074159723,-14393.0
t58,25862.393279303316,0.0,-6759.7119937299485,0.0,0.0,0.0,0.0,-1739.033402025316,-157.64788354805066,-17206.0,21625.672419953607,0.0,-3903.3343143536094,0.0,0.0,0.0,0.0,5627.988,-280.3261056,-23070.0,24357.730125074544,0.0,-8229.248503324538,0.0,0.0,0.0,0.0,15700.6005,-732.0821217499999,-31097.0,15063.380516919713,0.0,-578.5,0.0,0.0,0.0,0.0,4609.352598460122,-234.2331153798309,-18860.0,8657.766083847735,0.0,-0.0,0.0,0.0,0.0,0.0,-2935.105597974684,-97.66048587305066,-5625.0,46905.080230464955,0.0,-0.0,0.0,0.0,0.0,0.0,-11233.066098460122,-630.0141320048309,-35042.0,28615.360470198964,0.0,-3550.12067589897,0.0,0.0,0.0,0.0,-10030.736,-503.5037943,-14531.0
t59,27656.548486046042,0.0,-8769.778486046043,0.0,0.0,0.0,0.0,-1450.0,-170.77,-17266.0,23350.866019756922,0.0,-5760.527914156922,0.0,0.0,0.0,0.0,5627.988,-280.3261056,-22938.0,25693.580537580885,0.0,-9468.09891583088,0.0,0.0,0.0,0.0,15700.6005,-732.0821217499999,-31194.0,14432.95926007567,0.0,-0.0,0.0,0.0,0.0,0.0,4757.939428605098,-243.89868868076164,-18947.0,9398.541820140019,0.0,-478.62021781502165,0.0,0.0,0.0,0.0,-3224.139,-110.782602325,-5585.0,46778.33263391087,0.0,-0.0,0.0,0.0,0.0,0.0,-11381.652928605097,-639.6797053057617,-34757.0,27018.53979429999,0.0,-1630.3,0.0,0.0,0.0,0.0,-10030.736,-503.5037943,-14854.0
t60,27108.90929359045,0.0,-7836.139293590453,0.0,0.0,0.0,0.0,-1450.0,-170.77,-17652.0,24842.76111476079,0.0,-6961.423009160787,0.0,0.0,0.0,0.0,5627.988,-280.3261056,-23229.0,26506.643017034738,0.0,-9247.161395284733,0.0,0.0,0.0,0.0,15700.6005,-732.0821217499999,-32228.0,14341.000267056861,0.0,-0.0,0.0,0.0,0.0,0.0,5327.979530234922,-280.97979729178167,-19388.0,9668.189068988933,0.0,-698.2674666639348,0.0,0.0,0.0,0.0,-3224.139,-110.782602325,-5635.0,47923.45384415171,0.0,-0.0,0.0,0.0,0.0,0.0,-11951.693030234923,-676.7608139167817,-35295.0,27863.73085737246,0.0,-1891.4910630724626,0.0,0.0,0.0,0.0,-10030.736,-503.5037943,-15438.0
t61,26383.67289449131,0.0,-6194.90289449131,0.0,0.0,0.0,0.0,-1450.0,-170.77,-18568.0,26222.74971596804,0.0,-7418.411610368039,0.0,0.0,0.0,0.0,5627.988,-280.3261056,-24152.0,25530.958987194434,0.0,-6786.477365444428,0.0,0.0,0.0,0.0,15700.6005,-732.0821217499999,-33713.0,14605.075047814737,0.0,-0.0,0.0,0.0,0.0,0.0,5861.617927199601,-315.69297501433397,-20151.0,10113.246520852761,0.0,-884.3249185277618,0.0,0.0,0.0,0.0,-3224.139,-110.782602325,-5894.0,50148.30541883841,0.0,-235.4999999994822,0.0,0.0,0.0,0.0,-12485.3314271996,-711.4739916393339,-36716.0,26607.239794299996,0.0,-0.0,0.0,0.0,0.0,0.0,-10030.736,-503.5037943,-16073.0
t62,26398.136049188124,0.0,-5880.3660491881255,0.0,0.0,0.0,0.0,-1450.0,-170.77,-18897.0,24694.156621737504,0.0,-4733.818516137506,0.0,0.0,0.0,0.0,5627.988,-280.3261056,-25308.0,24655.318257449966,0.0,-4443.836635699963,0.0,0.0,0.0,0.0,15700.6005,-732.0821217499999,-35180.0,14364.276560369184,0.0,-433.87499999904924,0.0,0.0,0.0,0.0,6582.1628626984,-362.56442306853086,-20150.0,10179.108850010909,0.0,-1014.1872476859114,0.0,0.0,0.0,0.0,-3224.139,-110.782602325,-5830.0,51934.221802391934,0.0,-0.0,0.0,0.0,0.0,0.0,-13205.8763626984,-758.3454396935308,-37970.0,28540.30753835496,0.0,-1425.0677440549625,0.0,0.0,0.0,0.0,-10030.736,-503.5037943,-16581.0
t63,25436.12154254808,0.0,-5155.351542548083,0.0,0.0,0.0,0.0,-1450.0,-170.77,-18660.0,24444.06814211892,0.0,-4460.7300365189185,0.0,0.0,0.0,0.0,5627.988,-280.3261056,-25331.0,24368.55747503992,0.0,-3377.0758532899217,0.0,0.0,0.0,0.0,15700.6005,-732.0821217499999,-35960.0,16251.299431343272,0.0,-0.0,0.0,0.0,0.0,0.0,3938.280440137689,-190.57987148095668,-19999.0,10134.732047379412,0.0,-1139.810445054414,0.0,0.0,0.0,0.0,-3224.139,-110.782602325,-5660.0,48832.354828243646,0.0,-0.0,0.0,0.0,0.0,0.0,-10561.993940137689,-586.3608881059566,-37684.0,27272.239794299996,0.0,-0.0,0.0,0.0,0.0,0.0,-10030.736,-503.5037943,-16738.0
t64,23091.038137331103,0.0,-3278.268137331109,0.0,0.0,0.0,0.0,-1450.0,-170.77,-18192.0,23621.763435121575,0.0,-4340.425329521573,0.0,0.0,0.0,0.0,5627.988,-280.3261056,-24629.0,22245.218292706726,0.0,-1376.7366709567239,0.0,0.0,0.0,0.0,15700.6005,-732.0821217499999,-35837.0,13289.027229365745,0.0,-0.0,0.0,0.0,0.0,0.0,6485.231830027551,-356.25905939329215,-19418.0,9528.794873339839,0.0,-729.8732710148396,0.0,0.0,0.0,0.0,-3224.139,-110.782602325,-5464.0,50827.98540604584,0.0,-0.0,0.0,0.0,0.0,0.0,-13108.94533002755,-752.0400760182922,-36967.0,27769.809570761896,0.0,-560.5697764618988,0.0,0.0,0.0,0.0,-10030.736,-503.5037943,-16675.0
t65,17953.57,0.0,-0.0,0.0,0.0,0.0,0.0,-250.0,-247.57,-17456.0,21741.798317684035,0.0,-0.0,0.0,0.0,0.0,0.0,2192.143940517545,-395.94225820158465,-23538.0,17670.253714869137,0.0,-0.0,0.0,0.0,0.0,0.0,19136.444559482457,-847.6982743515846,-35959.0,12891.881237857455,0.0,-0.0,0.0,0.0,0.0,0.0,6149.947742333234,-344.82898019069046,-18697.0,8277.85684272457,0.0,-0.0,0.0,0.0,0.0,0.0,-2916.349022384556,-102.50782034001587,-5259.0,51711.43499216398,0.0,-0.0,0.0,0.0,0.0,0.0,-15185.034062028994,-895.4009301349859,-35631.0,26324.973103553988,0.0,-0.0,0.0,0.0,0.0,0.0,-9127.153157919685,-726.8199456343111,-16471.0
t66,15697.648644633317,1486.9213553666834,-0.0,0.0,0.0,0.0,0.0,-250.0,-247.57,-16687.0,16963.3381056,0.0,-0.0,0.0,0.0,0.0,0.0,5627.988,-280.3261056,-22311.0,16663.461201138878,4119.020420611127,-0.0,0.0,0.0,0.0,0.0,15700.6005,-732.0821217499999,-35751.0,12338.300728900816,0.0,-804.5,0.0,0.0,0.0,0.0,6914.374030642482,-384.17475954329336,-18064.0,8299.508366413795,0.0,-0.0,0.0,0.0,0.0,0.0,-3095.967706101645,-104.5406603121501,-5099.0,49287.490563211744,0.0,-379.60144070264465,0.0,0.0,0.0,0.0,-14212.500044744871,-826.389077764243,-33869.0,27524.98993367906,0.0,-0.0,0.0,0.0,0.0,0.0,-10684.494779795965,-620.4951538830995,-16220.0
t67,16537.239177746273,288.33082225372743,-0.0,0.0,0.0,0.0,0.0,-250.0,-247.57,-16328.0,15785.338105600002,0.0,-0.0,0.0,0.0,0.0,0.0,5627.988,-280.3261056,-21133.0,16613.06798534382,4391.4136364061815,-0.0,0.0,0.0,0.0,0.0,15700.6005,-732.0821217499999,-35973.0,12343.706170050647,0.0,-1958.581780226189,0.0,0.0,0.0,0.0,8425.33861599609,-482.4630058205456,-18328.0,8011.812008366466,0.0,-0.0,0.0,0.0,0.0,0.0,-2741.5323499012748,-87.27965846519207,-5183.0,49388.71222913344,0.0,-379.60144070264465,0.0,0.0,0.0,0.0,-15801.089024813191,-930.021763617603,-32278.0,29079.52807764184,0.0,-1488.643744747967,0.0,0.0,0.0,0.0,-10961.305741281627,-608.5785916122493,-16021.0
t68,14926.377206795602,1848.1927932043975,-0.0,0.0,0.0,0.0,0.0,-250.0,-247.57,-16277.0,15854.338105600002,0.0,-0.0,0.0,0.0,0.0,0.0,5627.988,-280.3261056,-21202.0,16586.38808335347,4550.093538396525,-0.0,0.0,0.0,0.0,0.0,15700.6005,-732.0821217499999,-36105.0,12756.820203258272,0.0,-969.2826565177559,0.0,0.0,0.0,0.0,7406.822935834187,-421.36048257470367,-18773.0,7862.379540012629,0.0,-0.0,0.0,0.0,0.0,0.0,-2455.687892036937,-76.69164797569256,-5330.0,47423.036904396264,0.0,-314.0,0.0,0.0,0.0,0.0,-14141.80904379725,-819.2278605990111,-32148.0,28418.213701349996,0.0,-0.0,0.0,0.0,0.0,0.0,-11887.9145,-548.29920135,-15982.0
t69,14900.839600996222,2165.730399003775,-0.0,0.0,0.0,0.0,0.0,-250.0,-247.57,-16569.0,16180.3381056,0.0,-0.0,0.0,0.0,0.0,0.0,5627.988,-280.3261056,-21528.0,16661.588855312617,4757.892766437384,-0.0,0.0,0.0,0.0,0.0,15700.6005,-732.0821217499999,-36388.0,14057.197228194527,0.0,-1958.581780226189,0.0,0.0,0.0,0.0,7097.988388875514,-409.6038368438498,-18787.0,7644.025629043989,0.0,-0.0,0.0,0.0,0.0,0.0,-2275.708592926616,-73.31703611737404,-5295.0,47729.39962267538,0.0,-378.6,0.0,0.0,0.0,0.0,-14012.953795948899,-810.8458267264757,-32527.0,28369.213701349996,0.0,-0.0,0.0,0.0,0.0,0.0,-11887.9145,-548.29920135,-15933.0
t70,14973.680891475271,1961.889108524729,-0.0,0.0,0.0,0.0,0.0,-250.0,-247.57,-16438.0,15615.3381056,0.0,-0.0,0.0,0.0,0.0,0.0,5627.988,-280.3261056,-20963.0,16614.308404278694,5139.173217471311,-0.0,0.0,0.0,0.0,0.0,15700.6005,-732.0821217499999,-36722.0,14905.591195715895,0.0,-1958.581780226189,0.0,0.0,0.0,0.0,5431.938227537633,-302.94764302733427,-18076.0,7472.171933566437,0.0,-0.0,0.0,0.0,0.0,0.0,-2238.5515912308583,-72.62034233557858,-5161.0,45713.54840370117,0.0,-379.60144070264465,0.0,0.0,0.0,0.0,-12384.060636306775,-704.8863266917556,-32245.0,31595.457764173494,0.0,-3569.2440628234963,0.0,0.0,0.0,0.0,-11887.9145,-548.29920135,-15590.0
t71,15299.764359939101,1359.805640060897,-0.0,0.0,0.0,0.0,0.0,-250.0,-247.57,-16162.0,14099.3381056,0.0,-0.0,0.0,0.0,0.0,0.0,5627.988,-280.3261056,-19447.0,16661.55478691977,4797.926834830239,-0.0,0.0,0.0,0.0,0.0,15700.6005,-732.0821217499999,-36428.0,15911.527668080635,0.0,-578.5,0.0,0.0,0.0,0.0,3104.6022323315983,-163.62990041223057,-18274.0,7397.472606986123,0.0,-0.0,0.0,0.0,0.0,0.0,-1977.7424363053967,-67.73017068072619,-5352.0,42570.33164874791,0.0,-314.33909699020444,0.0,0.0,0.0,0.0,-10317.5337960262,-570.4587557315044,-31368.0,28622.197875241014,0.0,-1036.98417389102,0.0,0.0,0.0,0.0,-11887.9145,-548.29920135,-15149.0
t72,13760.25189365457,3700.31810634543,-0.0,0.0,0.0,0.0,0.0,-250.0,-247.57,-16963.0,14460.338105600003,0.0,-0.0,0.0,0.0,0.0,0.0,5627.988,-280.3261056,-19808.0,16444.8700642564,5044.611557493596,-0.0,0.0,0.0,0.0,0.0,15700.6005,-732.0821217499999,-36458.0,16572.67413845803,0.0,-1807.155075158811,0.0,0.0,0.0,0.0,4278.412052801582,-259.93111610080115,-18784.0,7082.620479648015,0.0,-0.0,0.0,0.0,0.0,0.0,-1546.9673419857818,-59.65313766223341,-5476.0,45341.61437691867,0.0,-336.65866166429726,0.0,0.0,0.0,0.0,-11922.1187108158,-674.8370044385678,-32408.0,33511.013085961444,0.0,-5996.799384611451,0.0,0.0,0.0,0.0,-11887.9145,-548.29920135,-15078.0
t73,12368.680921672842,2535.8890783271554,-0.0,0.0,0.0,0.0,0.0,-250.0,-247.57,-14407.0,8367.55017746412,3073.787928135882,-0.0,0.0,0.0,0.0,0.0,5627.988,-280.3261056,-16789.0,13761.757852119006,9243.723769630997,-0.0,0.0,0.0,0.0,0.0,15700.6005,-732.0821217499999,-37974.0,27290.098420475002,0.0,-0.0,0.0,0.0,0.0,0.0,-11877.4445,-649.6539204750001,-14763.0,4500.002233872153,411.9983684528468,-0.0,0.0,0.0,0.0,0.0,-390.2180000000001,-110.782602325,-4411.0,29814.448692899998,0.0,-0.0,0.0,0.0,0.0,0.0,-886.7359999999999,-887.7126929,-28040.0,22074.216038499995,0.0,-0.0,0.0,0.0,0.0,0.0,-7924.1900000000005,-738.0260384999999,-13412.0
t74,12208.659839065254,2922.91016093474,-0.0,0.0,0.0,0.0,0.0,-250.0,-247.57,-14634.0,9436.438105600002,2246.9,-0.0,0.0,0.0,0.0,0.0,5627.988,-280.3261056,-17031.0,13837.282725145122,7870.19889660488,-0.0,0.0,0.0,0.0,0.0,15700.6005,-732.0821217499999,-36676.0,28453.598420475002,0.0,-804.5,0.0,0.0,0.0,0.0,-11877.4445,-649.6539204750001,-15122.0,4061.0446749356306,920.9559273893686,-0.0,0.0,0.0,0.0,0.0,-390.2180000000001,-110.782602325,-4481.0,30919.448692899998,0.0,-0.0,0.0,0.0,0.0,0.0,-886.7359999999999,-887.7126929,-29145.0,22034.2160385,0.0,-0.0,0.0,0.0,0.0,0.0,-7924.1900000000005,-738.0260384999999,-13372.0
t75,12574.699261327329,3033.870738672675,-0.0,0.0,0.0,0.0,0.0,-250.0,-247.57,-15111.0,8473.285854432686,3707.052251167317,-0.0,0.0,0.0,0.0,0.0,5627.988,-280.3261056,-17528.0,13830.234684061612,6280.246937688389,-0.0,0.0,0.0,0.0,0.0,15700.6005,-732.0821217499999,-35079.0,28650.598420475002,0.0,-578.5,0.0,0.0,0.0,0.0,-11877.4445,-649.6539204750001,-15545.0,3709.80827500072,1139.810445054414,-0.0,0.0,0.0,0.0,0.0,-178.1631871175117,-100.45553293762282,-4571.0,31998.448692899998,0.0,-0.0,0.0,0.0,0.0,0.0,-886.7359999999999,-887.7126929,-30224.0,22444.94378199511,0.0,-0.0,0.0,0.0,0.0,0.0,-8136.244812882489,-727.6989691126228,-13581.0
t76,12653.188452301913,3441.3815476980885,-0.0,0.0,0.0,0.0,0.0,-250.0,-247.57,-15597.0,9200.65480796039,4004.683297639609,-0.0,0.0,0.0,0.0,0.0,5627.988,-280.3261056,-18553.0,13834.649796595353,3357.8318251546493,-0.0,0.0,0.0,0.0,0.0,15700.6005,-732.0821217499999,-32161.0,28335.098420475002,0.0,-0.0,0.0,0.0,0.0,0.0,-11877.4445,-649.6539204750001,-15808.0,4141.261120047112,1011.7394822778879,-0.0,0.0,0.0,0.0,0.0,-390.2180000000001,-110.782602325,-4652.0,32858.4486929,0.0,-0.0,0.0,0.0,0.0,0.0,-886.7359999999999,-887.7126929,-31084.0,22683.216038499995,0.0,-0.0,0.0,0.0,0.0,0.0,-7924.1900000000005,-738.0260384999999,-14021.0
t77,12719.840765231986,3893.7292347680127,-0.0,0.0,0.0,0.0,0.0,-250.0,-247.57,-16116.0,8530.833319764546,5757.504785835456,-0.0,0.0,0.0,0.0,0.0,5627.988,-280.3261056,-19636.0,13978.84618903492,3429.6354327150802,-0.0,0.0,0.0,0.0,0.0,15700.6005,-732.0821217499999,-32377.0,27754.598420475002,578.5,-0.0,0.0,0.0,0.0,0.0,-11877.4445,-649.6539204750001,-15806.0,4749.871536109669,471.1290662153306,-0.0,0.0,0.0,0.0,0.0,-390.2180000000001,-110.782602325,-4720.0,33260.448692900005,0.0,-0.0,0.0,0.0,0.0,0.0,-886.7359999999999,-887.7126929,-31486.0,22626.240374218018,315.97566428198024,-0.0,0.0,0.0,0.0,0.0,-7924.1900000000005,-738.0260384999999,-14280.0
t78,14166.133847337926,2952.436152662075,-0.0,0.0,0.0,0.0,0.0,-250.0,-247.57,-16621.0,11981.960564700983,2924.377540899018,-0.0,0.0,0.0,0.0,0.0,5627.988,-280.3261056,-20254.0,14652.179649985881,1954.3019717641191,-0.0,0.0,0.0,0.0,0.0,15700.6005,-732.0821217499999,-31575.0,28071.098420475002,0.0,-0.0,0.0,0.0,0.0,0.0,-11877.4445,-649.6539204750001,-15544.0,5010.312857498825,247.6877448261742,-0.0,0.0,0.0,0.0,0.0,-390.2180000000001,-110.782602325,-4757.0,33151.448692900005,0.0,-0.0,0.0,0.0,0.0,0.0,-886.7359999999999,-887.7126929,-31377.0,22835.21603849999,0.0,-0.0,0.0,0.0,0.0,0.0,-7924.1900000000005,-738.0260384999999,-14173.0
t79,17469.57,0.0,-0.0,0.0,0.0,0.0,0.0,-250.0,-247.57,-16972.0,11082.886381279943,3391.510957657126,-0.0,0.0,0.0,0.0,0.0,6252.959042234111,-301.3563811711779,-20426.0,16168.48293955529,0.0,-0.0,0.0,0.0,0.0,0.0,15075.62945776589,-753.1123973211778,-30491.0,28396.598420475002,0.0,-578.5,0.0,0.0,0.0,0.0,-11877.4445,-649.6539204750001,-15291.0,5625.289731316084,0.0,-373.2891289910844,0.0,0.0,0.0,0.0,-390.2180000000001,-110.782602325,-4751.0,32589.448692899998,0.0,-0.0,0.0,0.0,0.0,0.0,-886.7359999999999,-887.7126929,-30815.0,23051.21603849999,0.0,-0.0,0.0,0.0,0.0,0.0,-7924.1900000000005,-738.0260384999999,-14389.0
t80,20843.418982825453,0.0,-5657.408982825456,0.0,0.0,0.0,0.0,2350.0,-129.01,-17407.0,15983.253464481622,0.0,-2246.9,0.0,0.0,0.0,0.0,7116.045785603954,-330.39925008557304,-20522.0,26475.684639345895,0.0,-2575.7816955902763,0.0,0.0,0.0,0.0,7453.87004843865,-461.77299219425856,-30892.0,27875.931753808174,192.83333333341469,-385.6666666665854,0.0,0.0,0.0,0.0,-11877.4445,-649.6539204750001,-15156.0,6061.440690961948,0.0,-807.4400886369485,0.0,0.0,0.0,0.0,-390.2180000000001,-110.782602325,-4753.0,30708.682117931297,0.0,-65.60144070264464,0.0,0.0,0.0,0.0,445.7489090552699,-808.829586283928,-30280.0,27122.231100767778,0.0,-6688.141986595148,0.0,0.0,0.0,0.0,-5098.002243097873,-615.0868710747575,-14721.0
t81,23825.083708915845,0.0,-8253.07370891585,0.0,0.0,0.0,0.0,2350.0,-129.01,-17793.0,30296.961301927426,0.0,-7418.411610368039,0.0,0.0,0.0,0.0,-2161.8049548293766,-72.74473673000853,-20644.0,32133.022074466633,0.0,-14937.461024341634,0.0,0.0,0.0,0.0,14869.619624746403,-669.1806748713991,-31396.0,27656.098420475002,0.0,-0.0,0.0,0.0,0.0,0.0,-11877.4445,-649.6539204750001,-15129.0,6217.254425843748,0.0,-965.2538235187492,0.0,0.0,0.0,0.0,-390.2180000000001,-110.782602325,-4751.0,26098.601666899995,0.0,-64.6,0.0,0.0,0.0,0.0,4373.938,-629.9396669,-29778.0,28678.108518099867,0.0,-5618.631572891447,0.0,0.0,0.0,0.0,-7164.090169917026,-698.3867752913906,-15197.0
t82,24175.466273578524,0.0,-8261.456273578528,0.0,0.0,0.0,0.0,2350.0,-129.01,-18135.0,33227.92339305455,0.0,-7418.411610368039,0.0,0.0,0.0,0.0,-4822.243295783403,-162.2684869031115,-20825.0,32529.82654240256,0.0,-14937.461024341634,0.0,0.0,0.0,0.0,14863.053257858352,-610.4187759192753,-31845.0,25844.625466655445,514.2222222222763,-64.27777777772377,0.0,0.0,0.0,0.0,-10460.484,-623.0859111,-15211.0,6798.725111965358,0.0,-125.33201901535767,0.0,0.0,0.0,0.0,-1807.1785,-84.21459295,-4782.0,23628.444875839905,0.0,-65.60144070264464,0.0,0.0,0.0,0.0,6429.412161407417,-508.2555965446809,-29484.0,27364.74785237747,0.0,-4302.403032373622,0.0,0.0,0.0,0.0,-6552.559623482366,-671.7851965214829,-15838.0
t83,22180.529897777025,0.0,-6007.51989777703,0.0,0.0,0.0,0.0,2350.0,-129.01,-18394.0,31286.16048377312,0.0,-7418.411610368039,0.0,0.0,0.0,0.0,-2766.6510650656223,-93.09780833945818,-21008.0,32045.168229063132,0.0,-10418.73328796979,0.0,0.0,0.0,0.0,11740.003707177999,-483.43864827134655,-32883.0,27047.52446783543,0.0,-578.5,0.0,0.0,0.0,0.0,-10425.278452724004,-623.7460151114249,-15420.0,6795.320936636638,0.0,-46.062192399216656,0.0,0.0,0.0,0.0,-1842.384047275996,-84.87469696142493,-4822.0,22941.427107602645,0.0,-1.001440702644639,0.0,0.0,0.0,0.0,7153.938,-465.3636669,-29629.0,26603.144762241947,0.0,-3594.648943047683,0.0,0.0,0.0,0.0,-6209.628142112377,-656.8676770818884,-16142.0
t84,21855.251268439475,0.0,-5585.241268439475,0.0,0.0,0.0,0.0,2350.0,-129.01,-18491.0,29691.264419608095,0.0,-5118.481165777621,0.0,0.0,0.0,0.0,-3423.579793770108,-115.20346006036414,-21034.0,31076.968353687018,0.0,-10496.480851959539,0.0,0.0,0.0,0.0,14175.177090446103,-589.664592173583,-34166.0,26365.0699111,578.5,-0.0,0.0,0.0,0.0,0.0,-10460.484,-623.0859111,-15860.0,6754.39309295,0.0,-0.0,0.0,0.0,0.0,0.0,-1807.1785,-84.21459295,-4863.0,24069.876570929417,0.0,-64.93909699020443,0.0,0.0,0.0,0.0,6722.941203324006,-490.87867726321883,-30237.0,26354.425469143844,0.0,-1797.076510243846,0.0,0.0,0.0,0.0,-7556.876,-715.4729589,-16285.0
t85,21781.073920460964,0.0,-5469.0639204609615,0.0,0.0,0.0,0.0,2350.0,-129.01,-18533.0,29769.646696614676,0.0,-2424.582800249981,0.0,0.0,0.0,0.0,-5546.426639931015,-186.63725643367866,-21612.0,29127.969226444777,0.0,-8904.412988192104,0.0,0.0,0.0,0.0,15867.027139931015,-635.5833781836786,-35455.0,27498.251546670086,0.0,-204.68163557008302,0.0,0.0,0.0,0.0,-10460.484,-623.0859111,-16210.0,7191.058335822457,0.0,-465.6652428724571,0.0,0.0,0.0,0.0,-1807.1785,-84.21459295,-4834.0,24601.4256669,0.0,-0.0,0.0,0.0,0.0,0.0,7153.938,-465.3636669,-31290.0,26104.61314780132,0.0,-1485.264188901321,0.0,0.0,0.0,0.0,-7556.876,-715.4729589,-16347.0
t86,21002.786935921904,0.0,-5074.776935921909,0.0,0.0,0.0,0.0,2350.0,-129.01,-18149.0,28729.627554843926,0.0,-2246.9,0.0,0.0,0.0,0.0,-4475.139123343417,-150.58843150050598,-21857.0,27272.317641341495,0.0,-5645.522711434403,0.0,0.0,0.0,0.0,14795.739623343417,-599.534553250506,-35823.0,27627.686235037574,26.691838031212455,-551.8081619687875,0.0,0.0,0.0,0.0,-10460.484,-623.0859111,-16019.0,6606.39309295,0.0,-0.0,0.0,0.0,0.0,0.0,-1807.1785,-84.21459295,-4715.0,24947.4256669,0.0,-0.0,0.0,0.0,0.0,0.0,7153.938,-465.3636669,-31636.0,25811.549036397806,0.0,-1119.2000774978042,0.0,0.0,0.0,0.0,-7556.876,-715.4729589,-16420.0
t87,19194.55545869873,0.0,-3707.545458698733,0.0,0.0,0.0,0.0,2350.0,-129.01,-17708.0,27987.27753907955,0.0,-5533.471933085635,0.0,0.0,0.0,0.0,-1026.2715677394758,-34.53403825443336,-21393.0,23937.43423430963,0.0,-1665.0,0.0,0.0,0.0,0.0,13163.366899548546,-597.8011338581734,-34838.0,26763.5699111,0.0,-0.0,0.0,0.0,0.0,0.0,-10460.484,-623.0859111,-15680.0,6597.264413764331,0.0,-139.87132081433072,0.0,0.0,0.0,0.0,-1807.1785,-84.21459295,-4566.0,26868.83036877527,0.0,-22.658661664297245,0.0,0.0,0.0,0.0,4905.310696175444,-598.4824032864137,-31153.0,23902.41872435184,0.0,-0.0,0.0,0.0,0.0,0.0,-7124.743527984514,-696.6751963673263,-16081.0
t88,13281.102807798947,0.0,-0.0,0.0,0.0,0.0,0.0,4000.154224854411,-204.25703265336114,-17077.0,24992.582949442865,0.0,-2246.9,0.0,0.0,0.0,0.0,-1591.4236420866464,-523.2593073562157,-20631.0,17553.84443892734,0.0,-1665.0,0.0,0.0,0.0,0.0,18669.85791723224,-931.7023561595768,-33627.0,26951.726784414106,550.2775723245298,-28.222427675470165,0.0,0.0,0.0,0.0,-11723.023404135625,-646.758524927543,-15104.0,5181.29279163186,37.76675550502921,-158.5332444949708,0.0,0.0,0.0,0.0,-544.6390958643756,-107.88720677754296,-4408.0,32162.447252197355,1.001440702644639,-0.0,0.0,0.0,0.0,0.0,-886.7359999999999,-887.7126929,-30389.0,22453.473892729115,1959.7421457708829,-0.0,0.0,0.0,0.0,0.0,-7924.1900000000005,-738.0260384999999,-15751.0
t89,12390.747036938192,4426.822963061806,-0.0,0.0,0.0,0.0,0.0,-250.0,-247.57,-16320.0,14312.3381056,0.0,-0.0,0.0,0.0,0.0,0.0,5627.988,-280.3261056,-19660.0,14272.60917491695,3115.8724468330547,-0.0,0.0,0.0,0.0,0.0,15700.6005,-732.0821217499999,-32357.0,26965.99842036219,192.10000011281173,-0.0,0.0,0.0,0.0,0.0,-11877.4445,-649.6539204750001,-14631.0,4581.145602227013,166.85500009798648,-0.0,0.0,0.0,0.0,0.0,-390.2180000000001,-110.782602325,-4247.0,31005.8486929,64.6,-0.0,0.0,0.0,0.0,0.0,-886.7359999999999,-887.7126929,-29296.0,20580.205467869946,3374.010570630051,-0.0,0.0,0.0,0.0,0.0,-7924.1900000000005,-738.0260384999999,-15292.0
t90,12255.016681716019,3835.5533182839795,-0.0,0.0,0.0,0.0,0.0,-250.0,-247.57,-15593.0,9063.140952082862,4269.197153517133,-0.0,0.0,0.0,0.0,0.0,5627.988,-280.3261056,-18680.0,13767.572578926996,2646.9090428230043,-0.0,0.0,0.0,0.0,0.0,15700.6005,-732.0821217499999,-31383.0,27112.59800956813,92.50020545343614,-485.99979454656386,0.0,0.0,0.0,0.0,-11877.4445,-649.6539204750001,-14192.0,4684.574993565733,0.0,-45.57439124073335,0.0,0.0,0.0,0.0,-390.2180000000001,-110.782602325,-4138.0,29985.848692900003,64.6,-0.0,0.0,0.0,0.0,0.0,-886.7359999999999,-887.7126929,-28276.0,21309.334538566272,2360.8814999337205,-0.0,0.0,0.0,0.0,0.0,-7924.1900000000005,-738.0260384999999,-15008.0
t91,12434.583758689947,3094.9862413100523,-0.0,0.0,0.0,0.0,0.0,-250.0,-247.57,-15032.0,9664.259923515508,2864.0781820844945,-0.0,0.0,0.0,0.0,0.0,5627.988,-280.3261056,-17876.0,13774.17115141497,1949.3104703350289,-0.0,0.0,0.0,0.0,0.0,15700.6005,-732.0821217499999,-30692.0,25114.5699111,0.0,-0.0,0.0,0.0,0.0,0.0,-10460.484,-623.0859111,-14031.0,5976.39309295,0.0,-0.0,0.0,0.0,0.0,0.0,-1807.1785,-84.21459295,-4085.0,29360.44725219735,1.001440702644639,-0.0,0.0,0.0,0.0,0.0,-886.7359999999999,-887.7126929,-27587.0,21480.492955734695,1856.7230827652993,-0.0,0.0,0.0,0.0,0.0,-7924.1900000000005,-738.0260384999999,-14675.0
t92,12543.323561575864,2689.2464384241325,-0.0,0.0,0.0,0.0,0.0,-250.0,-247.57,-14735.0,10180.194704824147,1859.143400775855,-0.0,0.0,0.0,0.0,0.0,5627.988,-280.3261056,-17387.0,13845.577189672653,1994.9044320773487,-0.0,0.0,0.0,0.0,0.0,15700.6005,-732.0821217499999,-30809.0,24766.0699111,578.5,-0.0,0.0,0.0,0.0,0.0,-10460.484,-623.0859111,-14261.0,6031.39309295,0.0,-0.0,0.0,0.0,0.0,0.0,-1807.1785,-84.21459295,-4140.0,29052.1598841751,65.28880872490043,-0.0,0.0,0.0,0.0,0.0,-886.7359999999999,-887.7126929,-27343.0,21834.083212608828,1260.1328258911678,-0.0,0.0,0.0,0.0,0.0,-7924.1900000000005,-738.0260384999999,-14432.0
t93,12522.694070532194,2604.875929467806,-0.0,0.0,0.0,0.0,0.0,-250.0,-247.57,-14630.0,11588.07847171711,652.2596338828907,-0.0,0.0,0.0,0.0,0.0,5627.988,-280.3261056,-17588.0,13711.52654872606,3719.9550730239366,-0.0,0.0,0.0,0.0,0.0,15700.6005,-732.0821217499999,-32400.0,25862.069911100003,0.0,-578.5,0.0,0.0,0.0,0.0,-10460.484,-623.0859111,-14200.0,5980.39309295,0.0,-0.0,0.0,0.0,0.0,0.0,-1807.1785,-84.21459295,-4089.0,29333.447252197355,1.001440702644639,-0.0,0.0,0.0,0.0,0.0,-886.7359999999999,-887.7126929,-27560.0,21597.247739624774,1586.9682988752181,-0.0,0.0,0.0,0.0,0.0,-7924.1900000000005,-738.0260384999999,-14522.0
t94,12542.080210111024,2363.4897898889812,-0.0,0.0,0.0,0.0,0.0,-250.0,-247.57,-14408.0,11847.3381056,0.0,-0.0,0.0,0.0,0.0,0.0,5627.988,-280.3261056,-17195.0,13779.549714979083,5142.931906770916,-0.0,0.0,0.0,0.0,0.0,15700.6005,-732.0821217499999,-33891.0,24760.569911100003,0.0,-0.0,0.0,0.0,0.0,0.0,-10460.484,-623.0859111,-13677.0,6965.676239712268,0.0,-1115.283146762268,0.0,0.0,0.0,0.0,-1807.1785,-84.21459295,-3959.0,29148.2000549428,44.248637957199996,-0.0,0.0,0.0,0.0,0.0,-886.7359999999999,-887.7126929,-27418.0,20908.465251192432,2223.750787307564,-0.0,0.0,0.0,0.0,0.0,-7924.1900000000005,-738.0260384999999,-14470.0
t95,12556.925730907102,1882.6442690928984,-0.0,0.0,0.0,0.0,0.0,-250.0,-247.57,-13942.0,10845.338105600002,0.0,-0.0,0.0,0.0,0.0,0.0,5627.988,-280.3261056,-16193.0,13805.867079747242,4869.614542002762,-0.0,0.0,0.0,0.0,0.0,15700.6005,-732.0821217499999,-33644.0,24285.069911100003,578.5,-0.0,0.0,0.0,0.0,0.0,-10460.484,-623.0859111,-13780.0,5892.39309295,0.0,-0.0,0.0,0.0,0.0,0.0,-1807.1785,-84.21459295,-4001.0,28729.448692899998,0.0,-0.0,0.0,0.0,0.0,0.0,-886.7359999999999,-887.7126929,-26955.0,20065.651934108188,2743.5641043918117,-0.0,0.0,0.0,0.0,0.0,-7924.1900000000005,-738.0260384999999,-14147.0
t96,13380.652359387543,1096.9176406124554,-0.0,0.0,0.0,0.0,0.0,-250.0,-247.57,-13980.0,11166.338105600003,0.0,-0.0,0.0,0.0,0.0,0.0,5627.988,-280.3261056,-16514.0,13892.192794833394,4234.288826916607,-0.0,0.0,0.0,0.0,0.0,15700.6005,-732.0821217499999,-33095.0,25072.569911100003,0.0,-0.0,0.0,0.0,0.0,0.0,-10460.484,-623.0859111,-13989.0,6912.903538004414,0.0,-943.5104450544139,0.0,0.0,0.0,0.0,-1807.1785,-84.21459295,-4078.0,29345.448692899998,0.0,-0.0,0.0,0.0,0.0,0.0,-886.7359999999999,-887.7126929,-27571.0,19250.403641247267,3232.8123972527283,-0.0,0.0,0.0,0.0,0.0,-7924.1900000000005,-738.0260384999999,-13821.0
t97,18395.57,0.0,-0.0,0.0,0.0,0.0,0.0,-250.0,-247.57,-17898.0,11739.174911476552,571.1,-0.0,0.0,0.0,0.0,0.0,8164.401508690897,-365.6764201674487,-20109.0,16645.945445805555,6767.299999202795,-0.0,0.0,0.0,0.0,0.0,13164.186991309103,-817.4324363174487,-35760.0,33268.80840180714,0.0,-1958.5817802261888,0.0,0.0,0.0,0.0,-9951.59911896148,-632.6275026194722,-20726.0,8287.630010562405,0.0,-1139.810445054414,0.0,0.0,0.0,0.0,-2316.0633810385198,-93.75618446947225,-4738.0,38271.87886996669,0.0,-335.99631795185707,0.0,0.0,0.0,0.0,341.38636576831504,-972.2689177831485,-37305.0,29210.08685695238,0.0,-4909.192227800924,0.0,0.0,0.0,0.0,-9152.312365768315,-822.5822633831484,-14326.0
t98,18527.86928547218,332.70071452781724,-0.0,0.0,0.0,0.0,0.0,-250.0,-247.57,-18363.0,11424.074624625477,3581.2634809745255,-0.0,0.0,0.0,0.0,0.0,5627.988,-280.3261056,-20353.0,16665.53808753921,2629.943534210786,-0.0,0.0,0.0,0.0,0.0,15700.6005,-732.0821217499999,-34264.0,34074.964680481695,0.0,-1958.581780226189,0.0,0.0,0.0,0.0,-10202.459020795422,-627.9238794600858,-21286.0,8132.066485569078,0.0,-1139.810445054414,0.0,0.0,0.0,0.0,-2065.203479204578,-89.05256131008584,-4838.0,38377.85650147501,0.0,-0.0,0.0,0.0,0.0,0.0,1300.4435000000003,-1038.300001475,-38640.0,30346.824833670144,0.0,-5057.841986595148,0.0,0.0,0.0,0.0,-10111.3695,-888.6133470749999,-14289.0
t99,18201.26209712393,986.3079028760682,-0.0,0.0,0.0,0.0,0.0,-250.0,-247.57,-18690.0,11159.708599511863,0.0,-0.0,0.0,0.0,0.0,0.0,10080.442603495772,-430.1512030076328,-20810.0,16550.527037208187,5580.2342854452245,-0.0,0.0,0.0,0.0,0.0,11248.14589650423,-881.9072191576327,-32497.0,34544.105920474576,0.0,-1732.581780226189,0.0,0.0,0.0,0.0,-9971.265380023839,-632.258760224553,-22208.0,8049.273156995208,0.0,-612.4885949444938,0.0,0.0,0.0,0.0,-2296.397119976161,-93.38744207455302,-5047.0,39849.85650147501,0.0,-0.0,0.0,0.0,0.0,0.0,1300.4435000000003,-1038.300001475,-40112.0,30160.156314323547,0.0,-4413.173467248549,0.0,0.0,0.0,0.0,-10111.3695,-888.6133470749999,-14747.0
t100,17843.699780152176,1452.8702198478245,-0.0,0.0,0.0,0.0,0.0,-250.0,-247.57,-18799.0,10841.849879064921,2246.9,-0.0,0.0,0.0,0.0,0.0,9853.773922838598,-422.52380190351886,-22520.0,16463.1940843782,2405.271156513922,-0.0,0.0,0.0,0.0,0.0,11474.814577161402,-874.2798180535187,-29469.0,34143.87019198278,0.0,-700.8354334040221,0.0,0.0,0.0,0.0,-10201.085118449699,-627.9496401290681,-22614.0,8220.308502389638,0.0,-895.652798860269,0.0,0.0,0.0,0.0,-2066.577381550301,-89.07832197906815,-5169.0,41477.67360308497,12.1828983900416,-0.0,0.0,0.0,0.0,0.0,1300.4435000000003,-1038.300001475,-41752.0,30377.122429570016,0.0,-4285.139582495018,0.0,0.0,0.0,0.0,-10111.3695,-888.6133470749999,-15092.0
t101,17830.42068405454,1095.1493159454571,-0.0,0.0,0.0,0.0,0.0,-250.0,-247.57,-18428.0,10787.492815290794,2221.009684112905,-0.0,0.0,0.0,0.0,0.0,10786.404315202875,-453.9068146065768,-23341.0,16473.106622204527,3961.048599868336,-0.0,0.0,0.0,0.0,0.0,10056.77115746569,-876.9263795385559,-29614.0,33249.171678956314,0.0,-1499.9040184334672,0.0,0.0,0.0,0.0,-8409.99029896234,-525.2773615605037,-22814.0,7310.321585991868,0.0,-205.9284930418676,0.0,0.0,0.0,0.0,-1807.1785,-84.21459295,-5213.0,41564.10558222291,379.60144070264465,-0.0,0.0,0.0,0.0,0.0,1785.8565273314343,-1009.563550256979,-42720.0,30001.290640622698,0.0,-1886.6226420495332,0.0,0.0,0.0,0.0,-12161.86320103766,-790.8047975355034,-15162.0
t102,17688.27992586465,651.2900741353502,-0.0,0.0,0.0,0.0,0.0,-250.0,-247.57,-17842.0,10608.467079475591,2829.410840734702,-0.0,0.0,0.0,0.0,0.0,10710.473833693493,-451.35175390378606,-23697.0,16739.184587191994,2775.2435375330597,-0.0,0.0,0.0,0.0,0.0,10140.398870199177,-874.826994924232,-28780.0,32199.490309380555,0.0,-804.5,0.0,0.0,0.0,0.0,-8441.223141243248,-526.767168137303,-22427.0,7780.485882756426,0.0,-755.0927898064249,0.0,0.0,0.0,0.0,-1807.1785,-84.21459295,-5134.0,41862.25848953549,379.60144070264465,-0.0,0.0,0.0,0.0,0.0,1778.1592961073302,-1010.019226345446,-43010.0,29705.496362169404,0.0,-1901.5713993003537,0.0,0.0,0.0,0.0,-12130.630358756753,-792.2946041123027,-14881.0
t103,17716.91468012074,121.65531987926045,-0.0,0.0,0.0,0.0,0.0,-250.0,-247.57,-17341.0,10747.934229029055,195.73667057932317,-0.0,0.0,0.0,0.0,0.0,12594.06365167033,-514.7345512787067,-23023.0,17466.579514698005,1980.3862044010289,-0.0,0.0,0.0,0.0,0.0,8734.524848329671,-966.4905674287065,-27215.0,30851.88679086164,0.0,-1380.1982798390782,0.0,0.0,0.0,0.0,-6870.001025857386,-470.687485165174,-22131.0,7420.953885357789,0.0,-196.3,0.0,0.0,0.0,0.0,-2091.115474142614,-89.53841121517402,-5044.0,42256.66784897807,181.18865249694258,-0.0,0.0,0.0,0.0,0.0,1300.4435000000003,-1038.300001475,-42700.0,29405.789729789267,0.0,-390.98312691427054,0.0,0.0,0.0,0.0,-13417.915500000001,-730.8911028749998,-14866.0
t104,17294.569999999996,0.0,-0.0,0.0,0.0,0.0,0.0,-250.0,-247.57,-16797.0,10873.785638435322,0.0,-0.0,0.0,0.0,0.0,0.0,11890.266126108221,-491.0517645435416,-22273.0,18646.48540680176,0.0,-0.0,0.0,0.0,0.0,0.0,9438.32237389178,-942.8077806935416,-27142.0,30021.923780969817,0.0,-578.5,0.0,0.0,0.0,0.0,-7429.949198284747,-520.4745826850644,-21493.0,7521.457860179287,0.0,-0.0,0.0,0.0,0.0,0.0,-2438.407719366171,-96.05014081311572,-4987.0,42077.856501475006,0.0,-0.0,0.0,0.0,0.0,0.0,1300.4435000000003,-1038.300001475,-42340.0,30366.8149249608,0.0,-2071.9733718147727,0.0,0.0,0.0,0.0,-12510.675082349084,-774.1664707969486,-15010.0
t105,21913.249890897117,0.0,-5022.679890897116,0.0,0.0,0.0,0.0,-250.0,-247.57,-16393.0,14875.329220872361,0.0,-0.0,0.0,0.0,0.0,0.0,6964.986897632988,-325.31611850535006,-21515.0,21317.85084825147,0.0,-7795.38031596313,0.0,0.0,0.0,0.0,14363.601602367013,-777.07213465535,-27109.0,28375.898215900543,0.0,-456.9848913355582,0.0,0.0,0.0,0.0,-6158.8925555821515,-484.0207689828347,-21276.0,7195.912546500683,0.0,-0.0,0.0,0.0,0.0,0.0,-2145.0454444178486,-70.86710208283466,-4980.0,41598.45794217765,0.0,-65.60144070264464,0.0,0.0,0.0,0.0,1300.4435000000003,-1038.300001475,-41795.0,30952.106830966484,0.0,-1034.1263210414872,0.0,0.0,0.0,0.0,-14075.094000000001,-698.8865099249998,-15144.0
t106,22192.9630014623,0.0,-5413.393001462298,0.0,0.0,0.0,0.0,-250.0,-247.57,-16282.0,23062.021143088004,0.0,-7418.411610368039,0.0,0.0,0.0,0.0,5614.181172621334,-280.79070534129215,-20977.0,23478.350773697228,0.0,-11249.211379584598,0.0,0.0,0.0,0.0,15714.407327378667,-732.5467214912921,-27211.0,27324.922403274664,0.0,-0.0,0.0,0.0,0.0,0.0,-5500.260513149912,-534.6618901247479,-21290.0,6586.407202585105,0.0,-0.0,0.0,0.0,0.0,0.0,-1480.9911191019432,-58.41608348316144,-5047.0,41838.071390180026,0.0,-105.21488870502806,0.0,0.0,0.0,0.0,1300.4435000000003,-1038.300001475,-41995.0,31340.035583005716,0.0,-51.27656559098887,0.0,0.0,0.0,0.0,-15397.780367748144,-761.9786496665863,-15129.0
t107,21528.784633257514,0.0,-4617.214633257513,0.0,0.0,0.0,0.0,-250.0,-247.57,-16414.0,25162.288909441322,0.0,-7418.411610368039,0.0,0.0,0.0,0.0,3398.472019278015,-355.3493183512948,-20787.0,24544.354295194436,0.0,-13894.365441415128,0.0,0.0,0.0,0.0,17930.116480721987,-807.1053345012947,-27773.0,27079.560038993353,161.42234139296443,-0.0,0.0,0.0,0.0,0.0,-4941.900959935681,-546.0814204506346,-21753.0,7192.795354371899,0.0,-0.0,0.0,0.0,0.0,0.0,-2006.5255012239504,-68.26985314794908,-5118.0,42370.45794217764,0.0,-65.60144070264464,0.0,0.0,0.0,0.0,1300.4435000000003,-1038.300001475,-42567.0,31462.14994916805,0.0,-0.0,0.0,0.0,0.0,0.0,-15430.60553884037,-763.5444103276855,-15268.0
t108,21217.252701968788,0.0,-2436.6724539071206,0.0,0.0,0.0,0.0,-1175.2246239975032,-188.35562406415983,-17417.0,24226.15169274631,0.0,-7418.411610368039,0.0,0.0,0.0,0.0,4887.865192260277,-273.6052746385476,-21422.0,24184.408490235634,0.0,-10411.371406756718,0.0,0.0,0.0,0.0,16058.07402229636,-744.1111057752724,-29087.0,26466.93471845327,578.5,-0.0,0.0,0.0,0.0,0.0,-3579.595941854736,-594.8387765985292,-22871.0,7307.2125708123285,664.5259385626707,-0.0,0.0,0.0,0.0,0.0,-2566.9605,-78.778009375,-5326.0,43189.51995436282,358.9374466821004,-0.0,0.0,0.0,0.0,0.0,1683.0927854433648,-1019.5501864882751,-44212.0,31673.83016846045,0.0,-0.0,0.0,0.0,0.0,0.0,-15307.250934147762,-742.5792343126889,-15624.0
t109,20487.433114072304,0.0,-630.6631140722973,0.0,0.0,0.0,0.0,-1450.0,-170.77,-18236.0,23365.478313671414,0.0,-4134.857405577561,0.0,0.0,0.0,0.0,4153.452981604777,-208.07388969863405,-23176.0,23130.946764858236,0.0,-7428.4651431082275,0.0,0.0,0.0,0.0,15700.6005,-732.0821217499999,-30671.0,25247.987495089325,1142.0979253856767,-0.0,0.0,0.0,0.0,0.0,-2430.4315,-649.6539204750001,-23310.0,7940.672927270792,87.06558210420793,-0.0,0.0,0.0,0.0,0.0,-2566.9605,-78.778009375,-5382.0,43071.46782647577,379.60144070264465,-0.0,0.0,0.0,0.0,0.0,2774.9785183952235,-966.047785573634,-45260.0,32271.734388219873,916.7143659051317,-0.0,0.0,0.0,0.0,0.0,-16181.640000000001,-779.808754125,-16227.0
t110,20596.44362986345,0.0,-672.6736298634462,0.0,0.0,0.0,0.0,-1450.0,-170.77,-18303.0,23379.777452983544,0.0,-4038.974757122453,0.0,0.0,0.0,0.0,4427.709776802215,-221.51247266330853,-23547.0,20741.47049636216,0.0,-4214.988874612156,0.0,0.0,0.0,0.0,15700.6005,-732.0821217499999,-31495.0,24431.589879770552,1958.581780226189,-0.0,0.0,0.0,0.0,0.0,-2332.864474528648,-643.3071854680885,-23414.0,8133.078252805955,0.0,-0.0,0.0,0.0,0.0,0.0,-2674.083360142038,-83.99489266391724,-5375.0,43298.38349510233,379.60144070264465,-0.0,0.0,0.0,0.0,0.0,2403.1546977264334,-973.1396335313971,-45108.0,31756.213018922273,1346.3297583496033,-0.0,0.0,0.0,0.0,0.0,-16074.517139857964,-785.0256374139173,-16243.0
t111,18664.570000000003,0.0,-0.0,0.0,0.0,0.0,0.0,-250.0,-247.57,-18167.0,23006.39246243823,0.0,-4902.703736413223,0.0,0.0,0.0,0.0,5561.373257176651,-277.0619832016559,-23388.0,19892.042815748035,0.0,-3295.5611939980276,0.0,0.0,0.0,0.0,15700.6005,-732.0821217499999,-31565.0,24411.070048747755,1895.015371727246,-0.0,0.0,0.0,0.0,0.0,-2430.4315,-649.6539204750001,-23226.0,7343.955289048776,599.7832203262233,-0.0,0.0,0.0,0.0,0.0,-2566.9605,-78.778009375,-5298.0,43782.37619555067,379.60144070264465,-0.0,0.0,0.0,0.0,0.0,1367.0582428233492,-1035.0358790766559,-44494.0,31140.12052304849,3389.128231076519,-0.0,0.0,0.0,0.0,0.0,-17381.64,-856.6087541249999,-16291.0
t112,19408.780679719228,0.0,-0.0,0.0,0.0,0.0,0.0,-1184.6434943633171,-205.1371853559054,-18019.0,17651.338105599996,0.0,-0.0,0.0,0.0,0.0,0.0,5627.988,-280.3261056,-22999.0,16416.481621749997,0.0,-0.0,0.0,0.0,0.0,0.0,15700.6005,-732.0821217499999,-31385.0,23636.097477053456,1958.581780226189,-0.0,0.0,0.0,0.0,0.0,-2015.5288357441646,-591.150421535474,-22988.0,5101.913232046204,1139.810445054414,-0.0,0.0,0.0,0.0,0.0,-973.6677121149676,-43.05596498564951,-5225.0,43844.36986299049,0.0,-0.0,0.0,0.0,0.0,0.0,509.47782107013245,-986.847684060612,-43367.0,28021.454998157424,6688.141986595148,-0.0,0.0,0.0,0.0,0.0,-17664.226278847684,-870.3707059048821,-16175.0
t113,16866.231978829434,1235.3380211705655,-0.0,0.0,0.0,0.0,0.0,-250.0,-247.57,-17604.0,9927.128112574184,571.1,-0.0,0.0,0.0,0.0,0.0,12371.0003589029,-507.2284714770826,-22362.0,16242.116234022771,6840.280112507214,-0.0,0.0,0.0,0.0,0.0,8957.588141097101,-958.9844876270827,-31081.0,24234.700046826685,1026.0537569244184,-0.0,0.0,0.0,0.0,0.0,-2274.1004520872025,-597.6533516638997,-22389.0,6093.38904541152,1139.810445054414,-0.0,0.0,0.0,0.0,0.0,-2067.7810949358854,-69.41839553004785,-5096.0,42243.72599948577,0.0,-0.0,0.0,0.0,0.0,0.0,644.933047023088,-995.6590465088518,-41893.0,27728.0983383885,6337.150415736498,-0.0,0.0,0.0,0.0,0.0,-17381.64,-856.6087541249999,-15827.0
t114,16879.990060542903,698.5799394570981,-0.0,0.0,0.0,0.0,0.0,-250.0,-247.57,-17081.0,9015.942608917454,6847.311610368039,-0.0,0.0,0.0,0.0,0.0,6011.993677357593,-293.24789664308304,-21582.0,16094.43907179315,158.9700183575287,-0.0,0.0,0.0,0.0,0.0,15316.594822642408,-745.0039127930829,-30825.0,24987.061129478927,578.5,-0.0,0.0,0.0,0.0,0.0,-3193.1081541513777,-326.4529753275471,-22046.0,7056.417471513981,560.321037861019,-0.0,0.0,0.0,0.0,0.0,-2566.9605,-78.778009375,-4971.0,42510.563961324144,0.0,-314.0,0.0,0.0,0.0,0.0,-1268.466725350284,-871.0972359738578,-40057.0,27782.916190973014,2489.299374896632,-0.0,0.0,0.0,0.0,0.0,-14050.053120498338,-697.1624453713105,-15525.0
t115,16715.866115133602,704.7038848663988,-0.0,0.0,0.0,0.0,0.0,-250.0,-247.57,-16923.0,9547.537886933344,5582.825055494119,-0.0,0.0,0.0,0.0,0.0,5932.199893384942,-290.5628358124033,-20772.0,16095.930245347346,0.0,-0.0,0.0,0.0,0.0,0.0,15396.388606615059,-742.3188519624033,-30750.0,25561.589308624818,0.0,-0.0,0.0,0.0,0.0,0.0,-3336.2111661783715,-240.37814244644636,-21985.0,7317.030267333524,0.0,-0.0,0.0,0.0,0.0,0.0,-2276.0248061433354,-93.00546119018755,-4948.0,44425.00652199994,0.0,-314.0,0.0,0.0,0.0,0.0,-5153.87095812603,-610.1355638739018,-38347.0,26343.58610018462,0.0,-0.0,0.0,0.0,0.0,0.0,-10312.481569552265,-624.104530632357,-15407.0
t116,16414.7702378215,947.7997621784986,-0.0,0.0,0.0,0.0,0.0,-250.0,-247.57,-16865.0,10135.893483914488,0.0,-0.0,0.0,0.0,0.0,0.0,10623.532700869782,-448.42618478426823,-20311.0,16050.536827189306,4868.589574614747,-0.0,0.0,0.0,0.0,0.0,10705.055799130218,-900.1822009342682,-30724.0,25200.93643523177,0.0,-0.0,0.0,0.0,0.0,0.0,-2632.000130588385,-132.93630464338426,-22436.0,6937.130329711947,0.0,-251.3986255768433,0.0,0.0,0.0,0.0,-1584.3679833461458,-73.3637207889573,-5028.0,45582.799076578274,0.0,-314.0,0.0,0.0,0.0,0.0,-7614.743255658887,-450.0558209193893,-37204.0,25241.15956226953,0.0,-0.0,0.0,0.0,0.0,0.0,-9247.477130406582,-674.6824318629522,-15319.0
t117,15977.808672637302,1543.7613273626944,-0.0,0.0,0.0,0.0,0.0,-250.0,-247.57,-17024.0,10728.195697426252,4246.142408173749,-0.0,0.0,0.0,0.0,0.0,5627.988,-280.3261056,-20322.0,16063.45015562831,102.03146612169076,-0.0,0.0,0.0,0.0,0.0,15700.6005,-732.0821217499999,-31134.0,24746.854728550643,0.0,-0.0,0.0,0.0,0.0,0.0,-2088.245421924826,-99.60930662581421,-22559.0,6473.023592832549,0.0,-0.0,0.0,0.0,0.0,0.0,-1412.051676201535,-64.97191663101475,-4996.0,45790.62446670264,0.0,-379.60144070264465,0.0,0.0,0.0,0.0,-8040.674,-422.349026,-36948.0,25250.946272682704,293.3415537977613,-0.0,0.0,0.0,0.0,0.0,-9537.61740187364,-660.6704246068289,-15346.0
t118,15803.405750667276,1716.1642493327204,-0.0,0.0,0.0,0.0,0.0,-250.0,-247.57,-17022.0,11010.047654572876,0.0,-0.0,0.0,0.0,0.0,0.0,9276.035240675872,-403.08289524874306,-19883.0,16002.997355363705,4528.288296710912,-0.0,0.0,0.0,0.0,0.0,12052.55325932413,-854.838911398743,-31729.0,25829.05107441712,0.0,-0.0,0.0,0.0,0.0,0.0,-3516.660858661205,-171.3902157559114,-22141.0,7162.097358944456,0.0,-371.7042659944548,0.0,0.0,0.0,0.0,-1807.1785,-84.21459295,-4899.0,45022.17757959735,0.0,-379.60144070264465,0.0,0.0,0.0,0.0,-7830.559141338795,-436.01699755591136,-36376.0,23918.216038499995,0.0,-0.0,0.0,0.0,0.0,0.0,-7924.1900000000005,-738.0260384999999,-15256.0
t119,15585.06558635499,1933.5044136450092,-0.0,0.0,0.0,0.0,0.0,-250.0,-247.57,-17021.0,11482.656099496506,0.0,-0.0,0.0,0.0,0.0,0.0,7736.625663479582,-351.281762976088,-18868.0,15951.625996612956,3475.448945992708,-0.0,0.0,0.0,0.0,0.0,13591.962836520419,-803.037779126088,-32216.0,27217.652517708,0.0,-0.0,0.0,0.0,0.0,0.0,-4729.004611950608,-184.6479057573871,-22304.0,4824.664388527132,0.0,-0.0,0.0,0.0,0.0,0.0,254.71020997222072,-79.37459849935284,-5000.0,44478.48400693442,0.0,-379.60144070264465,0.0,0.0,0.0,0.0,-8035.175888049392,-422.70667818238707,-35641.0,23901.98903148524,614.7472131613312,-0.0,0.0,0.0,0.0,0.0,-8569.118209972221,-706.6180346743528,-15241.0
t120,15484.092920902947,2554.477079097053,-0.0,0.0,0.0,0.0,0.0,-250.0,-247.57,-17541.0,11579.230581288175,465.13538115639983,-0.0,0.0,0.0,0.0,0.0,7381.982042692014,-339.34800513658627,-19087.0,15886.015583832846,3371.4819801457556,-0.0,0.0,0.0,0.0,0.0,13946.606457307986,-791.1040212865862,-32413.0,27874.893483674,0.0,-178.6680354046581,0.0,0.0,0.0,0.0,-5048.776388450622,-205.449059818713,-22442.0,4379.175685975292,541.6418233997085,-0.0,0.0,0.0,0.0,0.0,266.9604999999999,-78.778009375,-5109.0,44775.75428820369,0.0,-379.60144070264465,0.0,0.0,0.0,0.0,-8058.989183082282,-467.16366441875346,-35870.0,23924.69800550808,26.762700684049836,-0.0,0.0,0.0,0.0,0.0,-8237.783428467095,-729.6772777250404,-14984.0
t121,11465.995241365406,6691.574758634592,-0.0,0.0,0.0,0.0,0.0,-250.0,-247.57,-17660.0,11917.318966838151,2904.0191387618474,-0.0,0.0,0.0,0.0,0.0,5627.988,-280.3261056,-20169.0,16546.345727080334,1449.1358946696664,-0.0,0.0,0.0,0.0,0.0,15700.6005,-732.0821217499999,-32964.0,31983.490123589872,0.0,-578.5,0.0,0.0,0.0,0.0,-11257.951693241595,-638.0384303482799,-19509.0,7507.474955863282,0.0,-805.5970369065961,0.0,0.0,0.0,0.0,-1009.7108067584061,-99.1671121982799,-5593.0,40112.21406077237,315.00144070264463,-0.0,0.0,0.0,0.0,0.0,-3073.915500000001,-1038.300001475,-36315.0,21657.82976885108,166.79407822391613,-0.0,0.0,0.0,0.0,0.0,-5737.0105,-888.6133470749999,-15199.0
t122,12142.261747300468,6215.308252699528,-0.0,0.0,0.0,0.0,0.0,-250.0,-247.57,-17860.0,12421.851073787288,3907.487031812712,-0.0,0.0,0.0,0.0,0.0,5627.988,-280.3261056,-21677.0,16546.48162175,0.0,-0.0,0.0,0.0,0.0,0.0,15700.6005,-732.0821217499999,-31515.0,31936.069911100003,0.0,-578.5,0.0,0.0,0.0,0.0,-10460.484,-623.0859111,-20274.0,7872.2886483748525,0.0,-438.89555542485186,0.0,0.0,0.0,0.0,-1807.1785,-84.21459295,-5542.0,43216.615501475004,64.6,-0.0,0.0,0.0,0.0,0.0,-3073.915500000001,-1038.300001475,-39169.0,21469.134562619296,287.4892844556957,-0.0,0.0,0.0,0.0,0.0,-5737.0105,-888.6133470749999,-15131.0
t123,12333.199959169273,5751.370040830722,-0.0,0.0,0.0,0.0,0.0,-250.0,-247.57,-17587.0,13904.910302367105,1624.3176689095303,-0.0,0.0,0.0,0.0,0.0,6839.8782409306805,-321.1062122073174,-22048.0,16543.151969288,0.0,-0.0,0.0,0.0,0.0,0.0,14488.71025906932,-772.8622283573175,-30259.0,32289.092498660906,0.0,-0.0,0.0,0.0,0.0,0.0,-11240.383472452426,-637.709026208483,-20411.0,7369.67465360611,0.0,-686.557918000052,0.0,0.0,0.0,0.0,-1027.2790275475745,-98.83770805848299,-5557.0,44407.21550147501,0.0,-0.0,0.0,0.0,0.0,0.0,-3073.915500000001,-1038.300001475,-40295.0,21338.525958501024,179.09788857396734,-0.0,0.0,0.0,0.0,0.0,-5737.0105,-888.6133470749999,-14892.0
t124,12582.238319259173,5402.331680740823,-0.0,0.0,0.0,0.0,0.0,-250.0,-247.57,-17487.0,12648.696855007885,4309.641250592112,-0.0,0.0,0.0,0.0,0.0,5627.988,-280.3261056,-22306.0,16690.533946236388,471.9476755136147,-0.0,0.0,0.0,0.0,0.0,15700.6005,-732.0821217499999,-32131.0,31943.030755926367,0.0,-144.6249999987774,0.0,0.0,0.0,0.0,-10606.580534800085,-625.8252211275015,-20566.0,7764.557905341003,0.0,-423.5220371635853,0.0,0.0,0.0,0.0,-1661.081965199915,-86.9539029775016,-5593.0,43883.615501475,378.6,-0.0,0.0,0.0,0.0,0.0,-3073.915500000001,-1038.300001475,-40150.0,21349.61202868291,190.0118183920854,-0.0,0.0,0.0,0.0,0.0,-5737.0105,-888.6133470749999,-14914.0
t125,13112.27344017643,4989.296559823567,-0.0,0.0,0.0,0.0,0.0,-250.0,-247.57,-17604.0,12919.279412336085,5034.058693263913,-0.0,0.0,0.0,0.0,0.0,5627.988,-280.3261056,-23301.0,16941.8830595222,929.5985622278058,-0.0,0.0,0.0,0.0,0.0,15700.6005,-732.0821217499999,-32840.0,32409.449557565586,0.0,-578.5,0.0,0.0,0.0,0.0,-10697.421076285238,-627.5284812803483,-20506.0,7234.89858684511,0.0,-0.0,0.0,0.0,0.0,0.0,-1570.2414237147618,-88.65716313034822,-5576.0,43749.21406077236,315.00144070264463,-0.0,0.0,0.0,0.0,0.0,-3073.915500000001,-1038.300001475,-39952.0,21449.906475005595,26.71737206939997,-0.0,0.0,0.0,0.0,0.0,-5737.0105,-888.6133470749999,-14851.0
t126,13564.717030643462,4519.852969356534,-0.0,0.0,0.0,0.0,0.0,-250.0,-247.57,-17587.0,16221.908793847502,2057.7490537829635,-0.0,0.0,0.0,0.0,0.0,5933.9643625700155,-290.62221020048105,-23923.0,17356.7540889205,-1.048140854891244e-13,-0.0,0.0,0.0,0.0,0.0,15394.624137429984,-742.3782263504811,-32009.0,33198.59842047499,0.0,-578.5,0.0,0.0,0.0,0.0,-11877.4445,-649.6539204750001,-20093.0,7030.6128616171845,0.0,-1030.6122592921854,0.0,0.0,0.0,0.0,-390.2180000000001,-110.782602325,-5499.0,43233.72994964385,64.6,-0.0,0.0,0.0,0.0,0.0,-2752.181344757314,-1016.148604886541,-39530.0,21507.20660572922,0.0,-0.0,0.0,0.0,0.0,0.0,-6058.744655242687,-866.4619504865409,-14582.0
t127,15677.2426760004,2386.3273239995747,-0.0,0.0,0.0,0.0,0.0,-250.0,-247.57,-17566.0,15036.98783131983,0.0,-0.0,0.0,0.0,0.0,0.0,9233.669455249308,-401.6572865691393,-23869.0,18486.49425796845,0.0,-0.0,0.0,0.0,0.0,0.0,12094.919044750692,-853.4133027191392,-29728.0,32805.75369589982,0.0,-839.655275424822,0.0,0.0,0.0,0.0,-11877.4445,-649.6539204750001,-19439.0,6429.357707171112,0.0,-569.3571048461126,0.0,0.0,0.0,0.0,-390.2180000000001,-110.782602325,-5359.0,41825.04250882375,0.0,-0.0,0.0,0.0,0.0,0.0,-2237.3406834670386,-980.7018253567056,-38607.0,21926.60048748966,0.0,-0.0,0.0,0.0,0.0,0.0,-6573.585316532961,-831.0151709567056,-14522.0
t128,18057.87,0.0,-97.3,0.0,0.0,0.0,0.0,-250.0,-247.57,-17463.0,13121.647925379919,0.0,-0.0,0.0,0.0,0.0,0.0,10572.045722585071,-446.69364796498763,-23247.0,21315.656886697332,0.0,-1248.7499999972715,0.0,0.0,0.0,0.0,10756.542777414928,-898.4496641149876,-29925.0,33254.57854199547,0.0,-1627.4801215204707,0.0,0.0,0.0,0.0,-11877.4445,-649.6539204750001,-19100.0,5874.992214232097,0.0,-119.99161190709644,0.0,0.0,0.0,0.0,-390.2180000000001,-110.782602325,-5254.0,39308.44869290001,0.0,-0.0,0.0,0.0,0.0,0.0,-886.7359999999999,-887.7126929,-37534.0,23109.216038499995,0.0,-0.0,0.0,0.0,0.0,0.0,-7924.1900000000005,-738.0260384999999,-14447.0
t129,26336.77547849046,0.0,-6763.70552582531,0.0,0.0,0.0,0.0,-2068.3741385555695,-142.69581410957716,-17362.0,26089.6010829,0.0,-3014.6010828999943,0.0,0.0,0.0,0.0,0.0,-0.0,-23075.0,31468.3743801538,0.0,-12969.266616694673,0.0,0.0,0.0,0.0,12516.093057322592,-580.2008207817175,-30435.0,32501.91056777398,0.0,-1958.581780226189,0.0,0.0,0.0,0.0,-11133.094814138103,-601.2339734096836,-18809.0,5023.619228150411,0.0,-674.250043221403,0.0,0.0,0.0,0.0,885.3346385555692,-50.70382348457716,-5184.0,32867.86052416737,0.0,-378.93909699020446,0.0,0.0,0.0,0.0,4480.239728903407,-531.1611560805777,-36438.0,25633.487230183142,0.0,-5855.143129359419,0.0,0.0,0.0,0.0,-4680.198472087897,-505.1456287358235,-14593.0
t130,26729.727698834264,0.0,-12134.58688619456,0.0,0.0,0.0,0.0,2921.995118395585,-155.1359310352957,-17362.0,36703.86747868612,0.0,-7418.411610368039,0.0,0.0,0.0,0.0,-6327.534337849452,-212.92153046863405,-22745.0,33620.62851251444,0.0,-14937.461024341634,0.0,0.0,0.0,0.0,12833.301208458895,-598.4686966317076,-30918.0,29897.119174769956,0.0,-1958.581780226189,0.0,0.0,0.0,0.0,-8746.548273596325,-445.98912094744094,-18746.0,4781.298851614104,0.0,-0.0,0.0,0.0,0.0,0.0,481.7286822851504,-69.02753389925417,-5194.0,34392.206462835646,0.0,-379.60144070264465,0.0,0.0,0.0,0.0,1956.4368563409575,-384.0418784739587,-35585.0,24979.371233380476,0.0,-6688.141986595148,0.0,0.0,0.0,0.0,-3119.3792540348127,-461.84999275051433,-14710.0
t131,25980.587815186707,0.0,-9307.666650907617,0.0,0.0,0.0,0.0,872.6993879330686,-39.620552212161314,-17506.0,35843.96618608499,0.0,-6847.311610368039,0.0,0.0,0.0,0.0,-6212.600566649205,-209.05400906774574,-22575.0,33492.69612386707,0.0,-14937.461024341634,0.0,0.0,0.0,0.0,13405.291966832569,-556.527066358003,-31404.0,30197.97374918722,0.0,-1732.581780226189,0.0,0.0,0.0,0.0,-9126.675567542392,-470.71640141863264,-18868.0,4821.92744952023,0.0,-0.0,0.0,0.0,0.0,0.0,544.2611120669313,-66.18856158716132,-5300.0,33764.59519929751,0.0,-336.65866166429726,0.0,0.0,0.0,0.0,2199.9218457410584,-416.8583833742716,-35211.0,23617.803230936795,0.0,-6688.141986595148,0.0,0.0,0.0,0.0,-1682.8981783820295,-374.7630659596183,-14872.0
t132,26048.44600861397,0.0,-6124.8499790429005,0.0,0.0,0.0,0.0,-1825.8915038456562,-153.70452572540722,-17944.0,34344.67150787935,0.0,-7148.556955336571,0.0,0.0,0.0,0.0,-4371.99685826225,-147.1176942805247,-22677.0,32731.40736632538,0.0,-13200.027336156218,0.0,0.0,0.0,0.0,13665.086231537147,-584.4662617063145,-32612.0,28232.894832943468,0.0,-1339.8023347312742,0.0,0.0,0.0,0.0,-7223.1973545487945,-346.89514366339904,-19323.0,4822.860531254752,0.0,-0.0,0.0,0.0,0.0,0.0,642.8520038456562,-61.71253510040721,-5404.0,35670.1918536869,0.0,-379.60144070264465,0.0,0.0,0.0,0.0,739.2335495595053,-266.8239625437649,-35763.0,22312.219794051183,0.0,-5057.841986595148,0.0,0.0,0.0,0.0,-1626.0860682856087,-372.29173917042397,-15256.0
t133,25584.221312937327,0.0,-4903.28837226805,0.0,0.0,0.0,0.0,-1848.2431810908029,-152.68975957847755,-18680.0,32078.44930094554,0.0,-6847.311610368039,0.0,0.0,0.0,0.0,-1676.7161907584716,-56.42149981902257,-23498.0,30584.85768578834,0.0,-8541.637582295229,0.0,0.0,0.0,0.0,13287.755566543703,-575.9756700368016,-34755.0,28705.75750233398,0.0,-578.5,0.0,0.0,0.0,0.0,-7867.453496628306,-388.80400570567133,-19871.0,5145.794087862675,0.0,-196.3,0.0,0.0,0.0,0.0,665.2036810908028,-60.69776895347755,-5554.0,35890.29454317902,0.0,-379.60144070264465,0.0,0.0,0.0,0.0,2569.8095844549566,-238.5026869313336,-37842.0,21657.083443228996,0.0,-0.0,0.0,0.0,0.0,0.0,-5130.355963611881,-524.7274796171168,-16002.0
t134,25535.231208262776,0.0,-5320.064390627364,0.0,0.0,0.0,0.0,-1312.3248064608024,-59.842011174612594,-18843.0,31575.026553469863,0.0,-4055.5778608766714,0.0,0.0,0.0,0.0,-2773.1327747237433,-93.31591786945395,-24653.0,29023.761240597425,0.0,-1665.0,0.0,0.0,0.0,0.0,10108.394441887205,-415.1556824846323,-37052.0,27248.640968940977,0.0,-0.0,0.0,0.0,0.0,0.0,-6924.988678827879,-398.6522901130982,-19925.0,5463.057716182711,0.0,-0.0,0.0,0.0,0.0,0.0,59.04946121507121,-1.1071773977825852,-5521.0,35448.72205981003,0.0,-314.0,0.0,0.0,0.0,0.0,4036.8767743622343,-262.5988341722633,-38909.0,21532.62553927617,0.0,-1547.8070898404546,0.0,0.0,0.0,0.0,-3193.874417452087,-396.94403198361806,-16394.0
t135,24592.18464175214,0.0,-3364.62464175214,0.0,0.0,0.0,0.0,-2600.0,-118.56,-18509.0,32310.425390991466,0.0,-2246.9,0.0,0.0,0.0,0.0,-5356.28635514097,-180.23903585049365,-24527.0,27231.921361264453,0.0,-1665.0,0.0,0.0,0.0,0.0,13238.660970347517,-528.5823316119784,-38277.0,25708.650949060215,0.0,-0.0,0.0,0.0,0.0,0.0,-5551.513881621323,-329.1370674388898,-19828.0,5237.382046766014,0.0,-0.0,0.0,0.0,0.0,0.0,166.744410939094,-3.1264577051080122,-5401.0,35299.288977631426,0.0,-314.0,0.0,0.0,0.0,0.0,3986.000344797665,-259.2893224290881,-38712.0,20823.934584253893,0.0,-164.82451186572592,0.0,0.0,0.0,0.0,-3883.6054893219834,-296.50458306617844,-16479.0
t136,20063.088217373137,0.0,-97.3,0.0,0.0,0.0,0.0,-1838.8788254381884,-114.90939193495444,-18012.0,30187.736728472115,0.0,-2246.9,0.0,0.0,0.0,0.0,-3832.8780363173346,-322.95869215477364,-23785.0,21996.04169661241,0.0,-1665.0,0.0,0.0,0.0,0.0,19062.53058638914,-816.5722830015579,-38577.0,23015.950571384987,1341.8461821900146,-0.0,0.0,0.0,0.0,0.0,-4723.5064999999995,-184.290253575,-19450.0,4216.382052113953,0.0,-0.0,0.0,0.0,0.0,0.0,1075.680087967329,-42.06214008128326,-5250.0,43441.61448999512,0.0,-0.0,0.0,0.0,0.0,0.0,-5127.03383221652,-279.58065777860946,-38035.0,21585.262711981155,0.0,-0.0,0.0,0.0,0.0,0.0,-4615.913480384426,-502.3492315967226,-16467.0
t137,16871.235003036443,766.3349969635519,-0.0,0.0,0.0,0.0,0.0,-250.0,-247.57,-17140.0,23594.94266014444,0.0,-0.0,0.0,0.0,0.0,0.0,-365.92149987369066,-482.0211602707497,-22747.0,18259.26717654706,0.0,-0.0,0.0,0.0,0.0,0.0,21694.50999987369,-933.7771764207496,-39020.0,22995.719478123254,1958.581780226189,-0.0,0.0,0.0,0.0,0.0,-5907.02324078629,-261.2780175631482,-18786.0,3562.9699980051,958.8579278396857,-0.0,0.0,0.0,0.0,0.0,651.6862264061966,-97.51415225098178,-5076.0,46110.26085777687,314.0,-0.0,0.0,0.0,0.0,0.0,-9044.336759213711,-649.9240985631482,-36730.0,19285.02081989826,4597.2388035089225,-0.0,0.0,0.0,0.0,0.0,-6778.914726406197,-875.3448970009816,-16228.0
t138,16575.709412655415,262.8605873445823,-0.0,0.0,0.0,0.0,0.0,-250.0,-247.57,-16341.0,13617.361334032255,2359.976771567745,-0.0,0.0,0.0,0.0,0.0,5627.988,-280.3261056,-21325.0,16907.012452829946,7418.46916892005,-0.0,0.0,0.0,0.0,0.0,15700.6005,-732.0821217499999,-39294.0,23904.22084683945,578.5,-0.0,0.0,0.0,0.0,0.0,-6221.017502548654,-281.70334429078997,-17980.0,4679.820729656649,84.99677971835172,-0.0,0.0,0.0,0.0,0.0,266.9604999999999,-78.778009375,-4953.0,44377.691922742146,0.0,-0.0,0.0,0.0,0.0,0.0,-8730.342497451347,-670.3494252907899,-34977.0,19989.619072957343,3313.1786811676557,-0.0,0.0,0.0,0.0,0.0,-6394.189,-856.6087541249999,-16052.0
t139,16187.27,97.3,-0.0,0.0,0.0,0.0,0.0,-250.0,-247.57,-15787.0,12090.10810662232,2806.2299989776825,-0.0,0.0,0.0,0.0,0.0,5627.988,-280.3261056,-20244.0,16915.118032537328,7752.363589212672,-0.0,0.0,0.0,0.0,0.0,15700.6005,-732.0821217499999,-39636.0,25392.900955301004,1732.581780226189,-0.0,0.0,0.0,0.0,0.0,-8842.267104621555,-452.21563090563217,-17831.0,4455.011256329504,352.80625304549676,-0.0,0.0,0.0,0.0,0.0,266.9604999999999,-78.778009375,-4996.0,40348.95460728408,0.0,-0.0,0.0,0.0,0.0,0.0,-6109.092895378446,-840.8617119056321,-33399.0,20234.389551711185,2863.408202413807,-0.0,0.0,0.0,0.0,0.0,-6394.189,-856.6087541249999,-15847.0
t140,15762.71690755635,333.85309244365124,-0.0,0.0,0.0,0.0,0.0,-250.0,-247.57,-15599.0,13385.815982946388,1120.5221226536123,-0.0,0.0,0.0,0.0,0.0,5627.988,-280.3261056,-19854.0,16637.584995636676,8465.896626113325,-0.0,0.0,0.0,0.0,0.0,15700.6005,-732.0821217499999,-40072.0,24531.22078899234,804.5,-0.0,0.0,0.0,0.0,0.0,-6816.294665266736,-320.42612372560114,-18199.0,4072.175362331066,860.6421470439348,-0.0,0.0,0.0,0.0,0.0,266.9604999999999,-78.778009375,-5121.0,41179.88890150167,358.2486379572,-0.0,0.0,0.0,0.0,0.0,-8135.065334733266,-709.0722047256011,-32694.0,20367.353839004787,2629.443915120211,-0.0,0.0,0.0,0.0,0.0,-6394.189,-856.6087541249999,-15746.0
t141,15325.788945313168,1010.7810546868283,-0.0,0.0,0.0,0.0,0.0,-250.0,-247.57,-15839.0,11855.394093063358,3021.9440125366445,-0.0,0.0,0.0,0.0,0.0,5627.988,-280.3261056,-20225.0,16532.37454791717,8770.10707383283,-0.0,0.0,0.0,0.0,0.0,15700.6005,-732.0821217499999,-40271.0,26130.103354040588,1958.581780226189,-0.0,0.0,0.0,0.0,0.0,-9265.911439384792,-479.77369488198076,-18343.0,4263.703081755839,677.1144276191608,-0.0,0.0,0.0,0.0,0.0,266.9604999999999,-78.778009375,-5129.0,39529.86689579455,1.001440702644639,-0.0,0.0,0.0,0.0,0.0,-5685.448560615208,-868.4197758819807,-32977.0,20524.438113505887,2524.3596406191123,-0.0,0.0,0.0,0.0,0.0,-6394.189,-856.6087541249999,-15798.0
t142,15821.690905375728,268.8790946242736,-0.0,0.0,0.0,0.0,0.0,-250.0,-247.57,-15593.0,12070.02118130664,2448.3169242933623,-0.0,0.0,0.0,0.0,0.0,5627.988,-280.3261056,-19866.0,16920.318198330126,8407.163423419872,-0.0,0.0,0.0,0.0,0.0,15700.6005,-732.0821217499999,-40296.0,28391.328661610438,578.5,-0.0,0.0,0.0,0.0,0.0,-10437.82217347583,-556.0064881346027,-17976.0,4400.004833196296,495.8126761787041,-0.0,0.0,0.0,0.0,0.0,266.9604999999999,-78.778009375,-5084.0,38400.190395658785,0.0,-0.0,0.0,0.0,0.0,0.0,-4513.537826524171,-944.6525691346027,-32942.0,20664.571859948283,2101.2258941767154,-0.0,0.0,0.0,0.0,0.0,-6394.189,-856.6087541249999,-15515.0
t143,14815.09401351966,1219.4759864803377,-0.0,0.0,0.0,0.0,0.0,-250.0,-247.57,-15537.0,13433.338105600002,0.0,-0.0,0.0,0.0,0.0,0.0,5627.988,-280.3261056,-18781.0,16568.047151747134,8231.434470002863,-0.0,0.0,0.0,0.0,0.0,15700.6005,-732.0821217499999,-39768.0,29999.359328853865,762.7390916211374,-0.0,0.0,0.0,0.0,0.0,-11877.4445,-649.6539204750001,-18235.0,4623.3836324467875,500.43387692821335,-0.0,0.0,0.0,0.0,0.0,266.9604999999999,-78.778009375,-5312.0,36217.12669274978,189.08880872523184,-0.0,0.0,0.0,0.0,0.0,-3073.915500000001,-1038.300001475,-32294.0,20747.92082243352,1661.8769316914763,-0.0,0.0,0.0,0.0,0.0,-6394.189,-856.6087541249999,-15159.0
t144,15577.522895423694,937.0471045763053,-0.0,0.0,0.0,0.0,0.0,-250.0,-247.57,-16017.0,12540.625641157685,1358.712464442315,-0.0,0.0,0.0,0.0,0.0,5627.988,-280.3261056,-19247.0,16863.872531324167,7580.609090425831,-0.0,0.0,0.0,0.0,0.0,15700.6005,-732.0821217499999,-39413.0,30393.472657770373,578.5,-0.0,0.0,0.0,0.0,0.0,-11595.649501920443,-631.3231558499249,-18745.0,4993.160563532526,272.6569458424751,-0.0,0.0,0.0,0.0,0.0,266.9604999999999,-78.778009375,-5454.0,37761.679734929494,0.0,-0.0,0.0,0.0,0.0,0.0,-3355.7104980795575,-1019.9692368499248,-33386.0,20727.024664335288,1560.7730897897084,-0.0,0.0,0.0,0.0,0.0,-6394.189,-856.6087541249999,-15037.0
t145,12962.8585193557,3470.7114806442987,-0.0,0.0,0.0,0.0,0.0,-250.0,-247.57,-15936.0,13721.01325269752,2246.9,-0.0,0.0,0.0,0.0,0.0,3290.8953111487704,-165.80856384628976,-19093.0,13184.44907786463,8419.032543885372,-0.0,0.0,0.0,0.0,0.0,15700.6005,-732.0821217499999,-36572.0,25366.20115819241,123.97626228259155,-0.0,0.0,0.0,0.0,0.0,-9043.523500000001,-649.6539204750001,-15797.0,7934.038187303674,241.88341502132508,-0.0,0.0,0.0,0.0,0.0,-3224.139,-110.782602325,-4841.0,31002.644830167417,379.60144070264465,-0.0,0.0,0.0,0.0,0.0,3637.53618885123,-923.7824597212897,-34096.0,24279.194528908,174.78831816699585,-0.0,0.0,0.0,0.0,0.0,-10111.3695,-888.6133470749999,-13454.0
t146,12510.264501877149,4276.305498122847,-0.0,0.0,0.0,0.0,0.0,-250.0,-247.57,-16289.0,13484.046064550623,6067.193015049377,-0.0,0.0,0.0,0.0,0.0,367.314,-22.553079600000004,-19896.0,13354.890730639503,6608.590891110496,-0.0,0.0,0.0,0.0,0.0,15700.6005,-732.0821217499999,-34932.0,25137.677420474996,578.5,-0.0,0.0,0.0,0.0,0.0,-9043.523500000001,-649.6539204750001,-16023.0,7898.712009074209,349.2095932507895,-0.0,0.0,0.0,0.0,0.0,-3224.139,-110.782602325,-4913.0,29525.409475475004,314.0,-0.0,0.0,0.0,0.0,0.0,6561.1175,-780.526975475,-35620.0,23566.677283200326,641.3055638746717,-0.0,0.0,0.0,0.0,0.0,-10111.3695,-888.6133470749999,-13208.0
t147,11859.171106365691,5237.398893634304,-0.0,0.0,0.0,0.0,0.0,-250.0,-247.57,-16599.0,15076.58457432398,2246.9,-0.0,0.0,0.0,0.0,0.0,3119.097243053887,-363.58181737786583,-20079.0,13303.707839868039,2462.9689465243064,-0.0,0.0,0.0,0.0,0.0,18195.35378334211,-816.030569734462,-33146.0,24145.2935907395,1691.8838297354978,-0.0,0.0,0.0,0.0,0.0,-9043.523500000001,-649.6539204750001,-16144.0,7720.034617252216,698.8869850727845,-0.0,0.0,0.0,0.0,0.0,-3224.139,-110.782602325,-5084.0,34660.42485096176,379.60144070264465,-0.0,0.0,0.0,0.0,0.0,1314.5809736040037,-1037.6072652684038,-35317.0,23292.833358072414,476.1494890025807,-0.0,0.0,0.0,0.0,0.0,-10111.3695,-888.6133470749999,-12769.0
t148,11570.367566190114,6316.202433809885,-0.0,0.0,0.0,0.0,0.0,-250.0,-247.57,-17389.0,13260.851143437836,7344.387936162163,-0.0,0.0,0.0,0.0,0.0,367.314,-22.553079600000004,-20950.0,12970.72017564506,4511.761446104938,-0.0,0.0,0.0,0.0,0.0,15700.6005,-732.0821217499999,-32451.0,24397.40118486417,578.5,-0.0,0.0,0.0,0.0,0.0,-7598.394516430674,-570.5066684334922,-16807.0,7366.510355670143,1139.810445054414,-0.0,0.0,0.0,0.0,0.0,-3070.4204217418974,-107.90037898266057,-5328.0,28682.120666750103,379.28880872490043,-0.0,0.0,0.0,0.0,0.0,6561.1175,-780.526975475,-34842.0,23203.027909623972,2360.53747057928,-0.0,0.0,0.0,0.0,0.0,-11710.217061827429,-812.3483183758315,-13041.0
t149,11724.13948711421,7113.430512885787,-0.0,0.0,0.0,0.0,0.0,-250.0,-247.57,-18340.0,12932.738210783244,5021.977321097478,-0.0,0.0,0.0,0.0,0.0,4486.686815687989,-224.4023475687115,-22217.0,14060.377782244917,3719.10383950508,-0.0,0.0,0.0,0.0,0.0,15700.6005,-732.0821217499999,-32748.0,25634.15418910463,1958.581780226189,-0.0,0.0,0.0,0.0,0.0,-9563.837944693825,-639.8980246369908,-17389.0,7233.040816738751,1139.810445054414,-0.0,0.0,0.0,0.0,0.0,-2703.8245553061747,-101.02670648699079,-5568.0,33255.6315591317,314.0,-0.0,0.0,0.0,0.0,0.0,2441.7446843120115,-982.3762434437114,-35029.0,22193.903415726498,2130.0794313485003,-0.0,0.0,0.0,0.0,0.0,-10111.3695,-888.6133470749999,-13324.0
t150,16346.990366564261,3383.579633435735,-0.0,0.0,0.0,0.0,0.0,-250.0,-247.57,-19233.0,15914.395078686499,3416.5081753518307,-0.0,0.0,0.0,0.0,0.0,4376.0793265632665,-218.9825806016001,-23488.0,18186.57126859046,0.0,-0.0,0.0,0.0,0.0,0.0,14752.375960416179,-675.9472290066377,-32263.0,26657.37742047404,688.8000000009564,-0.0,0.0,0.0,0.0,0.0,-9043.523500000001,-649.6539204750001,-17653.0,8582.34442214134,462.5771801836592,-0.0,0.0,0.0,0.0,0.0,-3224.139,-110.782602325,-5710.0,32035.99479205284,359.25007865984463,-0.0,0.0,0.0,0.0,0.0,3500.576713020555,-920.8215837332377,-34975.0,23596.031250257416,818.951596817582,-0.0,0.0,0.0,0.0,0.0,-10111.3695,-888.6133470749999,-13415.0
t151,22859.699258953762,0.0,-97.3,0.0,0.0,0.0,0.0,-2664.990150556316,-217.40910839744254,-19880.0,21747.56761034981,0.0,-2246.9,0.0,0.0,0.0,0.0,4581.699542764206,-164.36715311401554,-23918.0,24189.881791441185,0.0,-1665.0,0.0,0.0,0.0,0.0,8690.76639120029,-708.6481826414711,-30507.0,24434.409176275003,0.0,-578.5,0.0,0.0,0.0,0.0,-5736.9775,-491.931676275,-17627.0,8803.543895758507,0.0,-0.0,0.0,0.0,0.0,0.0,-2939.675917384262,-97.86797837424551,-5766.0,27558.470295392483,0.0,-314.0,0.0,0.0,0.0,0.0,7876.652247444031,-515.1225428365215,-34606.0,23978.61900343013,0.0,-0.0,0.0,0.0,0.0,0.0,-9807.47461346795,-612.1443899621742,-13559.0
t152,24617.428398797656,0.0,-2859.658398797662,0.0,0.0,0.0,0.0,-1450.0,-170.77,-20137.0,31424.048464905925,0.0,-2818.0,0.0,0.0,0.0,0.0,-4605.384618594785,-225.66384631114448,-23775.0,24833.41243415939,0.0,-1742.0517719278098,0.0,0.0,0.0,0.0,7900.783416380996,-349.1440786125733,-30643.0,19891.703359144238,0.0,-1410.151281778626,0.0,0.0,0.0,0.0,-781.5640915356305,-90.98798582997917,-17609.0,7666.576855095509,0.0,-196.3,0.0,0.0,0.0,0.0,-1629.084029541604,-61.192825553905074,-5780.0,27289.558172480407,0.0,-378.93909699020446,0.0,0.0,0.0,0.0,7553.21223967202,-423.8313151622186,-34040.0,24053.94795649224,0.0,-3000.238652923673,0.0,0.0,0.0,0.0,-6987.962916380996,-346.7463871875733,-13719.0
t153,26899.080617170235,0.0,-4983.310617170236,0.0,0.0,0.0,0.0,-1450.0,-170.77,-20295.0,37657.10466568553,0.0,-4965.235848567322,0.0,0.0,0.0,0.0,-8582.223237880713,-341.6455792375046,-23768.0,27919.924967778166,0.0,-9057.29429306723,0.0,0.0,0.0,0.0,13046.786879226533,-750.4175539374648,-31159.0,20605.127332391396,0.0,-1958.581780226189,0.0,0.0,0.0,0.0,-1055.0487999587288,-89.49675220647936,-17502.0,8351.684669873459,0.0,-1139.810445054414,0.0,0.0,0.0,0.0,-1398.995558104583,-56.878666714460934,-5756.0,28386.343585992316,0.0,-379.60144070264465,0.0,0.0,0.0,0.0,5770.429316227387,-337.1714615170581,-33440.0,26640.753238794317,0.0,-5855.143129359419,0.0,0.0,0.0,0.0,-6330.948599509895,-587.661509925,-13867.0
t154,28965.700247293837,0.0,-9784.49024729384,0.0,0.0,0.0,0.0,1150.0,-52.21,-20279.0,39637.24080172499,0.0,-2246.9,0.0,0.0,0.0,0.0,-13358.8705,-540.470301725,-23491.0,28212.390238750348,0.0,-14059.782920875343,0.0,0.0,0.0,0.0,18051.483,-709.090317875,-31495.0,19780.45419106402,0.0,-1807.1550751588109,0.0,0.0,0.0,0.0,-537.6855886034899,-103.61352730172038,-17332.0,8634.108665845237,0.0,-196.3,0.0,0.0,0.0,0.0,-2626.2367310628088,-99.57193478242766,-5712.0,26979.270053467295,0.0,-336.65866166429726,0.0,0.0,0.0,0.0,6617.417819666299,-346.0292114692927,-32914.0,25835.606101964328,0.0,-1942.9943076643274,0.0,0.0,0.0,0.0,-9296.108,-503.5037943,-14093.0
t155,28878.540732946974,0.0,-9607.330732946975,0.0,0.0,0.0,0.0,1150.0,-52.21,-20369.0,42085.56695890732,0.0,-7418.411610368039,0.0,0.0,0.0,0.0,-10728.685046814291,-540.470301725,-23398.0,29506.96550360432,0.0,-11841.561024341634,0.0,0.0,0.0,0.0,14113.810136252896,-652.2146155155793,-31127.0,18102.435424644784,0.0,-804.5,0.0,0.0,0.0,0.0,304.3958716301029,-296.33129627488694,-17306.0,8638.095954657405,0.0,-316.35744528240616,0.0,0.0,0.0,0.0,-2566.9605,-78.778009375,-5676.0,25335.693635637304,0.0,-378.6,0.0,0.0,0.0,0.0,8123.934484905818,-444.02812054312346,-32637.0,26872.926637321874,0.0,-1630.3,0.0,0.0,0.0,0.0,-10396.494945974528,-498.1316913473428,-14348.0
t156,26157.583892324612,0.0,-6950.373892324611,0.0,0.0,0.0,0.0,1150.0,-52.21,-20305.0,43951.26642138207,0.0,-6633.925619657062,0.0,0.0,0.0,0.0,-13358.8705,-540.470301725,-23418.0,28862.5816754327,0.0,-11684.89191124959,0.0,0.0,0.0,0.0,15634.250959949703,-603.9407241328121,-32208.0,19349.280236921084,0.0,-578.5,0.0,0.0,0.0,0.0,-1106.087927347153,-190.6923095739323,-17474.0,8671.282174017748,0.0,-365.5436646427493,0.0,0.0,0.0,0.0,-2566.9605,-78.778009375,-5660.0,25696.17489885178,0.0,-314.0,0.0,0.0,0.0,0.0,7783.722427347153,-421.8973261989323,-32744.0,27456.246054152667,0.0,-5057.841986595148,0.0,0.0,0.0,0.0,-7536.054459949703,-366.34960760781206,-14496.0
t157,27712.209494356357,0.0,-5977.439494356359,0.0,0.0,0.0,0.0,-1450.0,-170.77,-20114.0,43430.80102556241,0.0,-7024.99441061802,0.0,0.0,0.0,0.0,-12452.336313219395,-540.470301725,-23413.0,27227.840911240448,0.0,-9082.207804499349,0.0,0.0,0.0,0.0,16598.130619716525,-690.7637264576251,-34053.0,21905.630024652917,0.0,-1958.581780226189,0.0,0.0,0.0,0.0,-1966.7434881568092,-447.30475626991813,-17533.0,9062.16063502088,0.0,-943.5104450544139,0.0,0.0,0.0,0.0,-2406.203871304507,-95.44631866195951,-5617.0,23524.214712299286,0.0,-315.00144070264463,0.0,0.0,0.0,0.0,10213.757859461317,-579.9711310579587,-32843.0,28746.93892147491,0.0,-5057.841986595148,0.0,0.0,0.0,0.0,-8536.604806497131,-480.49212838262525,-14672.0
t158,24879.083759553334,0.0,-5724.8737595533385,0.0,0.0,0.0,0.0,1150.0,-52.21,-20252.0,41165.03001914842,0.0,-6471.20324100691,0.0,0.0,0.0,0.0,-10516.62643557342,-401.20034256809754,-23776.0,25069.960316081942,0.0,-6749.352998206937,0.0,0.0,0.0,0.0,18051.483,-709.090317875,-35663.0,22844.840967367498,0.0,-578.5,0.0,0.0,0.0,0.0,-4365.092764652786,-347.2482027147077,-17554.0,9001.303668023305,0.0,-777.3906097563923,0.0,0.0,0.0,0.0,-2562.5355211699757,-98.37753709693705,-5563.0,25810.133604014693,0.0,-314.0,0.0,0.0,0.0,0.0,8038.8797213961825,-486.0133254108683,-33049.0,27758.832555337453,0.0,-2775.7957610374533,0.0,0.0,0.0,0.0,-9796.108,-537.9287942999999,-14649.0
t159,23650.379304174927,0.0,-2128.6093041749255,0.0,0.0,0.0,0.0,-1450.0,-170.77,-19901.0,38404.807674920055,0.0,-2246.9,0.0,0.0,0.0,0.0,-11430.907557383289,-446.00011753678115,-24281.0,22184.315796864747,0.0,-4348.168295550801,0.0,0.0,0.0,0.0,19632.16236911767,-783.3098704316185,-36685.0,22414.33514973213,0.0,-1014.5392944677864,0.0,0.0,0.0,0.0,-3467.4940757376144,-344.30177952673176,-17588.0,8067.099021292092,0.0,-66.36051191709318,0.0,0.0,0.0,0.0,-2566.9605,-78.778009375,-5355.0,24733.453787417613,0.0,-378.6,0.0,0.0,0.0,0.0,9904.345133120903,-597.198920538513,-33662.0,26700.211298275164,0.0,-681.7448666758733,0.0,0.0,0.0,0.0,-10621.145369117668,-543.3210624816185,-14854.0
t160,21072.07,0.0,-97.3,0.0,0.0,0.0,0.0,-1450.0,-170.77,-19354.0,37360.130362608295,0.0,-2246.9,0.0,0.0,0.0,0.0,-10231.024514188082,-387.20584842021606,-24495.0,19891.709881985695,0.0,-2680.542564110692,0.0,0.0,0.0,0.0,20651.483,-827.6503178749999,-37035.0,22211.148112228606,0.0,-1081.6738604975326,0.0,0.0,0.0,0.0,-3765.6953512110854,-285.77890051998645,-17078.0,8420.15414372965,0.0,-943.5104450544139,0.0,0.0,0.0,0.0,-2294.2956589940973,-93.34803968113933,-5089.0,29474.85675136844,0.0,-315.00144070264463,0.0,0.0,0.0,0.0,4698.461024393266,-497.3163350590632,-33361.0,23220.594602874993,0.0,-0.0,0.0,0.0,0.0,0.0,-7608.9285,-619.6661028749999,-14992.0
t161,20607.229599434093,0.0,-97.3,0.0,0.0,0.0,0.0,-2005.6011272876835,-206.32847214641177,-18298.0,36637.410670445635,0.0,-2246.9,0.0,0.0,0.0,0.0,-10449.170368751802,-393.3403016938383,-23548.0,16547.743317875,0.0,-1665.0,0.0,0.0,0.0,0.0,23431.483,-992.226317875,-37322.0,20718.562047575877,0.0,-578.5,0.0,0.0,0.0,0.0,-3411.8133995776852,-308.2486479981869,-16420.0,8100.439800610401,0.0,-0.0,0.0,0.0,0.0,0.0,-3135.3225075194114,-109.11729309098897,-4856.0,29695.419777469713,0.0,-314.0,0.0,0.0,0.0,0.0,3237.9985049861793,-512.4182824558845,-32107.0,23071.783059666155,0.0,-0.0,0.0,0.0,0.0,0.0,-7667.574101849597,-585.2089578165634,-14819.0
t162,16222.604191217759,1574.9658087822381,-0.0,0.0,0.0,0.0,0.0,-250.0,-247.57,-17300.0,30033.826967603953,0.0,-2246.9,0.0,0.0,0.0,0.0,-4880.562392617196,-404.3645749867574,-22502.0,15036.743317875002,0.0,-0.0,0.0,0.0,0.0,0.0,23431.483,-992.226317875,-37476.0,21538.924975609203,1732.581780226189,-0.0,0.0,0.0,0.0,0.0,-6966.934922337345,-514.5718334980443,-15790.0,7081.93431123352,862.9872910914794,-0.0,0.0,0.0,0.0,0.0,-3224.139,-110.782602325,-4610.0,31254.181564230257,0.0,-0.0,0.0,0.0,0.0,0.0,-185.6566850454592,-616.5248791848016,-30452.0,22851.88756118524,415.3284773147525,-0.0,0.0,0.0,0.0,0.0,-7924.1900000000005,-738.0260384999999,-14605.0
t163,14197.770072663878,2392.7999273361197,-0.0,0.0,0.0,0.0,0.0,-250.0,-247.57,-16093.0,16710.090757638063,6487.388683934945,-0.0,0.0,0.0,0.0,0.0,-1582.5197501794655,-522.9596913935391,-21092.0,13733.979792523376,2109.6276648407,-0.0,0.0,0.0,0.0,0.0,22911.108250179466,-974.7157075435391,-37780.0,19298.585084773113,578.5,-0.0,0.0,0.0,0.0,0.0,-4986.350282121131,-385.73480265197963,-14505.0,7137.930613917579,486.99098840742147,-0.0,0.0,0.0,0.0,0.0,-3224.139,-110.782602325,-4290.0,34305.702792955846,314.0,-0.0,0.0,0.0,0.0,0.0,-4943.909217878869,-623.7935750769796,-29052.0,21562.59021686906,1374.6258216309352,-0.0,0.0,0.0,0.0,0.0,-7924.1900000000005,-738.0260384999999,-14275.0
t164,13817.130426803604,1886.439573196396,-0.0,0.0,0.0,0.0,0.0,-250.0,-247.57,-15206.0,15222.902524380152,0.0,-0.0,0.0,0.0,0.0,0.0,3617.0902891886517,-347.99281356880186,-18492.0,13554.099407633297,7109.15121127416,-0.0,0.0,0.0,0.0,0.0,17711.498210811347,-799.7488297188017,-37575.0,20273.32105008707,0.0,-0.0,0.0,0.0,0.0,0.0,-5073.891679533421,-391.42937055364905,-14808.0,7810.866059854653,0.0,-146.94445752965294,0.0,0.0,0.0,0.0,-3224.139,-110.782602325,-4329.0,32464.855963445225,314.0,-0.0,0.0,0.0,0.0,0.0,-4856.367820466579,-629.488142978649,-27293.0,20684.396566932817,1739.8194715671789,-0.0,0.0,0.0,0.0,0.0,-7924.1900000000005,-738.0260384999999,-13762.0
t165,13859.067465501164,1663.5025344988346,-0.0,0.0,0.0,0.0,0.0,-250.0,-247.57,-15025.0,13116.045675359755,2818.0,-0.0,0.0,0.0,0.0,0.0,2917.488730653749,-371.5344060135014,-18480.0,13687.327747898793,6433.8629049184565,-0.0,0.0,0.0,0.0,0.0,18411.099769346252,-823.2904221635013,-37709.0,18676.922792544086,1515.019660838052,-0.0,0.0,0.0,0.0,0.0,-5118.604513010787,-394.3379403713517,-14679.0,8232.068218582684,0.0,-631.1466162576858,0.0,0.0,0.0,0.0,-3224.139,-110.782602325,-4266.0,32884.05169978557,0.0,-0.0,0.0,0.0,0.0,0.0,-4811.654986989213,-632.3967127963517,-27440.0,19609.859067258352,2704.356971241644,-0.0,0.0,0.0,0.0,0.0,-7924.1900000000005,-738.0260384999999,-13652.0
t166,13679.739960743194,1416.8300392568037,-0.0,0.0,0.0,0.0,0.0,-250.0,-247.57,-14599.0,13086.410045865343,0.0,-0.0,0.0,0.0,0.0,0.0,5151.935235267894,-296.3452811332354,-17942.0,13557.379878422022,8748.068154129107,-0.0,0.0,0.0,0.0,0.0,16176.653264732106,-748.1012972832353,-37734.0,19939.485973345283,732.2873011812,-0.0,0.0,0.0,0.0,0.0,-5992.5591358807,-467.21413864578426,-14212.0,8058.0989771253335,0.0,-603.1773748003329,0.0,0.0,0.0,0.0,-3224.139,-110.782602325,-4120.0,30779.17465334299,251.20000000052076,-0.0,0.0,0.0,0.0,0.0,-3014.0433003299786,-749.3313530135349,-27267.0,19649.004078959064,3368.8105813875063,-0.0,0.0,0.0,0.0,0.0,-8847.847063789322,-693.9675965572493,-13476.0
t167,14055.999179294553,610.5708207054477,-0.0,0.0,0.0,0.0,0.0,-250.0,-247.57,-14169.0,12281.97475123378,2246.9,-0.0,0.0,0.0,0.0,0.0,2906.044744900326,-371.91949613410407,-17063.0,13797.863562603054,5918.268194581381,-0.0,0.0,0.0,0.0,0.0,18422.543755099672,-823.6755122841041,-37315.0,17854.64989643096,0.0,-0.0,0.0,0.0,0.0,0.0,-3221.7052529279977,-270.94464350296624,-14362.0,7511.271950173027,0.0,-11.350347848028361,0.0,0.0,0.0,0.0,-3224.139,-110.782602325,-4165.0,34241.55766299997,0.0,-0.0,0.0,0.0,0.0,0.0,-6708.554247072003,-509.0034159279662,-27024.0,19089.043792132754,2673.1722463672413,-0.0,0.0,0.0,0.0,0.0,-7924.1900000000005,-738.0260384999999,-13100.0
t168,12997.033653103796,1665.5363468962023,-0.0,0.0,0.0,0.0,0.0,-250.0,-247.57,-14165.0,11843.278351253195,2246.9,-0.0,0.0,0.0,0.0,0.0,3427.2041315211227,-354.38248277431427,-17163.0,13769.464352978155,6433.289777467284,-0.0,0.0,0.0,0.0,0.0,17901.384368478877,-806.1384989243143,-37298.0,18241.623454211105,0.0,-0.0,0.0,0.0,0.0,0.0,-3291.1607318070555,-275.462722404049,-14675.0,7567.030933579771,4.890668745229242,-0.0,0.0,0.0,0.0,0.0,-3224.139,-110.782602325,-4237.0,34874.62026302199,0.0,-0.0,0.0,0.0,0.0,0.0,-6639.098768192945,-513.521494829049,-27722.0,18196.52587759619,3223.690160903807,-0.0,0.0,0.0,0.0,0.0,-7924.1900000000005,-738.0260384999999,-12758.0
t169,18452.739416414766,0.0,-0.0,0.0,0.0,538.245,0.0,1083.644592442085,-139.6290088568535,-19935.0,10746.702783410115,2246.9,-0.0,0.0,0.0,0.0,0.0,8111.286310332576,-363.8890937426912,-20741.0,12945.987321187697,7156.447709618147,-0.0,0.0,0.0,0.0,0.0,11365.780699117786,-731.2157299236277,-30737.0,19814.33688231302,0.0,-0.0,0.0,0.0,0.0,0.0,-3793.412130178498,-139.92475213451434,-15881.0,3601.201712439251,134.92643555459986,-0.0,0.0,0.0,329.1269450495123,0.0,1442.0158981075542,-87.27099115091704,-5420.0,41724.78983457501,0.0,-0.0,0.0,0.0,0.0,0.0,-10227.853500000001,-572.9363345749999,-30924.0,26008.709715456014,0.0,-0.0,0.0,0.0,0.0,0.0,-7981.461869821502,-844.2478456345142,-17183.0
t170,17664.735268944612,812.8101900279868,-0.0,0.0,0.0,563.463,0.0,1938.3108537894361,-110.3193127620404,-20869.0,11897.60827148153,3819.729834118473,-0.0,0.0,0.0,0.0,0.0,5627.988,-280.3261056,-21065.0,12868.441068003465,4358.480553746535,-0.0,0.0,0.0,0.0,0.0,13100.6005,-613.52212175,-29714.0,19032.28110975339,0.0,-0.0,0.0,0.0,0.0,0.0,-3074.6417068133865,-105.63940293999855,-15852.0,3765.5272693778206,196.3,-0.0,0.0,0.0,343.43649949865556,0.0,1335.8281462105638,-92.0919150870404,-5549.0,42565.612987359214,0.0,-0.0,0.0,0.0,0.0,0.0,-9644.818605285322,-532.7943820738943,-32388.0,26835.087731840184,0.0,-0.0,0.0,0.0,0.0,0.0,-9283.267187901294,-769.8205439388928,-16782.0
t171,17490.063999240105,4380.63927041822,-0.0,0.0,0.0,594.378,0.0,-231.5680687247641,-219.51320093356344,-22014.0,9651.64955756215,6190.255402239892,-0.0,0.0,0.0,0.0,0.0,5847.818440107579,-287.72339990962,-21402.0,12684.512673176407,1733.2303114248516,-0.0,0.0,0.0,0.0,0.0,15163.257875866793,-725.0008604680513,-28856.0,17827.528509375003,0.0,-0.0,0.0,0.0,0.0,0.0,-1416.9605,-26.568009375,-16384.0,4148.401905292255,197.6282008074828,-0.0,0.0,0.0,392.95500000000004,0.0,1223.2192527503935,-97.20435885013214,-5865.0,44204.78983457501,0.0,-0.0,0.0,0.0,0.0,0.0,-10227.853500000001,-572.9363345749999,-33404.0,24976.062918528583,2970.7416843464116,-0.0,0.0,0.0,0.0,0.0,-10357.9135,-730.8911028749998,-16858.0
t172,16115.387721323059,4910.124214164165,-0.0,0.0,0.0,641.088,0.0,2199.5810439061115,-122.18097939333745,-23744.0,9162.962091757636,2246.9,-0.0,0.0,0.0,0.0,0.0,11969.86828544768,-493.73037720531437,-22886.0,12569.67993438218,9929.526244420811,-0.0,0.0,0.0,0.0,0.0,6758.720214552322,-826.9263933553143,-28431.0,17387.152099950283,226.0,-0.0,0.0,0.0,0.0,0.0,-182.26729777023274,-106.88480218004635,-17324.0,4640.703862282082,232.0707633423661,-0.0,0.0,0.0,419.621,0.0,1074.5579560938886,-103.95358171833746,-6263.0,47061.79982960982,0.0,-0.0,0.0,0.0,0.0,0.0,-11462.546702229769,-653.2531273800463,-34946.0,24533.451779545416,4078.35282332958,-0.0,0.0,0.0,0.0,0.0,-10357.9135,-730.8911028749998,-17523.0
t173,17375.396221152103,7353.576752387962,-0.0,0.0,0.0,1717.143,0.0,-584.7433202808127,-232.37265325925114,-25629.0,7747.291523979264,4394.3082777457375,-0.0,0.0,0.0,0.0,0.0,13358.8705,-540.470301725,-24960.0,13136.272862048465,8733.235455826534,-0.0,0.0,0.0,0.0,0.0,7969.718000000001,-992.226317875,-28847.0,18058.61843490261,337.63122670969295,-0.0,0.0,0.0,0.0,0.0,35.821838908704194,-121.0715005210112,-18311.0,4033.2654902490235,943.5104450544139,-0.0,0.0,0.0,440.927,0.0,1258.8823202808126,-95.58525558425112,-6581.0,49342.075664629716,0.0,-0.0,0.0,0.0,0.0,0.0,-11680.635838908705,-667.4398257210112,-36994.0,24469.1530137375,4853.651589137494,-0.0,0.0,0.0,0.0,0.0,-10357.9135,-730.8911028749998,-18234.0
t174,21539.001883983026,2856.545979468527,-0.0,0.0,0.0,737.586,0.0,2312.158114967981,-127.29197841954634,-27318.0,12309.648382838113,3919.608645477446,-0.0,0.0,0.0,0.0,0.0,11072.269137563446,-463.52616587900997,-26838.0,17117.50281959246,4760.899999999999,-0.0,0.0,0.0,0.0,0.0,7656.319362436554,-796.7221820290099,-28738.0,18969.42989146624,0.0,-0.0,0.0,0.0,0.0,0.0,136.16920523424733,-127.59909670048778,-18978.0,4971.7459728399135,499.21172287261453,-0.0,0.0,0.0,454.12600000000003,0.0,961.9808850320189,-109.06458074454635,-6778.0,51164.95062713474,0.0,-0.0,0.0,0.0,0.0,0.0,-11780.983205234248,-673.9674219004877,-38710.0,26566.56951915898,3243.2350837160147,-0.0,0.0,0.0,0.0,0.0,-10357.9135,-730.8911028749998,-18721.0
t175,23588.761700968917,0.0,-0.0,0.0,0.0,771.6060000000001,0.0,4442.1457144679225,-224.51341543684367,-28578.0,23659.01481738786,0.0,-2246.9,0.0,0.0,0.0,0.0,6938.303401471662,-324.41821885952146,-28026.0,23878.391175757482,0.0,-1665.0,0.0,0.0,0.0,0.0,5996.869479839057,-637.2606555965376,-27573.0,18108.893816239455,0.0,-0.0,0.0,0.0,0.0,0.0,1440.555616514838,-212.4494327542902,-19337.0,5189.98031729026,0.0,-0.0,0.0,0.0,461.161,0.0,1313.8301560666152,-81.97147335687563,-6883.0,51332.420565894136,0.0,-0.0,0.0,0.0,0.0,0.0,-10898.190116514837,-608.2304493792901,-39826.0,28970.149922327302,0.0,-0.0,0.0,0.0,0.0,0.0,-9233.514251845256,-435.6356704820482,-19301.0
t176,27560.80387082938,0.0,-3454.627100117448,0.0,0.0,674.3932292880648,0.0,4950.0,-247.57,-29483.0,35088.66096529196,0.0,-6272.456105787762,0.0,0.0,0.0,0.0,-133.70566391350306,-4.499195590689378,-28678.0,27914.951489077448,0.0,-4760.9,0.0,0.0,0.0,0.0,5168.7794146712,-498.8309037486491,-27824.0,15665.654130610666,0.0,-0.0,0.0,0.0,0.0,0.0,4152.640083338718,-325.29421394938356,-19493.0,5727.821685161561,0.0,-0.0,0.0,0.0,464.51099999999997,0.0,850.0609537971357,-109.3936389586963,-6933.0,45778.945460876545,0.0,-0.0,0.0,0.0,0.0,0.0,-4968.9765371358535,-306.9689237406873,-40503.0,30366.520796065655,0.0,-0.0,0.0,0.0,0.0,0.0,-10018.798250757696,-477.7225453079598,-19870.0
t177,28436.764587876987,0.0,-3958.9245878769866,0.0,0.0,809.73,0.0,4950.0,-247.57,-29990.0,38465.359408244134,0.0,-6847.311610368039,0.0,0.0,0.0,0.0,-2097.467999686642,-70.5797981894555,-29450.0,28979.62754758309,0.0,-7243.753579801865,0.0,0.0,0.0,0.0,7120.514346494365,-564.3883142755914,-28292.0,14557.23143968476,158.20000022562346,-0.0,0.0,0.0,0.0,0.0,5399.493596885317,-399.9250367956954,-19715.0,5821.390624224316,0.0,-0.0,0.0,0.0,465.784,0.0,772.769805707703,-107.94442993201943,-6952.0,47504.587858206694,0.0,-0.0,0.0,0.0,0.0,0.0,-6138.53890259302,-383.04895561367596,-40983.0,31082.97020004386,0.0,-0.0,0.0,0.0,0.0,0.0,-10006.770846807722,-477.19935323613595,-20599.0
t178,28886.232265539536,0.0,-3932.4933079921993,0.0,0.0,822.717,0.0,4941.738992722256,-247.19495026959044,-30471.0,40849.03828216239,0.0,-4065.665322215995,0.0,0.0,0.0,0.0,-6639.939012186331,-223.43394776007003,-29920.0,28606.619104432135,0.0,-11841.561024341634,0.0,0.0,0.0,0.0,12619.806085352295,-758.8641654427895,-28626.0,14544.175217939659,0.0,-0.0,0.0,0.0,0.0,0.0,5877.530882785555,-443.7061007252004,-19978.0,5634.367545316845,0.0,-0.0,0.0,0.0,463.64,0.0,932.4000072777442,-110.40755259459041,-6920.0,48401.93722993575,0.0,-0.0,0.0,0.0,0.0,0.0,-6767.945382785555,-423.99184715020033,-41210.0,32747.41262799869,0.0,-0.0,0.0,0.0,0.0,0.0,-10963.591573165964,-518.8210548327195,-21265.0
t179,28092.063493751586,0.0,-3004.1524937515906,0.0,0.0,826.659,0.0,4950.0,-247.57,-30617.0,40703.53551314353,0.0,-6847.311610368039,0.0,0.0,0.0,0.0,-3315.652206042172,-111.57169673331909,-30429.0,28318.775018112843,0.0,-6340.392466858941,0.0,0.0,0.0,0.0,7896.773940947819,-586.1564922017147,-29289.0,16017.478633711675,0.0,-0.0,0.0,0.0,0.0,0.0,4277.264610721434,-339.7432444331039,-19955.0,5574.973441560878,0.0,-0.0,0.0,0.0,457.54300000000006,0.0,906.9437498233094,-110.46019138418706,-6829.0,47038.96924059515,0.0,-0.0,0.0,0.0,0.0,0.0,-5241.286550486029,-324.68269010911615,-41473.0,32700.479018209386,0.0,-850.791128936824,0.0,0.0,0.0,0.0,-9474.043544964361,-453.6443443081963,-21922.0
t180,27906.772711556157,0.0,-2962.865711556161,0.0,0.0,822.663,0.0,4950.0,-247.57,-30469.0,39908.616869329824,0.0,-3880.6144711094785,0.0,0.0,0.0,0.0,-5125.528368616406,-172.47402960394206,-30730.0,28488.030620816295,0.0,-10033.716964921081,0.0,0.0,0.0,0.0,13142.191207186539,-796.5048630817428,-30800.0,15967.333557006099,0.0,-0.0,0.0,0.0,0.0,0.0,4286.859250125216,-362.19280713131224,-19892.0,5729.986279896248,0.0,-0.0,0.0,0.0,453.523,0.0,691.9192012012763,-106.42848109752394,-6769.0,49344.076551610284,0.0,-0.0,0.0,0.0,0.0,0.0,-7332.368951326493,-460.70760028378834,-41551.0,33185.61908369794,0.0,-0.0,0.0,0.0,0.0,0.0,-10613.072338570133,-493.5467451278008,-22079.0
t181,27079.474644423604,0.0,-2510.172644423612,0.0,0.0,812.2679999999999,0.0,4950.0,-247.57,-30084.0,39457.3062582374,0.0,-2246.9,0.0,0.0,0.0,0.0,-6449.384470795147,-217.02178744225668,-30544.0,27426.21331668079,0.0,-10283.90186747794,0.0,0.0,0.0,0.0,15675.345649513665,-893.6570987165123,-31924.0,17256.76698803073,0.0,-0.0,0.0,0.0,0.0,0.0,2736.0978701737904,-276.8648582045157,-19716.0,5640.432121238739,0.0,-0.0,0.0,0.0,446.7560000000001,0.0,687.1509552471441,-106.33907648588395,-6668.0,48615.38670008957,0.0,-0.0,0.0,0.0,0.0,0.0,-6696.070325420935,-419.31637466863174,-41500.0,35220.74358294278,0.0,-1630.3,0.0,0.0,0.0,0.0,-10903.139678718519,-502.3039042242556,-22185.0
t182,25794.944644423605,0.0,-1941.7706444236078,0.0,0.0,792.396,0.0,4950.0,-247.57,-29348.0,38154.907815759616,0.0,-2818.0,0.0,0.0,0.0,0.0,-4942.589673254599,-166.31814250501725,-30228.0,26224.674435243178,0.0,-8458.464344242759,0.0,0.0,0.0,0.0,15443.1901732546,-898.4002642550172,-32311.0,17290.85306799235,0.0,-0.0,0.0,0.0,0.0,0.0,2522.6111891666756,-262.46425715902177,-19551.0,5561.192833851365,0.0,-0.0,0.0,0.0,403.0056479198217,0.0,681.0257470612114,-106.22422883239771,-6539.0,48259.489057504514,0.0,-0.0,0.0,0.0,0.0,0.0,-6476.458436227887,-405.03062127662406,-41378.0,37415.433992238744,0.0,-2657.9042775387425,0.0,0.0,0.0,0.0,-12177.779,-557.7507146999999,-22022.0
t183,24253.868394423607,0.0,-1263.7453944236092,0.0,0.0,768.447,0.0,4950.0,-247.57,-28461.0,37844.08831690441,0.0,-6847.311610368039,0.0,0.0,0.0,0.0,-1461.5940662084552,-49.18264032791451,-29486.0,25475.136727503053,0.0,-4543.0665316336035,0.0,0.0,0.0,0.0,11962.194566208456,-781.2647620779145,-32113.0,17759.10103259475,0.0,-0.0,0.0,0.0,0.0,0.0,1708.3380393883965,-226.43907198314474,-19241.0,5222.806126400444,0.0,-0.0,0.0,0.0,277.99621388055755,0.0,883.2128976244578,-110.01523790545859,-6274.0,47025.58686404054,0.0,-0.0,0.0,0.0,0.0,0.0,-5864.372437012855,-365.21442702768616,-40796.0,38218.334606191864,0.0,-3929.804891491862,0.0,0.0,0.0,0.0,-12177.779,-557.7507146999999,-21553.0
t184,22773.21005257902,0.0,-869.71446194954,0.0,0.0,733.941,0.0,4785.672961837967,-240.10955246744368,-27183.0,37494.12310553474,0.0,-2246.9,0.0,0.0,0.0,0.0,-6160.908533386289,-207.3145721484486,-28879.0,22974.011410281757,0.0,-5608.8668662784985,0.0,0.0,0.0,0.0,15183.97962043167,-875.1241644349227,-31674.0,18707.081545537974,0.0,-0.0,0.0,0.0,0.0,0.0,101.24578251460139,-125.32732805257481,-18683.0,4824.989551155253,0.0,-0.0,0.0,0.0,90.86656547515764,0.0,1088.4660381620333,-103.3221547924437,-5901.0,44724.54160119218,0.0,-0.0,0.0,0.0,0.0,0.0,-4298.206282514601,-263.33531867757483,-40163.0,38921.869758877016,0.0,-6688.141986595148,0.0,0.0,0.0,0.0,-10700.24958704538,-493.4781852364741,-21040.0
t185,20876.34893983586,0.0,-0.0,0.0,0.0,350.0344250577456,0.0,4460.985370947405,-225.36873584101215,-25462.0,34788.997160271836,0.0,-2246.9,0.0,0.0,0.0,0.0,-4727.99996156517,-159.097198706668,-27655.0,20744.808797164565,0.0,-3796.2299382730685,0.0,0.0,0.0,0.0,15228.600461565171,-891.1793204566679,-31286.0,19140.528509375,0.0,-0.0,0.0,0.0,0.0,0.0,-1416.9605,-26.568009375,-17697.0,4133.957709113417,0.0,-0.0,0.0,0.0,151.47000000000003,0.0,1413.153629052595,-88.58133816601217,-5610.0,41346.576,0.0,-0.0,0.0,0.0,0.0,0.0,-2780.0,-164.576,-38402.0,36487.27935583924,0.0,-3285.749641139235,0.0,0.0,0.0,0.0,-12177.779,-557.7507146999999,-20466.0
t186,19107.967780182782,0.0,-0.0,0.0,0.0,642.0600000000001,0.0,4245.532793437236,-215.560573620019,-23780.0,29858.15485638736,0.0,-2246.9,0.0,0.0,0.0,0.0,-1272.7199289772716,-512.5349274100852,-25826.0,16066.838238361841,0.0,-1665.0,0.0,0.0,0.0,0.0,17534.384439135058,-958.2226774968902,-30978.0,18278.528509375003,0.0,-0.0,0.0,0.0,0.0,0.0,-1416.9605,-26.568009375,-16835.0,3928.176653011603,0.0,-0.0,0.0,0.0,46.13459259163099,0.0,1495.53019640498,-84.8414420082139,-5385.0,44540.023026,0.0,-0.0,0.0,0.0,0.0,0.0,-8040.674,-422.349026,-36077.0,33138.88961968408,0.0,-263.4928253840742,0.0,0.0,0.0,0.0,-12545.093,-580.3037942999999,-19750.0
t187,22266.498999999996,0.0,-0.0,0.0,0.0,604.071,0.0,-250.0,-247.57,-22373.0,18757.29913679739,0.0,-0.0,0.0,0.0,0.0,0.0,5428.731935377172,-287.0310721745582,-23899.0,13888.879447822826,1567.0510758789046,-0.0,0.0,0.0,0.0,0.0,15899.856564622829,-738.7870883245582,-30617.0,18105.349217126455,0.0,-226.0,0.0,0.0,0.0,0.0,-1873.9813148815988,-48.36790224485226,-15957.0,5233.123497553508,0.0,-215.30598817850688,0.0,0.0,0.0,0.0,266.9604999999999,-78.778009375,-5206.0,42048.023025999995,0.0,-0.0,0.0,0.0,0.0,0.0,-8040.674,-422.349026,-33585.0,31101.99277933825,0.0,-0.0,0.0,0.0,0.0,0.0,-11430.893685118403,-570.0990942198522,-19101.0
t188,21315.878000000004,0.0,-0.0,0.0,0.0,577.692,0.0,-250.0,-247.57,-21396.0,11743.212314557417,2246.9,-0.0,0.0,0.0,0.0,0.0,8670.597604224742,-382.7099187821626,-22278.0,13218.459176129334,6036.015863027573,-0.0,0.0,0.0,0.0,0.0,12657.990895775258,-834.4659349321626,-31078.0,18243.741717035497,0.0,-623.213207660491,0.0,0.0,0.0,0.0,-1416.9605,-26.568009375,-16177.0,5470.03831784641,0.0,-696.5043240653065,0.0,0.0,0.0,0.0,607.8450953893583,-95.37908917046175,-5286.0,40761.02302600001,0.0,-0.0,0.0,0.0,0.0,0.0,-8040.674,-422.349026,-32298.0,31660.699376534816,0.0,-0.0,0.0,0.0,0.0,0.0,-12228.799095389359,-564.9002811454617,-18867.0
t189,20836.189000000002,0.0,-0.0,0.0,0.0,564.3810000000001,0.0,-250.0,-247.57,-20903.0,13311.65149351047,3448.6866120895315,-0.0,0.0,0.0,0.0,0.0,5627.988,-280.3261056,-22108.0,13408.271690971753,4558.209930778246,-0.0,0.0,0.0,0.0,0.0,15700.6005,-732.0821217499999,-32935.0,18591.869371605575,0.0,-0.0,0.0,0.0,0.0,0.0,-2725.866543934877,-89.00282767069365,-15777.0,5051.190694025354,0.0,-9.373184650354233,0.0,0.0,0.0,0.0,266.9604999999999,-78.778009375,-5230.0,40388.54873462458,0.0,-0.0,0.0,0.0,0.0,0.0,-8074.846904172315,-424.70183045226395,-31889.0,30101.92237599076,0.0,-0.0,0.0,0.0,0.0,0.0,-10544.835551892807,-613.0868240979574,-18944.0
t190,20166.765,0.0,-0.0,0.0,0.0,545.8050000000001,0.0,-250.0,-247.57,-20215.0,9931.471279826557,5965.866825773444,-0.0,0.0,0.0,0.0,0.0,5627.988,-280.3261056,-21245.0,13513.540596576415,4620.941025173588,-0.0,0.0,0.0,0.0,0.0,15700.6005,-732.0821217499999,-33103.0,17311.606828075,0.0,-0.0,0.0,0.0,0.0,0.0,-2336.1915,-70.415328075,-14905.0,5372.304726611364,0.0,-518.4872172363633,0.0,0.0,0.0,0.0,266.9604999999999,-78.778009375,-5042.0,41932.36605106106,0.0,-0.0,0.0,0.0,0.0,0.0,-10160.094896347524,-568.2711547135269,-31204.0,28272.331252416006,0.0,-0.0,0.0,0.0,0.0,0.0,-8849.262603652478,-738.0686487635269,-18685.0
t191,19540.153,0.0,-0.0,0.0,0.0,528.417,0.0,-250.0,-247.57,-19571.0,11443.438571448733,2845.89953415127,-0.0,0.0,0.0,0.0,0.0,5627.988,-280.3261056,-19637.0,13315.31249283075,4249.1691289192495,-0.0,0.0,0.0,0.0,0.0,15700.6005,-732.0821217499999,-32533.0,16964.403495522703,0.0,-0.0,0.0,0.0,0.0,0.0,-1920.7771858382412,-62.626309684467024,-14981.0,6311.9986396479,0.0,-956.5558345016743,0.0,0.0,0.0,0.0,-148.45381416175883,-70.98899098446702,-5136.0,40905.789834575,0.0,-0.0,0.0,0.0,0.0,0.0,-10227.853500000001,-572.9363345749999,-30105.0,27360.77469352692,461.4631350980808,-0.0,0.0,0.0,0.0,0.0,-8781.504,-742.7338286249999,-18298.0
t192,19542.099,0.0,-0.0,0.0,0.0,528.471,0.0,-250.0,-247.57,-19573.0,9279.527628842108,2818.0,-0.0,0.0,0.0,0.0,0.0,7984.081006424063,-359.60863526616976,-19722.0,13054.338882313144,6102.518275527091,-0.0,0.0,0.0,0.0,0.0,13344.507493575937,-811.3646514161696,-31690.0,16044.515527405776,0.0,-0.0,0.0,0.0,0.0,0.0,-666.966973360267,-19.548554045509412,-15358.0,6232.766048865992,0.0,-196.3,0.0,0.0,0.0,0.0,-726.3118969334947,-60.15415193249697,-5250.0,41509.78983457501,0.0,-0.0,0.0,0.0,0.0,0.0,-10227.853500000001,-572.9363345749999,-30709.0,27372.13430931182,802.8127324324278,-0.0,0.0,0.0,0.0,0.0,-9457.45612970624,-710.4909120380123,-18007.0
t193,12392.766376443966,1297.2436235560365,-0.0,0.0,0.0,0.0,0.0,2350.0,-129.01,-15911.0,15240.432996841293,0.0,-0.0,0.0,0.0,0.0,0.0,3982.2714699934304,-335.7044668347211,-18887.0,12116.88900502472,4550.694447953432,-0.0,0.0,0.0,0.0,0.0,14746.31703000657,-668.9004829847211,-30745.0,27153.516640248814,1958.581780226189,-0.0,0.0,0.0,0.0,0.0,-11877.4445,-649.6539204750001,-16585.0,3164.1648021705837,794.4788001544164,-0.0,0.0,0.0,0.0,0.0,924.1389999999999,-110.782602325,-4772.0,32373.448692899998,314.0,-0.0,0.0,0.0,0.0,0.0,-886.7359999999999,-887.7126929,-30913.0,20201.640214931,3759.9328235689964,-0.0,0.0,0.0,0.0,0.0,-9238.547,-738.0260384999999,-13985.0
t194,12378.897214550601,4006.672785449401,-0.0,0.0,0.0,0.0,0.0,-250.0,-247.57,-15888.0,15248.770764474632,2334.5860878838143,-0.0,0.0,0.0,0.0,0.0,2836.889710677266,-374.24656303571,-20046.0,12138.303789862977,0.0,-0.0,0.0,0.0,0.0,0.0,18491.698789322734,-826.0025791857099,-29804.0,27827.516640248814,1732.581780226189,-0.0,0.0,0.0,0.0,0.0,-11877.4445,-649.6539204750001,-17033.0,3134.3039432714904,846.3396590535094,-0.0,0.0,0.0,0.0,0.0,924.1389999999999,-110.782602325,-4794.0,34439.46873391545,379.60144070264465,-0.0,0.0,0.0,0.0,0.0,-710.2031983225943,-899.8669762954894,-33209.0,20550.38479344601,3531.875330126882,-0.0,0.0,0.0,0.0,0.0,-9415.079801677406,-750.1803218954893,-13917.0
t195,12289.767225967133,1553.2427740328653,-0.0,0.0,0.0,0.0,0.0,2350.0,-129.01,-16064.0,15427.306072071931,4457.5175809992925,-0.0,0.0,0.0,0.0,0.0,871.5563766543592,-440.3800297255808,-20316.0,12009.543922529941,0.0,-0.0,0.0,0.0,0.0,0.0,17857.03212334564,-773.5760458755808,-29093.0,28620.598420475002,804.5,-0.0,0.0,0.0,0.0,0.0,-11877.4445,-649.6539204750001,-16898.0,3212.723675553876,857.9199267711238,-0.0,0.0,0.0,0.0,0.0,924.1389999999999,-110.782602325,-4884.0,35371.8486929,378.6,-0.0,0.0,0.0,0.0,0.0,-886.7359999999999,-887.7126929,-33976.0,20459.89402412602,3161.6790143739795,-0.0,0.0,0.0,0.0,0.0,-9238.547,-738.0260384999999,-13645.0
t196,13132.190583752898,4202.576294317809,-0.0,0.0,0.0,0.0,0.0,-528.8569851987318,-234.9098928719776,-16571.0,14785.729603231914,2246.9,-0.0,0.0,0.0,0.0,0.0,4138.807428595838,-330.43703182775005,-20841.0,12284.825159884569,2608.5868166890195,-0.0,0.0,0.0,0.0,0.0,17189.781071404163,-782.19304797775,-31301.0,28069.80044784505,1598.2979726299523,-0.0,0.0,0.0,0.0,0.0,-11877.4445,-649.6539204750001,-17141.0,3303.9807423702873,626.1457676279584,-0.0,0.0,0.0,0.0,0.0,1202.9959851987317,-98.12249519697758,-5035.0,35213.7598841751,314.6888087249004,-0.0,0.0,0.0,0.0,0.0,-886.7359999999999,-887.7126929,-33754.0,20453.99615629585,3439.576882204148,-0.0,0.0,0.0,0.0,0.0,-9238.547,-738.0260384999999,-13917.0
t197,11892.758681025514,5904.211260179195,-0.0,0.0,0.0,0.0,0.0,-315.3676316831252,-244.6023095215861,-17237.0,14356.539508095675,2254.798597504325,-0.0,0.0,0.0,0.0,0.0,5627.988,-280.3261056,-21959.0,11835.71141381853,5431.770207931471,-0.0,0.0,0.0,0.0,0.0,15700.6005,-732.0821217499999,-32236.0,28166.516640248814,1732.581780226189,-0.0,0.0,0.0,0.0,0.0,-11877.4445,-649.6539204750001,-17372.0,3347.797835109047,943.5104450544139,-0.0,0.0,0.0,0.0,0.0,989.5066316831251,-107.81491184658613,-5173.0,35494.84725219736,379.60144070264465,-0.0,0.0,0.0,0.0,0.0,-886.7359999999999,-887.7126929,-34100.0,20445.02621809875,3558.546820401246,-0.0,0.0,0.0,0.0,0.0,-9238.547,-738.0260384999999,-14027.0
t198,13502.531678423962,2723.9040539101507,-0.0,0.0,0.0,0.0,0.0,1871.867030867269,-107.302763201374,-17991.0,14547.830312194583,2987.507793405415,-0.0,0.0,0.0,0.0,0.0,5627.988,-280.3261056,-22883.0,13376.193717062244,5759.727904687755,-0.0,0.0,0.0,0.0,0.0,13100.6005,-613.52212175,-31623.0,29092.8111192938,732.2873011812,-0.0,0.0,0.0,0.0,0.0,-11877.4445,-649.6539204750001,-17298.0,3794.876960839044,134.92643555459986,-0.0,0.0,0.0,0.0,0.0,1402.271969132731,-89.07536552637401,-5243.0,35881.448692900005,314.0,-0.0,0.0,0.0,0.0,0.0,-886.7359999999999,-887.7126929,-34421.0,20765.284534802693,3357.288503697305,-0.0,0.0,0.0,0.0,0.0,-9238.547,-738.0260384999999,-14146.0
t199,16266.709999999997,97.3,-0.0,0.0,0.0,0.0,0.0,2350.0,-129.01,-18585.0,17940.832202623682,0.5059029763153442,-0.0,0.0,0.0,0.0,0.0,5627.988,-280.3261056,-23289.0,16774.7653081043,371.15631364570174,-0.0,0.0,0.0,0.0,0.0,13100.6005,-613.52212175,-29633.0,29517.79872539255,97.29969508244903,-0.0,0.0,0.0,0.0,0.0,-11877.4445,-649.6539204750001,-17088.0,5716.186736204028,0.0,-0.0,0.0,0.0,0.0,0.0,-378.9527514818633,-110.23398472216674,-5227.0,35795.19861424016,359.25007865984463,-0.0,0.0,0.0,0.0,0.0,-886.7359999999999,-887.7126929,-34380.0,21809.21644358518,1292.716225830118,-0.0,0.0,0.0,0.0,0.0,-7935.4552485181375,-737.4774208971667,-14429.0
t200,23330.63630469094,0.0,-5431.426304690936,0.0,0.0,0.0,0.0,1150.0,-52.21,-18997.0,20817.387280918167,0.0,-2246.9,0.0,0.0,0.0,0.0,4696.180244670698,-234.66752558886418,-23032.0,26562.6503706447,0.0,-6531.304748894704,0.0,0.0,0.0,0.0,10320.6005,-448.94612175,-29903.0,30154.505283417315,0.0,-809.3498822978185,0.0,0.0,0.0,0.0,-11712.592456460852,-646.562944658641,-16986.0,6677.89201494654,0.0,-788.1303448987508,0.0,0.0,0.0,0.0,-555.0700435391475,-107.691626508641,-5227.0,32030.40635755956,0.0,-0.0,0.0,0.0,0.0,0.0,2825.0717553293025,-677.4781128888642,-34178.0,25132.80421475481,0.0,-3152.3881762548117,0.0,0.0,0.0,0.0,-6724.1900000000005,-661.2260385,-14595.0
t201,25698.461802481153,0.0,-7440.251802481157,0.0,0.0,0.0,0.0,1150.0,-52.21,-19356.0,30336.223825309105,0.0,-7019.17872771891,0.0,0.0,0.0,0.0,-395.7288227061298,-13.316274884061267,-22908.0,30270.903090548094,0.0,-11841.561024341634,0.0,0.0,0.0,0.0,12696.124186355653,-579.4662525621131,-30546.0,29629.759866134485,0.0,-446.71437181267174,0.0,0.0,0.0,0.0,-11594.69316144473,-644.3523328770887,-16944.0,5990.45035328236,0.0,-0.0,0.0,0.0,0.0,0.0,-672.9693385552716,-105.48101472708866,-5212.0,29655.424386477574,0.0,-314.0,0.0,0.0,0.0,0.0,5174.143136350476,-582.5675228280518,-33933.0,27218.392236639153,0.0,-5370.8432777391545,0.0,0.0,0.0,0.0,-6356.876,-638.6729588999999,-14852.0
t202,26558.06797655319,0.0,-8185.857976553194,0.0,0.0,0.0,0.0,1150.0,-52.21,-19470.0,33762.567128248455,0.0,-7418.411610368039,0.0,0.0,0.0,0.0,-3601.949903623482,-121.20561425693016,-22621.0,30149.72222790455,0.0,-13168.232410990675,0.0,0.0,0.0,0.0,15034.488664114098,-635.9784810279747,-31380.0,27469.332155645854,0.0,-0.0,0.0,0.0,0.0,0.0,-9775.582448124183,-558.7497075216672,-17135.0,6035.935277035192,0.0,-0.0,0.0,0.0,0.0,0.0,-722.713658125036,-60.22161891015558,-5253.0,29046.030743673953,0.0,-0.0,0.0,0.0,0.0,0.0,4929.811845758602,-458.8425894325561,-33517.0,25584.35864471341,0.0,-2801.635778763414,0.0,0.0,0.0,0.0,-7014.0545,-606.66836595,-15162.0
t203,24745.282223205868,0.0,-6212.0722232058715,0.0,0.0,0.0,0.0,1150.0,-52.21,-19631.0,34401.400747621774,0.0,-5969.456031916452,0.0,0.0,0.0,0.0,-5621.772085043606,-189.17263066171733,-22621.0,31370.207191709742,0.0,-14937.461024341634,0.0,0.0,0.0,0.0,15942.372585043606,-638.1187524117173,-31737.0,25201.78214786761,0.0,-0.0,0.0,0.0,0.0,0.0,-7395.750552140647,-430.0315957269581,-17376.0,6747.409843501256,0.0,-0.0,0.0,0.0,0.0,0.0,-1370.46328168328,-62.946561817975734,-5314.0,29455.950862259975,0.0,-0.0,0.0,0.0,0.0,0.0,4452.697082988422,-289.64794524839687,-33619.0,25087.559328490643,0.0,-1993.4092452796124,0.0,0.0,0.0,0.0,-7157.083749164494,-600.0663340465369,-15337.0
t204,24094.339020032345,0.0,-5466.070581988712,0.0,0.0,0.0,0.0,1177.7153439704748,-53.98378201411038,-19752.0,34296.21876421196,0.0,-6847.311610368039,0.0,0.0,0.0,0.0,-4346.642629365766,-146.26452447815802,-22956.0,28805.445390214918,0.0,-9764.477873352518,0.0,0.0,0.0,0.0,14667.243129365766,-595.210646228158,-33113.0,23733.692733726555,0.0,-0.0,0.0,0.0,0.0,0.0,-5306.6134217312265,-341.07931199532294,-18086.0,7414.243106535784,0.0,-0.0,0.0,0.0,0.0,0.0,-1948.3809673234682,-86.86213921231503,-5379.0,30632.499557977793,0.0,-235.4999999994822,0.0,0.0,0.0,0.0,4528.584889054695,-294.5844470330079,-34631.0,26208.662814391315,0.0,-1336.1846550067257,0.0,0.0,0.0,0.0,-8771.906343970475,-526.5718154141103,-15574.0
t205,24768.583961114124,0.0,-5782.373961114124,0.0,0.0,0.0,0.0,1150.0,-52.21,-20084.0,33802.553403339276,0.0,-3720.9860153302548,0.0,0.0,0.0,0.0,-5651.397850344915,-190.1695376641064,-24240.0,30048.933810977414,0.0,-10007.81650190822,0.0,0.0,0.0,0.0,15971.998350344915,-639.1156594141064,-35374.0,23651.23866354308,0.0,-0.0,0.0,0.0,0.0,0.0,-4922.696694087423,-338.54196945565684,-18390.0,7512.114570378329,0.0,-0.0,0.0,0.0,0.0,0.0,-2025.8008091321008,-88.31376124622689,-5398.0,30991.12379793991,0.0,-0.0,0.0,0.0,0.0,0.0,5141.319003219523,-334.44280115942996,-35798.0,27274.398322859466,0.0,-1268.0256081594673,0.0,0.0,0.0,0.0,-9663.422,-480.9507147,-15862.0
t206,23304.864164773604,0.0,-5744.8541647736065,0.0,0.0,0.0,0.0,2350.0,-129.01,-19781.0,32931.595309977085,0.0,-4356.42673451566,0.0,0.0,0.0,0.0,-3728.6978914152974,-125.47068404612476,-24721.0,25223.118414380824,0.0,-1665.0,0.0,0.0,0.0,0.0,14049.298391415297,-574.4168057961248,-37033.0,23107.400006064523,0.0,-0.0,0.0,0.0,0.0,0.0,-4646.458877285525,-308.94112877899875,-18152.0,7792.249129050596,0.0,-0.0,0.0,0.0,0.0,0.0,-2381.2703145772716,-94.97881447332384,-5316.0,33265.06628989288,0.0,-0.0,0.0,0.0,0.0,0.0,2833.2356918627966,-184.30198175567492,-35914.0,28109.843858929133,0.0,-3223.1112187291355,0.0,0.0,0.0,0.0,-8476.107,-671.6256401999999,-15739.0
t207,20700.18943181034,0.0,-3753.1794318103393,0.0,0.0,0.0,0.0,2350.0,-129.01,-19168.0,32368.210757980825,0.0,-2246.9,0.0,0.0,0.0,0.0,-5380.264845915763,-181.0459120650654,-24560.0,24256.9165280281,0.0,-1665.0,0.0,0.0,0.0,0.0,15739.35403625505,-632.2705642831512,-37699.0,21776.456049997272,0.0,-0.0,0.0,0.0,0.0,0.0,-3845.6714262434202,-228.78462375385334,-17702.0,7270.061714254832,0.0,-0.0,0.0,0.0,0.0,0.0,-2046.3624227532082,-88.69929150162267,-5135.0,33821.65187151298,0.0,-0.0,0.0,0.0,0.0,0.0,1659.051658657341,-112.70353017031647,-35368.0,26638.006445041516,0.0,-2181.2738048415185,0.0,0.0,0.0,0.0,-8476.107,-671.6256401999999,-15309.0
t208,15570.145418594422,533.389506425736,-0.0,0.0,0.0,0.0,0.0,2402.886708905954,-131.42163392611153,-18375.0,29021.156207996253,0.0,-2246.9,0.0,0.0,0.0,0.0,-2648.053385248424,-509.2028227478272,-23617.0,16974.481660707068,0.0,-0.0,0.0,0.0,0.0,0.0,20778.596291094047,-876.0779518011116,-36877.0,23118.18164769278,0.0,-0.0,0.0,0.0,0.0,0.0,-5746.9349860339935,-269.24666165878875,-17102.0,5816.584087147162,0.0,-0.0,0.0,0.0,0.0,0.0,-787.2457552327762,-103.33833191438545,-4926.0,41760.66642704014,0.0,-0.0,0.0,0.0,0.0,0.0,-6926.311918662435,-539.3545083777103,-34295.0,21841.21633610508,821.5127808777663,-0.0,0.0,0.0,0.0,0.0,-7072.936954822371,-748.7921621604797,-14841.0
t209,10898.815474231433,5627.573759553338,-0.0,0.0,0.0,0.0,0.0,1044.1667618737838,-188.55599565855545,-17382.0,21048.757771847657,2712.0353811564,-0.0,0.0,0.0,0.0,0.0,-782.7458532424453,-496.0472997616083,-22482.0,12503.405653570884,3845.216066630619,-0.0,0.0,0.0,0.0,0.0,20817.167591368663,-888.7893115701638,-36277.0,22205.77395684124,0.0,-0.0,0.0,0.0,0.0,0.0,-5508.240453550303,-265.5335032909378,-16432.0,5810.960112028838,0.0,-0.0,0.0,0.0,0.0,0.0,-1042.4060353669681,-98.55407666186935,-4670.0,40909.04838376748,0.0,-314.0,0.0,0.0,0.0,0.0,-7294.658659635541,-563.3897241319296,-32737.0,20805.578312700043,1630.3,-0.0,0.0,0.0,0.0,0.0,-7233.283351447188,-785.594961252861,-14417.0
t210,10941.138934513596,3257.8710654864044,-0.0,0.0,0.0,0.0,0.0,2350.0,-129.01,-16420.0,17807.446337275094,6123.918464449904,-0.0,0.0,0.0,0.0,0.0,-2102.8944999999994,-540.470301725,-21288.0,12539.385329284165,2955.7979885908408,-0.0,0.0,0.0,0.0,0.0,20831.483,-873.666317875,-35453.0,25028.681568978234,0.0,-0.0,0.0,0.0,0.0,0.0,-8746.486574649156,-578.1949943290765,-15704.0,7237.100160890654,0.0,-0.0,0.0,0.0,0.0,0.0,-2601.982983868126,-99.11717702252737,-4536.0,33659.14508399648,0.0,-0.0,0.0,0.0,0.0,0.0,-1812.755858690196,-828.3892253062841,-31018.0,21680.45596204482,997.403192497433,-0.0,0.0,0.0,0.0,0.0,-7917.363082792523,-738.4960717497347,-14022.0
t211,11639.328006657748,1897.6819933422466,-0.0,0.0,0.0,0.0,0.0,2350.0,-129.01,-15758.0,17892.05275765449,0.0,-0.0,0.0,0.0,0.0,0.0,2789.7790781652548,-375.8318358197392,-20306.0,12814.89839306601,6982.320037068977,-0.0,0.0,0.0,0.0,0.0,15938.809421834745,-709.0278519697391,-35027.0,25549.258676488807,0.0,-542.6602470395513,0.0,0.0,0.0,0.0,-8814.715677340839,-542.8827521084156,-15649.0,7397.669939648793,0.0,-592.8140278760559,0.0,0.0,0.0,0.0,-2127.6328006848944,-90.22311108784177,-4587.0,33109.255534862954,0.0,-314.0,0.0,0.0,0.0,0.0,-2353.9824700428526,-811.273064820096,-29630.0,22181.055639480932,0.0,-0.0,0.0,0.0,0.0,0.0,-7782.257551931414,-747.798087549522,-13651.0
t212,12132.44702183276,4037.12297816724,-0.0,0.0,0.0,0.0,0.0,-250.0,-247.57,-15672.0,18039.136289531765,1455.056544914646,-0.0,0.0,0.0,0.0,0.0,1239.7959341688133,-427.98876861521944,-20306.0,12867.189953330866,3253.7622656031676,-0.0,0.0,0.0,0.0,0.0,20088.792565831187,-879.7447847652195,-35330.0,25370.343070988096,0.0,-1222.8765380630612,0.0,0.0,0.0,0.0,-7577.893156213355,-435.5733767116788,-16134.0,6796.227516243251,0.0,-212.83442329324998,0.0,0.0,0.0,0.0,-1807.1785,-84.21459295,-4692.0,34244.69791002859,0.0,-379.60144070264465,0.0,0.0,0.0,0.0,-3836.2861617710378,-704.8103075549043,-29324.0,22457.866869558828,0.0,-0.0,0.0,0.0,0.0,0.0,-7857.230682015607,-742.6361875432254,-13858.0
t213,12466.130583941487,1075.8794160585107,-0.0,0.0,0.0,0.0,0.0,2350.0,-129.01,-15763.0,17854.987172479134,449.38000000304584,-0.0,0.0,0.0,0.0,0.0,2790.4423444278264,-375.80951691000365,-20719.0,12852.959148542135,8503.900228945695,-0.0,0.0,0.0,0.0,0.0,15938.146155572174,-709.0055330600036,-36586.0,27843.68846483722,0.0,-1548.7113113156872,0.0,0.0,0.0,0.0,-9753.857308691173,-577.1198448303609,-15964.0,6837.370281251001,0.0,-316.97718830100104,0.0,0.0,0.0,0.0,-1807.1785,-84.21459295,-4629.0,32458.10563589104,0.0,-335.99631795185707,0.0,0.0,0.0,0.0,-1593.3626913088265,-841.7466266303609,-29687.0,22861.021535937896,0.0,-629.8054974379007,0.0,0.0,0.0,0.0,-7924.1900000000005,-738.0260384999999,-13569.0
t214,12045.323445276123,3666.2465547238785,-0.0,0.0,0.0,0.0,0.0,-250.0,-247.57,-15214.0,17513.26611094766,5211.098690777333,-0.0,0.0,0.0,0.0,0.0,-2102.8944999999994,-540.470301725,-20081.0,13024.081304872276,2998.662013002722,-0.0,0.0,0.0,0.0,0.0,23431.483,-992.226317875,-38462.0,27475.841675164284,0.0,-1958.581780226189,0.0,0.0,0.0,0.0,-9932.832937855326,-574.4269570827666,-15010.0,6799.288415001627,0.0,-754.7066922839977,0.0,0.0,0.0,0.0,-1497.5618169606407,-90.01990575698798,-4457.0,32230.85361196246,0.0,-379.60144070264465,0.0,0.0,0.0,0.0,-1724.0037451840326,-833.2484260757786,-29294.0,23338.686195153306,0.0,-1098.4701566533074,0.0,0.0,0.0,0.0,-7924.1900000000005,-738.0260384999999,-13578.0
t215,11801.282338092802,769.7276619071939,-0.0,0.0,0.0,0.0,0.0,2350.0,-129.01,-14792.0,18924.074714200717,2270.2900875242854,-0.0,0.0,0.0,0.0,0.0,-2102.8944999999994,-540.470301725,-18551.0,13079.672240539414,5158.511077335585,-0.0,0.0,0.0,0.0,0.0,20831.483,-873.666317875,-38196.0,28956.525137530967,0.0,-1958.581780226189,0.0,0.0,0.0,0.0,-11240.237076029232,-637.7062812755481,-15120.0,6868.070832150732,0.0,-1139.810445054414,0.0,0.0,0.0,0.0,-1027.4254239707684,-98.8349631255481,-4602.0,32549.81694217764,0.0,-379.60144070264465,0.0,0.0,0.0,0.0,-3073.915500000001,-1038.300001475,-28058.0,23285.777544520897,0.0,-3405.1536974459054,0.0,0.0,0.0,0.0,-5737.0105,-888.6133470749999,-13255.0
t216,12878.90022390515,124.10977609484952,-0.0,0.0,0.0,0.0,0.0,2350.0,-129.01,-15224.0,16812.666760272106,2246.9,-0.0,0.0,0.0,0.0,0.0,15.615674094611677,-469.18243436671634,-18606.0,13205.7854183558,6057.62020625554,-0.0,0.0,0.0,0.0,0.0,18712.972825905388,-802.3784505167164,-37174.0,29868.68020070119,0.0,-1958.581780226189,0.0,0.0,0.0,0.0,-11877.4445,-649.6539204750001,-15383.0,6341.811047379414,0.0,-1139.810445054414,0.0,0.0,0.0,0.0,-390.2180000000001,-110.782602325,-4701.0,33194.81694217765,0.0,-379.60144070264465,0.0,0.0,0.0,0.0,-3073.915500000001,-1038.300001475,-28703.0,23413.12456437935,0.0,-3599.5007173043614,0.0,0.0,0.0,0.0,-5737.0105,-888.6133470749999,-13188.0
t217,15379.701949601824,2176.8680503981755,-0.0,0.0,0.0,0.0,0.0,-250.0,-247.57,-17059.0,13361.759421488217,1759.5786841117845,-0.0,0.0,0.0,0.0,0.0,5627.988,-280.3261056,-20469.0,12424.93924032733,8646.54238142267,-0.0,0.0,0.0,0.0,0.0,15700.6005,-732.0821217499999,-36040.0,26132.644443197743,0.0,-0.0,0.0,0.0,0.0,0.0,-6530.79037364231,-301.85406955543226,-19300.0,5330.912751244169,0.0,-0.0,0.0,0.0,0.0,0.0,207.74886476669377,-81.661616010862,-5457.0,40430.06977691313,0.0,-0.0,0.0,0.0,0.0,0.0,-8420.56962635769,-690.5001505554321,-31319.0,20701.120638953053,1065.349086574499,-0.0,0.0,0.0,0.0,0.0,-6334.977364766694,-859.492360760862,-14572.0
t218,15652.494252181745,1907.0757478182545,-0.0,0.0,0.0,0.0,0.0,-250.0,-247.57,-17062.0,14098.4381056,2246.9,-0.0,0.0,0.0,0.0,0.0,5627.988,-280.3261056,-21693.0,12497.953034210552,7415.528587539454,-0.0,0.0,0.0,0.0,0.0,15700.6005,-732.0821217499999,-34882.0,27489.517954203493,0.0,-0.0,0.0,0.0,0.0,0.0,-7322.18374578986,-353.3342084136304,-19814.0,5561.910545662073,0.0,-0.0,0.0,0.0,0.0,0.0,-34.453666384164194,-93.45687927790878,-5434.0,42291.15654362378,0.0,-0.0,0.0,0.0,0.0,0.0,-7629.176254210141,-741.9802894136303,-33920.0,20929.401873132876,607.6605845108643,-0.0,0.0,0.0,0.0,0.0,-6092.7748336158365,-871.2876240279087,-14573.0
t219,15707.376447732471,1661.1935522675278,-0.0,0.0,0.0,0.0,0.0,-250.0,-247.57,-16871.0,13209.444605701929,3424.893499898072,-0.0,0.0,0.0,0.0,0.0,5627.988,-280.3261056,-21982.0,12469.034187110956,5670.447434639045,-0.0,0.0,0.0,0.0,0.0,15700.6005,-732.0821217499999,-33108.0,25959.720536864927,0.0,-0.0,0.0,0.0,0.0,0.0,-5844.509066348929,-257.21147051599786,-19858.0,5765.995431242973,0.0,-0.0,0.0,0.0,0.0,0.0,-190.91870460376896,-101.07672663920354,-5474.0,44644.708485167066,0.0,-0.0,0.0,0.0,0.0,0.0,-9106.850933651072,-645.8575515159978,-34892.0,20937.299796608855,273.9174701765778,-0.0,0.0,0.0,0.0,0.0,-5936.3097953962315,-878.9074713892035,-14396.0
t220,15651.11229167421,1714.4577083257877,-0.0,0.0,0.0,0.0,0.0,-250.0,-247.57,-16868.0,13370.807510800947,3599.530594799052,-0.0,0.0,0.0,0.0,0.0,5627.988,-280.3261056,-22318.0,12460.317727685204,2492.163894064797,-0.0,0.0,0.0,0.0,0.0,15700.6005,-732.0821217499999,-29921.0,28435.52312281811,0.0,-0.0,0.0,0.0,0.0,0.0,-7899.6262777034935,-390.8968451146123,-20145.0,5914.679862701882,0.0,-0.0,0.0,0.0,0.0,0.0,-194.43203678543142,-101.2478259164505,-5619.0,42701.27664841113,0.0,-0.0,0.0,0.0,0.0,0.0,-7051.733722296507,-779.5429261146122,-34870.0,20996.618419818707,601.2566140623121,-0.0,0.0,0.0,0.0,0.0,-5932.796463214569,-879.0785706664504,-14786.0
t221,15523.582074221113,2064.987925778884,-0.0,0.0,0.0,0.0,0.0,-250.0,-247.57,-17091.0,13338.995578082815,4659.342527517183,-0.0,0.0,0.0,0.0,0.0,5627.988,-280.3261056,-23346.0,12457.05109593375,2791.4305258162512,-0.0,0.0,0.0,0.0,0.0,15700.6005,-732.0821217499999,-30217.0,25428.26301419625,0.0,-0.0,0.0,0.0,0.0,0.0,-5195.283656585371,-214.97935761087842,-20018.0,6084.263758688296,0.0,-0.0,0.0,0.0,0.0,0.0,-388.561812685511,-110.70194600278438,-5585.0,45759.70178202551,0.0,-0.0,0.0,0.0,0.0,0.0,-9756.07634341463,-603.6254386108783,-35400.0,20936.259310618545,377.94006744872695,-0.0,0.0,0.0,0.0,0.0,-5738.6666873144895,-888.5326907527843,-14687.0
t222,16324.979093213811,1486.590906786186,-0.0,0.0,0.0,0.0,0.0,-250.0,-247.57,-17314.0,15840.34742763315,2774.9906779668486,-0.0,0.0,0.0,0.0,0.0,5627.988,-280.3261056,-23963.0,13279.556757792614,1662.9248639573873,-0.0,0.0,0.0,0.0,0.0,15700.6005,-732.0821217499999,-29911.0,25317.38909007911,0.0,-0.0,0.0,0.0,0.0,0.0,-5483.651410101971,-233.73767997713327,-19600.0,5717.20518993889,0.0,-0.0,0.0,0.0,0.0,0.0,-58.573666648127585,-94.63152329076381,-5564.0,45834.09235087517,0.0,-0.0,0.0,0.0,0.0,0.0,-9467.70858989803,-622.3837609771332,-35744.0,20983.357143803798,439.75995758883465,-0.0,0.0,0.0,0.0,0.0,-6068.654833351873,-872.4622680407637,-14482.0
t223,17876.569999999996,0.0,-0.0,0.0,0.0,0.0,0.0,-250.0,-247.57,-17379.0,14718.406107409153,3885.931998190845,-0.0,0.0,0.0,0.0,0.0,5627.988,-280.3261056,-23952.0,13720.481621750001,0.0,-0.0,0.0,0.0,0.0,0.0,15700.6005,-732.0821217499999,-28689.0,27838.99311701095,0.0,-0.0,0.0,0.0,0.0,0.0,-8439.948322858965,-426.04479415197574,-18973.0,6220.219641137968,0.0,-277.21903881296817,0.0,0.0,0.0,0.0,-390.2180000000001,-110.782602325,-5442.0,42991.10255229302,0.0,-0.0,0.0,0.0,0.0,0.0,-6511.411677141035,-814.6908751519757,-35665.0,20994.623847074992,0.0,-0.0,0.0,0.0,0.0,0.0,-5737.0105,-888.6133470749999,-14369.0
t224,21527.466263427712,0.0,-5126.008249724312,0.0,0.0,0.0,0.0,1045.5164367794503,-56.97445048285707,-17390.0,17543.839801844122,0.0,-2246.9,0.0,0.0,0.0,0.0,8593.164492736461,-380.10429458058195,-23510.0,20986.15719072935,0.0,-1665.0,0.0,0.0,0.0,0.0,10239.907570484089,-718.064761213439,-28843.0,28096.300146478323,0.0,-0.0,0.0,0.0,0.0,0.0,-9087.154584975651,-468.1455615026661,-18541.0,6710.225331460375,0.0,-1139.810445054414,0.0,0.0,0.0,0.0,-118.84800293788493,-97.56688346807499,-5354.0,39806.230248952015,0.0,-0.0,0.0,0.0,0.0,0.0,-3677.0259150243483,-706.2043339276661,-35423.0,24726.670018764486,0.0,-2744.0997020592977,0.0,0.0,0.0,0.0,-6995.559997062116,-648.010319643075,-14339.0
t225,25793.576198681236,0.0,-9263.52542439119,0.0,0.0,0.0,0.0,889.3245607688614,-40.37533505890631,-17379.0,30870.431386738266,0.0,-7418.411610368039,0.0,0.0,0.0,0.0,241.60319752456417,-385.62297389478783,-23308.0,27914.841050949333,0.0,-14937.461024341634,0.0,0.0,0.0,0.0,17077.594744543043,-741.9747711507388,-29313.0,27233.13858909325,0.0,-0.0,0.0,0.0,0.0,0.0,-8536.793984642269,-432.34460445097955,-18264.0,5975.11785025718,0.0,-1139.810445054414,0.0,0.0,0.0,0.0,527.6359392311385,-66.9433444339063,-5296.0,39606.88448322793,0.0,-0.0,0.0,0.0,0.0,0.0,-3730.813198860327,-646.0712843676066,-35230.0,27181.012192005568,0.0,-5526.521958492976,0.0,0.0,0.0,0.0,-6468.551258565012,-582.938974947578,-14603.0
t226,26551.87778135615,0.0,-9461.025295449766,0.0,0.0,0.0,0.0,360.51489010436666,-16.367376010738248,-17435.0,36910.83491624934,0.0,-7418.411610368039,0.0,0.0,0.0,0.0,-6139.2911327616175,-338.1321731196807,-23015.0,28669.019892024895,0.0,-14937.461024341634,0.0,0.0,0.0,0.0,16385.716612328004,-680.2754800112682,-29437.0,25426.6454053531,0.0,-1380.081780226189,0.0,0.0,0.0,0.0,-5579.5854367183765,-239.9781884085304,-18227.0,5484.300220544518,0.0,-1139.810445054414,0.0,0.0,0.0,0.0,1056.4456098956332,-42.93538538573824,-5358.0,39215.85445544203,0.0,-0.0,0.0,0.0,0.0,0.0,-3818.726270716307,-319.1281847257265,-35078.0,24393.370059710633,0.0,-6688.141986595148,0.0,0.0,0.0,0.0,-2265.0742721317024,-434.1538009837836,-15006.0
t227,24954.078110286806,0.0,-7395.078110286805,0.0,0.0,0.0,0.0,0.0,-0.0,-17559.0,35930.94483584821,0.0,-5651.050914774631,0.0,0.0,0.0,0.0,-7120.858551470634,-290.03536960293894,-22869.0,27141.052767446567,0.0,-14272.89365920164,0.0,0.0,0.0,0.0,18313.996549012096,-764.1556572570262,-30418.0,23513.796753575003,0.0,-0.0,0.0,0.0,0.0,0.0,-4723.5064999999995,-184.290253575,-18606.0,5121.097757487201,0.0,-1085.4902481122008,0.0,0.0,0.0,0.0,1416.9605,-26.568009375,-5426.0,39075.4911220073,0.0,-0.0,0.0,0.0,0.0,0.0,-3390.023948529366,-194.4671734779389,-35491.0,25296.567740939267,0.0,-5057.841986595148,0.0,0.0,0.0,0.0,-4496.568049012096,-497.1577053320262,-15245.0
t228,24820.314859252092,0.0,-6658.31485925209,0.0,0.0,0.0,0.0,0.0,-0.0,-18162.0,34016.034669595465,0.0,-7024.99441061802,0.0,0.0,0.0,0.0,-3761.466897864305,-126.57336111313386,-23103.0,26080.665584567047,0.0,-10537.637499568214,0.0,0.0,0.0,0.0,16862.067397864306,-740.0954828631338,-31665.0,23512.223788455663,0.0,-0.0,0.0,0.0,0.0,0.0,-3953.232687309026,-155.99110114663264,-19403.0,4654.719846234949,0.0,-162.94294467347243,0.0,0.0,0.0,0.0,1125.3229028672852,-21.099804428761598,-5596.0,39845.576,0.0,-0.0,0.0,0.0,0.0,0.0,-2780.0,-164.576,-36901.0,24213.674043445575,0.0,-591.1459094194473,0.0,0.0,0.0,0.0,-7492.690715558259,-583.837418467871,-15546.0
t229,25021.170741028585,0.0,-6045.297912656091,0.0,0.0,0.0,0.0,-166.3218178424487,-7.551010530047171,-18802.0,33797.55461272769,0.0,-5572.002184088626,0.0,0.0,0.0,0.0,-3892.5675312137178,-130.9848974253416,-24202.0,25348.771620577314,0.0,-6450.6957591464625,0.0,0.0,0.0,0.0,14613.934499097435,-641.0103605282833,-32871.0,21257.13968824542,934.4671398295827,-0.0,0.0,0.0,0.0,0.0,-2336.1915,-70.415328075,-19785.0,4119.836702062598,0.0,-0.0,0.0,0.0,0.0,0.0,1583.2823178424487,-34.11901990504717,-5669.0,41231.575999999994,0.0,-0.0,0.0,0.0,0.0,0.0,-2780.0,-164.576,-38287.0,23491.432749686657,0.0,-0.0,0.0,0.0,0.0,0.0,-7022.135967883718,-389.2967818029417,-16080.0
t230,23583.81214840983,0.0,-2052.4337306168113,0.0,0.0,0.0,0.0,-2625.722359960225,-119.65605783279501,-18786.0,32036.254149049288,0.0,-2246.9,0.0,0.0,0.0,0.0,-4824.025684757206,-162.32846429207999,-24803.0,23771.053975665272,0.0,-5114.704617229801,0.0,0.0,0.0,0.0,15202.808935515932,-662.1582939513929,-33197.0,21161.528509375003,0.0,-0.0,0.0,0.0,0.0,0.0,-1416.9605,-26.568009375,-19718.0,3870.650766794596,0.0,-0.0,0.0,0.0,0.0,0.0,1801.3694069562155,-44.020173750812184,-5628.0,41496.576,0.0,-0.0,0.0,0.0,0.0,0.0,-2780.0,-164.576,-38552.0,23000.73315414308,0.0,-1308.2134201860317,0.0,0.0,0.0,0.0,-5357.469797754716,-233.04993620233012,-16102.0
t231,21015.663119314137,0.0,-2014.4028642408798,0.0,0.0,0.0,0.0,-645.9348144951847,-29.325440578081388,-18326.0,30062.38566090332,0.0,-2246.9,0.0,0.0,0.0,0.0,-2999.5507772488945,-100.93488365442529,-24715.0,21742.532618433703,0.0,-1665.0,0.0,0.0,0.0,0.0,13003.207325050076,-579.7399434837766,-32501.0,22629.041676932502,192.10000011281173,-0.0,0.0,0.0,0.0,0.0,-3273.038735821619,-115.10294122369123,-19433.0,3498.9981354578963,0.0,-0.0,0.0,0.0,0.0,0.0,2062.8953144951847,-55.89344995308139,-5506.0,41175.576,0.0,-0.0,0.0,0.0,0.0,0.0,-2780.0,-164.576,-38231.0,21689.342303657602,0.0,-0.0,0.0,0.0,0.0,0.0,-5367.578311979563,-402.76399167804266,-15919.0
t232,17554.68207642573,553.5433428238333,-0.0,0.0,0.0,0.0,0.0,-167.66191564033693,-196.56350360922895,-17744.0,24745.531720257797,0.0,-2246.9,0.0,0.0,0.0,0.0,1860.4713215713323,-407.10304182912466,-23952.0,15464.898908006682,0.0,-1665.0,0.0,0.0,0.0,0.0,18866.527668311086,-831.426576317763,-31835.0,23805.294379636245,46.502373938757366,-0.0,0.0,0.0,0.0,0.0,-4723.5064999999995,-184.290253575,-18944.0,2855.0077167832605,1139.810445054414,-0.0,0.0,0.0,0.0,0.0,1443.3904257579165,-87.20858759559059,-5351.0,47979.789834575,0.0,-0.0,0.0,0.0,0.0,0.0,-10227.853500000001,-572.9363345749999,-37179.0,19291.711633649375,4299.269213425622,-0.0,0.0,0.0,0.0,0.0,-7051.3675,-888.6133470749999,-15651.0
t233,12907.138646430554,5049.3158325216455,-0.0,0.0,0.0,0.0,0.0,-732.8037701154396,-225.65070883675907,-16998.0,16380.4588811699,1102.8792244300976,-0.0,0.0,0.0,0.0,0.0,5627.988,-280.3261056,-22831.0,12349.563218694135,3808.9184030558654,-0.0,0.0,0.0,0.0,0.0,15700.6005,-732.0821217499999,-31127.0,23933.39848836262,0.0,-0.0,0.0,0.0,0.0,0.0,-5425.447004941195,-229.9514834214247,-18278.0,2847.2514135343877,1021.669127511932,-0.0,0.0,0.0,0.0,0.0,1406.9427701154395,-88.86331116175904,-5187.0,45809.510559480244,0.0,-0.0,0.0,0.0,0.0,0.0,-9525.912995058807,-618.5975644214246,-35665.0,19583.317509535205,3632.6633375397923,-0.0,0.0,0.0,0.0,0.0,-7051.3675,-888.6133470749999,-15276.0
t234,13222.35185329951,3498.6616497164136,-0.0,0.0,0.0,0.0,0.0,-379.31437567140847,-241.69912734451805,-16100.0,14571.979199720985,1690.3589058790128,-0.0,0.0,0.0,0.0,0.0,5627.988,-280.3261056,-21610.0,12317.24367783163,3233.2379439183705,-0.0,0.0,0.0,0.0,0.0,15700.6005,-732.0821217499999,-30519.0,25220.923663983387,0.0,-0.0,0.0,0.0,0.0,0.0,-7240.878370248707,-348.04529373467835,-17632.0,2950.647908943696,1139.810445054414,-0.0,0.0,0.0,0.0,0.0,1053.4533756714084,-104.91172966951807,-5039.0,42065.17300448599,0.0,-0.0,0.0,0.0,0.0,0.0,-7710.481629751295,-736.6913747346782,-33618.0,20125.281323709827,2690.6995233651683,-0.0,0.0,0.0,0.0,0.0,-7051.3675,-888.6133470749999,-14876.0
t235,13072.388438493921,3031.1815615060796,-0.0,0.0,0.0,0.0,0.0,-250.0,-247.57,-15606.0,13156.888597137733,2113.449508462271,-0.0,0.0,0.0,0.0,0.0,5627.988,-280.3261056,-20618.0,12356.715808371413,2783.765813378588,-0.0,0.0,0.0,0.0,0.0,15700.6005,-732.0821217499999,-30109.0,26014.44328562256,0.0,-0.0,0.0,0.0,0.0,0.0,-8254.464231606553,-413.9790540160063,-17346.0,3667.078832170961,542.5647701540388,-0.0,0.0,0.0,0.0,0.0,924.1389999999999,-110.782602325,-5023.0,39456.52090340946,0.0,-0.0,0.0,0.0,0.0,0.0,-6696.895768393449,-802.6251350160062,-31957.0,20245.731138030595,2124.249709044402,-0.0,0.0,0.0,0.0,0.0,-7051.3675,-888.6133470749999,-14430.0
t236,12873.49341493987,3164.076585060128,-0.0,0.0,0.0,0.0,0.0,-250.0,-247.57,-15540.0,14945.338105600002,0.0,-0.0,0.0,0.0,0.0,0.0,5627.988,-280.3261056,-20293.0,12477.43816622274,2871.0434555272623,-0.0,0.0,0.0,0.0,0.0,15700.6005,-732.0821217499999,-30317.0,26483.902884421197,0.0,-0.0,0.0,0.0,0.0,0.0,-8263.346067012058,-414.55681740913434,-17806.0,3952.177355883777,359.46624644122323,-0.0,0.0,0.0,0.0,0.0,924.1389999999999,-110.782602325,-5125.0,38739.21683139708,0.0,-0.0,0.0,0.0,0.0,0.0,-6688.013932987944,-803.2028984091343,-31248.0,20657.299619799334,1548.6812272756597,-0.0,0.0,0.0,0.0,0.0,-7051.3675,-888.6133470749999,-14266.0
t237,12634.33393399601,3544.236066003988,-0.0,0.0,0.0,0.0,0.0,-250.0,-247.57,-15681.0,12557.83590909356,2697.5021965064425,-0.0,0.0,0.0,0.0,0.0,5627.988,-280.3261056,-20603.0,12312.708583642376,4081.7730381076253,-0.0,0.0,0.0,0.0,0.0,15700.6005,-732.0821217499999,-31363.0,26932.79298191474,0.0,-0.0,0.0,0.0,0.0,0.0,-8395.631027805957,-423.16195410877754,-18114.0,4334.052386202584,0.0,-0.0,0.0,0.0,0.0,0.0,896.378268498283,-109.43065470086638,-5121.0,38801.53700730283,0.0,-0.0,0.0,0.0,0.0,0.0,-6555.728972194043,-811.8080351087774,-31434.0,21370.74472917604,967.1234387731056,-0.0,0.0,0.0,0.0,0.0,-7023.606768498284,-887.2613994508663,-14427.0
t238,12494.580328282294,3481.989671717705,-0.0,0.0,0.0,0.0,0.0,-250.0,-247.57,-15479.0,12590.438105600002,2246.9,-0.0,0.0,0.0,0.0,0.0,5627.988,-280.3261056,-20185.0,12476.365236129059,5524.116385620948,-0.0,0.0,0.0,0.0,0.0,15700.6005,-732.0821217499999,-32969.0,27988.9192827435,0.0,-0.0,0.0,0.0,0.0,0.0,-9977.834962671703,-526.0843200717942,-17485.0,4604.983420599723,0.0,-0.0,0.0,0.0,0.0,0.0,513.8164747453768,-90.79989534509986,-5028.0,37040.2554384001,0.0,-0.0,0.0,0.0,0.0,0.0,-4973.525037328299,-914.7304010717942,-31152.0,21751.675614840475,0.0,-0.0,0.0,0.0,0.0,0.0,-6641.044974745377,-868.6306400950998,-14242.0
t239,13083.025815149214,2710.544184850784,-0.0,0.0,0.0,0.0,0.0,-250.0,-247.57,-15296.0,13395.639950030043,301.69815556995945,-0.0,0.0,0.0,0.0,0.0,5627.988,-280.3261056,-19045.0,12829.705557752863,4848.776063997135,-0.0,0.0,0.0,0.0,0.0,15700.6005,-732.0821217499999,-32647.0,25814.35799570634,0.0,-0.0,0.0,0.0,0.0,0.0,-7908.860466603763,-391.4975291025748,-17514.0,4404.643602325,0.0,-0.0,0.0,0.0,0.0,0.0,924.1389999999999,-110.782602325,-5218.0,38127.64314349882,0.0,-0.0,0.0,0.0,0.0,0.0,-7042.499533396238,-780.1436101025747,-30305.0,22128.980847074996,0.0,-0.0,0.0,0.0,0.0,0.0,-7051.3675,-888.6133470749999,-14189.0
t240,11744.539282370535,4730.030717629462,-0.0,0.0,0.0,0.0,0.0,-250.0,-247.57,-15977.0,11668.798947336794,2246.5391582632083,-0.0,0.0,0.0,0.0,0.0,5627.988,-280.3261056,-19263.0,13044.424838454626,3979.056783295377,-0.0,0.0,0.0,0.0,0.0,15700.6005,-732.0821217499999,-31992.0,25870.667255907207,0.0,-0.0,0.0,0.0,0.0,0.0,-7502.597155210746,-365.07010069645906,-18003.0,4780.465860600687,0.0,-0.0,0.0,0.0,0.0,0.0,646.8108613731877,-97.27672197387423,-5330.0,38054.32856305048,0.0,-0.0,0.0,0.0,0.0,0.0,-6120.0914096624965,-662.2371533879818,-31272.0,23116.339234915336,0.0,-0.0,0.0,0.0,0.0,0.0,-8102.710796499945,-783.628438415397,-14230.0
t241,17813.739917698174,434.83008230182344,-0.0,0.0,0.0,0.0,0.0,-250.0,-247.57,-17751.0,11415.457850304525,275.0097984215497,-0.0,0.0,0.0,1428.641,0.0,8583.676370542684,-379.78501926876135,-21323.0,18115.123053487954,1559.1538524734915,-0.0,0.0,0.0,2268.3520000000003,0.0,12744.912129457316,-831.5410354187613,-33856.0,20321.02470670553,0.0,-1154.081780226189,0.0,0.0,68.44706411664697,0.0,5914.36565073428,-261.75564133026495,-24888.0,7869.410957439939,0.0,-182.84635511494028,0.0,0.0,0.0,0.0,-1909.7820000000002,-110.782602325,-5666.0,49252.6849804525,0.0,-379.60144070264465,0.0,0.0,0.0,0.0,-7512.944282410486,-618.1392573393582,-40742.0,35807.75342833176,0.0,-2371.1746779238765,0.0,0.0,0.0,0.0,-17570.227868323796,-856.3508820840932,-15010.0
t242,17801.88414385549,1887.4758561445128,-0.0,0.0,0.0,0.0,0.0,-1400.0,-195.36,-18094.0,11180.11570683403,571.1,-0.0,0.0,0.0,1504.485,0.0,9613.746160879567,-414.4468677135975,-22455.0,18044.893082584094,1207.8464621590738,-0.0,0.0,0.0,2161.621,0.0,11714.842339120432,-866.2028838635974,-32263.0,20471.97715144963,0.0,-0.0,0.0,0.0,678.672,0.0,4159.05768687936,-173.706838328988,-25136.0,5949.322373958347,0.0,-0.0,0.0,0.0,0.0,0.0,-195.33318687936014,-47.989187078988,-5706.0,49223.8364962393,0.0,-336.65866166429726,0.0,0.0,1178.253,0.0,-5853.4945,-572.9363345749999,-43639.0,35136.63732998441,0.0,-1317.01648290941,0.0,0.0,44.811,0.0,-18038.8185,-888.6133470749999,-14937.0
t243,17760.22384753142,1828.136152468583,-0.0,0.0,0.0,0.0,0.0,-1400.0,-195.36,-17993.0,10993.425165259063,571.1,-0.0,0.0,0.0,1539.727,0.0,10314.784647530329,-438.0368127893956,-22981.0,17940.9691471417,1161.2448293280265,-0.0,0.0,0.0,2098.775,0.0,11013.803852469671,-889.7928289393956,-31325.0,21102.639997458205,0.0,-0.0,0.0,0.0,695.034,0.0,4137.347611444357,-193.02160890255803,-25742.0,5645.26098224121,0.0,-0.0,0.0,0.0,0.0,0.0,252.33443689206462,-39.59541913327379,-5858.0,50821.78548918754,0.0,-262.7455677568127,0.0,0.0,1212.057,0.0,-6279.452048336421,-600.6448730942842,-44891.0,33553.421847075006,0.0,-0.0,0.0,0.0,44.01,0.0,-18038.8185,-888.6133470749999,-14670.0
t244,17953.768250877638,2440.941934209602,-0.0,0.0,0.0,0.0,0.0,-1925.4928114475192,-219.21737363971738,-18250.0,11256.609593019364,1425.657012328106,-0.0,0.0,0.0,1604.2480000000003,0.0,10087.887105140515,-430.40171048797833,-23944.0,17954.108054167456,1251.3192776110373,-0.0,0.0,0.0,2123.029,0.0,11240.701394859487,-882.1577266379784,-31687.0,21107.53982021381,49.0832434878115,-0.0,0.0,0.0,711.855,0.0,4679.996375030196,-183.47443873181618,-26365.0,5265.956344095196,1078.4368806090138,-0.0,0.0,0.0,0.0,0.0,-190.77906358267728,-81.61416112153356,-6072.0,50401.16583457501,0.0,-0.0,0.0,0.0,1220.265,0.0,-5853.4945,-572.9363345749999,-45195.0,33620.704847075,0.0,-0.0,0.0,0.0,407.72700000000003,0.0,-18038.8185,-888.6133470749999,-15101.0
t245,18088.22535183607,2307.13464816393,-0.0,0.0,0.0,0.0,0.0,-1400.0,-195.36,-18800.0,11873.473005365357,3489.123509617643,-0.0,0.0,0.0,1700.125,0.0,8695.837734171879,-383.5592491548838,-25375.0,17738.81161638175,923.4038830950167,-0.0,0.0,0.0,2187.349,0.0,12632.750765828121,-835.3152653048837,-32647.0,21258.449429022152,1333.5026416712185,-0.0,0.0,0.0,723.0600000000001,0.0,3647.4350011265333,-182.44707181990194,-26780.0,5084.171086017514,1139.810445054414,-0.0,0.0,0.0,0.0,0.0,97.51672024841366,-42.49825132034225,-6279.0,50087.552373561404,342.5918516381146,-0.0,0.0,0.0,1226.7450000000001,0.0,-5634.721721374947,-587.1675038245596,-45435.0,33638.21884707499,0.0,-0.0,0.0,0.0,408.21299999999997,0.0,-18038.8185,-888.6133470749999,-15119.0
t246,18197.037418909127,2521.322581090873,-0.0,0.0,0.0,0.0,0.0,-1400.0,-195.36,-19123.0,13008.326699185494,3912.7688994344903,-0.0,0.0,0.0,1785.617,0.0,8315.032556299491,-370.74515491947795,-26651.0,17911.257227368973,0.0,-0.0,0.0,0.0,2161.6879999999996,0.0,13013.555943700509,-822.501171069478,-32264.0,21424.793487261217,1504.8129903426488,-0.0,0.0,0.0,719.9820000000001,0.0,3218.471097693858,-202.0595752977195,-26666.0,5307.917958370444,845.2632634981801,-0.0,0.0,0.0,0.0,0.0,196.46180903693346,-40.6430309055575,-6309.0,49773.42812595512,379.30100849285105,-0.0,0.0,0.0,1227.6090000000002,0.0,-5304.702906730791,-608.6352277171619,-45467.0,33628.488847075,0.0,-0.0,0.0,0.0,407.943,0.0,-18038.8185,-888.6133470749999,-15109.0
t247,18386.050597603004,2549.309402397,-0.0,0.0,0.0,0.0,0.0,-1400.0,-195.36,-19340.0,14101.27506895763,1443.5478737272042,-0.0,0.0,0.0,1814.963,0.0,10162.113485502316,-432.899428187153,-27089.0,18250.253429839475,0.0,-0.0,0.0,0.0,2048.927,0.0,11166.475014497684,-884.6554443371529,-30581.0,21753.64730676588,474.36049529610864,-0.0,0.0,0.0,714.636,0.0,3759.102676988731,-233.74647905071447,-26468.0,5798.121600332901,1139.810445054414,-0.0,0.0,0.0,0.0,0.0,-601.3304103679168,-55.601635019398444,-6281.0,49438.06379397715,64.6,-0.0,0.0,0.0,1216.242,0.0,-5047.542266620814,-625.3635273563159,-45046.0,33715.08584707499,0.0,-0.0,0.0,0.0,410.346,0.0,-18038.8185,-888.6133470749999,-15198.0
t248,20849.36,0.0,-0.0,0.0,0.0,0.0,0.0,-1400.0,-195.36,-19254.0,15378.46131103596,0.0,-0.0,0.0,0.0,1809.0669999999998,0.0,10249.305115500632,-435.8334265365963,-27001.0,18900.179058187226,0.0,-0.0,0.0,0.0,2089.127,0.0,11079.28338449937,-887.5894426865962,-31181.0,22459.686968211212,0.0,-637.7958633785333,0.0,0.0,704.97,0.0,3793.702944473334,-210.56404930600957,-26110.0,6655.467231678519,0.0,-0.0,0.0,0.0,0.0,0.0,-351.5489981384236,-50.91823354009544,-6253.0,49175.98944542584,0.0,-0.0,0.0,0.0,1199.799,0.0,-5331.9239463349095,-606.864499090914,-44437.0,35335.56433509159,0.0,-1449.2304880165902,0.0,0.0,415.098,0.0,-18038.8185,-888.6133470749999,-15374.0
t249,23095.661806333155,0.0,-2474.30180633316,0.0,0.0,0.0,0.0,-1400.0,-195.36,-19026.0,19808.44218274072,0.0,-201.1530771407256,0.0,0.0,1792.049,0.0,5627.988,-280.3261056,-26747.0,19309.543895999475,0.0,-3945.2992742494716,0.0,0.0,2178.237,0.0,15700.6005,-732.0821217499999,-32511.0,22852.967560361096,0.0,-1186.1987301157367,0.0,0.0,697.896,0.0,3647.4493518009094,-164.11418204626705,-25848.0,5983.121382597176,0.0,-0.0,0.0,0.0,0.0,0.0,316.2751481990907,-38.39653079626705,-6261.0,49036.457275277666,0.0,-65.60144070264464,0.0,0.0,1180.575,0.0,-5853.4945,-572.9363345749999,-43725.0,34260.938847075,0.0,-0.0,0.0,0.0,425.493,0.0,-18038.8185,-888.6133470749999,-15759.0
t250,24623.095241686573,0.0,-3942.735241686574,0.0,0.0,0.0,0.0,-1400.0,-195.36,-19085.0,24490.904228624546,0.0,-5171.511610368039,0.0,0.0,1734.429465983222,0.0,5615.910431538981,-280.73251577871326,-26389.0,20888.93028521447,0.0,-4334.652821746768,0.0,0.0,2264.533,0.0,15712.678068461018,-732.4885319287132,-33799.0,22637.227918746306,0.0,-1380.081780226189,0.0,0.0,703.2420000000001,0.0,4261.2345153425595,-175.622653862673,-26046.0,6687.415017955233,0.0,-0.0,0.0,0.0,0.0,0.0,-297.5100153425593,-49.90500261267299,-6340.0,48743.58427527766,0.0,-65.60144070264464,0.0,0.0,1172.4479999999999,0.0,-5853.4945,-572.9363345749999,-43424.0,34660.841847075004,0.0,-0.0,0.0,0.0,436.59,0.0,-18038.8185,-888.6133470749999,-16170.0
t251,24951.29368528274,0.0,-3770.933685282741,0.0,0.0,0.0,0.0,-1400.0,-195.36,-19585.0,25022.574198030212,0.0,-5171.511610368039,0.0,0.0,1773.088,0.0,5136.7071195644785,-296.8577072266553,-26464.0,21229.849311159473,0.0,-5245.944968218336,0.0,0.0,2256.8280000000004,0.0,16191.881380435521,-748.6137233766553,-33684.0,22808.20019543223,0.0,-226.0,0.0,0.0,717.93,0.0,3541.720209300888,-251.8504047331096,-26590.0,7125.112308958769,0.0,-0.0,0.0,0.0,0.0,0.0,-648.6239206221044,-56.48838833666446,-6420.0,48152.20498840024,0.0,-64.6,0.0,0.0,1183.842,0.0,-4782.866288678783,-642.5806997214451,-43846.0,34965.390847075,0.0,-0.0,0.0,0.0,445.041,0.0,-18038.8185,-888.6133470749999,-16483.0
t252,25089.437814224046,0.0,-3636.5948753110124,0.0,0.0,0.0,0.0,-877.7738727352139,-219.0690661778213,-20356.0,25928.868811851262,0.0,-5171.511610368039,0.0,0.0,1825.8169999999998,0.0,4970.283655315408,-302.4578567986365,-27251.0,21086.410184843273,0.0,-4299.54015657922,0.0,0.0,2326.0389999999998,0.0,16358.304844684591,-754.2138729486364,-34717.0,23855.32602340878,0.0,-63.76847755897234,0.0,0.0,1854.2250000000001,0.0,2366.8107652694202,-337.5933111192242,-27675.0,8313.745741501656,0.0,-409.45594573404674,0.0,0.0,0.0,0.0,-1282.0081272647863,-82.2816685028213,-6540.0,47025.34615738867,0.0,-0.0,0.0,0.0,3073.6920000000005,0.0,-3496.79876526942,-726.2393921192241,-45876.0,34504.799847075,0.0,-0.0,0.0,0.0,1118.632,0.0,-18038.8185,-888.6133470749999,-16696.0
t253,24351.05733941326,0.0,-1855.6973394132565,0.0,0.0,0.0,0.0,-1400.0,-195.36,-20900.0,25026.73780592385,0.0,-3572.809185322839,0.0,0.0,1909.0310000000002,0.0,5399.15359936802,-269.11321996903297,-28493.0,19910.617800677897,0.0,-469.41136410095544,0.0,0.0,2429.956,0.0,15092.94657267545,-696.1090092523865,-36268.0,24519.8887591737,1556.0365649134733,-0.0,0.0,0.0,1881.092,0.0,573.2472910312486,-454.2646151184173,-28076.0,8129.386779934646,0.0,-133.60155607195847,0.0,0.0,0.0,0.0,-1394.104108207386,-27.681115655300303,-6574.0,45858.016214382464,358.9374466821004,-0.0,0.0,0.0,3199.5180000000005,0.0,-866.7469630747164,-795.7246979898368,-47754.0,34259.43625219791,0.0,-0.0,0.0,0.0,1148.7820000000002,0.0,-17404.496391792614,-857.7218604053002,-17146.0
t254,22549.455052461704,0.0,-0.0,0.0,0.0,0.0,0.0,-1490.9135175872925,-189.5415348744133,-20869.0,24782.318759819387,0.0,-1502.7229947838255,0.0,0.0,1946.283,0.0,4062.726790952629,-239.60555598819445,-29049.0,19675.771920220475,0.0,-0.0,0.0,0.0,2518.0609999999997,0.0,16135.896926273632,-746.7298464941077,-37583.0,24731.987564539308,1928.6304891238678,-0.0,0.0,0.0,1871.377,0.0,-102.75639853826169,-498.2386551249139,-27931.0,7818.47687190295,0.0,-0.0,0.0,0.0,0.0,0.0,-1327.5548051907385,-30.922066712211027,-6460.0,45432.67483975436,379.60144070264465,-0.0,0.0,0.0,3237.507,0.0,102.73318131200176,-831.5164617690006,-48321.0,33925.28773000383,312.80479355475643,-0.0,0.0,0.0,1149.184,0.0,-17380.13217722197,-855.1443463366242,-17152.0
t255,22008.360000000004,0.0,-0.0,0.0,0.0,0.0,0.0,-1400.0,-195.36,-20413.0,25203.208828251063,0.0,-0.0,0.0,0.0,1947.3550000000002,0.0,2236.587812676402,-322.1516409274665,-29065.0,18041.35256072537,0.0,-0.0,0.0,0.0,2545.129,0.0,18217.28706389985,-816.7686246252299,-37987.0,24540.905754699103,1958.581780226189,-0.0,0.0,0.0,1836.0010000000002,0.0,-414.00327076220174,-518.4852641630812,-27403.0,7386.893273510783,0.0,-0.0,0.0,0.0,0.0,0.0,-1132.4706063132394,-40.42266719754524,-6214.0,45262.01904272674,379.60144070264465,-0.0,0.0,0.0,3226.921,0.0,158.72889418594787,-864.2703776153177,-48163.0,33304.2653813527,1040.1469242816029,-0.0,0.0,0.0,1135.181,0.0,-17666.12989368676,-870.4634119475452,-16943.0
t256,20932.65004352607,0.0,-0.0,0.0,0.0,0.0,0.0,-1048.3239508967804,-211.32609262928617,-19673.0,23175.889109768363,0.0,-0.0,0.0,0.0,1898.177,0.0,3543.301100339695,-286.3672101080635,-28331.0,18906.614567392302,39.59054219535717,-0.0,0.0,0.0,2526.302,0.0,17009.623640852005,-776.13075043967,-37706.0,24681.388206542568,1958.581780226189,-0.0,0.0,0.0,1785.2820000000002,0.0,-1209.0489980458656,-570.2029887228836,-26646.0,7543.820200408944,0.0,-0.0,0.0,0.0,0.0,0.0,-1528.596129994042,-54.22407041490309,-5961.0,43808.08534798448,379.60144070264465,-0.0,0.0,0.0,3168.4300000000003,0.0,854.7247568541634,-920.8415455412769,-47290.0,32925.14193056596,1104.8852110788278,-0.0,0.0,0.0,1115.952,0.0,-17621.680419109176,-868.2987225356169,-16656.0
t257,19061.57,0.0,-0.0,0.0,0.0,0.0,0.0,-250.0,-247.57,-18564.0,17786.395123424838,2152.108982175161,-0.0,0.0,0.0,1815.8339999999998,0.0,5627.988,-280.3261056,-27102.0,18121.291876349853,1782.9307454001448,-0.0,0.0,0.0,2504.2589999999996,0.0,15700.6005,-732.0821217499999,-37377.0,25100.147071550222,175.3642198269394,-0.0,0.0,0.0,1714.128,0.0,-858.255424606506,-547.3838667706532,-25584.0,8598.333511694716,0.0,-272.5950023197194,0.0,0.0,0.0,0.0,-2566.9605,-78.778009375,-5680.0,43599.38147979706,92.53604336708972,-0.0,0.0,0.0,3050.845,0.0,-271.7325753934938,-936.029947770653,-45535.0,32959.25946713428,424.37828699071116,-0.0,0.0,0.0,1087.611,0.0,-17381.64,-856.6087541249999,-16233.0
t258,17640.57,0.0,-0.0,0.0,0.0,0.0,0.0,-250.0,-247.57,-17143.0,16998.390207455388,1452.9118981446118,-0.0,0.0,0.0,1709.036,0.0,5627.988,-280.3261056,-25508.0,18024.359693952276,1297.6709277977227,-0.0,0.0,0.0,2462.451,0.0,15700.6005,-732.0821217499999,-36753.0,25086.597612930753,0.0,-345.3640568317793,0.0,0.0,666.981,0.0,-234.67252753339062,-470.5420285655777,-24703.0,8529.268555716706,0.0,-473.5300463417077,0.0,0.0,0.0,0.0,-2566.9605,-78.778009375,-5410.0,44056.1223152053,0.0,-0.0,0.0,0.0,1164.483,0.0,-1217.0695367723238,-874.5357784329602,-43129.0,32869.71877245776,680.9545979397517,-0.0,0.0,0.0,313.4736505543823,0.0,-17059.885935694285,-841.2610852576173,-15963.0
t259,17361.40141049829,0.0,-0.0,0.0,0.0,0.0,0.0,-648.9434428014742,-229.45796769681306,-16483.0,16996.755105599997,0.0,-0.0,0.0,0.0,1604.583,0.0,5627.988,-280.3261056,-23949.0,18134.908430869633,930.5471908803613,-0.0,0.0,0.0,2444.0260000000003,0.0,15700.6005,-732.0821217499999,-36478.0,25449.689703190554,0.0,-1958.581780226189,0.0,0.0,648.297,0.0,253.40751709906976,-381.81244006342587,-24011.0,8095.072646183279,0.0,-585.3896119129403,0.0,0.0,0.0,0.0,-2168.017057198526,-60.665977071813074,-5281.0,43470.4255022156,0.0,-378.93909699020446,0.0,0.0,1111.941,0.0,-2210.5152718598642,-809.9121333655157,-41183.0,32920.88738706211,0.0,-0.0,0.0,0.0,46.788000000000004,0.0,-16554.520245239204,-817.15514182291,-15596.0
t260,17397.41691527422,0.0,-384.67601715194803,0.0,0.0,0.0,0.0,-520.4492961683177,-235.29160195395838,-16257.0,16813.043153399594,0.0,-0.0,0.0,0.0,1532.29,0.0,4831.785177188029,-307.11833058762284,-22870.0,17944.30402392565,0.0,-0.0,0.0,0.0,2418.767,0.0,16496.80332281197,-758.8743467376228,-36101.0,25590.412313041496,0.0,-1759.6953745752808,0.0,0.0,73.416,0.0,882.4979495297214,-314.6308879959319,-24472.0,7878.310815160641,0.0,-196.3,0.0,0.0,0.0,0.0,-2296.5112038316825,-66.49961132895838,-5319.0,43067.56468154679,0.0,-379.60144070264465,0.0,0.0,1078.38,0.0,-3072.5034376641756,-753.8398031799453,-39940.0,32391.738431806527,0.0,-0.0,0.0,0.0,45.93,0.0,-16321.622511865546,-806.0459199409864,-15310.0
t261,17286.80604999713,0.0,-0.0,0.0,0.0,0.0,0.0,-804.4060863158643,-222.39996368125975,-16260.0,16321.2631056,0.0,-0.0,0.0,0.0,1556.075,0.0,5627.988,-280.3261056,-23225.0,18535.635666242255,333.88995550774615,-0.0,0.0,0.0,2429.956,0.0,15700.6005,-732.0821217499999,-36268.0,25892.784979366654,0.0,-1958.581780226189,0.0,0.0,581.2006655168109,0.0,453.047017490974,-327.45088214824176,-24641.0,8118.932521991753,0.0,-802.7701352513562,0.0,0.0,0.0,0.0,-2012.5544136841354,-53.60797305625975,-5250.0,43156.830833875705,0.0,-314.0,0.0,0.0,1090.341,0.0,-2777.1171528698687,-773.0546810058149,-40383.0,32362.942900888527,0.0,-0.0,0.0,0.0,46.266,0.0,-16187.557864621105,-799.6510362674267,-15422.0
t262,16946.925915495267,0.0,-369.3559154952701,0.0,0.0,0.0,0.0,-250.0,-247.57,-16080.0,15634.800857090077,334.7212485099262,-0.0,0.0,0.0,1530.816,0.0,5627.988,-280.3261056,-22848.0,18341.32766348452,1842.7949582654749,-0.0,0.0,0.0,2524.359,0.0,15700.6005,-732.0821217499999,-37677.0,25922.600144584663,0.0,-1242.7423571012869,0.0,0.0,525.0885010204205,0.0,-871.9365763110075,-363.0097121927856,-23970.0,8191.633211280316,0.0,-368.89470190531506,0.0,0.0,0.0,0.0,-2566.9605,-78.778009375,-5177.0,42310.64072428771,0.0,-314.0,0.0,0.0,1089.585,0.0,-1901.1921198862906,-830.0336044013967,-40355.0,31990.170246719084,0.0,-0.0,0.0,0.0,46.56,0.0,-15738.499303802702,-778.2309429163888,-15520.0
t263,16591.57,0.0,-0.0,0.0,0.0,0.0,0.0,-250.0,-247.57,-16094.0,14568.610397448732,391.4057081512692,-0.0,0.0,0.0,1458.322,0.0,5627.988,-280.3261056,-21766.0,18149.59860899495,2215.5260127550573,-0.0,0.0,0.0,2537.3569999999995,0.0,15700.6005,-732.0821217499999,-37871.0,25723.94798274463,0.0,-804.5,0.0,0.0,350.2369537097351,0.0,-790.2203456847927,-387.464590769567,-24092.0,8451.386125729077,0.0,-489.64761635407945,0.0,0.0,0.0,0.0,-2566.9605,-78.778009375,-5316.0,41727.06247904128,0.0,-379.60144070264465,0.0,0.0,1076.301,0.0,-1718.868267328322,-841.8937710102925,-39863.0,32136.198041871157,0.0,-0.0,0.0,0.0,46.167,0.0,-16002.539386986886,-790.8256548842743,-15389.0
t264,17453.57,0.0,-0.0,0.0,0.0,0.0,0.0,-250.0,-247.57,-16956.0,13599.895950632896,1653.0821549671055,-0.0,0.0,0.0,1479.36,0.0,5627.988,-280.3261056,-22080.0,18326.6579529258,1004.7026688242095,-0.0,0.0,0.0,2463.121,0.0,15700.6005,-732.0821217499999,-36763.0,25591.990519278384,0.0,-363.8302747840412,0.0,0.0,662.634,0.0,-843.4252701358464,-505.3689743584947,-24542.0,9108.791105130818,0.0,-1030.0525957558195,0.0,0.0,0.0,0.0,-2566.9605,-78.778009375,-5433.0,41478.3779889304,0.0,-0.0,0.0,0.0,1107.6480000000001,0.0,-650.6442452862557,-911.381743644129,-41024.0,32626.30196017609,803.6385902411757,-0.0,0.0,0.0,46.86,0.0,-17017.558484577898,-839.2420658393656,-15620.0
t265,14503.064330014959,2400.4419761898766,-0.0,0.0,0.0,0.0,0.0,836.5184523672176,-198.02475857205485,-17542.0,15981.66006007813,0.0,-0.0,0.0,0.0,0.0,0.0,4723.115021256588,-310.7750813347158,-20394.0,13147.01284026069,6752.01798941989,-0.0,0.0,0.0,0.0,0.0,15518.955026376194,-712.9858560567707,-34705.0,22161.659676412288,0.0,-1958.581780226189,0.0,0.0,0.0,0.0,-1044.2663894111802,-49.8115067749133,-19109.0,8082.872093935212,0.0,-1139.810445054414,0.0,0.0,0.0,0.0,-1675.2709534478859,-77.79069543291205,-5190.0,43633.62446670264,0.0,-379.60144070264465,0.0,0.0,0.0,0.0,-8040.674,-422.349026,-34791.0,30821.266743864842,0.0,-5232.198183166089,0.0,0.0,0.0,0.0,-10318.377157140936,-623.6914035578253,-14647.0
t266,14835.016805233003,3304.5531947669947,-0.0,0.0,0.0,0.0,0.0,-250.0,-247.57,-17642.0,16236.265807128371,0.0,-0.0,0.0,0.0,0.0,0.0,5238.177424342503,-293.44323147087476,-21181.0,12999.089629900313,4850.698542063066,-0.0,0.0,0.0,0.0,0.0,16090.411075657497,-745.1992476208748,-33195.0,21073.10513986744,0.0,-1913.7972010610006,0.0,0.0,0.0,0.0,175.99190949662386,-3.2998483030616974,-19332.0,7760.3122028541,0.0,-1139.810445054414,0.0,0.0,0.0,0.0,-1325.991909496624,-55.5098483030617,-5239.0,45784.62446670265,0.0,-379.60144070264465,0.0,0.0,0.0,0.0,-8040.674,-422.349026,-36942.0,31414.314042453945,0.0,-4542.100341103946,0.0,0.0,0.0,0.0,-11887.9145,-548.29920135,-14436.0
t267,14382.025866197444,3925.5441338025526,-0.0,0.0,0.0,0.0,0.0,-250.0,-247.57,-17810.0,16448.54247547057,0.0,-0.0,0.0,0.0,0.0,0.0,5294.989044966312,-291.5315204368836,-21452.0,13162.166803193497,3153.521278359698,-0.0,0.0,0.0,0.0,0.0,16033.599455033689,-743.2875365868836,-31606.0,19939.858889243627,0.0,-1380.081780226189,0.0,0.0,0.0,0.0,1481.6154530876474,-50.39256210508777,-19991.0,7938.242636973958,0.0,-645.3623679384524,0.0,0.0,0.0,0.0,-1850.5352334090853,-65.34503562642035,-5377.0,45116.63929414893,0.0,-379.60144070264465,0.0,0.0,0.0,0.0,-5993.758709709807,-563.2791437364798,-38180.0,31602.178113044276,0.0,-2051.781257510377,0.0,0.0,0.0,0.0,-14715.910009968757,-726.4868455651472,-14108.0
t268,14841.462474905262,3776.107525094733,-0.0,0.0,0.0,0.0,0.0,-250.0,-247.57,-18120.0,16836.998768196645,297.33933740335715,-0.0,0.0,0.0,0.0,0.0,5627.988,-280.3261056,-22482.0,13189.149449846947,500.332171903054,-0.0,0.0,0.0,0.0,0.0,15700.6005,-732.0821217499999,-28658.0,19384.845892204346,0.0,-0.0,0.0,0.0,0.0,0.0,1517.169812707709,-219.01570491205575,-20683.0,7867.5323872295685,0.0,-0.0,0.0,0.0,0.0,0.0,-2215.347128568901,-72.1852586606669,-5580.0,43940.65365480925,0.0,-0.0,0.0,0.0,0.0,0.0,-4279.317078998069,-675.3365758111755,-38986.0,31404.620820080945,0.0,-0.0,0.0,0.0,0.0,0.0,-16101.094105140739,-795.5267149402131,-14508.0
t269,15855.557297414607,2925.012702585388,-0.0,0.0,0.0,0.0,0.0,-250.0,-247.57,-18283.0,16316.180941885905,2097.1571637140933,-0.0,0.0,0.0,0.0,0.0,5627.988,-280.3261056,-23761.0,13597.466280607296,478.01534114270544,-0.0,0.0,0.0,0.0,0.0,15700.6005,-732.0821217499999,-29044.0,21519.48394120358,0.0,-0.0,0.0,0.0,0.0,0.0,-29.314120306849418,-410.1698208967299,-21080.0,7525.0564492923595,0.0,-0.0,0.0,0.0,0.0,0.0,-1767.27258826244,-63.78386102992075,-5694.0,42626.426892428586,0.0,-0.0,0.0,0.0,0.0,0.0,-2044.730456846436,-820.6964355821392,-39761.0,32591.99370336894,0.0,-0.0,0.0,0.0,0.0,0.0,-17237.271334584275,-849.7223687846698,-14505.0
t270,16601.349019256726,0.0,-0.0,0.0,0.0,0.0,0.0,1897.303921904434,-149.6529411611578,-18349.0,16566.86040070528,3819.4940863078414,-0.0,0.0,0.0,0.0,0.0,4364.038072120799,-218.39255913391918,-24532.0,13860.17242727032,1664.6960575452667,-0.0,0.0,0.0,0.0,0.0,13553.296578095567,-634.1650629111577,-28444.0,21919.952192670822,0.0,-0.0,0.0,0.0,0.0,0.0,-326.65110568333466,-499.301086987483,-21094.0,7560.422838417891,0.0,-0.0,0.0,0.0,0.0,0.0,-1748.6612501525315,-107.76158826535996,-5704.0,40719.54235186598,0.0,-0.0,0.0,0.0,0.0,0.0,299.49228371506706,-829.034635581042,-40190.0,33263.431847075,0.0,-0.0,0.0,0.0,0.0,0.0,-18038.8185,-888.6133470749999,-14336.0
t271,16872.510405170837,0.0,-0.0,0.0,0.0,0.0,0.0,1388.350798421156,-172.86120359199526,-18088.0,17318.41982354136,2361.977540480518,-0.0,0.0,0.0,0.0,0.0,5245.170693562693,-261.56805758457193,-24664.0,15088.639936139512,0.0,-0.0,0.0,0.0,0.0,0.0,12639.507022607371,-573.146958746884,-27155.0,22681.373045719196,0.0,-0.0,0.0,0.0,0.0,0.0,-1364.6630531813157,-523.7099925378776,-20793.0,6954.292112254489,0.0,-0.0,0.0,0.0,0.0,0.0,-1234.1771017712776,-98.11501048321146,-5622.0,39392.40911040775,0.0,-0.0,0.0,0.0,0.0,0.0,1364.6301403613752,-822.0392507691269,-39935.0,33461.43184707499,0.0,-0.0,0.0,0.0,0.0,0.0,-18038.8185,-888.6133470749999,-14534.0
t272,17118.02937151029,0.0,-0.0,0.0,0.0,0.0,0.0,1009.1245490529011,-190.1539205631877,-17937.0,17723.098417072288,0.0,-0.0,0.0,0.0,0.0,0.0,6833.803375927684,-320.9017929999666,-24236.0,18857.931276057494,0.0,-1964.2474024653293,0.0,0.0,0.0,0.0,10818.459555782143,-572.1434293743077,-27140.0,22522.45448324039,0.0,-0.0,0.0,0.0,0.0,0.0,-1688.9390648815684,-417.5154183588233,-20416.0,6280.362350652721,0.0,-0.0,0.0,0.0,0.0,0.0,-650.8434254732699,-76.51892517945176,-5553.0,39305.9510263151,0.0,-0.0,0.0,0.0,0.0,0.0,981.248086897353,-717.1991132124417,-39570.0,32799.20285179223,0.0,-0.0,0.0,0.0,0.0,0.0,-17302.853077305244,-853.3497744869867,-14643.0
t273,19527.786494368887,0.0,-3875.776494368887,0.0,0.0,0.0,0.0,2350.0,-129.01,-17873.0,26352.377676358,0.0,-177.68280024998114,0.0,0.0,0.0,0.0,-2518.0493207643,-119.64555534371868,-23537.0,21300.970387656806,0.0,-9246.319610927381,0.0,0.0,0.0,0.0,15985.9638207643,-710.6145974937186,-27330.0,21633.186392797303,0.0,-1380.081780226189,0.0,0.0,0.0,0.0,-106.6320943667167,-35.472518204396955,-20111.0,6010.989445217841,0.0,-0.0,0.0,0.0,0.0,0.0,-400.0351074067187,-85.95433781112402,-5525.0,39583.783365626296,0.0,-21.996317951857044,0.0,0.0,0.0,0.0,-287.78091403223243,-335.0061336422033,-38939.0,33163.24156674786,0.0,-2511.9941314024727,0.0,0.0,0.0,0.0,-15023.466384194333,-744.7810511510695,-14883.0
t274,21483.842834263018,0.0,-5773.832834263017,0.0,0.0,0.0,0.0,2350.0,-129.01,-17931.0,35389.80835032281,0.0,-5996.6180298491145,0.0,0.0,0.0,0.0,-6118.393193802241,-240.79712667144543,-23034.0,22602.645593746496,0.0,-13272.461024341634,0.0,0.0,0.0,0.0,19217.763800960347,-809.9483703652052,-27738.0,19216.722987103785,0.0,-446.1232669581096,0.0,0.0,0.0,0.0,1470.5452901967024,-70.1450103423827,-20171.0,6418.251380320044,0.0,-0.0,0.0,0.0,0.0,0.0,-766.3580156838459,-70.89336463619671,-5581.0,39213.04192680542,0.0,-191.41980952854246,0.0,0.0,0.0,0.0,-224.27660715810475,-293.3455101187598,-38504.0,32032.703390442108,0.0,-202.70723102567445,0.0,0.0,0.0,0.0,-15929.281274512858,-787.7148849035793,-15113.0
t275,23289.017549360924,0.0,-6469.0,0.0,0.0,0.0,0.0,1555.2337898231372,-165.25133918406493,-18210.0,35048.35526559024,0.0,-4378.089489865236,0.0,0.0,0.0,0.0,-7363.568499999999,-282.697275725,-23024.0,21800.79984220866,0.0,-11979.337611778981,0.0,0.0,0.0,0.0,19740.82852188236,-798.2907523120303,-28764.0,19624.500471340354,0.0,-0.0,0.0,0.0,0.0,0.0,1094.7175560848993,-52.2180274252497,-20667.0,6857.209999999999,0.0,-0.0,0.0,0.0,0.0,0.0,-1150.0,-52.21,-5655.0,37563.94621553346,0.0,-0.0,0.0,0.0,0.0,0.0,1292.6001882945038,-203.54640382796538,-38653.0,31187.91609343515,0.0,-0.0,0.0,0.0,0.0,0.0,-15169.8115560849,-751.1045373502496,-15267.0
t276,23629.352063510007,0.0,-5273.47960074217,0.0,0.0,0.0,0.0,859.4809439640827,-115.35340673191686,-19100.0,34432.88584594211,0.0,-2634.858221564573,0.0,0.0,0.0,0.0,-7844.752340469533,-306.27528390800717,-23647.0,22341.279394877343,0.0,-10062.155377644147,0.0,0.0,0.0,0.0,18645.032141493928,-736.1561587271232,-30188.0,18835.649029143082,137.43951935317162,-0.0,0.0,0.0,0.0,0.0,2889.503594107081,-303.59214260333437,-21559.0,7277.320998799328,0.0,-0.0,0.0,0.0,0.0,0.0,-1395.9180931701126,-51.40290562921438,-5830.0,36010.10095942391,0.0,-0.0,0.0,0.0,0.0,0.0,4502.366246362453,-293.46720578634154,-40219.0,34279.66857678732,0.0,-0.0,0.0,0.0,0.0,0.0,-17655.712492287897,-869.9560844994206,-15754.0
t277,22798.966500509934,0.0,-1138.6065005099333,0.0,0.0,0.0,0.0,-1400.0,-195.36,-20065.0,34588.013233467565,0.0,-1006.0990485592207,0.0,0.0,0.0,0.0,-7765.057459493362,-327.85672541498536,-25489.0,20465.945710026095,0.0,-6943.2917300271,0.0,0.0,0.0,0.0,18991.12530131527,-771.7792813142587,-31742.0,18172.587581067193,1958.581780226189,-0.0,0.0,0.0,0.0,0.0,2216.5063539774633,-327.67571527084357,-22020.0,7112.099187934341,0.0,-0.0,0.0,0.0,0.0,0.0,-1181.9378531870832,-22.161334747257808,-5908.0,35093.80483305896,379.60144070264465,-0.0,0.0,0.0,0.0,0.0,6521.003657387712,-399.4099311493123,-41595.0,33316.54316751239,1245.705586612613,-0.0,0.0,0.0,0.0,0.0,-17381.64,-856.6087541249999,-16324.0
t278,22012.507982539864,0.0,-291.1479825398652,0.0,0.0,0.0,0.0,-1400.0,-195.36,-20126.0,35416.138176087916,0.0,-4064.2133982446435,0.0,0.0,0.0,0.0,-4803.04814825998,-243.8766295832902,-26305.0,18224.841705774226,0.0,-0.0,0.0,0.0,0.0,0.0,15006.86729357973,-637.7089993539578,-32594.0,18601.412404773604,1465.3541168942072,-0.0,0.0,0.0,0.0,0.0,2170.197933398821,-283.96445506662945,-21953.0,6480.083783478393,0.0,-0.0,0.0,0.0,0.0,0.0,-624.3767199787915,-11.70706349960234,-5844.0,34893.9934084013,359.25007865984463,-0.0,0.0,0.0,0.0,0.0,7031.999641260222,-416.24312832135945,-41869.0,31894.604639920297,2798.6441142047033,-0.0,0.0,0.0,0.0,0.0,-17381.64,-856.6087541249999,-16455.0
t279,20728.872472996867,0.0,-0.0,0.0,0.0,0.0,0.0,-837.4572557591284,-48.41521723774192,-19843.0,35868.05560937434,0.0,-2004.912686829725,0.0,0.0,0.0,0.0,-7138.311047478012,-294.83187506661125,-26430.0,15904.869292219084,0.0,-0.0,0.0,0.0,0.0,0.0,17491.7361772797,-701.6054694987918,-32695.0,18639.937577198703,1154.081780226189,-0.0,0.0,0.0,0.0,0.0,2026.6982714192886,-359.7176288441753,-21461.0,7228.0172976008935,0.0,-0.0,0.0,0.0,0.0,0.0,-1529.3469436826995,-31.67035391819456,-5667.0,35502.370070272176,227.25613576352356,-0.0,0.0,0.0,0.0,0.0,6168.32079822085,-388.947004256542,-41509.0,31028.399420417874,2443.0493337071266,-0.0,0.0,0.0,0.0,0.0,-16181.640000000001,-779.808754125,-16510.0
t280,19928.404077967112,0.0,-0.0,0.0,0.0,0.0,0.0,-143.6821709708438,-242.7219069962705,-19542.0,31978.944393410755,0.0,-0.0,0.0,0.0,0.0,0.0,-5756.330670643597,-228.61372276715707,-25994.0,14276.791330298987,0.0,-0.0,0.0,0.0,0.0,0.0,18937.927341614442,-768.7186719134276,-32446.0,19921.030626975236,1019.7979726299518,-0.0,0.0,0.0,0.0,0.0,247.8498578063511,-283.67845741153343,-20905.0,6864.091390284559,1139.810445054414,-0.0,0.0,0.0,0.0,0.0,-2458.163764749911,-76.73807058906083,-5469.0,36000.78555946224,65.28880872490043,-0.0,0.0,0.0,0.0,0.0,4934.207084777653,-329.2814529647863,-40671.0,30096.462670327535,2836.6877598642404,-0.0,0.0,0.0,0.0,0.0,-15761.807677834095,-779.3427523576861,-16392.0
t281,19043.134927255076,0.0,-0.0,0.0,0.0,0.0,0.0,14.3793733214643,-235.51430057654125,-18822.0,20365.48881209836,4298.750267501641,-0.0,0.0,0.0,0.0,0.0,367.314,-22.553079600000004,-25009.0,13794.930706081792,3501.8745895662105,-0.0,0.0,0.0,0.0,0.0,15436.221126678536,-720.0264223265413,-32013.0,20605.360599191667,226.0,-0.0,0.0,0.0,0.0,0.0,-379.10444561737086,-379.2561535742933,-20073.0,5930.814293741835,1139.810445054414,-0.0,0.0,0.0,0.0,0.0,-1760.9592528061344,-63.665485990115016,-5246.0,36776.88297687881,64.6,-0.0,0.0,0.0,0.0,0.0,3088.1258946694415,-554.6088715482471,-39375.0,30789.641125334994,3035.577185446868,-0.0,0.0,0.0,0.0,0.0,-16765.976696245936,-827.241614535931,-16232.0
t282,18047.128697118875,0.0,-0.0,0.0,0.0,0.0,0.0,360.59803259480486,-219.7267297136769,-18188.0,18160.810970706407,4307.12891720923,-0.0,0.0,0.0,0.0,0.0,1672.5707735902793,-86.51066150592368,-24054.0,13717.904738954929,3511.33164510355,-0.0,0.0,0.0,0.0,0.0,15090.002467405197,-704.2388514636768,-31615.0,20653.358709781656,0.0,-0.0,0.0,0.0,0.0,0.0,-1107.9836994814568,-245.37501030019502,-19300.0,6070.595119308585,206.61488069141456,-0.0,0.0,0.0,0.0,0.0,-1150.0,-52.21,-5075.0,37163.238143281254,0.0,-0.0,0.0,0.0,0.0,0.0,746.9411988306565,-551.1793421119055,-37359.0,32349.331841533687,0.0,-0.0,0.0,0.0,0.0,0.0,-15612.128772939479,-772.203068594213,-15965.0
t283,17867.692043475203,0.0,-0.0,0.0,0.0,0.0,0.0,-13.888717937263209,-236.8033255379392,-17617.0,18647.847027218533,0.0,-0.0,0.0,0.0,0.0,0.0,4140.574373283145,-208.4214005016795,-22580.0,13552.815019301719,2899.5697825964253,-0.0,0.0,0.0,0.0,0.0,15476.329055938539,-721.7138578366821,-31207.0,19978.04334741647,0.0,-0.0,0.0,0.0,0.0,0.0,-469.88959402802493,-312.1537533884412,-19196.0,6529.991767752159,0.0,-0.0,0.0,0.0,0.0,0.0,-1443.2827168119356,-57.7090509402238,-5029.0,37523.83466311431,0.0,-0.0,0.0,0.0,0.0,0.0,-1335.2775035213726,-698.5571595929226,-35490.0,32836.18216863131,0.0,-0.0,0.0,0.0,0.0,0.0,-16354.564896923086,-807.6172717082311,-15674.0
t284,17322.333345100375,0.0,-0.0,0.0,0.0,0.0,0.0,389.0939698733996,-218.42731497377298,-17493.0,18381.336707866067,0.0,-0.0,0.0,0.0,0.0,0.0,4049.1183610834732,-333.45506894954116,-22097.0,13872.817921466749,1512.8743095634343,-0.0,0.0,0.0,0.0,0.0,16640.376169043127,-756.068400073314,-31270.0,19525.348539262843,0.0,-0.0,0.0,0.0,0.0,0.0,412.8425936899962,-406.1911329528381,-19532.0,7036.463698843727,0.0,-0.0,0.0,0.0,0.0,0.0,-1868.7766369018173,-65.68706194190908,-5102.0,37556.94261817412,0.0,-0.0,0.0,0.0,0.0,0.0,-2241.0144567881784,-807.9281613859289,-34508.0,33743.24875412501,0.0,-0.0,0.0,0.0,0.0,0.0,-17381.64,-856.6087541249999,-15505.0
t285,17469.764055968368,0.0,-0.0,0.0,0.0,0.0,0.0,433.632310665299,-216.39636663366235,-17687.0,17873.669724949657,0.0,-0.0,0.0,0.0,0.0,0.0,4709.5761584737365,-298.2458834233962,-22285.0,13783.735895403002,2916.516149931193,-0.0,0.0,0.0,0.0,0.0,15778.274396935223,-726.5264422694199,-31752.0,19594.42070883394,0.0,-0.0,0.0,0.0,0.0,0.0,516.8880659316526,-356.3087747655883,-19755.0,5840.29469936503,0.0,-0.0,0.0,0.0,0.0,0.0,-747.714197391014,-85.58050197401622,-5007.0,38041.43785866066,0.0,-0.0,0.0,0.0,0.0,0.0,-2702.4435578478883,-759.994300812764,-34579.0,34404.362044600566,0.0,-0.0,0.0,0.0,0.0,0.0,-17988.213176767007,-886.1488678335531,-15530.0
t286,16716.91251549009,0.0,-0.0,0.0,0.0,0.0,0.0,1064.7068520561504,-187.61936754623954,-17594.0,17333.276981834624,0.0,-0.0,0.0,0.0,0.0,0.0,4800.881265385164,-308.15824721978925,-21826.0,13794.105807579203,4556.857440778141,-0.0,0.0,0.0,0.0,0.0,15213.000382558686,-699.9636309160288,-32864.0,19067.55516843113,0.0,-0.0,0.0,0.0,0.0,0.0,165.96742541807293,-247.5225938491963,-18986.0,5359.330580957889,0.0,-0.0,0.0,0.0,0.0,0.0,-411.59295274689225,-85.73762821099578,-4862.0,38662.3194369583,0.0,-0.0,0.0,0.0,0.0,0.0,-3776.258928454233,-708.0605085040521,-34178.0,33342.47053175109,0.0,-0.0,0.0,0.0,0.0,0.0,-17056.70404421695,-841.7664875341483,-15444.0
t287,15860.487497507713,2179.0825024922883,-0.0,0.0,0.0,0.0,0.0,-250.0,-247.57,-17542.0,16596.55426420533,0.0,-0.0,0.0,0.0,0.0,0.0,4365.262552696435,-322.81681690176504,-20639.0,13488.042273283098,3201.2046124650988,-0.0,0.0,0.0,0.0,0.0,16963.325947303565,-774.572833051765,-32878.0,18353.112504759913,0.0,-0.0,0.0,0.0,0.0,0.0,904.5275198759684,-123.64002463587599,-19134.0,6531.92276423048,0.0,-0.0,0.0,0.0,0.0,0.0,-1497.2027133550723,-58.72005087540761,-4976.0,39154.60519840132,0.0,-0.0,0.0,0.0,0.0,0.0,-5050.429484572757,-625.175713828542,-33479.0,31483.26092638006,0.0,-0.0,0.0,0.0,0.0,0.0,-15435.483821948139,-763.7771044319261,-15284.0
t288,15162.185122979628,887.8248770203674,-0.0,0.0,0.0,0.0,0.0,2350.0,-129.01,-18271.0,16070.404639800821,0.0,-0.0,0.0,0.0,0.0,0.0,5365.745912058415,-289.1505518592343,-21147.0,13593.373020209126,5948.13095985852,-0.0,0.0,0.0,0.0,0.0,13362.842587941584,-622.3465680092343,-32282.0,17263.46407533292,0.0,-0.0,0.0,0.0,0.0,0.0,2541.5528607685515,-305.01693610146816,-19500.0,7052.30208024087,0.0,-0.0,0.0,0.0,0.0,0.0,-1855.9701303789088,-96.3319498619611,-5100.0,38942.04490397405,0.0,-0.0,0.0,0.0,0.0,0.0,-3924.6363465148233,-698.4085574592107,-34319.0,34041.44311884452,0.0,-0.0,0.0,0.0,0.0,0.0,-17839.534883874818,-878.9082349697036,-15323.0
t289,19809.569999999996,0.0,-0.0,0.0,0.0,0.0,0.0,-250.0,-247.57,-19312.0,16804.558290778947,0.0,-0.0,0.0,0.0,0.0,0.0,5393.653181464761,-288.21147224371083,-21910.0,13425.889729486613,2749.1424403718593,-0.0,0.0,0.0,0.0,0.0,15934.935318535241,-739.9674883937108,-31370.0,16318.767907554651,0.0,-0.0,0.0,0.0,0.0,0.0,3950.019464097176,-169.78737165182204,-20099.0,6956.891371979217,0.0,-0.0,0.0,0.0,0.0,0.0,-1668.5315745042192,-70.35979747499903,-5218.0,43056.73688414712,0.0,-379.60144070264465,0.0,0.0,0.0,0.0,-6211.873503242731,-548.261940201738,-35917.0,29331.46970080624,3978.752215318908,-0.0,0.0,0.0,0.0,0.0,-17148.202886350224,-838.0190297749149,-15324.0
t290,20363.540373967015,320.9157458124806,-0.0,0.0,0.0,0.0,0.0,-871.0833016755682,-219.3728181039292,-19594.0,17230.338105599996,0.0,-0.0,0.0,0.0,0.0,0.0,5627.988,-280.3261056,-22578.0,13453.78533845602,1611.6962832939807,-0.0,0.0,0.0,0.0,0.0,15700.6005,-732.0821217499999,-30034.0,15952.155493004198,578.5,-0.0,0.0,0.0,0.0,0.0,4013.31874007216,-170.97423307635302,-20373.0,5942.780338326875,0.0,-0.0,0.0,0.0,0.0,0.0,-578.5109383965914,-69.26939993028219,-5295.0,44751.08949623931,0.0,-336.65866166429726,0.0,0.0,0.0,0.0,-5853.4945,-572.9363345749999,-37988.0,29746.429244223742,4231.002602851264,-0.0,0.0,0.0,0.0,0.0,-18038.8185,-888.6133470749999,-15050.0
t291,19785.094510927833,1529.2654890721665,-0.0,0.0,0.0,0.0,0.0,-1400.0,-195.36,-19719.0,17594.3381056,0.0,-0.0,0.0,0.0,0.0,0.0,5627.988,-280.3261056,-22942.0,13368.654504731923,601.8271170180778,-0.0,0.0,0.0,0.0,0.0,15700.6005,-732.0821217499999,-28939.0,16744.384393493077,578.5,-0.0,0.0,0.0,0.0,0.0,4022.8099859886706,-206.69437948174453,-21139.0,5700.492600464939,327.1109786097723,-0.0,0.0,0.0,0.0,0.0,-483.2165784046249,-53.38700067008672,-5491.0,45301.88946972073,0.0,-0.0,0.0,0.0,0.0,0.0,-5429.3634075840455,-600.5260621366577,-39272.0,30306.619893587944,3409.811953487057,-0.0,0.0,0.0,0.0,0.0,-18038.8185,-888.6133470749999,-14789.0
t292,19521.274704979718,2252.6982240223565,-0.0,0.0,0.0,0.0,0.0,-1665.5566567840792,-207.41627221799718,-19901.0,17331.369550069332,1153.9685555306676,-0.0,0.0,0.0,0.0,0.0,5627.988,-280.3261056,-23833.0,13173.383490193073,379.0981315569297,-0.0,0.0,0.0,0.0,0.0,15700.6005,-732.0821217499999,-28521.0,17784.78393750286,1526.085273811152,-0.0,0.0,0.0,0.0,0.0,2849.335843468374,-306.20505478238226,-21854.0,5133.043772704503,1139.810445054414,-0.0,0.0,0.0,0.0,0.0,-494.2253432159207,-70.62887454299721,-5708.0,44305.237532568666,358.9374466821004,-0.0,0.0,0.0,0.0,0.0,-3979.3238434683735,-694.8511357823822,-39990.0,30442.64196303284,3672.7898840421612,-0.0,0.0,0.0,0.0,0.0,-18038.8185,-888.6133470749999,-15188.0
t293,19586.55001683279,1772.8099831672112,-0.0,0.0,0.0,0.0,0.0,-1400.0,-195.36,-19764.0,16906.55193769059,2591.786167909413,-0.0,0.0,0.0,0.0,0.0,5627.988,-280.3261056,-24846.0,13273.175294130966,2099.5579756091083,-0.0,0.0,0.0,0.0,0.0,14070.868731303068,-635.6020010431415,-28808.0,18178.32196333509,1958.581780226189,-0.0,0.0,0.0,0.0,0.0,2577.954657376392,-323.85840093766575,-22391.0,6392.5023174365915,321.8522848884081,-0.0,0.0,0.0,0.0,0.0,-759.7819999999999,-58.572602325000005,-5896.0,43281.63380920763,379.60144070264465,-0.0,0.0,0.0,0.0,0.0,-2078.210888679459,-616.0243612308072,-40967.0,30608.443737406647,3403.988109668359,-0.0,0.0,0.0,0.0,0.0,-18038.8185,-888.6133470749999,-15085.0
t294,19609.85464805608,1447.2458049558827,-0.0,0.0,0.0,0.0,0.0,-1364.1110968069997,-196.9893562049622,-19496.0,16609.2240364936,931.8606862680044,-0.0,0.0,0.0,0.0,0.0,8284.637643336671,-369.72236609827905,-25456.0,13395.894795480857,4841.736482914064,-0.0,0.0,0.0,0.0,0.0,10720.286153421439,-683.9174318163592,-28274.0,18779.328987059926,1958.581780226189,-0.0,0.0,0.0,0.0,0.0,2070.929612801172,-356.8403800872838,-22452.0,6762.872861722962,0.0,-0.0,0.0,0.0,0.0,0.0,-795.670903193,-60.201958529962205,-5907.0,42370.57697951202,379.60144070264465,-0.0,0.0,0.0,0.0,0.0,-877.2529095592831,-607.925510655364,-41265.0,31509.267159079038,2148.164687995967,-0.0,0.0,0.0,0.0,0.0,-18038.8185,-888.6133470749999,-14730.0
t295,20029.97688336145,968.6625941001781,-0.0,0.0,0.0,0.0,0.0,-1825.9417232271176,-214.69775423451114,-18958.0,16662.876127581294,571.1,-0.0,0.0,0.0,0.0,0.0,8311.6553855422,-370.6315131234951,-25175.0,14043.672694851079,1831.2660075783479,-0.0,0.0,0.0,0.0,0.0,11747.28569990239,-747.2244023318149,-26875.0,20516.815933519163,1958.581780226189,-0.0,0.0,0.0,0.0,0.0,328.77014004473904,-470.16785379008974,-22334.0,5142.940188277978,1139.810445054414,-0.0,0.0,0.0,0.0,0.0,-333.84027677288236,-77.91035655951114,-5871.0,41521.16009263511,379.60144070264465,-0.0,0.0,0.0,0.0,0.0,-189.11072548932952,-783.6508078484095,-40928.0,32413.32570023605,1257.1061468389566,-0.0,0.0,0.0,0.0,0.0,-18038.8185,-888.6133470749999,-14743.0
t296,20540.02726582835,0.0,-0.0,0.0,0.0,0.0,0.0,-1891.3595425945546,-217.6677232337928,-18431.0,14373.155978518178,0.0,-1104.466642197523,0.0,0.0,0.0,0.0,11491.959407129245,-477.6487434498991,-24283.0,17937.68369762371,0.0,-63.90962048105962,0.0,0.0,0.0,0.0,9785.61037431898,-926.3844514616338,-26733.0,22830.655321452818,578.5,-0.0,0.0,0.0,0.0,0.0,-880.335167412622,-548.820154040191,-21980.0,5000.4923379098245,1139.810445054414,-0.0,0.0,0.0,0.0,0.0,-268.42245740544524,-80.88032555879279,-5791.0,41114.080040937544,314.0,-0.0,0.0,0.0,0.0,0.0,-198.63411403559985,-934.4459269019258,-40295.0,33594.43184707501,0.0,-0.0,0.0,0.0,0.0,0.0,-18038.8185,-888.6133470749999,-14667.0
t297,19601.359999999997,0.0,-0.0,0.0,0.0,0.0,0.0,-1400.0,-195.36,-18006.0,23463.664299480686,0.0,-5362.326193880681,0.0,0.0,0.0,0.0,5627.988,-280.3261056,-23449.0,20363.99277939573,0.0,-8498.511157645724,0.0,0.0,0.0,0.0,15700.6005,-732.0821217499999,-26834.0,22706.429295643647,578.5,-0.0,0.0,0.0,0.0,0.0,-912.6274050268294,-504.3018906168146,-21868.0,5902.686193525364,134.92643555459986,-0.0,0.0,0.0,0.0,0.0,-203.47086061836865,-48.14176846159441,-5786.0,41249.65198053768,0.0,-65.60144070264464,0.0,0.0,0.0,0.0,-773.6717343548016,-903.3788054802201,-39507.0,33700.431847075,0.0,-0.0,0.0,0.0,0.0,0.0,-18038.8185,-888.6133470749999,-14773.0
t298,19564.584077685893,0.0,-1218.0140776858982,0.0,0.0,0.0,0.0,-250.0,-247.57,-17849.0,33160.89466164807,0.0,-7418.411610368039,0.0,0.0,0.0,0.0,-2628.805021941146,-312.67802933887765,-22801.0,21874.268400405574,0.0,-14937.461024341634,0.0,0.0,0.0,0.0,20987.167733079175,-909.9751091431142,-27014.0,24564.586520699653,0.0,-0.0,0.0,0.0,0.0,0.0,-2320.384321671435,-430.202199028216,-21814.0,5981.045658703237,0.0,-255.96726373219053,0.0,0.0,0.0,0.0,209.30099475562133,-97.37938972666791,-5837.0,38685.004420276666,0.0,-379.60144070264465,0.0,0.0,0.0,0.0,1500.1325429234566,-712.5355224974629,-39093.0,33286.200180695516,0.0,-0.0,0.0,0.0,0.0,0.0,-17497.411927145673,-862.7882535498484,-14926.0
t299,21051.02972714208,0.0,-1894.184323569119,0.0,0.0,0.0,0.0,-1113.477271708528,-208.36813186443283,-17835.0,33322.88789397414,0.0,-7418.411610368039,0.0,0.0,0.0,0.0,-2860.2094658231917,-413.26681778291317,-22631.0,21564.602432519077,0.0,-14937.461024341634,0.0,0.0,0.0,0.0,22341.403742689046,-955.5451508664864,-28013.0,26904.385958306815,0.0,-0.0,0.0,0.0,0.0,0.0,-4206.83224873434,-592.5537095724719,-22105.0,5686.664283711168,0.0,-0.0,0.0,0.0,0.0,0.0,284.134873353369,-40.79915706453657,-5930.0,37576.54879643125,0.0,-379.60144070264465,0.0,0.0,0.0,0.0,3029.1068879864742,-940.0542437150707,-39286.0,33387.71753638675,0.0,-0.0,0.0,0.0,0.0,0.0,-17474.12651776283,-861.5910186239315,-15052.0
t300,21815.99882714151,0.0,-2434.466595281236,0.0,0.0,0.0,0.0,-383.0004523991929,-241.53177946107667,-18757.0,30412.60920588353,0.0,-4235.996580024199,0.0,0.0,0.0,0.0,-2554.885841897444,-482.72678396188644,-23139.0,21403.80683965866,0.0,-14189.873097567111,0.0,0.0,0.0,0.0,23000.80009606608,-977.7338381576235,-29237.0,30033.860261766895,0.0,-0.0,0.0,0.0,0.0,0.0,-6417.009943562774,-590.8503182041175,-23026.0,5098.041086970717,0.0,-0.0,0.0,0.0,0.0,0.0,999.624896899745,-103.665983870462,-5994.0,39347.93121759791,314.0,-0.0,0.0,0.0,0.0,0.0,2183.1177458313678,-995.0489634292629,-40850.0,33129.534643657506,0.0,-0.0,0.0,0.0,0.0,0.0,-16828.64650093778,-830.8881427197318,-15470.0
t301,22340.851936670915,0.0,-1992.9249708880288,0.0,0.0,0.0,0.0,-335.2262369399584,-243.7007288429259,-19769.0,28563.612267927667,0.0,-5081.335668695798,0.0,0.0,0.0,0.0,1658.2107316143133,-160.48733084618328,-24980.0,20195.79607670577,0.0,-5530.482257963271,0.0,0.0,0.0,0.0,16604.173535657374,-762.4873543998706,-30507.0,31821.661644415817,0.0,1.0864999394281314e-9,0.0,0.0,0.0,0.0,-7825.158153619554,-527.5034907973472,-23469.0,5197.834496771038,39.71359745692912,-0.0,0.0,0.0,0.0,0.0,1009.3652369399583,-106.91333116792589,-6140.0,38581.878261246275,35.53000009673853,-0.0,0.0,0.0,0.0,0.0,4366.647732728313,-888.0559940713126,-42096.0,32330.475763777788,0.0,-0.0,0.0,0.0,0.0,0.0,-15478.012846380447,-766.4629173973472,-16086.0
t302,21717.90781097955,0.0,-1158.081886331245,0.0,0.0,0.0,0.0,-479.68355819012777,-237.14236645816823,-19843.0,28559.203266456807,0.0,-2246.9,0.0,0.0,0.0,0.0,-339.6235138776383,-226.67975257917124,-25746.0,19504.2392114892,0.0,-5955.434718519225,0.0,0.0,0.0,0.0,18589.4887172919,-829.2932102618724,-31309.0,32160.881924867266,0.0,-0.0,0.0,0.0,0.0,0.0,-8225.473474894747,-508.40844997252054,-23427.0,4833.673833749836,177.8585768432032,-0.0,0.0,0.0,0.0,0.0,1153.8225581901277,-100.3549687831682,-6065.0,38553.43676836716,231.83899498940468,-0.0,0.0,0.0,0.0,0.0,4379.166796585739,-887.4425599422988,-42277.0,32095.065401677763,0.0,-0.0,0.0,0.0,0.0,0.0,-15077.697525105254,-747.3678765725203,-16270.0
t303,21562.575695883912,0.0,-1057.1491300809314,0.0,0.0,0.0,0.0,-508.5968634014025,-235.82970240157636,-19761.0,28793.07182161327,0.0,-5815.289066880598,0.0,0.0,0.0,0.0,3009.223910480889,-152.00666521356356,-25835.0,18515.20230471973,0.0,-2137.7206829697257,0.0,0.0,0.0,0.0,15700.6005,-732.0821217499999,-31346.0,33771.88583529028,0.0,-584.977340315275,0.0,0.0,0.0,0.0,-9490.1295,-535.778994975,-23161.0,4842.306441325173,0.0,-0.0,0.0,0.0,0.0,0.0,1182.7358634014024,-99.04230472657633,-5926.0,38692.222179181495,0.5507923879542094,-0.0,0.0,0.0,0.0,0.0,3919.207589519111,-909.9805610885635,-41702.0,30814.779921574995,0.0,-0.0,0.0,0.0,0.0,0.0,-13813.041500000001,-774.7384215749998,-16227.0
t304,20111.569999999996,0.0,-0.0,0.0,0.0,0.0,0.0,-250.0,-247.57,-19614.0,25006.3336211072,0.0,-1301.836770932766,0.0,0.0,0.0,0.0,2051.6123228255765,-220.10917300002015,-25536.0,14852.595132600007,0.0,-0.0,0.0,0.0,0.0,0.0,17092.318292880424,-778.9134254804262,-31166.0,34582.33387582685,0.0,-804.5,0.0,0.0,0.0,0.0,-10431.16737425013,-580.6665015767312,-22766.0,4892.643602325,0.0,-0.0,0.0,0.0,0.0,0.0,924.1389999999999,-110.782602325,-5706.0,38058.54894014797,379.60144070264465,-0.0,0.0,0.0,0.0,0.0,3485.101384294001,-931.2517651445938,-40992.0,31521.749329560942,0.0,-1714.1197756343472,0.0,0.0,0.0,0.0,-12872.00362574987,-819.6259281767311,-16116.0
t305,19614.570000000003,0.0,-0.0,0.0,0.0,0.0,0.0,-250.0,-247.57,-19117.0,16206.001425074257,3431.3366805257483,-0.0,0.0,0.0,0.0,0.0,5627.988,-280.3261056,-24985.0,12298.875916210118,4463.467743142511,-0.0,0.0,0.0,0.0,0.0,14682.464830779523,-671.8084901321477,-30773.0,35791.158752796604,0.0,-1239.0603323216083,0.0,0.0,0.0,0.0,-11877.4445,-649.6539204750001,-22025.0,4797.933953881303,0.0,-139.29035155630277,0.0,0.0,0.0,0.0,924.1389999999999,-110.782602325,-5472.0,37979.84575993403,379.60144070264465,-0.0,0.0,0.0,0.0,0.0,2318.5791692204766,-978.0263698571478,-39700.0,31893.314944729264,0.0,-3639.975097654263,0.0,0.0,0.0,0.0,-11425.7265,-888.6133470749999,-15939.0
t306,19101.570000000003,0.0,-0.0,0.0,0.0,0.0,0.0,-250.0,-247.57,-18604.0,12379.066192432816,6485.271913167182,-0.0,0.0,0.0,0.0,0.0,5627.988,-280.3261056,-24212.0,12033.683148691513,3267.798473058489,-0.0,0.0,0.0,0.0,0.0,15700.6005,-732.0821217499999,-30270.0,35939.68020070118,0.0,-1958.581780226189,0.0,0.0,0.0,0.0,-11877.4445,-649.6539204750001,-21454.0,4964.291121518349,0.0,-490.6475191933493,0.0,0.0,0.0,0.0,924.1389999999999,-110.782602325,-5287.0,37924.65524521113,0.0,-289.7987437361095,0.0,0.0,0.0,0.0,1300.4435000000003,-1038.300001475,-37897.0,31427.572802098868,0.0,-3276.232955023875,0.0,0.0,0.0,0.0,-11425.7265,-888.6133470749999,-15837.0
t307,18857.57,0.0,-0.0,0.0,0.0,0.0,0.0,-250.0,-247.57,-18360.0,12792.321437346973,2246.9,-0.0,0.0,0.0,0.0,0.0,8268.97384183063,-369.1952791776007,-22939.0,11749.024815879202,6016.3118212790305,-0.0,0.0,0.0,0.0,0.0,13059.61465816937,-820.9512953276007,-30004.0,35814.68020070118,0.0,-1958.581780226189,0.0,0.0,0.0,0.0,-11877.4445,-649.6539204750001,-21329.0,5122.984129298348,0.0,-720.3405269733478,0.0,0.0,0.0,0.0,924.1389999999999,-110.782602325,-5216.0,36214.45794217765,0.0,-379.60144070264465,0.0,0.0,0.0,0.0,1300.4435000000003,-1038.300001475,-36097.0,31351.61317279847,0.0,-3470.2733257234736,0.0,0.0,0.0,0.0,-11425.7265,-888.6133470749999,-15567.0
t308,18739.57,0.0,-0.0,0.0,0.0,0.0,0.0,-250.0,-247.57,-18242.0,12805.068103208776,2246.9,-0.0,0.0,0.0,0.0,0.0,7598.671502241656,-346.63960545043176,-22304.0,11692.241839176486,5476.236784665603,-0.0,0.0,0.0,0.0,0.0,13729.916997758344,-798.3956216004317,-30100.0,35856.88585087505,0.0,-1903.556161164146,0.0,0.0,0.0,0.0,-11557.917220469502,-634.4124692413953,-21761.0,5301.109189618187,0.0,-271.7613685212748,0.0,0.0,0.0,0.0,322.1162744960452,-81.4640955929574,-5270.0,35228.45794217765,0.0,-379.60144070264465,0.0,0.0,0.0,0.0,1300.4435000000003,-1038.300001475,-35111.0,31323.77180088492,0.0,-3882.487357749025,0.0,0.0,0.0,0.0,-11143.231054026543,-844.0533891093526,-15454.0
t309,18988.57,0.0,-0.0,0.0,0.0,0.0,0.0,-250.0,-247.57,-18491.0,12560.980267321589,4742.35783827841,-0.0,0.0,0.0,0.0,0.0,5627.988,-280.3261056,-22651.0,11595.24961218478,4136.232009565221,-0.0,0.0,0.0,0.0,0.0,15700.6005,-732.0821217499999,-30700.0,35642.849035132334,0.0,-1085.7506146573462,0.0,0.0,0.0,0.0,-11877.4445,-649.6539204750001,-22030.0,5049.272152843615,0.0,-666.6285505186158,0.0,0.0,0.0,0.0,924.1389999999999,-110.782602325,-5196.0,35186.795598465214,0.0,-378.93909699020446,0.0,0.0,0.0,0.0,1300.4435000000003,-1038.300001475,-35070.0,30980.852033750656,0.0,-3215.512186675656,0.0,0.0,0.0,0.0,-11425.7265,-888.6133470749999,-15451.0
t310,19062.57,0.0,-0.0,0.0,0.0,0.0,0.0,-250.0,-247.57,-18565.0,12451.181318098468,2712.0353811564,-0.0,0.0,0.0,0.0,0.0,7275.549863036304,-335.7665622911716,-22103.0,11546.542099122245,7182.94184235523,-0.0,0.0,0.0,0.0,0.0,14053.038636963698,-787.5225784411716,-31995.0,35070.773483919365,0.0,-1078.6750634443806,0.0,0.0,0.0,0.0,-11877.4445,-649.6539204750001,-21465.0,5196.02014085246,0.0,-961.3765385274596,0.0,0.0,0.0,0.0,924.1389999999999,-110.782602325,-5048.0,34742.85650147501,0.0,-314.0,0.0,0.0,0.0,0.0,1300.4435000000003,-1038.300001475,-34691.0,30880.938066108316,0.0,-3262.598219033316,0.0,0.0,0.0,0.0,-11425.7265,-888.6133470749999,-15304.0
t311,18971.57,0.0,-0.0,0.0,0.0,0.0,0.0,-250.0,-247.57,-18474.0,12516.349115748735,2918.9889898512643,-0.0,0.0,0.0,0.0,0.0,5627.988,-280.3261056,-20783.0,11539.438938576155,5857.042683173844,-0.0,0.0,0.0,0.0,0.0,15700.6005,-732.0821217499999,-32365.0,34850.6130663507,0.0,-578.5,0.0,0.0,0.0,0.0,-11741.923497686068,-643.1895686646255,-21887.0,4959.410257281937,0.0,-630.7666549569387,0.0,0.0,0.0,0.0,924.1389999999999,-110.782602325,-5142.0,34008.85650147501,0.0,-314.0,0.0,0.0,0.0,0.0,1300.4435000000003,-1038.300001475,-33957.0,30264.577958337148,0.0,-2683.181460758595,0.0,0.0,0.0,0.0,-11561.247502313932,-882.1489952646253,-15138.0
t312,19592.569999999996,0.0,-0.0,0.0,0.0,0.0,0.0,-250.0,-247.57,-19095.0,12730.346456188401,3047.9916494116023,-0.0,0.0,0.0,0.0,0.0,5627.988,-280.3261056,-21126.0,11535.111842992266,5299.369778757731,-0.0,0.0,0.0,0.0,0.0,15700.6005,-732.0821217499999,-31803.0,33964.26918375318,0.0,-578.5,0.0,0.0,0.0,0.0,-10425.378797297106,-580.3903864560721,-22380.0,5518.9156588395945,0.0,-1064.2720565145944,0.0,0.0,0.0,0.0,924.1389999999999,-110.782602325,-5268.0,34684.85650147501,0.0,-314.0,0.0,0.0,0.0,0.0,1300.4435000000003,-1038.300001475,-34633.0,29801.662328357455,0.0,-857.5203125984945,0.0,0.0,0.0,0.0,-12877.792202702894,-819.3498130560718,-15247.0
t313,20266.4066671969,0.0,-0.0,0.0,0.0,0.0,0.0,-1931.4966134474118,-148.9100537494875,-18186.0,8051.464977059823,5171.511610368039,-0.0,0.0,0.0,61.227000000000004,0.0,7467.005455551445,-342.20904297930616,-20409.0,16203.215669814672,5469.631344866075,-0.0,0.0,0.0,104.535,0.0,13861.583044448555,-793.9650591293062,-34845.0,32477.59792402353,0.0,-0.0,0.0,0.0,0.0,0.0,-10685.786108808363,-592.8118152151591,-21199.0,5082.460949677075,0.0,-0.0,0.0,0.0,0.0,0.0,748.4571134474118,-56.9180631244875,-5774.0,37121.8611045519,0.0,-0.0,0.0,0.0,0.0,0.0,667.8874101359816,-994.7485146878623,-36795.0,25995.065463405634,0.0,-0.0,0.0,0.0,0.0,0.0,-10127.65030132762,-679.4151620780214,-15188.0
t314,20937.56,0.0,-0.0,0.0,0.0,0.0,0.0,-2600.0,-118.56,-18219.0,8059.2225554915185,0.0,-0.0,0.0,0.0,422.70363094271033,0.0,13051.190689673282,-530.116876107506,-21003.0,16223.267118354226,9550.700963576564,-0.0,0.0,0.0,99.507,0.0,8277.397810326718,-981.872892257506,-33169.0,32784.98026210623,0.0,-0.0,0.0,0.0,0.0,0.0,-10812.612980758386,-621.3672813478431,-21351.0,5238.434457018544,0.0,-0.0,0.0,0.0,0.0,0.0,639.5572412549876,-11.991698273531018,-5866.0,38218.60390304383,191.20144070302337,-0.0,0.0,0.0,0.0,0.0,1277.945683029757,-1036.7510267765988,-38651.0,25608.027894927265,0.0,-0.0,0.0,0.0,0.0,0.0,-9833.47844352636,-764.5494514009108,-15010.0
t315,20907.559999999998,0.0,-0.0,0.0,0.0,0.0,0.0,-2600.0,-118.56,-18189.0,8453.591801724999,0.0,-0.0,0.0,0.0,64.008,0.0,13358.8705,-540.470301725,-21336.0,16207.908739221197,8325.781578653801,-0.0,0.0,0.0,94.818,0.0,7969.718000000001,-992.226317875,-31606.0,32376.81571931378,0.0,-0.0,0.0,0.0,0.0,0.0,-9884.56783761067,-572.247881703103,-21920.0,5226.989622885278,0.0,-0.0,0.0,0.0,0.0,0.0,807.1443333653212,-15.133956250599773,-6019.0,39959.43006077236,1.001440702644639,-0.0,0.0,0.0,0.0,0.0,800.4435000000003,-1003.875001475,-39757.0,25288.284042162817,500.7362220693326,-0.0,0.0,0.0,0.0,0.0,-10451.608495754652,-679.4117684775032,-14658.0
t316,21174.559999999998,0.0,-0.0,0.0,0.0,0.0,0.0,-2600.0,-118.56,-18456.0,8017.891532018123,1496.5082697068774,-0.0,0.0,0.0,67.2,0.0,13358.8705,-540.470301725,-22400.0,16266.304745487796,5469.803572387201,-0.0,0.0,0.0,86.4,0.0,7969.718000000001,-992.226317875,-28800.0,31939.957443262847,0.0,-0.0,0.0,0.0,0.0,0.0,-8955.77223172992,-518.1852115329266,-22466.0,4921.4469929652805,0.0,-0.0,0.0,0.0,166.7607206286897,0.0,1144.2469160825774,-21.454629676548326,-6211.0,40080.856501475006,314.0,-0.0,0.0,0.0,0.0,0.0,1300.4435000000003,-1038.300001475,-40657.0,24838.434613564994,3258.525495669036,-0.0,0.0,0.0,0.0,0.0,-12217.506684352658,-653.4534248813782,-15226.0
t317,21235.56,0.0,-0.0,0.0,0.0,0.0,0.0,-2600.0,-118.56,-18517.0,9840.228710923215,3408.084507676081,-0.0,0.0,0.0,70.809,0.0,10736.09157220542,-452.2137908047124,-23603.0,16408.217664676766,3034.598214483365,-0.0,0.0,0.0,87.657,0.0,10592.496927794582,-903.9698069547123,-29219.0,31599.955365937883,15.849651507223182,-0.0,0.0,0.0,0.0,0.0,-8353.94128887863,-487.8637285664743,-22774.0,4496.729460983594,248.45131180424988,-0.0,0.0,0.0,425.31600000000003,0.0,1200.0032888786297,-22.500061666474306,-6348.0,41494.856501475006,0.0,-0.0,0.0,0.0,0.0,0.0,1300.4435000000003,-1038.300001475,-41757.0,24106.148384550113,4436.032125374877,-0.0,0.0,0.0,0.0,0.0,-12875.094000000001,-622.0865099249999,-15045.0
t318,21298.56,0.0,-0.0,0.0,0.0,0.0,0.0,-2600.0,-118.56,-18580.0,8196.513641691878,4600.411610368039,-0.0,0.0,0.0,73.485,0.0,12123.489478284351,-498.89973034426845,-24495.0,17192.224802413108,3198.138922365516,-0.0,0.0,0.0,86.193,0.0,9205.09902171565,-950.6557464942684,-28731.0,31537.137565994526,762.6240658685878,-0.0,0.0,0.0,0.0,0.0,-9136.968430050274,-522.7932018128346,-22640.0,4376.531118187765,322.0473813181788,-0.0,0.0,0.0,427.862,0.0,1283.6275164270635,-24.06801593300744,-6386.0,42327.431501475,314.0,-0.0,0.0,0.0,0.0,0.0,800.4435000000003,-1003.875001475,-42438.0,23827.290665565266,3319.423449716346,-0.0,0.0,0.0,0.0,0.0,-11675.69108637679,-621.0230289048271,-14850.0
t319,21110.56,0.0,-0.0,0.0,0.0,0.0,0.0,-2600.0,-118.56,-18392.0,9141.935144073332,3896.299133472694,-0.0,0.0,0.0,73.33200000000001,0.0,11821.160068147126,-488.7263456931508,-24444.0,18412.166365667526,491.22856432275495,-0.0,0.0,0.0,82.659,0.0,9507.428431852873,-940.4823618431508,-27553.0,31698.26609647253,0.0,-0.0,0.0,0.0,0.0,0.0,-8856.272611750688,-512.9934847218374,-22329.0,4204.327629245925,598.1878016886035,-0.0,0.0,0.0,426.589,0.0,1159.6387964998437,-21.74322743437207,-6367.0,42246.831501475004,378.6,-0.0,0.0,0.0,0.0,0.0,800.4435000000003,-1003.875001475,-42422.0,23987.39492121199,3233.551363849623,-0.0,0.0,0.0,0.0,0.0,-11832.398184749156,-613.5481003124653,-14775.0
t320,20761.56,0.0,-0.0,0.0,0.0,0.0,0.0,-2600.0,-118.56,-18043.0,11064.734801724997,0.0,-0.0,0.0,0.0,71.865,0.0,13358.8705,-540.470301725,-23955.0,20672.309317874995,0.0,-0.0,0.0,0.0,83.199,0.0,7969.718000000001,-992.226317875,-27733.0,32790.48705493821,0.0,-0.0,0.0,0.0,0.0,0.0,-10188.612094214532,-580.874960723674,-22021.0,4869.0033769761685,0.0,-0.0,0.0,0.0,420.82700000000006,0.0,1010.1091699605926,-18.93954693676111,-6281.0,41655.25650147501,64.6,-0.0,0.0,0.0,0.0,0.0,1300.4435000000003,-1038.300001475,-41982.0,25581.03939147557,746.147941082396,-0.0,0.0,0.0,0.0,0.0,-10850.529075746063,-718.6582568119128,-14758.0
t321,19617.475414318425,0.0,-0.0,0.0,0.0,0.0,0.0,-1766.0542785652935,-156.42113575313567,-17695.0,14061.662264538434,0.0,-0.0,0.0,0.0,70.356,0.0,9738.630977245888,-418.64924178432415,-23452.0,22449.313714281347,0.0,-5235.916979101131,0.0,0.0,84.051,0.0,11589.957522754112,-870.405257934324,-28017.0,33381.49818927012,0.0,-226.0,0.0,0.0,0.0,0.0,-10912.855179388287,-603.6430098818214,-21639.0,5333.1903665628415,0.0,-0.0,0.0,0.0,420.224,0.0,583.0147785652935,-64.42914512813567,-6272.0,40862.85650147501,314.0,-0.0,0.0,0.0,0.0,0.0,1300.4435000000003,-1038.300001475,-41439.0,28618.68891852314,0.0,-2508.7537543796134,0.0,0.0,0.0,0.0,-10533.137320611713,-733.7978435318213,-14843.0
t322,19880.071016899925,0.0,-0.0,0.0,0.0,0.0,0.0,-2123.8958903204734,-140.1751265794505,-17616.0,18708.933492975855,0.0,-1073.7513873758526,0.0,0.0,69.156,0.0,5627.988,-280.3261056,-23052.0,23295.603639295576,0.0,-9916.421017545568,0.0,0.0,85.299,0.0,15700.6005,-732.0821217499999,-28433.0,31825.938586035718,0.0,-0.0,0.0,0.0,0.0,0.0,-9596.104579756331,-540.834006279377,-21689.0,4954.080764860564,55.40398077341216,-0.0,0.0,0.0,423.84200000000004,0.0,940.8563903204735,-48.183135954450506,-6326.0,41002.6827855324,0.0,-64.6,0.0,0.0,0.0,0.0,1274.425904491854,-1036.508690024264,-41176.0,27909.059192896977,0.0,-448.99133968281694,0.0,0.0,0.0,0.0,-11823.870324735522,-669.1975284786411,-14967.0
t323,20512.559999999998,0.0,-0.0,0.0,0.0,0.0,0.0,-2600.0,-118.56,-17794.0,20045.42238268281,0.0,-2251.2048046097116,0.0,0.0,68.658,0.0,5314.015695570939,-290.89127364403794,-22886.0,23270.13005857888,0.0,-9215.300573213899,0.0,0.0,88.245,0.0,16014.572804429063,-742.647289794038,-29415.0,29495.091371378567,543.877919277629,-0.0,0.0,0.0,0.0,0.0,-7846.617876079695,-478.3514145764943,-21714.0,4930.948420106978,328.8374514898213,-0.0,0.0,0.0,426.522,0.0,692.6798760796948,-12.987747676494278,-6366.0,41902.551001021006,0.0,-0.0,0.0,0.0,0.0,0.0,532.903898919607,-985.454899940615,-41450.0,26754.05454908568,1106.741258224537,-0.0,0.0,0.0,0.0,0.0,-12107.554398919609,-569.2414083906149,-15184.0
t324,21398.560000000005,0.0,-0.0,0.0,0.0,0.0,0.0,-2600.0,-118.56,-18680.0,20442.761801360622,0.0,-1326.9298192629994,0.0,0.0,70.278,0.0,4556.279127076264,-316.38910917388375,-23426.0,22947.27873711142,0.0,-8124.202984711263,0.0,0.0,92.76,0.0,16772.309372923737,-768.1451253238838,-30920.0,28709.08611478895,1958.581780226189,-0.0,0.0,0.0,0.0,0.0,-7697.119573609957,-475.5483214051867,-22495.0,4819.3140789970485,717.7870018981823,-0.0,0.0,0.0,435.90200000000004,0.0,543.1815736099567,-10.184654505186687,-6506.0,42863.7426927501,0.6888087249004381,-0.0,0.0,0.0,0.0,0.0,800.4435000000003,-1003.875001475,-42661.0,27067.88957364578,1503.8659362792132,-0.0,0.0,0.0,0.0,0.0,-12375.094000000001,-587.6615099249999,-15609.0
t325,22283.56,0.0,-0.0,0.0,0.0,0.0,0.0,-2600.0,-118.56,-19565.0,19985.239525604477,0.0,-403.9134200044794,0.0,0.0,75.012,0.0,5627.988,-280.3261056,-25004.0,21563.935756800394,0.0,-4347.300135050393,0.0,0.0,96.846,0.0,15700.6005,-732.0821217499999,-32282.0,29135.170814724275,1958.581780226189,-0.0,0.0,0.0,0.0,0.0,-7782.601487656895,-477.1511072935668,-22834.0,4626.918267326161,867.35568541051,-0.0,0.0,0.0,438.85,0.0,628.6634876568954,-11.787440393566788,-6550.0,43095.792263247866,378.6,-0.0,0.0,0.0,0.0,0.0,1178.512810236947,-1029.9050734848138,-43623.0,26990.570117810334,2518.2847743614175,-0.0,0.0,0.0,0.0,0.0,-12753.163310236947,-613.6915819348137,-16142.0
t326,22304.56,0.0,-0.0,0.0,0.0,0.0,0.0,-2600.0,-118.56,-19586.0,19129.931920076724,0.0,-0.0,0.0,0.0,76.974,0.0,6769.843627384773,-318.7495474614976,-25658.0,18942.273690996273,0.0,-0.0,0.0,0.0,98.48700000000001,0.0,14558.744872615227,-770.5055636114976,-32829.0,29120.59292262128,1958.581780226189,-0.0,0.0,0.0,0.0,0.0,-7919.457544488307,-479.71715835915575,-22680.0,4518.3685641426155,758.5783828282333,-0.0,0.0,0.0,432.887,0.0,765.5195444883067,-14.35349145915575,-6461.0,43814.43006077236,1.001440702644639,-0.0,0.0,0.0,0.0,0.0,800.4435000000003,-1003.875001475,-43612.0,27506.27051653819,1931.4849933868054,-0.0,0.0,0.0,0.0,0.0,-12375.094000000001,-587.6615099249999,-16475.0
t327,22512.76653498223,0.0,-0.0,0.0,0.0,0.0,0.0,-2998.1313707501695,-136.63516423205772,-19378.0,18424.736823784824,20.071095775042522,-0.0,0.0,0.0,76.824,0.0,7427.238981569965,-340.87090112982935,-25608.0,19587.892398849795,0.0,-0.0,0.0,0.0,98.385,0.0,13901.349518430035,-792.6269172798293,-32795.0,29183.61079464885,1526.085273811152,-0.0,0.0,0.0,0.0,0.0,-7755.061338954604,-476.6347295053988,-22478.0,4721.20783288584,134.92643555459986,-0.0,0.0,0.0,417.9572486922418,0.0,999.2547097047735,-29.346226837456527,-6244.0,42764.87286348556,348.5586379894462,-0.0,0.0,0.0,0.0,0.0,800.4435000000003,-1003.875001475,-42910.0,27286.850138306432,2060.9053716185626,-0.0,0.0,0.0,0.0,0.0,-12375.094000000001,-587.6615099249999,-16385.0
t328,21734.56,0.0,-0.0,0.0,0.0,0.0,0.0,-2600.0,-118.56,-19016.0,17389.38797860452,1526.0893182618584,-0.0,0.0,0.0,75.027,0.0,6322.1814172231825,-303.6857140895601,-25009.0,18138.573647462745,0.0,-0.0,0.0,0.0,97.461,0.0,15006.407082776817,-755.4417302395601,-32487.0,29540.547688444596,0.0,-0.0,0.0,0.0,0.0,0.0,-7292.571217089429,-471.9764713551658,-21776.0,5912.1639991444,171.74560145023094,-0.0,0.0,0.0,0.0,0.0,-22.799275860238332,-1.1103247343936067,-6060.0,42991.804805859996,0.0,-0.0,0.0,0.0,0.0,0.0,-397.4014276539683,-921.4033782060243,-41673.0,27885.72959524194,0.0,-0.0,0.0,0.0,0.0,0.0,-11015.816579396365,-512.9130158455837,-16357.0
t329,18765.57,0.0,-0.0,0.0,0.0,0.0,0.0,-250.0,-247.57,-18268.0,16916.519339172828,1317.6692933311522,-0.0,0.0,0.0,72.015,0.0,5991.3495906204,-292.5532231243765,-24005.0,17351.947329894778,0.0,-0.0,0.0,0.0,96.123,0.0,15337.238909379601,-744.3092392743765,-32041.0,28705.61999770306,0.0,-255.81454567497696,0.0,0.0,0.0,0.0,-7171.119629573568,-465.6858224545044,-20813.0,6965.350525980936,0.0,-0.0,0.0,0.0,0.0,0.0,-1132.8183704264318,-52.532155554504406,-5780.0,41303.77858769133,0.0,-314.0,0.0,0.0,0.0,0.0,-51.564324965198466,-945.2142627261461,-39993.0,29520.886946210943,0.0,-0.0,0.0,0.0,0.0,0.0,-12723.086175034801,-605.800771176146,-16192.0
t330,18035.57,0.0,-0.0,0.0,0.0,0.0,0.0,-250.0,-247.57,-17538.0,17281.463479196802,0.0,-0.0,0.0,0.0,68.886,0.0,5901.169172870283,-289.51865206708504,-22962.0,17600.729698786687,0.0,-868.4133576993132,0.0,0.0,94.539,0.0,15427.419327129717,-741.274668217085,-31513.0,29989.934833276508,0.0,-578.5,0.0,0.0,0.0,0.0,-8959.925559775227,-551.5092735012784,-19900.0,7434.0150705883725,0.0,-0.0,0.0,0.0,0.0,0.0,-1773.4433780760683,-82.57169251230452,-5578.0,38699.640305709865,0.0,-314.0,0.0,0.0,0.0,0.0,538.1776950976027,-985.81800080747,-37938.0,27649.30906561736,0.0,-0.0,0.0,0.0,0.0,0.0,-10883.397257246308,-762.9118083710528,-16003.0
t331,17653.57,0.0,-0.0,0.0,0.0,0.0,0.0,-250.0,-247.57,-17156.0,18329.622566457765,0.0,-1970.6004608577646,0.0,0.0,65.316,0.0,5627.988,-280.3261056,-21772.0,17626.75881515987,0.0,-1515.7961934098657,0.0,0.0,93.519,0.0,15700.6005,-732.0821217499999,-31173.0,30794.756232773143,0.0,-1254.247542604774,0.0,0.0,0.0,0.0,-9314.94390223528,-644.5647879330885,-19581.0,8757.712067547809,0.0,-196.3,0.0,0.0,0.0,0.0,-2952.71859776472,-105.6934697830885,-5503.0,38159.105913861655,0.0,-335.6572209616526,0.0,0.0,0.0,0.0,-886.7359999999999,-887.7126929,-36049.0,26089.51603849999,0.0,-1630.3,0.0,0.0,0.0,0.0,-7924.1900000000005,-738.0260384999999,-15797.0
t332,17692.57,0.0,-0.0,0.0,0.0,0.0,0.0,-250.0,-247.57,-17195.0,18237.1770610879,0.0,-2514.2409554878936,0.0,0.0,63.402,0.0,5627.988,-280.3261056,-21134.0,17484.305276650237,0.0,-1300.5616549002334,0.0,0.0,93.738,0.0,15700.6005,-732.0821217499999,-31246.0,31535.13813040266,0.0,-1389.3775319758045,0.0,0.0,0.0,0.0,-9549.595528485963,-640.1650699408882,-19956.0,8715.84199793206,0.0,-319.4812746271339,0.0,0.0,0.0,0.0,-2718.0669715140384,-101.29375179088822,-5577.0,37009.05013360266,0.0,-379.60144070264465,0.0,0.0,0.0,0.0,-886.7359999999999,-887.7126929,-34855.0,28397.47032500648,0.0,-4014.254286506489,0.0,0.0,0.0,0.0,-7924.1900000000005,-738.0260384999999,-15721.0
t333,17877.569999999996,0.0,-0.0,0.0,0.0,0.0,0.0,-250.0,-247.57,-17380.0,19704.98817396155,0.0,-3811.565068361549,0.0,0.0,63.915,0.0,5627.988,-280.3261056,-21305.0,17464.00650256334,0.0,-823.6368808133429,0.0,0.0,95.11200000000001,0.0,15700.6005,-732.0821217499999,-31704.0,31781.930582140907,0.0,-937.3126570959884,0.0,0.0,0.0,0.0,-10161.934205294192,-628.683719750734,-20054.0,8737.389964731265,0.0,-1036.8492684247233,0.0,0.0,0.0,0.0,-2105.728294705809,-89.81240160073392,-5505.0,37036.05013360264,0.0,-379.60144070264465,0.0,0.0,0.0,0.0,-886.7359999999999,-887.7126929,-34882.0,28823.46604689105,0.0,-4401.250008391055,0.0,0.0,0.0,0.0,-7924.1900000000005,-738.0260384999999,-15760.0
t334,17767.57,0.0,-0.0,0.0,0.0,0.0,0.0,-250.0,-247.57,-17270.0,20080.1458176949,0.0,-4443.733256360127,0.0,0.0,62.652,0.0,5470.559029134842,-285.62359046961257,-20884.0,17564.001135754457,0.0,-0.0,0.0,0.0,98.349,0.0,15858.029470865158,-737.3796066196126,-32783.0,31690.04979780144,0.0,-1958.581780226189,0.0,0.0,0.0,0.0,-9690.953407872865,-637.5146097023838,-19403.0,9116.184517280715,0.0,-1112.8321336011977,0.0,0.0,0.0,0.0,-2576.7090921271347,-98.64329155238379,-5328.0,36607.05013360264,0.0,-379.60144070264465,0.0,0.0,0.0,0.0,-886.7359999999999,-887.7126929,-34453.0,29286.058025095146,0.0,-5057.841986595148,0.0,0.0,0.0,0.0,-7924.1900000000005,-738.0260384999999,-15566.0
t335,17739.57,0.0,-0.0,0.0,0.0,0.0,0.0,-250.0,-247.57,-17242.0,19115.60595131418,0.0,-4600.411610368039,0.0,0.0,58.794000000000004,0.0,5314.874049101587,-290.8623900477316,-19598.0,17538.179955299318,0.0,-0.0,0.0,0.0,98.724,0.0,16013.714450898413,-742.6184061977316,-32908.0,32036.89135007456,0.0,-1958.581780226189,0.0,0.0,0.0,0.0,-9712.193206367769,-637.1163634806044,-19729.0,9222.524784017249,0.0,-1139.810445054414,0.0,0.0,0.0,0.0,-2555.4692936322313,-98.24504533060434,-5429.0,35707.05013360265,0.0,-379.60144070264465,0.0,0.0,0.0,0.0,-886.7359999999999,-887.7126929,-33553.0,29025.058025095143,0.0,-5057.841986595148,0.0,0.0,0.0,0.0,-7924.1900000000005,-738.0260384999999,-15305.0
t336,18496.57,0.0,-0.0,0.0,0.0,0.0,0.0,-250.0,-247.57,-17999.0,17207.196471583356,0.0,-2823.2313659833544,0.0,0.0,59.373000000000005,0.0,5627.988,-280.3261056,-19791.0,17568.052068580633,0.0,-464.0774468306372,0.0,0.0,96.507,0.0,15700.6005,-732.0821217499999,-32169.0,32593.610033062836,0.0,-1958.581780226189,0.0,0.0,0.0,0.0,-9776.1103355278,-635.9179173088538,-20223.0,9269.409208685469,0.0,-1139.810445054414,0.0,0.0,0.0,0.0,-2491.552164472202,-97.0465991588538,-5541.0,36401.787789890215,0.0,-314.33909699020444,0.0,0.0,0.0,0.0,-886.7359999999999,-887.7126929,-34313.0,29776.628461263193,0.0,-5840.412422763205,0.0,0.0,0.0,0.0,-7924.1900000000005,-738.0260384999999,-15274.0
t337,11018.773384328648,5808.796615671354,-0.0,0.0,0.0,0.0,0.0,-250.0,-247.57,-16330.0,16245.636021950631,2388.932634202085,-0.0,0.0,0.0,0.0,0.0,1319.7303203669348,-425.2989765196526,-19529.0,17559.583511793728,3398.613301242861,-0.0,0.0,0.0,0.0,0.0,20008.858179633065,-877.0549926696526,-40090.0,20981.44461135331,732.2873011812,-0.0,0.0,0.0,0.0,0.0,-5775.978364193703,-252.75354834080042,-15685.0,4189.579774219393,4.152055224781634,-0.0,0.0,0.0,0.0,0.0,670.7087181549731,-98.4405475991472,-4766.0,36647.01301586945,315.00144070264463,-0.0,0.0,0.0,0.0,0.0,-6988.202135806297,-490.81232076580034,-29483.0,19049.53780081535,4682.262901113771,-0.0,0.0,0.0,0.0,0.0,-8985.116718154974,-725.6839837741471,-14021.0
t338,10862.946523811286,6449.623476188711,-0.0,0.0,0.0,0.0,0.0,-250.0,-247.57,-16815.0,17019.499547188272,1470.094237409079,-0.0,0.0,0.0,0.0,0.0,2113.9787328424973,-398.57251743985,-20205.0,17277.22308274781,2001.495683684544,-0.0,0.0,0.0,0.0,0.0,19214.609767157504,-850.3285335898499,-37643.0,20893.133844350563,578.5,-0.0,0.0,0.0,0.0,0.0,-5519.560291630025,-236.0735527205331,-15716.0,3903.792635511988,144.8509668130124,-0.0,0.0,0.0,0.0,0.0,924.1389999999999,-110.782602325,-4862.0,38410.15253351552,378.6,-0.0,0.0,0.0,0.0,0.0,-7244.620208369975,-474.13232514553306,-31070.0,19239.75111116894,4546.821927331058,-0.0,0.0,0.0,0.0,0.0,-9238.547,-738.0260384999999,-13810.0
t339,10944.46612687141,6871.103873128592,-0.0,0.0,0.0,0.0,0.0,-250.0,-247.57,-17318.0,14927.882296704825,1078.4424117109081,-0.0,0.0,0.0,0.0,0.0,4763.104719570714,-309.4294279864455,-20460.0,17468.096876247808,2489.6047874593523,-0.0,0.0,0.0,0.0,0.0,16565.483780429284,-761.1854441364455,-35762.0,20206.7916570413,744.0246748409622,-0.0,0.0,0.0,0.0,0.0,-4837.134572209998,-191.68175967226037,-15922.0,3610.7569253100137,634.8866770149863,-0.0,0.0,0.0,0.0,0.0,924.1389999999999,-110.782602325,-5059.0,39760.185019184624,379.60144070264465,-0.0,0.0,0.0,0.0,0.0,-7927.045927790002,-429.7405320972603,-31783.0,19432.41673688456,4233.156301615432,-0.0,0.0,0.0,0.0,0.0,-9238.547,-738.0260384999999,-13689.0
t340,10451.880724879677,8684.15877134641,-0.0,0.0,0.0,0.0,0.0,-659.0399080516327,-228.99958817445588,-18248.0,14570.077624282563,1344.2604813174378,-0.0,0.0,0.0,0.0,0.0,5627.988,-280.3261056,-21262.0,17686.14771695238,3111.3339047976233,-0.0,0.0,0.0,0.0,0.0,15700.6005,-732.0821217499999,-35766.0,19289.6089338393,1934.1878197357019,-0.0,0.0,0.0,0.0,0.0,-4723.5064999999995,-184.290253575,-16316.0,3000.2228373934095,1139.810445054414,-0.0,0.0,0.0,0.0,0.0,1333.1789080516323,-92.21219049945589,-5381.0,40591.023026,314.0,-0.0,0.0,0.0,0.0,0.0,-8040.674,-422.349026,-32442.0,19812.1143922066,4267.458646293398,-0.0,0.0,0.0,0.0,0.0,-9238.547,-738.0260384999999,-14103.0
t341,10738.206898978362,9895.244991809766,-0.0,0.0,0.0,0.0,0.0,-1058.5919660466488,-210.85992474148213,-19364.0,12734.99821101386,6773.467443549948,-0.0,0.0,0.0,0.0,0.0,3376.6190173039195,-356.08467186772316,-22529.0,18304.470986629916,925.4002186917269,-0.0,0.0,0.0,0.0,0.0,17951.96948269608,-807.8406880177231,-36374.0,19341.90258680793,1958.581780226189,-0.0,0.0,0.0,0.0,0.0,-4258.380618029123,-162.1037490049892,-16880.0,2853.5311159654193,1139.810445054414,-0.0,0.0,0.0,0.0,0.0,1732.7309660466485,-74.07252706648215,-5652.0,41546.73421727511,379.28880872490043,-0.0,0.0,0.0,0.0,0.0,-8040.674,-422.349026,-33463.0,20562.600823114473,4220.9115927863895,-0.0,0.0,0.0,0.0,0.0,-9703.672881970879,-715.8395339299891,-14364.0
t342,19222.974973485765,1766.5273239586627,-0.0,0.0,0.0,0.0,0.0,-362.0179105849829,-242.48438685944177,-20385.0,17377.2914289691,1086.046676630901,-0.0,0.0,0.0,0.0,0.0,5627.988,-280.3261056,-23811.0,20618.481621749997,0.0,-0.0,0.0,0.0,0.0,0.0,15700.6005,-732.0821217499999,-35587.0,20065.214973348815,1958.581780226189,-0.0,0.0,0.0,0.0,0.0,-4723.5064999999995,-184.290253575,-17116.0,3721.729633545045,1139.810445054414,-0.0,0.0,0.0,0.0,0.0,1036.1569105849828,-105.69698918444178,-5792.0,42525.02158529735,315.00144070264463,-0.0,0.0,0.0,0.0,0.0,-8040.674,-422.349026,-34377.0,24284.568807437365,151.0042310626286,-0.0,0.0,0.0,0.0,0.0,-9238.547,-738.0260384999999,-14459.0
t343,23495.64071537597,0.0,-97.3,0.0,0.0,0.0,0.0,-2152.2003781330973,-98.14033724286924,-21148.0,17471.086830585908,0.0,-2246.9,0.0,0.0,0.0,0.0,9537.7011215544,-411.88795214030563,-24350.0,26349.161378216973,0.0,-1665.0,0.0,0.0,0.0,0.0,9473.37599078097,-732.5373689979496,-33425.0,17408.31216003464,1231.1672582794763,-0.0,0.0,0.0,0.0,0.0,-1438.8664930696875,-27.612925244424098,-17173.0,3923.571341021805,0.0,-0.0,0.0,0.0,0.0,0.0,1922.6224030307944,-51.19374405259969,-5795.0,40954.375685709856,358.2486379572,-0.0,0.0,0.0,0.0,0.0,-6170.962234202276,-311.66208946477474,-34830.0,26498.84026185813,0.0,-0.0,0.0,0.0,0.0,0.0,-11171.670409961107,-497.1698518970237,-14830.0
t344,25719.01520166673,0.0,-97.3,0.0,0.0,0.0,0.0,-3913.4823323935466,-181.232869273187,-21527.0,23435.96642141595,0.0,-2246.9,0.0,0.0,0.0,0.0,3168.336349072318,-155.40277048826948,-24202.0,29699.258629894593,0.0,-4667.104208194875,0.0,0.0,0.0,0.0,9446.215973131506,-416.3703948312205,-34062.0,16331.605289782523,578.5,-0.0,0.0,0.0,0.0,0.0,283.4135358789001,-13.518825661423536,-17180.0,4378.083265671622,0.0,-0.0,0.0,0.0,0.0,0.0,1612.6581880882768,-74.74145375989907,-5916.0,38183.53244602134,0.0,-0.0,0.0,0.0,0.0,0.0,-3155.8936568363606,-154.63878918498168,-34873.0,22855.335581770112,0.0,-0.0,0.0,0.0,0.0,0.0,-7441.248056941095,-345.08752482901787,-15069.0
t345,27230.575351084077,0.0,-295.00535108407985,0.0,0.0,0.0,0.0,-4950.0,-247.57,-21738.0,28758.97650553801,0.0,-4765.544283774152,0.0,0.0,0.0,0.0,50.67949950579641,-3.1117212696558996,-24041.0,31420.89916279413,0.0,-8856.993541044129,0.0,0.0,0.0,0.0,12920.6005,-567.5061217499999,-34917.0,16775.08353639026,0.0,-0.0,0.0,0.0,0.0,0.0,476.6001607209785,-20.683697111239244,-17231.0,4867.354058827652,0.0,-0.0,0.0,0.0,0.0,0.0,1079.1837459360472,-53.537804763699114,-5893.0,34783.0,0.0,-0.0,0.0,0.0,0.0,0.0,0.0,-0.0,-34783.0,25671.277641530018,0.0,-0.0,0.0,0.0,0.0,0.0,-9577.063906162823,-548.213735367196,-15546.0
t346,29726.88059340914,0.0,-3353.4128265875447,0.0,0.0,0.0,0.0,-4175.467825960147,-197.99994086144937,-22000.0,31636.06682243695,0.0,-5103.290276968175,0.0,0.0,0.0,0.0,-2588.751850015748,-122.02469545302992,-23822.0,31786.445495664815,0.0,-10979.134108077533,0.0,0.0,0.0,0.0,15876.666350015748,-666.9777376030299,-36017.0,17634.726972815966,0.0,-0.0,0.0,0.0,0.0,0.0,-173.13758298840764,-74.58938982755646,-17387.0,5535.068799136946,0.0,-0.0,0.0,0.0,0.0,0.0,394.31038121526797,-66.37918035221372,-5863.0,32864.87829507768,0.0,-0.0,0.0,0.0,0.0,0.0,1907.9548531982832,-127.83314827596385,-34645.0,27771.716406477062,0.0,-0.0,0.0,0.0,0.0,0.0,-11241.574325464999,-566.1420810120704,-15964.0
t347,31098.54636825962,0.0,-6260.98636825962,0.0,0.0,0.0,0.0,-2600.0,-118.56,-22119.0,37356.639922616116,0.0,-5911.374146891118,0.0,0.0,0.0,0.0,-7363.568499999999,-282.697275725,-23799.0,31353.661155030502,0.0,-14622.493837155502,0.0,0.0,0.0,0.0,20651.483,-827.6503178749999,-36555.0,18810.04359090557,0.0,-0.0,0.0,0.0,0.0,0.0,-1001.3759919486226,-102.66759895694982,-17706.0,6261.22604273216,0.0,-0.0,0.0,0.0,0.0,0.0,-447.8292443996649,-8.396798332493717,-5805.0,31354.47337285118,0.0,-0.0,0.0,0.0,0.0,0.0,3636.3847363482873,-244.85810919945607,-34746.0,29609.180509924994,0.0,-0.0,0.0,0.0,0.0,0.0,-12875.094000000001,-622.0865099249999,-16112.0
t348,30960.057647394882,0.0,-6299.497647394882,0.0,0.0,0.0,0.0,-2600.0,-118.56,-21942.0,34890.69104797997,0.0,-6179.808910151431,0.0,0.0,0.0,0.0,-4650.480280683533,-191.40185714500092,-23869.0,31053.411789697482,0.0,-11841.561024341634,0.0,0.0,0.0,0.0,20505.47530072564,-888.3260660814935,-38829.0,19306.638238274696,0.0,-0.0,0.0,0.0,0.0,0.0,-1160.3318147123957,-337.3064235623025,-17809.0,6748.181797067432,0.0,-0.0,0.0,0.0,0.0,0.0,-949.3809050968662,-17.80089197056624,-5781.0,32076.567721177526,0.0,-0.0,0.0,0.0,0.0,0.0,3346.385705693043,-544.953426870564,-34878.0,31318.86509593355,0.0,-0.0,0.0,0.0,0.0,0.0,-14491.668005925887,-699.1970900076648,-16128.0
t349,32147.72433342551,0.0,-7786.164333425504,0.0,0.0,0.0,0.0,-2600.0,-118.56,-21643.0,37777.23142924458,0.0,-6179.965653519579,0.0,0.0,0.0,0.0,-7363.568499999999,-282.697275725,-23951.0,30325.054343847467,0.0,-10616.311025972469,0.0,0.0,0.0,0.0,23431.483,-992.226317875,-42148.0,19013.48097479067,0.0,-0.0,0.0,0.0,0.0,0.0,-715.4293794968066,-464.0515952938618,-17834.0,7066.120866931069,0.0,-0.0,0.0,0.0,0.0,0.0,-1349.8118939200676,-25.308973011001267,-5691.0,31812.93975290601,0.0,-314.0,0.0,0.0,0.0,0.0,4172.187313967587,-625.1270668735915,-35046.0,32480.933130147252,0.0,-136.20721568727504,0.0,0.0,0.0,0.0,-15574.860540550713,-750.8653739092689,-16019.0
t350,29843.380958719797,0.0,-5699.8243368991925,0.0,0.0,0.0,0.0,-2407.245570731829,-127.31105108877496,-21609.0,37365.6055751184,0.0,-6012.514334237676,0.0,0.0,0.0,0.0,-6571.5868650428165,-321.504375837902,-24460.0,29011.999156918242,0.0,-6332.255839043246,0.0,0.0,0.0,0.0,23431.483,-992.226317875,-45119.0,18880.67413134506,0.0,-578.4999999989136,0.0,0.0,0.0,0.0,41.66961180588214,-488.84374315202734,-17855.0,7256.033989731946,0.0,-0.0,0.0,0.0,0.0,0.0,-1609.7149292681706,-35.31906046377495,-5611.0,32594.489145028005,0.0,-0.0,0.0,0.0,0.0,0.0,3297.034753236935,-658.5238982649292,-35233.0,33345.91534884042,0.0,-444.4665947154178,0.0,0.0,0.0,0.0,-16181.640000000001,-779.808754125,-15940.0
t351,30008.42827880868,0.0,-6921.658278808675,0.0,0.0,0.0,0.0,-1450.0,-170.77,-21466.0,33698.30200258088,0.0,-3426.1731246752242,0.0,0.0,0.0,0.0,-4870.259459180494,-404.86941872515575,-24997.0,25759.342401672977,0.0,-1258.599083797979,0.0,0.0,0.0,0.0,23431.483,-992.226317875,-46940.0,18429.932300889603,0.0,-578.5,0.0,0.0,0.0,0.0,422.29177443026447,-445.72407531986954,-17828.0,8897.246947497584,0.0,-212.3253451725858,0.0,0.0,0.0,0.0,-3224.139,-110.782602325,-5350.0,35059.79142790375,0.0,-235.4999999994822,0.0,0.0,0.0,0.0,1052.2453075578424,-706.5367354621021,-35170.0,32501.1282580951,0.0,-461.4607503545711,0.0,0.0,0.0,0.0,-15361.621622807614,-804.045884932923,-15874.0
t352,28563.623594697467,0.0,-6370.853594697469,0.0,0.0,0.0,0.0,-1450.0,-170.77,-20572.0,30292.322434369893,0.0,-2246.9,0.0,0.0,0.0,0.0,-2496.225344000937,-521.197090368954,-25028.0,24357.666813141295,1144.8185047337006,-0.0,0.0,0.0,144.258,0.0,23431.483,-992.226317875,-48086.0,18695.730219327314,0.0,-578.5,0.0,0.0,0.0,0.0,-431.3788552775909,-492.8513640497231,-17193.0,8577.93181756005,0.0,-211.010215235051,0.0,0.0,0.0,0.0,-3224.139,-110.782602325,-5032.0,35974.201721661724,0.0,-0.0,0.0,0.0,0.0,0.0,-542.654636739956,-873.5470849217588,-34558.0,31865.575659828424,0.0,-0.0,0.0,0.0,0.0,0.0,-15287.085163981516,-800.4904958469182,-15778.0
t353,25964.753709460976,0.0,-5125.983709460979,0.0,0.0,0.0,0.0,-1450.0,-170.77,-19218.0,26965.361185426726,0.0,-189.99638370172852,0.0,0.0,0.0,0.0,-2102.8944999999994,-540.470301725,-24132.0,23261.11891957307,2577.355398301926,-0.0,0.0,0.0,145.269,0.0,23431.483,-992.226317875,-48423.0,20488.52224024536,0.0,-0.0,0.0,0.0,0.0,0.0,-3854.157612674163,-448.3646275711983,-16186.0,8622.014365944377,0.0,-519.0927636193776,0.0,0.0,0.0,0.0,-3224.139,-110.782602325,-4768.0,34030.85514648589,0.0,-0.0,0.0,0.0,0.0,0.0,117.4939893193432,-961.3491358052231,-33187.0,30795.922155260803,0.0,-1676.6613587746497,0.0,0.0,0.0,0.0,-12917.78587664518,-687.474919840975,-15514.0
t354,19606.586141715536,0.0,-97.3,0.0,0.0,0.0,0.0,-1344.782202687538,-177.50393902799757,-17987.0,24078.924663713944,1249.4401380110512,-0.0,0.0,0.0,0.0,0.0,-2102.8944999999994,-540.470301725,-22685.0,20318.918285801457,5324.1440320735455,-0.0,0.0,0.0,144.681,0.0,23431.483,-992.226317875,-48227.0,23224.029421213683,0.0,-578.5,0.0,0.0,0.0,0.0,-6793.029445382599,-502.499975831085,-15350.0,7382.914914738532,388.44888056570886,-0.0,0.0,0.0,0.0,0.0,-3106.7816434152055,-108.5821518890351,-4556.0,34955.22838865946,0.0,-314.0,0.0,0.0,0.0,0.0,-2731.518818075241,-767.7095705842055,-31142.0,26462.64145970419,0.0,-3453.155463628935,0.0,0.0,0.0,0.0,-7352.476390439417,-643.0096056358418,-15014.0
t355,17567.57,0.0,-0.0,0.0,0.0,0.0,0.0,-250.0,-247.57,-17070.0,19629.624448210747,4324.740353514246,-0.0,0.0,0.0,0.0,0.0,-2102.8944999999994,-540.470301725,-21311.0,18411.760689690927,6948.153628184071,-0.0,0.0,0.0,143.829,0.0,23431.483,-992.226317875,-47943.0,26870.545626773393,0.0,-578.5,0.0,0.0,0.0,0.0,-11045.981635016831,-634.0639917565655,-14612.0,5728.873538589735,0.0,-0.0,0.0,0.0,0.0,0.0,-1221.68086498317,-95.19267360656556,-4412.0,33501.40619954122,0.0,-314.0,0.0,0.0,0.0,0.0,-2769.0932125566906,-1017.312986984528,-29401.0,24581.561795174355,0.0,-3008.1026751465183,0.0,0.0,0.0,0.0,-6041.832787443311,-867.626332584528,-14664.0
t356,16968.570000000007,0.0,-0.0,0.0,0.0,0.0,0.0,-250.0,-247.57,-16471.0,18703.2128759607,4127.151925764302,-0.0,0.0,0.0,0.0,0.0,-2102.8944999999994,-540.470301725,-20187.0,17958.579179318836,6747.303138556166,-0.0,0.0,0.0,141.861,0.0,23431.483,-992.226317875,-47287.0,28528.381076992762,0.0,-1195.2826565177559,0.0,0.0,0.0,0.0,-11877.4445,-649.6539204750001,-14806.0,5257.393587724242,0.0,-250.3929853992417,0.0,0.0,0.0,0.0,-390.2180000000001,-110.782602325,-4506.0,32716.1545984652,0.0,-378.93909699020446,0.0,0.0,0.0,0.0,-3073.915500000001,-1038.300001475,-28225.0,24348.41356271783,0.0,-3351.789715642838,0.0,0.0,0.0,0.0,-5737.0105,-888.6133470749999,-14371.0
t357,16691.109066647612,155.46093335238828,-0.0,0.0,0.0,0.0,0.0,-250.0,-247.57,-16349.0,17441.398611167904,5722.966190557099,-0.0,0.0,0.0,0.0,0.0,-2102.8944999999994,-540.470301725,-20521.0,18355.40061868492,5556.9982436128175,-0.0,0.0,0.0,117.3444555772644,0.0,23431.483,-992.226317875,-46469.0,29044.68020070119,0.0,-1958.581780226189,0.0,0.0,0.0,0.0,-11877.4445,-649.6539204750001,-14559.0,5779.830207247492,0.0,-789.8296049224916,0.0,0.0,0.0,0.0,-390.2180000000001,-110.782602325,-4489.0,32849.87416313929,0.0,-336.65866166429726,0.0,0.0,0.0,0.0,-3073.915500000001,-1038.300001475,-28401.0,24409.68835532111,0.0,-3526.0645082461124,0.0,0.0,0.0,0.0,-5737.0105,-888.6133470749999,-14258.0
t358,15888.380175243587,513.1898247564153,-0.0,0.0,0.0,0.0,0.0,-250.0,-247.57,-15904.0,18882.145996568022,3689.218805156975,-0.0,0.0,0.0,0.0,0.0,-2102.8944999999994,-540.470301725,-19928.0,18122.367897648764,5605.37542022623,-0.0,0.0,0.0,0.0,0.0,23431.483,-992.226317875,-46167.0,27851.63173386689,0.0,-1958.581780226189,0.0,0.0,0.0,0.0,-11413.102446665713,-640.9475069749822,-13839.0,6468.4466872136845,0.0,-1139.810445054414,0.0,0.0,0.0,0.0,-854.5600533342883,-102.0761888249821,-4372.0,32441.816942177644,0.0,-379.60144070264465,0.0,0.0,0.0,0.0,-3073.915500000001,-1038.300001475,-27950.0,24505.038252122187,0.0,-3686.414405047194,0.0,0.0,0.0,0.0,-5737.0105,-888.6133470749999,-14193.0
t359,15911.27,97.3,-0.0,0.0,0.0,0.0,0.0,-250.0,-247.57,-15511.0,18103.96590988027,629.8623118011474,-0.0,0.0,0.0,0.0,0.0,325.9127171852997,-458.7409388667147,-18601.0,18288.726995255933,7305.094176946081,-0.0,0.0,0.0,0.0,0.0,21002.675782814702,-910.4969550167148,-45686.0,28488.68020070119,0.0,-1958.581780226189,0.0,0.0,0.0,0.0,-11877.4445,-649.6539204750001,-14003.0,6093.811047379414,0.0,-1139.810445054414,0.0,0.0,0.0,0.0,-390.2180000000001,-110.782602325,-4453.0,31650.81694217764,0.0,-379.60144070264465,0.0,0.0,0.0,0.0,-3073.915500000001,-1038.300001475,-27159.0,23490.29479363146,0.0,-2892.6709465564663,0.0,0.0,0.0,0.0,-5737.0105,-888.6133470749999,-13972.0
t360,15428.862307007388,844.707692992613,-0.0,0.0,0.0,0.0,0.0,-250.0,-247.57,-15776.0,15488.610451412413,2815.388628931353,-0.0,0.0,0.0,0.0,0.0,850.1028602101651,-441.101940553928,-18713.0,17914.45791404564,6348.914402868455,-0.0,0.0,0.0,0.0,0.0,20478.485639789837,-892.857956703928,-43849.0,28199.065192869948,0.0,-1807.155075158811,0.0,0.0,0.0,0.0,-11218.609356182711,-637.3007615284258,-14536.0,6837.29303225013,0.0,-1139.810445054414,0.0,0.0,0.0,0.0,-1049.0531438172898,-98.42944337842582,-4550.0,32465.81694217764,0.0,-379.60144070264465,0.0,0.0,0.0,0.0,-3073.915500000001,-1038.300001475,-27974.0,23840.530904126055,0.0,-3364.9070570510657,0.0,0.0,0.0,0.0,-5737.0105,-888.6133470749999,-13850.0
t361,21331.569999999996,0.0,-0.0,0.0,0.0,0.0,0.0,-250.0,-247.57,-20834.0,12768.111687509101,2568.2264180909006,-0.0,0.0,0.0,0.0,0.0,5627.988,-280.3261056,-20684.0,13589.106768016278,5224.37485373372,-0.0,0.0,0.0,0.0,0.0,15700.6005,-732.0821217499999,-33782.0,26414.989060296863,0.0,-1732.581780226189,0.0,0.0,0.0,0.0,-7509.864442346059,-365.5428377246111,-16807.0,4117.737040126283,500.90656219871653,-0.0,0.0,0.0,0.0,0.0,924.1389999999999,-110.782602325,-5432.0,36474.62256185814,0.0,-0.0,0.0,0.0,0.0,0.0,-5472.031260025258,-618.5913018328761,-30384.0,28815.847527811948,0.0,-0.0,0.0,0.0,0.0,0.0,-9020.831797628685,-753.015730183265,-19042.0
t362,20819.56204842577,1213.0079515742302,-0.0,0.0,0.0,0.0,0.0,-250.0,-247.57,-21535.0,12369.285346776887,3326.052758823114,-0.0,0.0,0.0,0.0,0.0,5627.988,-280.3261056,-21043.0,13546.897101315297,3411.5845204347006,-0.0,0.0,0.0,0.0,0.0,15700.6005,-732.0821217499999,-31927.0,25109.62486759949,0.0,-74.57329493262192,0.0,0.0,0.0,0.0,-7682.292302630736,-376.7592700361294,-16976.0,4034.7599821489925,731.8836201760066,-0.0,0.0,0.0,0.0,0.0,924.1389999999999,-110.782602325,-5580.0,39063.13714339151,0.0,-0.0,0.0,0.0,0.0,0.0,-6537.125979622255,-715.0111637692479,-31811.0,27219.528377555132,0.0,-0.0,0.0,0.0,0.0,0.0,-7783.30921774701,-838.2191598081183,-18598.0
t363,20382.56307245271,2482.0069275472865,-0.0,0.0,0.0,0.0,0.0,-250.0,-247.57,-22367.0,11484.2879116628,4455.050193937203,-0.0,0.0,0.0,0.0,0.0,5627.988,-280.3261056,-21287.0,13450.194132048024,2169.2874897019774,-0.0,0.0,0.0,0.0,0.0,15700.6005,-732.0821217499999,-30588.0,22770.986001020927,0.0,-356.18924744592186,0.0,0.0,0.0,0.0,-4723.5064999999995,-184.290253575,-17507.0,4250.332972829961,843.310629495038,-0.0,0.0,0.0,0.0,0.0,924.1389999999999,-110.782602325,-5907.0,43402.789834575,0.0,-0.0,0.0,0.0,0.0,0.0,-10227.853500000001,-572.9363345749999,-32602.0,25808.866539813058,821.1143072619407,-0.0,0.0,0.0,0.0,0.0,-7051.3675,-888.6133470749999,-18690.0
t364,19596.505700896956,4697.5678144025505,-0.0,0.0,0.0,0.0,0.0,-319.6663684260518,-244.40714687345724,-23730.0,10796.567465006636,6571.770640593366,-0.0,0.0,0.0,0.0,0.0,5627.988,-280.3261056,-22716.0,13423.267770356499,2655.2138513935024,-0.0,0.0,0.0,0.0,0.0,15700.6005,-732.0821217499999,-31047.0,23369.111785370118,0.0,-55.31503179511765,0.0,0.0,0.0,0.0,-4723.5064999999995,-184.290253575,-18406.0,4318.00393571799,1139.810445054414,-0.0,0.0,0.0,0.0,0.0,993.8053684260517,-107.61974919845726,-6344.0,44484.78983457502,0.0,-0.0,0.0,0.0,0.0,0.0,-10227.853500000001,-572.9363345749999,-33684.0,26614.78982547144,629.1910216035567,-0.0,0.0,0.0,0.0,0.0,-7051.3675,-888.6133470749999,-19304.0
t365,21021.951372885473,4909.618627114528,-0.0,0.0,0.0,0.0,0.0,-250.0,-247.57,-25434.0,12004.926495231966,7418.411610368039,-0.0,0.0,0.0,0.0,0.0,5627.988,-280.3261056,-24771.0,13941.914727013345,3377.5668947366494,-0.0,0.0,0.0,0.0,0.0,15700.6005,-732.0821217499999,-32288.0,26669.769646008594,0.0,-1958.581780226189,0.0,0.0,0.0,0.0,-5362.341401842541,-225.8464639398573,-19123.0,5465.568929082717,414.0746732422824,-0.0,0.0,0.0,0.0,0.0,924.1389999999999,-110.782602325,-6693.0,45341.511143097334,0.0,-0.0,0.0,0.0,0.0,0.0,-9589.01859815746,-614.4925449398572,-35138.0,26947.72213584302,1006.2587112319807,-0.0,0.0,0.0,0.0,0.0,-7051.3675,-888.6133470749999,-20014.0
t366,25823.871451768984,1446.698548231013,-0.0,0.0,0.0,0.0,0.0,-250.0,-247.57,-26773.0,13501.058131132497,7134.147814711907,-0.0,0.0,0.0,0.0,0.0,6254.1919217215245,-301.39786756592935,-26588.0,17628.757305437455,0.0,-0.0,0.0,0.0,0.0,0.0,15074.396578278476,-753.1538837159293,-31950.0,24108.71829496265,0.0,-0.0,0.0,0.0,0.0,0.0,-4375.049443006251,-167.66885195639816,-19566.0,6955.088725550845,0.0,-227.2712161758461,0.0,0.0,0.0,0.0,266.9604999999999,-78.778009375,-6916.0,46137.73832596998,0.0,-0.0,0.0,0.0,0.0,0.0,-9346.484263339074,-512.2540626308953,-36279.0,28849.320374216968,0.0,-0.0,0.0,0.0,0.0,0.0,-7624.015293654675,-779.3050805622934,-20446.0
t367,25190.151340477587,0.0,-2030.5813404775874,0.0,0.0,0.0,0.0,4950.0,-247.57,-27862.0,24844.892976085153,0.0,-2246.9,0.0,0.0,0.0,0.0,5456.823637667645,-269.81661375279344,-27785.0,25081.985922041178,0.0,-1665.0,0.0,0.0,0.0,0.0,7400.230086731651,-597.2160087728267,-30220.0,21479.61638054249,538.0073827123051,-0.0,0.0,0.0,0.0,0.0,-2009.7783427792203,-54.845420475568815,-19953.0,6182.282532342052,68.36106998294687,-0.0,0.0,0.0,0.0,0.0,924.1389999999999,-110.782602325,-7064.0,47743.789834575,0.0,-0.0,0.0,0.0,0.0,0.0,-10227.853500000001,-572.9363345749999,-36943.0,28162.353790771263,0.0,-0.0,0.0,0.0,0.0,0.0,-6493.560881620075,-613.792909151189,-21055.0
t368,26525.458988399765,0.0,-2549.888988399767,0.0,0.0,0.0,0.0,4950.0,-247.57,-28678.0,35788.28579173292,0.0,-2627.942702440512,0.0,0.0,0.0,0.0,-4656.646920420252,-156.69616887214147,-28347.0,28348.588386961237,0.0,-5182.7118543446695,0.0,0.0,0.0,0.0,8391.59591763439,-594.4724502509564,-30963.0,20927.62140996407,915.9070994109361,-0.0,0.0,0.0,0.0,0.0,-1416.9605,-26.568009375,-20400.0,6665.275371807481,0.0,-359.6317694824802,0.0,0.0,0.0,0.0,924.1389999999999,-110.782602325,-7119.0,40130.576,0.0,-0.0,0.0,0.0,0.0,0.0,-2780.0,-164.576,-37186.0,27156.572371542952,0.0,-0.0,0.0,0.0,0.0,0.0,-5412.127497214136,-263.44487432881493,-21481.0
t369,27186.844248816695,0.0,-2592.274248816694,0.0,0.0,0.0,0.0,4950.0,-247.57,-29297.0,37906.44689928132,0.0,-6847.311610368039,0.0,0.0,0.0,0.0,-2052.0827058610585,-69.05258305222462,-28938.0,31046.71504129296,0.0,-1665.0,0.0,0.0,0.0,0.0,3652.2508563035112,-413.96589759647134,-32620.0,20336.05616227043,1707.47234710457,-0.0,0.0,0.0,0.0,0.0,-1416.9605,-26.568009375,-20600.0,6131.984196269865,197.65940605513535,-0.0,0.0,0.0,0.0,0.0,924.1389999999999,-110.782602325,-7143.0,40321.576,0.0,-0.0,0.0,0.0,0.0,0.0,-2780.0,-164.576,-37377.0,25653.928557936702,0.0,-0.0,0.0,0.0,0.0,0.0,-3277.3466504424528,-170.5819074942467,-22206.0
t370,27263.493314883042,0.0,-2058.5576512559987,0.0,0.0,0.0,0.0,4775.7221206504855,-239.65778427753202,-29741.0,42201.77562439412,0.0,-4921.748928269115,0.0,0.0,0.0,0.0,-7730.8825,-260.144196125,-29289.0,32053.375668909426,0.0,-9487.745125774707,0.0,0.0,0.0,0.0,11931.548629629147,-718.1791727638679,-33779.0,20910.946729148814,1732.581780226189,-0.0,0.0,0.0,0.0,0.0,-1416.9605,-26.568009375,-21200.0,5572.352962745271,553.1005445077462,-0.0,0.0,0.0,0.0,0.0,1098.4168793495146,-102.87038660253204,-7121.0,40457.576,0.0,-0.0,0.0,0.0,0.0,0.0,-2780.0,-164.576,-37513.0,29079.548199218014,0.0,-0.0,0.0,0.0,0.0,0.0,-5877.844629629148,-283.7035695888679,-22918.0
t371,26326.59670165339,0.0,-728.9191312696513,0.0,0.0,0.0,0.0,4600.002545166835,-231.68011555057433,-29966.0,40075.84661921401,0.0,-6847.311610368039,0.0,0.0,0.0,0.0,-3494.930594346224,-117.60441449975043,-29616.0,33163.13618242736,0.0,-8226.767530854802,0.0,0.0,0.0,0.0,9101.424236354553,-636.7928879271127,-33401.0,20996.693951312143,1773.834558062861,-0.0,0.0,0.0,0.0,0.0,-1416.9605,-26.568009375,-21327.0,5637.084899262498,199.67136377990994,-0.0,0.0,0.0,0.0,0.0,1274.1364548331649,-94.8927178755743,-7016.0,40702.576,0.0,-0.0,0.0,0.0,0.0,0.0,-2780.0,-164.576,-37758.0,31114.5292083857,0.0,-0.0,0.0,0.0,0.0,0.0,-7283.672142008329,-344.8570663773623,-23486.0
t372,26572.446849027267,0.0,-913.8968814325718,0.0,0.0,0.0,0.0,4512.141244924891,-227.69121251959007,-29943.0,40961.16212509804,0.0,-3230.1354289730407,0.0,0.0,0.0,0.0,-7730.8825,-260.144196125,-29740.0,32837.015527906726,0.0,-11841.561024341634,0.0,0.0,0.0,0.0,14080.190594678417,-811.645098243511,-34264.0,22759.741208193802,153.78730118119998,-0.0,0.0,0.0,0.0,0.0,-1416.9605,-26.568009375,-21470.0,5633.9060597694815,0.0,-0.0,0.0,0.0,0.0,0.0,1361.9977550751082,-90.90381484459009,-6905.0,40964.576,0.0,-0.0,0.0,0.0,0.0,0.0,-2780.0,-164.576,-38020.0,32021.656089746935,0.0,-0.0,0.0,0.0,0.0,0.0,-8026.486594678417,-377.16949506851114,-23618.0
t373,26114.084284263365,0.0,-1303.5142842633618,0.0,0.0,0.0,0.0,4950.0,-247.57,-29513.0,40695.58693552039,0.0,-3109.560239395383,0.0,0.0,0.0,0.0,-7730.8825,-260.144196125,-29595.0,32687.514199268924,0.0,-13188.735939940168,0.0,0.0,0.0,0.0,17392.97286779534,-955.7511271240974,-35936.0,22942.528509375003,0.0,-0.0,0.0,0.0,0.0,0.0,-1416.9605,-26.568009375,-21499.0,5927.2333444986325,53.410257826366205,-0.0,0.0,0.0,0.0,0.0,924.1389999999999,-110.782602325,-6794.0,41061.575999999994,0.0,-0.0,0.0,0.0,0.0,0.0,-2780.0,-164.576,-38117.0,35508.54439174444,0.0,-0.0,0.0,0.0,0.0,0.0,-11339.268867795341,-521.2755239490973,-23648.0
t374,26574.339346840035,0.0,-2521.769346840035,0.0,0.0,0.0,0.0,4950.0,-247.57,-28755.0,40188.33195087321,0.0,-2815.305254748205,0.0,0.0,0.0,0.0,-7730.8825,-260.144196125,-29382.0,31835.103992391145,0.0,-11735.360674516147,0.0,0.0,0.0,0.0,18231.483,-992.226317875,-37339.0,22674.00569424358,0.0,-0.0,0.0,0.0,0.0,0.0,-1434.0187194490502,-29.986974794527796,-21210.0,6542.122835634472,0.0,-0.0,0.0,0.0,0.0,0.0,176.96781081837298,-77.0906464528445,-6642.0,40955.576,0.0,-0.0,0.0,0.0,0.0,0.0,-2780.0,-164.576,-38011.0,35369.402041461006,0.0,-0.0,0.0,0.0,0.0,0.0,-11413.549591369323,-530.8524500916832,-23425.0
t375,26222.81570041692,0.0,-2832.245700416926,0.0,0.0,0.0,0.0,4950.0,-247.57,-28093.0,39211.825222835294,0.0,-7418.411610368039,0.0,0.0,0.0,0.0,-2902.73652829028,-97.67708417696792,-28793.0,28849.588628774403,0.0,-3612.166451137722,0.0,0.0,0.0,0.0,13403.33702829028,-829.759205926968,-37811.0,21737.078318699998,0.0,-0.0,0.0,0.0,0.0,0.0,-919.231,-43.8473187,-20774.0,7809.000276244758,0.0,-271.79027624475975,0.0,0.0,0.0,0.0,-1150.0,-52.21,-6335.0,40526.575999999994,0.0,-0.0,0.0,0.0,0.0,0.0,-2780.0,-164.576,-37582.0,34389.99058991688,0.0,-383.02764946687563,0.0,0.0,0.0,0.0,-10601.3695,-569.59344045,-22836.0
t376,26299.571908124846,0.0,-4134.001908124849,0.0,0.0,0.0,0.0,4950.0,-247.57,-26868.0,38629.78683206162,0.0,-4070.406574267216,0.0,0.0,0.0,0.0,-6252.000442891112,-210.3798149032859,-28097.0,26686.760993762175,0.0,-4760.9,0.0,0.0,0.0,0.0,16752.600942891113,-942.4619366532859,-37736.0,24881.90292907942,0.0,-1423.781532932535,0.0,0.0,0.0,0.0,-3052.638384149691,-162.4830119971933,-20243.0,9292.871921651917,0.0,-1139.810445054414,0.0,0.0,0.0,0.0,-2061.086115850309,-88.97536074719329,-6003.0,39887.576,0.0,-0.0,0.0,0.0,0.0,0.0,-2780.0,-164.576,-36943.0,33387.29680643717,0.0,-2888.947847537158,0.0,0.0,0.0,0.0,-7556.876,-715.4729589,-22226.0
t377,24418.285791601014,0.0,-3840.715791601015,0.0,0.0,0.0,0.0,4950.0,-247.57,-25280.0,37386.26346714477,0.0,-2431.2367710197636,0.0,0.0,0.0,0.0,-7730.8825,-260.144196125,-26964.0,23320.648300794535,0.0,-3209.9049829195337,0.0,0.0,0.0,0.0,18231.483,-992.226317875,-37350.0,23849.976060125588,0.0,-367.2784423303913,0.0,0.0,0.0,0.0,-3954.1338986875558,-286.563719107638,-19242.0,9766.401687018139,0.0,-1139.810445054414,0.0,0.0,0.0,0.0,-2841.974229093228,-103.61701287049803,-5681.0,36926.63142720636,0.0,-0.0,0.0,0.0,0.0,0.0,-1097.6163722192164,-274.01505498713993,-35555.0,31410.648958900005,0.0,-1630.3,0.0,0.0,0.0,0.0,-7556.876,-715.4729589,-21508.0
t378,22810.27180722112,0.0,-0.0,0.0,0.0,0.0,0.0,1050.017399367712,-188.28920658883231,-23672.0,32639.497168153765,0.0,-2246.9,0.0,0.0,0.0,0.0,-4767.234205603331,-405.3629625504368,-25220.0,17191.479923831546,0.0,-1665.0,0.0,0.0,0.0,0.0,22131.465600632288,-932.9455244638324,-36725.0,22132.825961018003,0.0,-0.0,0.0,0.0,0.0,0.0,-3805.0362165463193,-166.7897444716849,-18161.0,7076.113830192756,0.0,-943.5104450544139,0.0,0.0,0.0,0.0,-641.8658702046791,-61.73751493366227,-5429.0,39502.4430608221,0.0,-0.0,0.0,0.0,0.0,0.0,-5743.6482943966685,-309.79476642543676,-33449.0,29989.889868752718,0.0,-297.1831042156946,0.0,0.0,0.0,0.0,-8223.698413249002,-683.0083512880226,-20786.0
t379,20654.970372663483,2130.5996273365145,-0.0,0.0,0.0,0.0,0.0,-250.0,-247.57,-22288.0,20609.73745322567,0.0,-0.0,0.0,0.0,0.0,0.0,3157.7133929031365,-363.4508461288095,-23404.0,13974.959161995577,5009.372593186371,-0.0,0.0,0.0,0.0,0.0,18170.875107096865,-815.2068622788095,-36340.0,21125.236025678354,0.0,-0.0,0.0,0.0,0.0,0.0,-3777.6800186290566,-166.5560070492948,-17181.0,6709.467192334047,0.0,-38.374355163808154,0.0,0.0,0.0,0.0,-1336.0444813709432,-93.04835579929482,-5242.0,42166.68085179457,0.0,-0.0,0.0,0.0,0.0,0.0,-10180.972288622877,-569.7085631716851,-31416.0,26801.27728704881,0.0,-0.0,0.0,0.0,0.0,0.0,-5783.891711377122,-885.385575671685,-20132.0
t380,19452.63701629522,2423.9329837047844,-0.0,0.0,0.0,0.0,0.0,-250.0,-247.57,-21379.0,16128.120634698493,357.21747090150484,-0.0,0.0,0.0,0.0,0.0,5627.988,-280.3261056,-21833.0,13613.127323861385,7583.3542978886135,-0.0,0.0,0.0,0.0,0.0,15700.6005,-732.0821217499999,-36165.0,22174.796753575003,0.0,-0.0,0.0,0.0,0.0,0.0,-4723.5064999999995,-184.290253575,-17267.0,5318.534615477157,0.0,-0.0,0.0,0.0,0.0,0.0,24.072060882848405,-90.60667636000528,-5252.0,40211.01175903135,0.0,-0.0,0.0,0.0,0.0,0.0,-9674.19482427969,-534.8169347516567,-30002.0,27397.27725788982,0.0,-0.0,0.0,0.0,0.0,0.0,-6704.959236603158,-830.3180212866619,-19862.0
t381,19404.783197305227,2271.7868026947713,-0.0,0.0,0.0,0.0,0.0,-250.0,-247.57,-21179.0,15007.859881430239,1571.47822416976,-0.0,0.0,0.0,0.0,0.0,5627.988,-280.3261056,-21927.0,13578.867457937558,8744.614163812437,-0.0,0.0,0.0,0.0,0.0,15700.6005,-732.0821217499999,-37292.0,24622.31010018968,0.0,-1958.581780226189,0.0,0.0,0.0,0.0,-5594.762841381613,-240.96547858187387,-16828.0,5983.061315738242,0.0,-269.0607134132421,0.0,0.0,0.0,0.0,-390.2180000000001,-110.782602325,-5213.0,39735.91851720234,0.0,-0.0,0.0,0.0,0.0,0.0,-9135.527596941896,-614.3909202604475,-29986.0,26703.47276943006,0.0,-0.0,0.0,0.0,0.0,0.0,-5958.080061676491,-873.3927077535735,-19872.0
t382,20922.569999999996,0.0,-0.0,0.0,0.0,0.0,0.0,-250.0,-247.57,-20425.0,13601.438105600002,2246.9,-0.0,0.0,0.0,0.0,0.0,5627.988,-280.3261056,-21196.0,13528.580240209476,9336.901381540525,-0.0,0.0,0.0,0.0,0.0,15700.6005,-732.0821217499999,-37834.0,25529.212491660346,0.0,-0.0,0.0,0.0,0.0,0.0,-9197.865204366317,-475.34728729402894,-15856.0,6047.282003478091,0.0,-518.2814011530909,0.0,0.0,0.0,0.0,-390.2180000000001,-110.782602325,-5028.0,36096.488163927716,0.0,-0.0,0.0,0.0,0.0,0.0,-5753.494795633684,-863.9933682940289,-29479.0,26221.623847075003,0.0,-0.0,0.0,0.0,0.0,0.0,-5737.0105,-888.6133470749999,-19596.0
t383,20307.57,0.0,-0.0,0.0,0.0,0.0,0.0,-250.0,-247.57,-19810.0,12147.438105600002,2246.9,-0.0,0.0,0.0,0.0,0.0,5627.988,-280.3261056,-19742.0,13625.091097880515,8603.390523869479,-0.0,0.0,0.0,0.0,0.0,15700.6005,-732.0821217499999,-37197.0,22040.235676454602,0.0,-0.0,0.0,0.0,0.0,0.0,-5909.778433598983,-261.45724285561386,-15869.0,6180.518683615493,0.0,-553.518081290493,0.0,0.0,0.0,0.0,-390.2180000000001,-110.782602325,-5126.0,38176.684890256634,0.0,-0.0,0.0,0.0,0.0,0.0,-9041.581566401019,-650.1033238556138,-28485.0,25446.521747085975,344.1020999890234,-0.0,0.0,0.0,0.0,0.0,-5737.0105,-888.6133470749999,-19165.0
t384,20113.378787910046,105.19121208994129,-0.0,0.0,0.0,0.0,0.0,-250.0,-247.57,-19721.0,12210.4381056,2246.9,-0.0,0.0,0.0,0.0,0.0,5627.988,-280.3261056,-19805.0,13264.416617706442,7690.065004043556,-0.0,0.0,0.0,0.0,0.0,15700.6005,-732.0821217499999,-35923.0,22087.535290380085,0.0,-226.0,0.0,0.0,0.0,0.0,-5538.246218140068,-237.28907224001148,-16086.0,5826.928006658247,0.0,-70.92740433324707,0.0,0.0,0.0,0.0,-390.2180000000001,-110.782602325,-5255.0,39136.048935099956,0.0,-0.0,0.0,0.0,0.0,0.0,-9413.113781859933,-625.9351532400113,-29097.0,24002.750173529334,1618.873673545665,-0.0,0.0,0.0,0.0,0.0,-5737.0105,-888.6133470749999,-18996.0
t385,17315.74246020323,2568.8059902783975,-0.0,0.0,0.0,0.0,0.0,-1378.1821052154128,-175.36634526621359,-18331.0,13024.363295738,891.6258098620028,-0.0,0.0,0.0,1383.349,0.0,5627.988,-280.3261056,-20647.0,16286.031996976639,2890.450624773365,-0.0,0.0,0.0,2451.9990000000003,0.0,15700.6005,-732.0821217499999,-36597.0,29921.253495633813,0.0,-1807.1550751588109,0.0,0.0,0.0,0.0,-11877.4445,-649.6539204750001,-15587.0,4225.815988194238,260.0015211807622,-0.0,0.0,0.0,0.0,0.0,266.9604999999999,-78.778009375,-4674.0,33300.81694217765,0.0,-65.60144070264464,0.0,0.0,0.0,0.0,-3073.915500000001,-1038.300001475,-29123.0,21074.411994175793,0.0,-0.0,0.0,0.0,0.0,0.0,-5266.006894784588,-784.4050993912135,-15024.0
t386,17189.17088040477,3029.5991195952333,-0.0,0.0,0.0,0.0,0.0,-1450.0,-170.77,-18598.0,14072.208881565868,869.1472240341337,-0.0,0.0,0.0,1456.9820000000002,0.0,5627.988,-280.3261056,-21746.0,16157.641194739363,1933.7624270106419,-0.0,0.0,0.0,2374.0780000000004,0.0,15700.6005,-732.0821217499999,-35434.0,29941.68020070119,0.0,-1958.581780226189,0.0,0.0,0.0,0.0,-11877.4445,-649.6539204750001,-15456.0,3968.9400997773823,549.8774095976187,-0.0,0.0,0.0,0.0,0.0,266.9604999999999,-78.778009375,-4707.0,34926.216942177656,0.0,-1.001440702644639,0.0,0.0,0.0,0.0,-3073.915500000001,-1038.300001475,-30813.0,20879.99775412499,0.0,-0.0,0.0,0.0,0.0,0.0,-5194.189,-779.808754125,-14906.0
t387,17536.187076729373,3441.582923270626,-0.0,0.0,0.0,0.0,0.0,-1450.0,-170.77,-19357.0,13325.895290334536,571.1,-0.0,0.0,0.0,1473.196,0.0,6942.363552610818,-324.55484294535404,-21988.0,15932.874282482777,2030.864629223397,-0.0,0.0,0.0,2267.347,0.0,14386.224947389182,-776.3108590953541,-33841.0,30305.680200701194,0.0,-1958.581780226189,0.0,0.0,0.0,0.0,-11877.4445,-649.6539204750001,-15820.0,3954.943632048417,745.8738773265836,-0.0,0.0,0.0,0.0,0.0,266.9604999999999,-78.778009375,-4889.0,35482.81550147501,0.0,-64.6,0.0,0.0,0.0,0.0,-3073.915500000001,-1038.300001475,-31306.0,20845.997754124994,0.0,-0.0,0.0,0.0,0.0,0.0,-5194.189,-779.808754125,-14872.0
t388,17479.85739906815,4932.641856842008,-0.0,0.0,0.0,0.0,0.0,-1580.6612779280913,-164.83797798206467,-20667.0,16028.560224346062,0.0,-0.0,0.0,0.0,1574.9689999999998,0.0,6203.15112025036,-299.6803445964246,-23507.0,16112.970439760566,1488.8045412362196,-0.0,0.0,0.0,2296.224,0.0,15125.437379749641,-751.4363607464246,-34272.0,30721.22041803102,0.0,-1655.1219975560143,0.0,0.0,0.0,0.0,-11877.4445,-649.6539204750001,-16539.0,3855.9717769855306,1028.2524324434419,-0.0,0.0,0.0,0.0,0.0,397.6217779280911,-72.84598735706466,-5209.0,36125.21550147501,0.0,-0.0,0.0,0.0,0.0,0.0,-3073.915500000001,-1038.300001475,-32013.0,20813.46275952801,540.534994596982,-0.0,0.0,0.0,0.0,0.0,-5194.189,-779.808754125,-15380.0
t389,17650.534875846748,6922.351497573895,-0.0,0.0,0.0,0.0,0.0,-2247.314449424519,-134.57192399612683,-22191.0,14048.166573507251,4469.961556387712,-0.0,0.0,0.0,1733.2899999999997,0.0,5908.3418838982125,-289.76001379317483,-25870.0,16535.189413841385,1665.0,-0.0,0.0,0.0,2361.08,0.0,15420.246616101787,-741.5160299431748,-35240.0,30522.598420475002,0.0,-578.5,0.0,0.0,0.0,0.0,-11877.4445,-649.6539204750001,-17417.0,4299.004983946607,196.3,-0.0,0.0,0.0,0.0,0.0,1064.2749494245188,-42.57993337112684,-5517.0,37378.81550147501,0.0,-64.6,0.0,0.0,0.0,0.0,-3073.915500000001,-1038.300001475,-33202.0,20918.9618154515,950.0359386734926,-0.0,0.0,0.0,0.0,0.0,-5194.189,-779.808754125,-15895.0
t390,19873.97039234976,5366.79960765024,-0.0,0.0,0.0,0.0,0.0,-1450.0,-170.77,-23620.0,13382.105801725002,0.0,-0.0,0.0,0.0,1881.4940000000001,0.0,13358.8705,-540.470301725,-28082.0,16485.252409814784,9031.77990806022,-0.0,0.0,0.0,2333.476,0.0,7969.718000000001,-992.226317875,-34828.0,31034.598420475006,0.0,-578.5,0.0,0.0,0.0,0.0,-11877.4445,-649.6539204750001,-17929.0,5821.588881642702,0.0,-0.0,0.0,0.0,0.0,0.0,-17.93639355173434,-92.65248809096946,-5711.0,38566.216942177656,0.0,-1.001440702644639,0.0,0.0,0.0,0.0,-3073.915500000001,-1038.300001475,-34453.0,21310.78851044561,566.1868288436171,-0.0,0.0,0.0,0.0,0.0,-4909.292106448266,-793.6832328409694,-16174.0
t391,25291.57,0.0,-0.0,0.0,0.0,0.0,0.0,-250.0,-247.57,-24794.0,18546.16314662588,0.0,-0.0,0.0,0.0,1994.8580000000002,0.0,9648.59850237918,-415.61964900505944,-29774.0,20142.459667534244,0.0,-0.0,0.0,0.0,2222.9260000000004,0.0,11679.98999762082,-867.3756651550593,-33178.0,32191.840859662934,0.0,-1498.7424391879313,0.0,0.0,0.0,0.0,-11877.4445,-649.6539204750001,-18166.0,6902.946541454515,0.0,-1139.810445054414,0.0,0.0,0.0,0.0,148.41507516439458,-84.55117156449397,-5827.0,37545.3939896241,0.0,-1.001440702644639,0.0,0.0,0.0,0.0,-1358.2182996879365,-920.1742492335145,-35266.0,25447.59693954946,0.0,-0.0,0.0,0.0,0.0,0.0,-7991.340775476458,-744.2561640730084,-16712.0
t392,28852.55159850688,0.0,-5017.4719957676825,0.0,0.0,0.0,0.0,1995.1132337995434,-145.19283653874083,-25685.0,27645.258540062565,0.0,-2955.437434462563,0.0,0.0,833.517,0.0,5627.988,-280.3261056,-30871.0,29783.112077302758,0.0,-9574.571385214475,0.0,0.0,916.6770000000001,0.0,13455.487266200456,-629.7049582887408,-33951.0,29751.56356575239,0.0,-578.5,0.0,0.0,0.0,0.0,-10188.289197692488,-539.7743680598962,-18445.0,6711.762027210373,0.0,-987.9445178353734,0.0,0.0,0.0,0.0,266.9604999999999,-78.778009375,-5912.0,39085.66353978262,0.0,-64.93909699020443,0.0,0.0,0.0,0.0,-2575.891302307513,-777.8331404848963,-35667.0,29911.168853719795,0.0,-3392.7789081698,0.0,0.0,0.0,0.0,-8581.3685,-706.02144555,-17231.0
t393,30629.717980910784,0.0,-6612.707980910791,0.0,0.0,0.0,0.0,2350.0,-129.01,-26238.0,37400.0345342916,0.0,-7418.411610368039,0.0,0.0,599.8660729064334,0.0,1601.4179937793365,-380.90699060932536,-31802.0,33292.67252229193,0.0,-12924.532372258762,0.0,0.0,952.749,0.0,14609.213986728248,-643.1031367614052,-35287.0,30046.154751127942,0.0,-578.5,0.0,0.0,0.0,0.0,-10237.668274144818,-542.9864769831204,-18687.0,6714.254393565547,0.0,-965.4368841905476,0.0,0.0,0.0,0.0,266.9604999999999,-78.778009375,-5937.0,39265.55747526331,0.0,-0.0,0.0,0.0,0.0,0.0,-2526.512225855182,-781.0452494081203,-35958.0,31216.03330235712,0.0,-6561.705905497456,0.0,0.0,0.0,0.0,-6063.411980507584,-589.9154163520799,-18001.0
t394,31926.939387273997,0.0,-6903.037662991272,0.0,0.0,0.0,0.0,1697.337901407338,-87.23962569006963,-26634.0,38741.69674419798,0.0,-7418.411610368039,0.0,0.0,875.4480000000001,0.0,638.5735715861811,-413.30670541612506,-32424.0,33386.11337249556,0.0,-13393.795314006415,0.0,0.0,994.8149999999999,0.0,16577.088606681635,-719.2216651707749,-36845.0,26786.8991330052,0.0,-578.5,0.0,0.0,0.0,0.0,-6802.847732270971,-319.5514007342267,-19086.0,6375.015363160434,0.0,-636.1978537854359,0.0,0.0,0.0,0.0,266.9604999999999,-78.778009375,-5927.0,42703.94294088825,0.0,-0.0,0.0,0.0,0.0,0.0,-5961.332767729029,-557.6101731592266,-36185.0,30910.485921915028,0.0,-5057.841986595148,0.0,0.0,0.0,0.0,-6415.780079675153,-591.8638556447196,-18845.0
t395,30834.12637646942,0.0,-5819.428259013252,0.0,0.0,0.0,0.0,1855.675088187858,-97.37320564402292,-26773.0,36170.50362127465,0.0,-2818.0,0.0,0.0,881.037,0.0,-1129.7304843754173,-472.8101368992328,-32631.0,32886.16615197983,0.0,-13816.643898320523,0.0,0.0,1008.207,0.0,18028.197869492524,-764.9271231518269,-37341.0,26806.29336843314,0.0,-578.5,0.0,0.0,0.0,0.0,-6751.577120964399,-316.2162474687342,-19160.0,5726.817509375,0.0,-0.0,0.0,0.0,0.0,0.0,266.9604999999999,-78.778009375,-5915.0,43051.535619890994,0.0,-21.657220961652605,0.0,0.0,0.0,0.0,-6012.603379035601,-554.2750198937341,-36463.0,30691.07507829801,0.0,-4421.953142896419,0.0,0.0,0.0,0.0,-6256.922473304965,-588.199462096617,-19424.0
t396,30722.663539351062,0.0,-6387.65353935106,0.0,0.0,0.0,0.0,2350.0,-129.01,-26556.0,34835.12483748951,0.0,-5240.015718834957,0.0,0.0,885.168,0.0,2611.4822756853414,-307.7593943398858,-32784.0,31922.06453420752,0.0,-8153.748051858187,0.0,0.0,1027.026,0.0,13868.13991978266,-625.4824021319813,-38038.0,26257.484724066766,0.0,-144.6249999987764,0.0,0.0,0.0,0.0,-6588.266812185331,-305.59291188265576,-19219.0,6117.514561547233,0.0,-458.6970521722332,0.0,0.0,0.0,0.0,266.9604999999999,-78.778009375,-5847.0,42861.557254647625,0.0,-0.0,0.0,0.0,0.0,0.0,-5702.121392795885,-520.4358618517354,-36639.0,30202.798406974634,0.0,-3157.377460951669,0.0,0.0,0.0,0.0,-6806.194490486785,-622.2264555361752,-19617.0
t397,31043.942064356375,0.0,-7008.932064356382,0.0,0.0,0.0,0.0,2350.0,-129.01,-26256.0,34392.33545017281,0.0,-2424.582800249981,0.0,0.0,881.3340000000001,0.0,74.95076553614763,-282.0374154589837,-32642.0,30814.028306839456,0.0,-8185.514135026208,0.0,0.0,1064.7450000000001,0.0,16468.59599845992,-726.8551702731763,-39435.0,25039.568369846675,0.0,-0.0,0.0,0.0,0.0,0.0,-5672.543274115463,-246.02509573121085,-19121.0,5596.817509375,0.0,-0.0,0.0,0.0,0.0,0.0,266.9604999999999,-78.778009375,-5785.0,42452.924698972616,0.0,-0.0,0.0,0.0,0.0,0.0,-5273.909489880605,-395.0152090920182,-36784.0,30236.912529463913,0.0,-1769.3896635139097,0.0,0.0,0.0,0.0,-8214.0545,-683.46836595,-19570.0
t398,30230.84716468605,0.0,-5575.637164686048,0.0,0.0,0.0,0.0,1150.0,-52.21,-25753.0,34086.43021924043,0.0,-5103.217151075301,0.0,0.0,880.173,0.0,2881.3550214877805,-145.74108965290128,-32599.0,29189.292048894815,0.0,-1867.048427144815,0.0,0.0,1104.678,0.0,13100.6005,-613.52212175,-40914.0,23370.24711439231,0.0,-0.0,0.0,0.0,0.0,0.0,-4107.12733002139,-162.11978437091693,-19101.0,5878.231376529881,0.0,-461.4138671548818,0.0,0.0,0.0,0.0,266.9604999999999,-78.778009375,-5605.0,42299.153588037334,0.0,-0.0,0.0,0.0,0.0,0.0,-4877.279222992298,-314.87436504503245,-37107.0,30020.303713054524,0.0,-1640.853623226644,0.0,0.0,0.0,0.0,-8414.509468474094,-579.9406213537857,-19385.0
t399,28967.796630288052,0.0,-3895.168170828124,0.0,0.0,0.0,0.0,-397.8370882363422,-122.79137122357722,-24552.0,33482.17007857056,0.0,-4490.7064271113395,0.0,0.0,885.4110000000001,0.0,3149.3458667856034,-233.22051824483185,-32793.0,26871.307947623038,0.0,-1665.0,0.0,0.0,1111.077,0.0,15547.988431216829,-714.3733788398706,-41151.0,21787.918180800174,0.0,-0.0,0.0,0.0,0.0,0.0,-2977.806593419102,-117.11158738106951,-18693.0,5409.400455943997,0.0,-295.5829465689964,0.0,0.0,0.0,0.0,266.9604999999999,-78.778009375,-5302.0,42925.43894085804,0.0,-0.0,0.0,0.0,0.0,0.0,-5534.134908614601,-405.30403224344286,-36986.0,29598.228507623546,0.0,-0.0,0.0,0.0,0.0,0.0,-10054.51620773239,-501.712299891165,-19042.0
t400,25159.025978159705,0.0,-0.0,0.0,0.0,0.0,0.0,-1490.0754013824703,-168.95057677723585,-23500.0,31679.344548926947,0.0,-4203.687977747132,0.0,0.0,463.6461372564071,0.0,3881.78318905217,-339.0858974883945,-31482.0,22650.00889707611,0.0,-438.5142943855487,0.0,0.0,1078.5420000000001,0.0,17446.805310947828,-790.8419136383945,-39946.0,19896.674465479326,1148.611617563627,-0.0,0.0,0.0,0.0,0.0,-3082.774561178847,-118.51152186410286,-17844.0,5183.069605760024,0.0,-0.0,0.0,0.0,0.0,0.0,-124.19662956301693,-68.87297619700797,-4990.0,43987.423026,64.6,-0.0,0.0,0.0,0.0,0.0,-8040.674,-422.349026,-35589.0,27278.42430604322,284.97192562677355,-0.0,0.0,0.0,0.0,0.0,-8590.867907875667,-571.5283237943307,-18401.0
t401,21948.31343541402,1584.4565645859734,-0.0,0.0,0.0,0.0,0.0,-1450.0,-170.77,-21912.0,24601.9042972802,0.0,-0.0,0.0,0.0,1967.4550000000002,0.0,3159.046683616117,-363.40598089631766,-29365.0,18903.439767062762,96.52541359967329,-0.0,0.0,0.0,2610.655,0.0,18169.541816383884,-815.1619970463175,-38965.0,17881.26240702012,1349.3444210548864,-0.0,0.0,0.0,0.0,0.0,-2336.1915,-70.415328075,-16824.0,3618.484325357135,916.3331840178653,-0.0,0.0,0.0,0.0,0.0,266.9604999999999,-78.778009375,-4723.0,43654.364834575,0.0,-0.0,0.0,0.0,0.0,0.0,-9727.853500000001,-538.511334575,-33388.0,22438.094692423732,3935.918136201263,-0.0,0.0,0.0,0.0,0.0,-8081.504000000001,-631.508828625,-17661.0
t402,18478.92616846063,3618.8438315393673,-0.0,0.0,0.0,0.0,0.0,-1450.0,-170.77,-20477.0,15484.977067084434,0.0,-0.0,0.0,0.0,1802.3,0.0,10041.56593606412,-428.84300314855767,-26900.0,15976.142247667507,8867.107207695173,-0.0,0.0,0.0,2531.3269999999998,0.0,11287.02256393588,-880.5990192985576,-37781.0,17387.676543328518,980.9302847464847,-0.0,0.0,0.0,0.0,0.0,-2336.1915,-70.415328075,-15962.0,3834.1348997252494,506.68260964975036,-0.0,0.0,0.0,0.0,0.0,266.9604999999999,-78.778009375,-4529.0,41455.364834575004,0.0,-0.0,0.0,0.0,0.0,0.0,-9727.853500000001,-538.511334575,-31189.0,22357.399778370658,3347.6130502543374,-0.0,0.0,0.0,0.0,0.0,-8081.504000000001,-631.508828625,-16992.0
t403,18950.21875200275,2115.551247997246,-0.0,0.0,0.0,0.0,0.0,-1450.0,-170.77,-19445.0,11372.768150457388,6329.334955142611,-0.0,0.0,0.0,1655.235,0.0,5627.988,-280.3261056,-24705.0,16185.127875960978,3541.824745789017,-0.0,0.0,0.0,2491.529,0.0,15700.6005,-732.0821217499999,-37187.0,18903.150831434272,1234.9934294911427,-0.0,0.0,0.0,0.0,0.0,-4626.669697399175,-182.47456352623453,-15329.0,4308.83862192706,0.0,-0.0,0.0,0.0,0.0,0.0,170.1236973991745,-76.96231932623452,-4402.0,38176.952428316865,0.0,-0.0,0.0,0.0,0.0,0.0,-8284.795628214306,-439.15680010255494,-29453.0,22745.333169090005,1406.9429223482393,-0.0,0.0,0.0,0.0,0.0,-7137.246871785694,-646.029219652555,-16369.0
t404,18730.326413120867,1600.4435868791334,-0.0,0.0,0.0,0.0,0.0,-1450.0,-170.77,-18710.0,9664.87620120965,4954.716642956119,-0.0,0.0,0.0,1531.486,0.0,7034.579050276017,-327.657894441788,-22858.0,16220.375268520742,5047.269192347069,-0.0,0.0,0.0,2497.76,0.0,14294.009449723982,-779.413910591788,-37280.0,18588.02983883435,578.5,-0.0,0.0,0.0,0.0,0.0,-3516.8095507615253,-138.72028807282868,-15511.0,4711.196654303998,0.0,-0.0,0.0,0.0,0.0,0.0,-147.1838515199977,-71.01280278400004,-4493.0,36686.33421727511,0.6888087249004381,-0.0,0.0,0.0,0.0,0.0,-8040.674,-422.349026,-28224.0,22560.181855004306,2200.1559293529917,-0.0,0.0,0.0,0.0,0.0,-8173.921097718478,-591.4166866388287,-15995.0
t405,18566.71410423583,1412.0558957641701,-0.0,0.0,0.0,0.0,0.0,-1450.0,-170.77,-18358.0,9847.422063349,5969.088042251,-0.0,0.0,0.0,1519.828,0.0,5627.988,-280.3261056,-22684.0,16277.930073927475,5194.665547822531,-0.0,0.0,0.0,2616.886,0.0,15700.6005,-732.0821217499999,-39058.0,17633.226944990376,1732.581780226189,-0.0,0.0,0.0,0.0,0.0,-3975.7629122596873,-152.04581295688047,-15238.0,4388.836459544184,0.0,-0.0,0.0,0.0,0.0,0.0,148.72462721611805,-76.56108676030222,-4461.0,36623.421585297365,65.60144070264464,-0.0,0.0,0.0,0.0,0.0,-8040.674,-422.349026,-28226.0,22310.444261537898,2388.625880965108,-0.0,0.0,0.0,0.0,0.0,-8010.876214956432,-599.1939275465783,-16089.0
t406,19401.70522813019,10.064771869807942,-0.0,0.0,0.0,0.0,0.0,-1450.0,-170.77,-17791.0,9963.881447207365,4998.933658392642,-0.0,0.0,0.0,1458.523,0.0,5627.988,-280.3261056,-21769.0,16226.23480905213,5953.574812697876,-0.0,0.0,0.0,2667.672,0.0,15700.6005,-732.0821217499999,-39816.0,16059.04911820046,804.5,-0.0,0.0,0.0,0.0,0.0,-2383.9666512667777,-73.58246693368454,-14406.0,4214.924908013104,0.0,-0.0,0.0,0.0,0.0,0.0,236.27780075097553,-78.2027087640808,-4373.0,37941.76339387237,65.60144070264464,-0.0,0.0,0.0,0.0,0.0,-9727.853500000001,-538.511334575,-27741.0,22114.791180952412,2367.506236626391,-0.0,0.0,0.0,0.0,0.0,-8003.046149484199,-635.2512680946037,-15844.0
t407,17494.954330595658,1464.8156694043432,-0.0,0.0,0.0,0.0,0.0,-1450.0,-170.77,-17339.0,10013.796863031443,3449.6872425685606,-0.0,0.0,0.0,1350.854,0.0,5627.988,-280.3261056,-20162.0,16302.87322936577,5402.039392384233,-0.0,0.0,0.0,2633.569,0.0,15700.6005,-732.0821217499999,-39307.0,15017.52896455554,1732.581780226189,-0.0,0.0,0.0,0.0,0.0,-2115.8272464605952,-66.28349832113616,-14568.0,4468.049933160541,0.0,-0.0,0.0,0.0,0.0,0.0,46.59624646059501,-74.64617962113616,-4440.0,37124.364834575004,0.0,-0.0,0.0,0.0,0.0,0.0,-9727.853500000001,-538.511334575,-26858.0,21910.694246178293,2289.3185824467055,-0.0,0.0,0.0,0.0,0.0,-8081.504000000001,-631.508828625,-15487.0
t408,17276.751227460845,2069.0187725391556,-0.0,0.0,0.0,0.0,0.0,-1450.0,-170.77,-17725.0,10056.561083415267,2246.9,-0.0,0.0,0.0,1355.209,0.0,6891.161821270485,-322.83190468575185,-20227.0,16545.735674896623,5684.868567209615,-0.0,0.0,0.0,2577.5570000000002,0.0,14437.426678729515,-774.5879208357519,-38471.0,15619.497455310116,732.2873011812,-0.0,0.0,0.0,0.0,0.0,-1244.4256528503552,-59.35910364096194,-15048.0,5813.330932509636,0.0,-0.0,0.0,0.0,0.0,0.0,-1174.9079169539777,-53.42301555565872,-4585.0,37886.114755915165,45.25007865984463,-0.0,0.0,0.0,0.0,0.0,-9727.853500000001,-538.511334575,-27665.0,21806.82988505051,1823.805174266773,-0.0,0.0,0.0,0.0,0.0,-7731.401430195667,-648.2336291216205,-15251.0
t409,12964.277356898312,967.3867305498248,-0.0,0.0,0.0,0.0,0.0,1367.1632675515107,-173.8273549996511,-15125.0,17324.06442001348,0.0,-0.0,0.0,0.0,0.0,0.0,726.206628729763,-445.2710487432435,-17605.0,13009.770270259822,2148.2955459143486,-0.0,0.0,0.0,0.0,0.0,18985.218603718728,-823.2844198928946,-33320.0,26571.706457420296,0.0,-578.5,0.0,0.0,0.0,0.0,-7356.999721194324,-569.2067362259693,-18067.0,7839.890241687096,305.03136063790436,-0.0,0.0,0.0,0.0,0.0,-3224.139,-110.782602325,-4810.0,34043.66760332551,0.0,-193.55316645630856,0.0,0.0,0.0,0.0,102.72247181527564,-955.8369086844817,-32997.0,24887.8753206564,0.0,-0.0,0.0,0.0,0.0,0.0,-10600.172250620953,-725.7030700354509,-13562.0
t410,12906.639803976774,166.37019602322528,-0.0,0.0,0.0,0.0,0.0,2350.0,-129.01,-15294.0,17292.05613024388,0.0,-0.0,0.0,0.0,0.0,0.0,919.7037406821664,-438.75987092604515,-17773.0,12966.041622022718,1676.0295057354867,-0.0,0.0,0.0,0.0,0.0,17808.884759317836,-771.9558870760451,-31679.0,27042.469589020442,0.0,-578.5,0.0,0.0,0.0,0.0,-7487.536259898292,-575.4333291221485,-18401.0,8318.52048961119,0.0,-150.59888728619126,0.0,0.0,0.0,0.0,-3224.139,-110.782602325,-4833.0,34757.487729179236,0.0,-37.81804391136908,0.0,0.0,0.0,0.0,261.069410118811,-966.7390953866801,-34014.0,24643.814499854343,0.0,-0.0,0.0,0.0,0.0,0.0,-10627.98265022052,-742.8318496338285,-13273.0
t411,13075.746707430093,1231.4919712310202,-0.0,0.0,0.0,0.0,0.0,1445.9939951596127,-170.23267382072166,-15583.0,17273.29984630905,0.0,-0.0,0.0,0.0,0.0,0.0,1428.3442707792306,-421.6441170882789,-18280.0,13002.812572997842,0.0,-0.0,0.0,0.0,0.0,0.0,18204.250234061157,-796.0628070590005,-30411.0,27129.887847079463,0.0,-578.5,0.0,0.0,0.0,0.0,-6789.262191041768,-542.1256560376924,-19220.0,8347.46200909487,0.0,-94.54040676987188,0.0,0.0,0.0,0.0,-3224.139,-110.782602325,-4918.0,36563.7826814791,0.0,-0.0,0.0,0.0,0.0,0.0,-214.80772698178953,-933.9749544973038,-35415.0,24662.139617636436,0.0,-0.0,0.0,0.0,0.0,0.0,-10850.379581976445,-676.760035659996,-13135.0
t412,13088.336859607116,3107.9628972948362,-0.0,0.0,0.0,0.0,0.0,128.0319846002717,-230.3317415022276,-16094.0,17084.021074584463,0.0,-0.0,0.0,0.0,0.0,0.0,2917.5125305621227,-371.5336051465846,-19630.0,13034.007377961203,0.0,-0.0,0.0,0.0,0.0,0.0,18033.043984837605,-806.0513627988122,-30261.0,27025.452144737046,0.0,1.0859915164335465e-9,0.0,0.0,0.0,0.0,-6983.081316419901,-551.3708283182293,-19491.0,8009.594969601244,259.3266327237555,-0.0,0.0,0.0,0.0,0.0,-3224.139,-110.782602325,-4934.0,37792.51464385019,0.0,-0.0,0.0,0.0,0.0,0.0,200.02128835292024,-962.5359322030986,-37030.0,25268.95565757934,0.0,-0.0,0.0,0.0,0.0,0.0,-11071.389471933022,-714.5661856463278,-13483.0
t413,13144.06687072512,997.9431292748783,-0.0,0.0,0.0,0.0,0.0,2350.0,-129.01,-16363.0,16764.021011879857,2372.245448378648,-0.0,0.0,0.0,0.0,0.0,1941.1226639012211,-404.3891241597239,-20673.0,12923.903438610936,2102.215865600007,-0.0,0.0,0.0,0.0,0.0,16787.46583609878,-737.5851403097239,-31076.0,26640.461957626296,0.0,-0.0,0.0,0.0,0.0,0.0,-6528.762153384839,-529.6998042414568,-19582.0,8031.730993671715,232.19060865328476,-0.0,0.0,0.0,0.0,0.0,-3224.139,-110.782602325,-4929.0,38900.427341479124,0.0,-0.0,0.0,0.0,0.0,0.0,88.42520004390008,-954.8525415230225,-38034.0,25442.61942550646,314.7048920420763,-0.0,0.0,0.0,0.0,0.0,-11414.112546659062,-685.2117708894791,-13658.0
t414,13401.476875200122,3595.0931247998756,-0.0,0.0,0.0,0.0,0.0,-250.0,-247.57,-16499.0,16473.020690978043,0.0,-0.0,0.0,0.0,0.0,0.0,5251.958797293048,-292.979488271089,-21432.0,13277.780866258872,2255.3249354552663,-0.0,0.0,0.0,0.0,0.0,16076.629702706952,-744.735504421089,-30865.0,25484.98860355252,0.0,-0.0,0.0,0.0,0.0,0.0,-5968.035462467802,-502.9531410847141,-19014.0,7860.217937687749,350.7036646372488,-0.0,0.0,0.0,0.0,0.0,-3224.139,-110.782602325,-4876.0,37610.84116119925,328.0153402757598,-0.0,0.0,0.0,0.0,0.0,1300.4435000000003,-1038.300001475,-38201.0,25213.33454414795,2383.4355610689527,-0.0,0.0,0.0,0.0,0.0,-13186.8575375322,-741.912567684714,-13668.0
t415,13882.553860951944,455.4561390480518,-0.0,0.0,0.0,0.0,0.0,2350.0,-129.01,-16559.0,17319.868455781212,571.1,-0.0,0.0,0.0,0.0,0.0,3993.362788195991,-335.33124397720496,-21549.0,14355.703649052532,830.5978992706641,-0.0,0.0,0.0,0.0,0.0,14735.22571180401,-668.5272601272048,-29253.0,23770.447820055397,1006.4613562196082,-0.0,0.0,0.0,0.0,0.0,-5736.9775,-491.931676275,-18548.0,7936.631180277635,212.29042204736447,-0.0,0.0,0.0,0.0,0.0,-3224.139,-110.782602325,-4814.0,37500.79535826528,128.061143209741,-0.0,0.0,0.0,0.0,0.0,1300.4435000000003,-1038.300001475,-37891.0,25520.24256064733,2468.564042227669,-0.0,0.0,0.0,0.0,0.0,-13417.915500000001,-730.8911028749998,-13840.0
t416,15180.649114122974,0.0,-0.0,0.0,0.0,0.0,0.0,1484.8133950621866,-168.4625091851643,-16497.0,18093.916838119494,0.0,-571.1,0.0,0.0,0.0,0.0,4416.524467066313,-258.3413051858083,-21681.0,17577.67653796438,0.0,-1207.5026790840147,0.0,0.0,0.0,0.0,14418.018353571315,-668.1922124516816,-30120.0,22477.754992654664,578.5,-0.0,0.0,0.0,0.0,0.0,-4647.212527819977,-421.0424648346895,-17988.0,8310.221602325,0.0,-196.3,0.0,0.0,0.0,0.0,-3224.139,-110.782602325,-4779.0,37627.29759598384,0.0,-0.0,0.0,0.0,0.0,0.0,969.9108121201625,-930.2084081039804,-37667.0,27764.550111100918,575.2564917740738,-0.0,0.0,0.0,0.0,0.0,-13417.915500000001,-730.8911028749998,-14191.0
t417,18077.119998833114,0.0,-1266.5499988331057,0.0,0.0,0.0,0.0,-250.0,-247.57,-16313.0,20948.3922820838,0.0,-177.68280024998114,0.0,0.0,0.0,0.0,1175.4447056219983,-430.1541874558198,-21516.0,24758.816895333675,0.0,-12779.050486105854,0.0,0.0,0.0,0.0,20153.143794378004,-881.9102036058198,-31251.0,21679.823021645872,0.0,-0.0,0.0,0.0,0.0,0.0,-3470.777938219844,-381.0450834260298,-17828.0,8873.996520801991,0.0,-748.07491847699,0.0,0.0,0.0,0.0,-3224.139,-110.782602325,-4791.0,38832.94074894551,0.0,-31.213893113040758,0.0,0.0,0.0,0.0,-641.767692424688,-911.959163407774,-37248.0,30638.549217448715,0.0,-1630.3,0.0,0.0,0.0,0.0,-13741.903869355468,-746.3453480932556,-14520.0
t418,19302.222656118392,0.0,-5142.21265611839,0.0,0.0,0.0,0.0,2350.0,-129.01,-16381.0,22528.4556752994,0.0,-81.02169334390965,0.0,0.0,0.0,0.0,-497.0019640647106,-486.43201789077756,-21464.0,27180.4985943177,0.0,-13272.461024341634,0.0,0.0,0.0,0.0,19225.590464064713,-819.6280340407775,-32314.0,20010.87511655737,0.0,-226.0,0.0,0.0,0.0,0.0,-1564.634441885866,-338.2406746715034,-17882.0,9221.792559296504,0.0,-1009.870956971507,0.0,0.0,0.0,0.0,-3224.139,-110.782602325,-4877.0,39853.62692392607,0.0,-0.0,0.0,0.0,0.0,0.0,-1827.8204953484765,-834.8064285775815,-37191.0,31454.05830331461,0.0,-1474.3700663800355,0.0,0.0,0.0,0.0,-14461.994562765658,-780.6936741689217,-14737.0
t419,19793.73233475397,0.0,-4968.788828102363,0.0,0.0,0.0,0.0,1956.9878475022813,-146.931354153896,-16635.0,23338.816979180458,0.0,-571.1,0.0,0.0,0.0,0.0,-943.6299435421024,-347.0870356383583,-21477.0,28260.761397295042,0.0,-13272.461024341634,0.0,0.0,0.0,0.0,18197.42643679199,-789.7268097453981,-32396.0,18231.45243274148,578.5,-0.0,0.0,0.0,0.0,0.0,-174.70479652158247,-325.24763621989825,-18310.0,8986.376201213618,0.0,-632.4545988886175,0.0,0.0,0.0,0.0,-3224.139,-110.782602325,-5019.0,39111.81427250744,0.0,-0.0,0.0,0.0,0.0,0.0,-663.2773785439376,-697.5368939635013,-37751.0,30836.110932214895,0.0,-0.0,0.0,0.0,0.0,0.0,-15148.663165686647,-813.4477665282528,-14874.0
t420,19883.751848705255,0.0,-4265.134568948693,0.0,0.0,0.0,0.0,2105.540092046139,-140.15737180269608,-17584.0,25662.498122048564,0.0,-3917.2590424485675,0.0,0.0,0.0,0.0,367.314,-22.553079600000004,-22090.0,26569.48851812901,0.0,-6112.879432530178,0.0,0.0,0.0,0.0,13345.060407953863,-624.669493552696,-33177.0,17148.049528975498,1933.315455544614,-0.0,0.0,0.0,0.0,0.0,266.67255117589775,-205.03753569600786,-19143.0,8865.868134387683,0.0,-329.94653206268583,0.0,0.0,0.0,0.0,-3224.139,-110.782602325,-5201.0,38250.08706737191,0.0,-0.0,0.0,0.0,0.0,0.0,1476.6984488241021,-449.7855161960078,-39277.0,30284.30562755337,85.57929402162517,-0.0,0.0,0.0,0.0,0.0,-14337.1465,-774.7384215749998,-15258.0
t421,19814.00161749197,0.0,-3781.9916174919695,0.0,0.0,0.0,0.0,2350.0,-129.01,-18253.0,26723.82128464147,0.0,-0.0,0.0,0.0,0.0,0.0,-3177.9694180249303,-141.8518666165389,-23404.0,25075.089478174257,0.0,-6455.152487432647,0.0,0.0,0.0,0.0,16645.88391802493,-732.8209087665389,-34533.0,17107.367768257147,1958.581780226189,-0.0,0.0,0.0,0.0,0.0,640.763748018651,-274.713296501982,-19432.0,8776.7154975296,0.0,-213.79389520460262,0.0,0.0,0.0,0.0,-3224.139,-110.782602325,-5228.0,38465.685498603096,379.60144070264465,-0.0,0.0,0.0,0.0,0.0,1936.402313272659,-479.6892525783864,-40302.0,30301.51433443687,1339.937672853029,-0.0,0.0,0.0,0.0,0.0,-15170.94156129131,-814.5104459985953,-15656.0
t422,19325.175742929343,0.0,-3397.1657429293523,0.0,0.0,0.0,0.0,2350.0,-129.01,-18149.0,26899.50801627188,0.0,-2686.848124156305,0.0,0.0,0.0,0.0,-295.79325343740373,-44.86663867816864,-23872.0,23580.863248092603,0.0,-1283.7353207018355,0.0,0.0,0.0,0.0,13763.707753437404,-635.8356808281686,-35425.0,17746.789718207383,1673.5414119682043,-0.0,0.0,0.0,0.0,0.0,65.17079923422716,-114.50192940981351,-19371.0,8685.221602324998,0.0,-196.3,0.0,0.0,0.0,0.0,-3224.139,-110.782602325,-5154.0,39625.52126887251,225.60675897153158,-0.0,0.0,0.0,0.0,0.0,758.9692007657727,-403.0972286098135,-40207.0,29872.28576888034,69.52083399465238,-0.0,0.0,0.0,0.0,0.0,-13417.915500000001,-730.8911028749998,-15793.0
t423,17353.230679332366,0.0,-0.0,0.0,0.0,0.0,0.0,695.2365346859549,-204.46721401832048,-17844.0,25972.518559253458,0.0,-0.0,0.0,0.0,0.0,0.0,-2199.5058543450696,-127.01270490838978,-23646.0,20691.315660510118,0.0,-1877.6111292915898,0.0,0.0,0.0,0.0,17541.011856073856,-782.7163872923879,-35572.0,18393.72124600209,578.5,-0.0,0.0,0.0,0.0,0.0,320.66104304766054,-97.88228904974967,-19195.0,8201.60125154276,173.3203507822399,-0.0,0.0,0.0,0.0,0.0,-3224.139,-110.782602325,-5040.0,39964.54924149648,0.0,-0.0,0.0,0.0,0.0,0.0,284.6509205376003,-397.2001620340719,-39852.0,29029.94329132881,757.8633115461826,-0.0,0.0,0.0,0.0,0.0,-13417.915500000001,-730.8911028749998,-15639.0
t424,15172.569727359107,0.0,-0.0,0.0,0.0,0.0,0.0,2238.5235966343675,-134.09332399347284,-17277.0,24326.726236017304,0.0,-0.0,0.0,0.0,0.0,0.0,-813.6393694357921,-497.0868665815144,-23016.0,15276.426562561754,1066.2353713618113,-0.0,0.0,0.0,0.0,0.0,19653.704272801424,-835.3662067249873,-35161.0,19966.743237146075,1600.5306106439157,-0.0,0.0,0.0,0.0,0.0,-2292.6304158064445,-413.6434319835479,-18861.0,7313.942621811506,860.9789805134938,-0.0,0.0,0.0,0.0,0.0,-3224.139,-110.782602325,-4840.0,40326.12899664357,379.28880872490043,-0.0,0.0,0.0,0.0,0.0,-851.0740184699307,-898.3437868985309,-38956.0,26722.138388017487,4224.165750866152,-0.0,0.0,0.0,0.0,0.0,-14710.745065723626,-792.5590731600167,-15443.0
t425,13954.028096447128,350.98190355287386,-0.0,0.0,0.0,0.0,0.0,2350.0,-129.01,-16526.0,19425.825100628277,465.13538115639994,-0.0,0.0,0.0,0.0,0.0,2614.7607217291347,-381.72120351381466,-22124.0,13433.420411340328,5960.669030052629,-0.0,0.0,0.0,0.0,0.0,16113.827778270865,-714.9172196638146,-34793.0,22705.576072071402,0.0,-0.0,0.0,0.0,0.0,0.0,-4128.289547130557,-387.2865249408427,-18190.0,7632.241498927989,359.68010339701107,-0.0,0.0,0.0,0.0,0.0,-3224.139,-110.782602325,-4657.0,40749.98348424553,0.0,-0.0,0.0,0.0,0.0,0.0,-2316.6042028938637,-795.3792813516613,-37638.0,27127.26077829873,38.91050576266542,-0.0,0.0,0.0,0.0,0.0,-11409.55574997558,-592.6155340858185,-15164.0
t426,14075.31118188277,2013.2588181172318,-0.0,0.0,0.0,0.0,0.0,-250.0,-247.57,-15591.0,17968.356635352087,0.0,-0.0,0.0,0.0,0.0,0.0,3409.61763309429,-354.97426844637715,-21023.0,13164.44233110332,3838.317086587351,-0.0,0.0,0.0,0.0,0.0,17918.97086690571,-806.730284596377,-34115.0,24543.529514133857,0.0,-661.6998446381251,0.0,0.0,0.0,0.0,-5903.9341605142,-499.8955089815273,-17478.0,8074.221602325,0.0,-196.3,0.0,0.0,0.0,0.0,-3224.139,-110.782602325,-4543.0,37388.8114868031,0.0,-379.60144070264465,0.0,0.0,0.0,0.0,-190.56605230140212,-935.6439937990484,-35883.0,27233.148215089972,0.0,-0.0,0.0,0.0,0.0,0.0,-11759.9492871844,-636.1989279055756,-14837.0
t427,14003.50817856295,2012.0618214370484,-0.0,0.0,0.0,0.0,0.0,-250.0,-247.57,-15518.0,17891.13062617479,2824.6790856297366,-0.0,0.0,0.0,0.0,0.0,-160.69444203020612,-475.11526977431646,-20080.0,13303.58834389411,0.0,-0.0,0.0,0.0,0.0,0.0,21489.282942030208,-926.8712859243165,-33866.0,25920.564548064176,0.0,-1457.6553717891688,0.0,0.0,0.0,0.0,-5736.9775,-491.931676275,-18234.0,7927.123626148757,193.79797617624354,-0.0,0.0,0.0,0.0,0.0,-3224.139,-110.782602325,-4786.0,36285.49394761999,0.0,-379.60144070264465,0.0,0.0,0.0,0.0,-658.463234084028,-903.4292728333147,-34344.0,27967.691771451013,0.0,-1346.6626313017314,0.0,0.0,0.0,0.0,-11459.008765915973,-596.0203742333146,-14566.0
t428,14248.406903728748,0.0,-0.0,0.0,0.0,0.0,0.0,1820.7374677422058,-153.14437147095543,-15916.0,18153.73257204814,0.0,-0.0,0.0,0.0,0.0,0.0,3667.561872734353,-346.29444478248905,-21475.0,12973.040194657657,6248.295478222339,-0.0,0.0,0.0,0.0,0.0,15590.289159523443,-703.6248324034444,-34108.0,27606.849628743774,0.0,-1580.7521780590616,0.0,0.0,0.0,0.0,-6704.037034608865,-538.0604160758429,-18784.0,8126.410873843619,96.5107284813812,-0.0,0.0,0.0,0.0,0.0,-3224.139,-110.782602325,-4888.0,34811.85650147501,0.0,-0.0,0.0,0.0,0.0,0.0,1300.4435000000003,-1038.300001475,-35074.0,28434.100206903393,0.0,-475.2243988364186,0.0,0.0,0.0,0.0,-12450.855965391138,-777.0198426758427,-14731.0
t429,14601.840489950699,1952.7295100492993,-0.0,0.0,0.0,0.0,0.0,-250.0,-247.57,-16057.0,17735.710369439657,0.0,-0.0,0.0,0.0,0.0,0.0,4417.353584250319,-321.0639536899768,-21832.0,12834.238608410133,5476.346445680161,-0.0,0.0,0.0,0.0,0.0,16911.234915749683,-772.8199698399768,-34449.0,27915.08718593334,0.0,-1958.581780226189,0.0,0.0,0.0,0.0,-6777.920737026004,-541.5846686811404,-18637.0,7816.703995185432,352.2176071395679,-0.0,0.0,0.0,0.0,0.0,-3224.139,-110.782602325,-4834.0,34888.85650147502,0.0,-0.0,0.0,0.0,0.0,0.0,1300.4435000000003,-1038.300001475,-35151.0,28713.842215273427,0.0,-771.3258570182938,0.0,0.0,0.0,0.0,-12376.972262973997,-780.5440952811402,-14785.0
t430,14800.44295786657,1511.1270421334307,-0.0,0.0,0.0,0.0,0.0,-250.0,-247.57,-15814.0,17850.108693587412,0.0,-0.0,0.0,0.0,0.0,0.0,3664.2956592778864,-346.40435286529913,-21168.0,12802.144265974131,6125.723262319056,-0.0,0.0,0.0,0.0,0.0,17664.292840722115,-798.160369015299,-35794.0,27485.043571749757,0.0,-1732.581780226189,0.0,0.0,0.0,0.0,-7402.103600265882,-571.3581912576826,-17779.0,8148.142959175746,0.0,-121.2213568507459,0.0,0.0,0.0,0.0,-3224.139,-110.782602325,-4692.0,34470.85650147501,0.0,-0.0,0.0,0.0,0.0,0.0,1300.4435000000003,-1038.300001475,-34733.0,29074.928171687265,0.0,-1749.821154095468,0.0,0.0,0.0,0.0,-11752.78939973412,-810.3176178576824,-14762.0
t431,14898.866371559401,1036.7036284406004,-0.0,0.0,0.0,0.0,0.0,-250.0,-247.57,-15438.0,18104.479694757887,0.0,-0.0,0.0,0.0,0.0,0.0,1877.0649707755188,-406.5446655334038,-19575.0,12670.36384368137,5004.41330877755,-0.0,0.0,0.0,0.0,0.0,19451.523529224483,-858.3006816834038,-36268.0,28271.62763906933,0.0,-1389.4502185943302,0.0,0.0,0.0,0.0,-9043.523500000001,-649.6539204750001,-17189.0,8338.221602324998,0.0,-196.3,0.0,0.0,0.0,0.0,-3224.139,-110.782602325,-4807.0,34202.25520503343,0.0,-379.60144070264465,0.0,0.0,0.0,0.0,1008.5493230620524,-1018.2030873928222,-33813.0,28766.08191563707,0.0,-3535.090159582201,0.0,0.0,0.0,0.0,-9819.475323062054,-868.5164329928222,-14543.0
t432,15020.719054688523,0.0,-0.0,0.0,0.0,0.0,0.0,1108.8857548885571,-185.6048095770818,-15944.0,18083.938342722773,571.1,-0.0,0.0,0.0,0.0,0.0,1592.0955440209254,-416.1338867436959,-19831.0,12589.055672018403,5089.2618393618595,-0.0,0.0,0.0,0.0,0.0,18377.60720109052,-805.9247124707776,-35250.0,28808.639319297065,0.0,-1254.46189882207,0.0,0.0,0.0,0.0,-9043.523500000001,-649.6539204750001,-17861.0,8164.123715840518,76.79788648448175,-0.0,0.0,0.0,0.0,0.0,-3224.139,-110.782602325,-4906.0,34812.073216185534,0.0,-379.60144070264465,0.0,0.0,0.0,0.0,1181.6492412791958,-1030.1210167620725,-34584.0,28821.31927637834,0.0,-3438.3096727370776,0.0,0.0,0.0,0.0,-9992.575241279195,-880.4343623620725,-14510.0
t433,10242.312600148884,3045.257399851115,-0.0,0.0,0.0,0.0,0.0,4950.0,-247.57,-17990.0,20063.47355620587,484.97556415717384,-0.0,0.0,0.0,0.0,0.0,-111.0058710037656,-473.44324935927676,-19964.0,13073.704894505508,3095.9,-0.0,0.0,0.0,0.0,0.0,16239.594371003766,-925.1992655092768,-31484.0,27241.612812261177,0.0,-0.0,0.0,0.0,0.0,0.0,-7465.2428774803575,-574.3699347808131,-19202.0,8089.431416472554,446.49018585244727,-0.0,0.0,0.0,0.0,0.0,-3224.139,-110.782602325,-5201.0,35040.85650147501,0.0,-0.0,0.0,0.0,0.0,0.0,1300.4435000000003,-1038.300001475,-35303.0,26508.979483900446,0.0,-0.0,0.0,0.0,0.0,0.0,-11689.650122519644,-813.3293613808129,-14006.0
t434,11111.511211370997,4818.498788629003,-0.0,0.0,0.0,0.0,0.0,2350.0,-129.01,-18151.0,18762.24625016711,0.0,-0.0,0.0,0.0,0.0,0.0,2101.738162465911,-398.9844126330221,-20465.0,13147.732511250522,945.5975799984053,-0.0,0.0,0.0,0.0,0.0,16626.850337534088,-732.1804287830221,-29988.0,26859.76836751333,0.0,-0.0,0.0,0.0,0.0,0.0,-6992.321833146367,-542.4465343669565,-19325.0,8373.55501624136,81.79003833557617,-0.0,0.0,0.0,0.0,0.0,-3083.2049654006746,-108.14008917626265,-5264.0,36980.856501475006,0.0,-0.0,0.0,0.0,0.0,0.0,1300.4435000000003,-1038.300001475,-37243.0,26877.55367556864,0.0,-0.0,0.0,0.0,0.0,0.0,-12303.50520145296,-784.0484741156937,-13790.0
t435,11378.494806337523,4658.515193662477,-0.0,0.0,0.0,0.0,0.0,2350.0,-129.01,-18258.0,17775.60941080312,826.6570204942199,-0.0,0.0,0.0,0.0,0.0,2527.394640838445,-384.66107213578636,-20745.0,13144.66322912423,0.0,-0.0,0.0,0.0,0.0,0.0,16201.193859161554,-717.8570882857863,-28628.0,27075.236009708435,0.0,-0.0,0.0,0.0,0.0,0.0,-6724.115875593618,-512.1201341148139,-19839.0,8347.545665888932,0.0,-0.0,0.0,0.0,0.0,0.0,-2819.352804725333,-103.1928611636,-5425.0,38036.85650147501,0.0,-0.0,0.0,0.0,0.0,0.0,1300.4435000000003,-1038.300001475,-38299.0,27467.232621557254,0.0,-0.0,0.0,0.0,0.0,0.0,-12835.56331968105,-758.6693018762138,-13873.0
t436,12032.85641486602,4394.153585133974,-0.0,0.0,0.0,0.0,0.0,2350.0,-129.01,-18648.0,17867.348263714655,571.1,-0.0,0.0,0.0,0.0,0.0,3612.692534305951,-348.14079802060473,-21703.0,13131.54542612905,675.8954223475049,-0.0,0.0,0.0,0.0,0.0,15115.89596569405,-681.3368141706047,-28242.0,27373.066351944548,0.0,-0.0,0.0,0.0,0.0,0.0,-6565.608955253932,-531.4573966906125,-20276.0,8071.856414788573,903.0651875364283,-0.0,0.0,0.0,0.0,0.0,-3224.139,-110.782602325,-5640.0,39027.85650147501,0.0,-0.0,0.0,0.0,0.0,0.0,1300.4435000000003,-1038.300001475,-39290.0,27574.700868036674,0.0,-0.0,0.0,0.0,0.0,0.0,-12589.28404474607,-770.4168232906123,-14215.0
t437,12780.183779414698,4054.8262205853007,-0.0,0.0,0.0,0.0,0.0,2350.0,-129.01,-19056.0,17560.16293960451,3234.617055181721,-0.0,0.0,0.0,0.0,0.0,2758.1172611752227,-376.89725596145377,-23176.0,13201.622033286676,0.0,-0.0,0.0,0.0,0.0,0.0,15970.471238824777,-710.0932721114538,-28462.0,28063.716668015826,0.0,-0.0,0.0,0.0,0.0,0.0,-6956.691018498585,-496.02564951724025,-20611.0,8162.684447765659,67.03503462017784,-0.0,0.0,0.0,0.0,0.0,-2410.1982687713735,-95.52121361446325,-5724.0,40337.856501475006,0.0,-0.0,0.0,0.0,0.0,0.0,1300.4435000000003,-1038.300001475,-40600.0,28165.38917755781,0.0,-0.0,0.0,0.0,0.0,0.0,-13012.142712730043,-750.2464648277768,-14403.0
t438,13186.221739110753,1380.3482608892452,-0.0,0.0,0.0,0.0,0.0,4950.0,-247.57,-19269.0,17586.005447074742,1493.3326585252548,-0.0,0.0,0.0,0.0,0.0,5627.988,-280.3261056,-24427.0,13959.251738835821,4292.22988291418,-0.0,0.0,0.0,0.0,0.0,10500.6005,-732.0821217499999,-28020.0,26918.7240694339,0.0,-0.0,0.0,0.0,0.0,0.0,-5978.771080275038,-502.95298915885985,-20437.0,7886.257953176597,1139.810445054414,-0.0,0.0,0.0,0.0,0.0,-3216.4303334046726,-110.63806482633761,-5699.0,40920.856501475006,0.0,-0.0,0.0,0.0,0.0,0.0,1300.4435000000003,-1038.300001475,-41183.0,28341.8875395778,0.0,-0.0,0.0,0.0,0.0,0.0,-13183.83058632029,-742.056953257522,-14416.0
t439,14553.468546090917,296.16180307741683,-0.0,0.0,0.0,0.0,0.0,4740.381025598977,-238.01137476731338,-19352.0,18887.2381056,571.1,-0.0,0.0,0.0,0.0,0.0,5627.988,-280.3261056,-24806.0,15647.972834541904,1052.3311875743848,-0.0,0.0,0.0,0.0,0.0,10710.219474401023,-722.5234965173133,-26688.0,26565.754812600113,0.0,-0.0,0.0,0.0,0.0,0.0,-5916.27084382467,-500.4839687754367,-20149.0,8177.333763754703,789.5878385702979,-0.0,0.0,0.0,0.0,0.0,-3224.139,-110.782602325,-5632.0,41071.856501475006,0.0,-0.0,0.0,0.0,0.0,0.0,1300.4435000000003,-1038.300001475,-41334.0,28611.065551550764,0.0,-0.0,0.0,0.0,0.0,0.0,-13238.622156175332,-739.4433953754366,-14633.0
t440,15767.053942631223,0.0,-0.0,0.0,0.0,0.0,0.0,3679.585139740967,-189.63908237218808,-19257.0,17995.54989960358,0.0,-0.0,0.0,0.0,0.0,0.0,6898.529942356727,-323.0798419603039,-24571.0,18145.029931397214,0.0,-0.0,0.0,0.0,0.0,0.0,9184.998918734549,-639.0288501317607,-26691.0,25963.909176275007,0.0,-0.0,0.0,0.0,0.0,0.0,-5736.9775,-491.931676275,-19735.0,8726.513596033985,166.40800629101454,-0.0,0.0,0.0,0.0,0.0,-3224.139,-110.782602325,-5558.0,39459.50591195652,0.0,-0.0,0.0,0.0,0.0,0.0,2615.9179991677574,-960.4239111242687,-41115.0,29214.011322969018,0.0,-254.20472009402326,0.0,0.0,0.0,0.0,-13417.915500000001,-730.8911028749998,-14811.0
t441,18868.90888284586,0.0,-4416.3388828458565,0.0,0.0,0.0,0.0,4950.0,-247.57,-19155.0,24682.45070766666,0.0,-177.68280024998114,0.0,0.0,0.0,0.0,-212.49973562840194,-89.26817178828176,-24203.0,21785.842680495418,0.0,-6199.580980148283,0.0,0.0,0.0,0.0,11651.549867623395,-770.8115679705272,-26467.0,25706.909176275,0.0,-0.0,0.0,0.0,0.0,0.0,-5736.9775,-491.931676275,-19478.0,9413.48976795404,0.0,-513.568165629043,0.0,0.0,0.0,0.0,-3224.139,-110.782602325,-5565.0,35433.53075343774,0.0,-0.0,0.0,0.0,0.0,0.0,5989.981868005008,-808.5126214427545,-40615.0,32285.28905400898,0.0,-3131.4824511339875,0.0,0.0,0.0,0.0,-13417.915500000001,-730.8911028749998,-15005.0
t442,20493.787896467802,0.0,-6009.217896467808,0.0,0.0,0.0,0.0,4950.0,-247.57,-19187.0,32061.569234272607,0.0,-2447.163709478967,0.0,0.0,0.0,0.0,-5427.858456959668,-377.54706783397626,-23809.0,22378.788287474,0.0,-12945.044969599,0.0,0.0,0.0,0.0,18231.483,-992.226317875,-26673.0,25596.909176275,0.0,-0.0,0.0,0.0,0.0,0.0,-5736.9775,-491.931676275,-19368.0,9659.811975679952,0.0,-706.890373354953,0.0,0.0,0.0,0.0,-3224.139,-110.782602325,-5618.0,36488.96931062431,0.0,-0.0,0.0,0.0,0.0,0.0,4625.407456959668,-875.3767675839762,-40239.0,32314.126070061153,0.0,-2937.31946718616,0.0,0.0,0.0,0.0,-13417.915500000001,-730.8911028749998,-15228.0
t443,20604.523291619294,0.0,-5734.953291619291,0.0,0.0,0.0,0.0,4950.0,-247.57,-19572.0,33290.7142114658,0.0,-3402.252796192005,0.0,0.0,0.0,0.0,-5754.941412249,-361.520003024799,-23772.0,23335.913055572848,0.0,-12682.169737697845,0.0,0.0,0.0,0.0,18231.483,-992.226317875,-27893.0,25939.909176275003,0.0,-0.0,0.0,0.0,0.0,0.0,-5736.9775,-491.931676275,-19711.0,9831.544100604668,0.0,-786.6224982796664,0.0,0.0,0.0,0.0,-3224.139,-110.782602325,-5710.0,36312.859290525805,0.0,-0.0,0.0,0.0,0.0,0.0,4952.490412249001,-859.349702774799,-40406.0,30598.2951673834,0.0,-1183.4885645084087,0.0,0.0,0.0,0.0,-13417.915500000001,-730.8911028749998,-15266.0
t444,20475.86409793752,0.0,-4840.294097937518,0.0,0.0,0.0,0.0,4950.0,-247.57,-20338.0,34740.240126876364,0.0,-3108.873441930632,0.0,0.0,0.0,0.0,-7063.990065952404,-297.3766189933322,-24270.0,22898.063470439512,0.0,-10682.32015256451,0.0,0.0,0.0,0.0,18231.483,-992.226317875,-29455.0,26813.909176275003,0.0,-0.0,0.0,0.0,0.0,0.0,-5736.9775,-491.931676275,-20585.0,9513.609371339606,0.0,-350.6877690146089,0.0,0.0,0.0,0.0,-3224.139,-110.782602325,-5828.0,36366.66725279093,0.0,-0.0,0.0,0.0,0.0,0.0,6261.539065952404,-795.2063187433321,-41833.0,30255.413141150737,0.0,-434.60653827574237,0.0,0.0,0.0,0.0,-13417.915500000001,-730.8911028749998,-15672.0
t445,20012.14814576186,0.0,-3869.5781457618623,0.0,0.0,0.0,0.0,4950.0,-247.57,-20845.0,35223.021447487816,0.0,-4088.669270592623,0.0,0.0,0.0,0.0,-5047.587656552195,-204.76452034298137,-25882.0,22806.037828778928,0.0,-5877.397911380839,0.0,0.0,0.0,0.0,15257.712497265096,-875.3524146631851,-31311.0,27291.296323681177,0.0,-0.0,0.0,0.0,0.0,0.0,-5766.935643940226,-493.36067974094874,-21031.0,9940.145161522858,0.0,-749.2235591978597,0.0,0.0,0.0,0.0,-3224.139,-110.782602325,-5856.0,36593.67866835811,0.0,-0.0,0.0,0.0,0.0,0.0,7218.9071592871005,-741.5858276452036,-43071.0,30397.277462400714,0.0,-0.0,0.0,0.0,0.0,0.0,-13387.957356059775,-732.3201063409485,-16277.0
t446,19165.18411977486,0.0,-3146.6141197748643,0.0,0.0,0.0,0.0,4950.0,-247.57,-20721.0,35791.86126701427,0.0,-1577.595491289274,0.0,0.0,0.0,0.0,-7363.568499999999,-282.697275725,-26568.0,21104.149686868233,0.0,-5105.108831004013,0.0,0.0,0.0,0.0,17519.006875436622,-950.0477313008479,-32568.0,27900.4277021858,192.10000011281173,-0.0,0.0,0.0,0.0,0.0,-6539.324093513037,-530.2036087855719,-21023.0,9575.224347504154,0.0,-480.30274517915433,0.0,0.0,0.0,0.0,-3224.139,-110.782602325,-5760.0,36725.754764337464,0.0,-0.0,0.0,0.0,0.0,0.0,7273.59362456338,-738.3483889008478,-43261.0,29614.882482023993,215.84945984853525,-0.0,0.0,0.0,0.0,0.0,-12615.568906486964,-769.1630353855717,-16446.0
t447,18384.427985501774,0.0,-2752.857985501771,0.0,0.0,0.0,0.0,4950.0,-247.57,-20334.0,36042.47918760909,0.0,-1760.2134118840886,0.0,0.0,0.0,0.0,-7363.568499999999,-282.697275725,-26636.0,19035.950935070352,0.0,-2769.231001434895,0.0,0.0,0.0,0.0,17822.281665220595,-968.0015988560592,-33121.0,27705.65408087938,0.0,-0.0,0.0,0.0,0.0,0.0,-6481.221944597098,-527.4321362822816,-20697.0,9407.516176090117,0.0,-444.5945737651193,0.0,0.0,0.0,0.0,-3224.139,-110.782602325,-5628.0,36484.983421676654,0.0,-0.0,0.0,0.0,0.0,0.0,6970.318834779405,-756.3022564560592,-42699.0,29824.062618285177,0.0,-0.0,0.0,0.0,0.0,0.0,-12673.671055402903,-766.3915628822814,-16384.0
t448,16000.53135478896,0.0,-16.917517642752177,0.0,0.0,0.0,0.0,3979.7109837110156,-203.32482085722233,-19760.0,33234.47036670078,0.0,-0.0,0.0,0.0,0.0,0.0,-6958.616660265108,-271.85370643566336,-26004.0,15595.994585102802,0.0,-0.0,0.0,0.0,0.0,0.0,18830.493015244265,-935.4876003470674,-33491.0,28707.987073224045,0.0,-0.0,0.0,0.0,0.0,0.0,-7772.939986350143,-589.0470868739018,-20346.0,9016.327693997293,0.0,-284.4060916722947,0.0,0.0,0.0,0.0,-3224.139,-110.782602325,-5397.0,35873.732283260986,0.0,-0.0,0.0,0.0,0.0,0.0,6527.444661309832,-782.1769445708183,-41619.0,28444.594438991146,36.36508813261139,-0.0,0.0,0.0,0.0,0.0,-11381.95301364986,-828.0065134739016,-16271.0
t449,15306.52070946016,1359.4892905398385,-0.0,0.0,0.0,0.0,0.0,2350.0,-129.01,-18887.0,23944.918620307217,0.0,-0.0,0.0,0.0,0.0,0.0,1555.448441438381,-417.3670617455985,-25083.0,13383.970031553219,4004.4529877807586,-0.0,0.0,0.0,0.0,0.0,17173.14005856162,-750.5630778955984,-33811.0,28529.000858255353,0.0,-0.0,0.0,0.0,0.0,0.0,-8142.333691639161,-606.667166616188,-19780.0,8582.214697092635,0.0,-81.29309476763622,0.0,0.0,0.0,0.0,-3224.139,-110.782602325,-5166.0,39869.856501475006,0.0,-0.0,0.0,0.0,0.0,0.0,1300.4435000000003,-1038.300001475,-40132.0,27830.18590157702,0.0,-0.0,0.0,0.0,0.0,0.0,-11012.559308360842,-845.6265932161878,-15972.0
t450,15281.12033847481,589.8896615251895,-0.0,0.0,0.0,0.0,0.0,2350.0,-129.01,-18092.0,19922.60485948671,0.0,-0.0,0.0,0.0,0.0,0.0,4355.539149918536,-323.14400940524126,-23955.0,13180.589453577772,7061.701221896013,-0.0,0.0,0.0,0.0,0.0,14373.049350081465,-656.3400255552413,-33959.0,27773.4335063043,0.0,-226.0,0.0,0.0,0.0,0.0,-7965.214905773884,-598.2186005304143,-18984.0,8819.416298226546,0.0,-547.4946959015472,0.0,0.0,0.0,0.0,-3224.139,-110.782602325,-4937.0,38004.85650147501,0.0,-0.0,0.0,0.0,0.0,0.0,1300.4435000000003,-1038.300001475,-38267.0,27825.856121356526,0.0,-0.0,0.0,0.0,0.0,0.0,-11189.678094226118,-837.1780271304141,-15799.0
t451,15396.009999999998,0.0,-0.0,0.0,0.0,0.0,0.0,2350.0,-129.01,-17617.0,20903.54451884478,4435.820282880217,-0.0,0.0,0.0,0.0,0.0,-2102.8944999999994,-540.470301725,-22696.0,13500.565681078871,585.6176367961289,-0.0,0.0,0.0,0.0,0.0,20831.483,-873.666317875,-34044.0,28324.240895601084,0.0,-0.0,0.0,0.0,0.0,0.0,-8572.075065453926,-627.1658301471523,-19125.0,7630.7756313356,562.1459709893988,-0.0,0.0,0.0,0.0,0.0,-3224.139,-110.782602325,-4858.0,36451.85650147501,0.0,-0.0,0.0,0.0,0.0,0.0,1300.4435000000003,-1038.300001475,-36714.0,26977.749856802973,0.0,-7.806665509752257,0.0,0.0,0.0,0.0,-10582.817934546076,-866.1252567471521,-15521.0
t452,14976.43714502477,201.57285497522764,-0.0,0.0,0.0,0.0,0.0,2350.0,-129.01,-17399.0,19869.699973071463,0.0,-0.0,0.0,0.0,0.0,0.0,2831.7205327998213,-374.420505871286,-22327.0,13679.347392659438,5458.401162161673,-0.0,0.0,0.0,0.0,0.0,15896.867967200178,-707.616522021286,-34327.0,29406.177420475,0.0,-0.0,0.0,0.0,0.0,0.0,-9043.523500000001,-649.6539204750001,-19713.0,8401.08571921712,0.0,-108.16411689212103,0.0,0.0,0.0,0.0,-3224.139,-110.782602325,-4958.0,35547.85650147501,0.0,-0.0,0.0,0.0,0.0,0.0,1300.4435000000003,-1038.300001475,-35810.0,26322.252082749983,170.73076432501603,-0.0,0.0,0.0,0.0,0.0,-10111.3695,-888.6133470749999,-15493.0
t453,14909.706788833477,359.3032111665216,-0.0,0.0,0.0,0.0,0.0,2350.0,-129.01,-17490.0,19470.99266941761,0.0,-0.0,0.0,0.0,0.0,0.0,3518.323641834654,-351.3163112522639,-22638.0,13971.032935338899,5987.214533898017,-0.0,0.0,0.0,0.0,0.0,15210.264858165347,-684.5123274022638,-34484.0,28585.70067829988,0.0,-0.0,0.0,0.0,0.0,0.0,-8280.445574854322,-613.2551034455512,-19692.0,8061.280246486046,182.64135583895427,-0.0,0.0,0.0,0.0,0.0,-3224.139,-110.782602325,-4909.0,35658.85650147501,0.0,-0.0,0.0,0.0,0.0,0.0,1300.4435000000003,-1038.300001475,-35921.0,25418.69298314233,1987.9689720488952,-0.0,0.0,0.0,0.0,0.0,-10874.44742514568,-852.214530045551,-15680.0
t454,14515.88415422123,0.0,-0.0,0.0,0.0,0.0,0.0,2933.74459951673,-155.62875373796288,-17294.0,19023.200731945944,0.0,-0.0,0.0,0.0,0.0,0.0,3358.4938517429046,-356.6945836888513,-22025.0,13487.557719734385,7246.601585102063,-0.0,0.0,0.0,0.0,0.0,14786.350048740365,-716.5093535768142,-34804.0,28865.177420475,0.0,-0.0,0.0,0.0,0.0,0.0,-9043.523500000001,-649.6539204750001,-19172.0,8451.772906669346,0.0,-373.8513043443482,0.0,0.0,0.0,0.0,-3224.139,-110.782602325,-4743.0,35229.85650147501,0.0,-0.0,0.0,0.0,0.0,0.0,1300.4435000000003,-1038.300001475,-35492.0,25173.548155822657,1427.4346912523379,-0.0,0.0,0.0,0.0,0.0,-10111.3695,-888.6133470749999,-15601.0
t455,14578.840505227485,359.1694947725144,-0.0,0.0,0.0,0.0,0.0,2350.0,-129.01,-17159.0,20251.213752767882,1995.3453292473757,-0.0,0.0,0.0,0.0,0.0,-688.6771926815209,-492.8818893337332,-21065.0,13510.96944445713,2627.8427683450827,-0.0,0.0,0.0,0.0,0.0,19417.26569268152,-826.0779054837332,-34730.0,28179.373254063397,0.0,-0.0,0.0,0.0,0.0,0.0,-8426.167227773596,-620.2060262898005,-19133.0,8480.313267963993,0.0,-299.3916656389952,0.0,0.0,0.0,0.0,-3224.139,-110.782602325,-4846.0,34435.85650147501,0.0,-0.0,0.0,0.0,0.0,0.0,1300.4435000000003,-1038.300001475,-34698.0,25098.292501700336,1890.5987234158665,-0.0,0.0,0.0,0.0,0.0,-10728.725772226406,-859.1654528898003,-15401.0
t456,14796.439602521123,651.5703974788768,-0.0,0.0,0.0,0.0,0.0,2350.0,-129.01,-17669.0,18137.932179459363,465.13538115639994,-0.0,0.0,0.0,0.0,0.0,2893.2814213556208,-372.34898197138335,-21124.0,13589.29831395268,4787.939605524316,-0.0,0.0,0.0,0.0,0.0,15835.307078644379,-705.5449981213833,-33507.0,29105.177420475,0.0,-0.0,0.0,0.0,0.0,0.0,-9043.523500000001,-649.6539204750001,-19412.0,7762.378606963491,528.5429953615097,-0.0,0.0,0.0,0.0,0.0,-3224.139,-110.782602325,-4956.0,35153.85650147501,0.0,-0.0,0.0,0.0,0.0,0.0,1300.4435000000003,-1038.300001475,-35416.0,25321.358396428564,1027.6244506464318,-0.0,0.0,0.0,0.0,0.0,-10111.3695,-888.6133470749999,-15349.0
t457,18796.57,0.0,-0.0,0.0,0.0,0.0,0.0,-250.0,-247.57,-18299.0,19089.43939720782,0.0,-409.5518994940959,0.0,0.0,0.0,0.0,3483.597353152685,-352.48485086641216,-21811.0,14886.249720169099,0.0,-0.0,0.0,0.0,0.0,0.0,17844.991146847315,-804.240867016412,-31927.0,28535.4864708592,815.6909496157987,-0.0,0.0,0.0,0.0,0.0,-9043.523500000001,-649.6539204750001,-19658.0,7562.414897153476,786.5067051715234,-0.0,0.0,0.0,0.0,0.0,-3224.139,-110.782602325,-5014.0,38775.448692900005,0.0,-0.0,0.0,0.0,0.0,0.0,-886.7359999999999,-887.7126929,-37001.0,25351.835245534112,0.0,-1426.619207034118,0.0,0.0,0.0,0.0,-7924.1900000000005,-738.0260384999999,-15263.0
t458,19203.57,0.0,-0.0,0.0,0.0,0.0,0.0,-250.0,-247.57,-18706.0,18712.18417540523,0.0,-1014.0474006728818,0.0,0.0,0.0,0.0,5227.660356085378,-293.79713081772707,-22632.0,14949.625003053105,0.0,-0.0,0.0,0.0,0.0,0.0,16100.928143914622,-745.553146967727,-30305.0,28978.374843628968,794.8025768460338,-0.0,0.0,0.0,0.0,0.0,-9043.523500000001,-649.6539204750001,-20080.0,8458.351393065383,0.0,-67.42979074038335,0.0,0.0,0.0,0.0,-3224.139,-110.782602325,-5056.0,40673.4486929,0.0,-0.0,0.0,0.0,0.0,0.0,-886.7359999999999,-887.7126929,-38899.0,25429.766652558577,0.0,-1465.5506140585833,0.0,0.0,0.0,0.0,-7924.1900000000005,-738.0260384999999,-15302.0
t459,19649.57,0.0,-0.0,0.0,0.0,0.0,0.0,-250.0,-247.57,-19152.0,18141.93287776605,0.0,-693.5947721660519,0.0,0.0,0.0,0.0,5627.988,-280.3261056,-22796.0,14970.857532208196,0.0,-779.3759104581941,0.0,0.0,0.0,0.0,15700.6005,-732.0821217499999,-29160.0,29081.095640248812,1380.081780226189,-0.0,0.0,0.0,0.0,0.0,-9043.523500000001,-649.6539204750001,-20768.0,8580.921602325,0.0,-0.0,0.0,0.0,0.0,0.0,-3224.139,-110.782602325,-5246.0,41941.4486929,0.0,-0.0,0.0,0.0,0.0,0.0,-886.7359999999999,-887.7126929,-40167.0,24707.66475568262,0.0,-1076.448717182627,0.0,0.0,0.0,0.0,-7924.1900000000005,-738.0260384999999,-14969.0
t460,20134.57,0.0,-0.0,0.0,0.0,0.0,0.0,-250.0,-247.57,-19637.0,18299.338105599996,0.0,-0.0,0.0,0.0,0.0,0.0,5627.988,-280.3261056,-23647.0,16153.481621750001,0.0,-0.0,0.0,0.0,0.0,0.0,15700.6005,-732.0821217499999,-31122.0,29911.067001694166,1431.1104187808323,-0.0,0.0,0.0,0.0,0.0,-9043.523500000001,-649.6539204750001,-21649.0,8787.921602325,0.0,-0.0,0.0,0.0,0.0,0.0,-3224.139,-110.782602325,-5453.0,42194.48143758452,0.0,-0.0,0.0,0.0,0.0,0.0,29.300358605456495,-950.7817961899857,-41273.0,24843.32150039544,0.0,-0.0,0.0,0.0,0.0,0.0,-8840.226358605458,-801.0951417899856,-15202.0
t461,20544.57,0.0,-0.0,0.0,0.0,0.0,0.0,-250.0,-247.57,-20047.0,18884.480084696443,752.8580209035587,-0.0,0.0,0.0,0.0,0.0,5627.988,-280.3261056,-24985.0,16674.25101078114,475.2306109688621,-0.0,0.0,0.0,0.0,0.0,15700.6005,-732.0821217499999,-32118.0,30828.095640248812,1154.081780226189,-0.0,0.0,0.0,0.0,0.0,-9043.523500000001,-649.6539204750001,-22289.0,8787.061769846385,177.85983247861387,-0.0,0.0,0.0,0.0,0.0,-3224.139,-110.782602325,-5630.0,43333.97811863788,0.0,-0.0,0.0,0.0,0.0,0.0,-242.94007639786832,-932.0380422400068,-42159.0,24719.337311442134,0.0,-0.0,0.0,0.0,0.0,0.0,-8567.985923602131,-782.3513878400066,-15369.0
t462,20769.569999999996,0.0,-0.0,0.0,0.0,0.0,0.0,-250.0,-247.57,-20272.0,19636.370279308216,869.9678262917851,-0.0,0.0,0.0,0.0,0.0,5627.988,-280.3261056,-25854.0,16610.48162175,0.0,-0.0,0.0,0.0,0.0,0.0,15700.6005,-732.0821217499999,-31579.0,32071.3901192938,153.78730118119998,-0.0,0.0,0.0,0.0,0.0,-9043.523500000001,-649.6539204750001,-22532.0,8664.103403027733,333.8181992972661,-0.0,0.0,0.0,0.0,0.0,-3224.139,-110.782602325,-5663.0,44017.665675692195,0.0,-0.0,0.0,0.0,0.0,0.0,-234.0130045558608,-932.652671136329,-42851.0,24648.879012180467,0.0,-0.0,0.0,0.0,0.0,0.0,-8576.91299544414,-782.9660167363289,-15289.0
t463,20599.57,0.0,-0.0,0.0,0.0,0.0,0.0,-250.0,-247.57,-20102.0,19968.977296913792,176.78911534456466,-0.0,0.0,0.0,0.0,0.0,5751.723389187813,-284.48980144616996,-25613.0,14727.380706783986,0.0,-0.0,0.0,0.0,0.0,0.0,15576.865110812187,-736.2458175961699,-29568.0,32292.177420475,0.0,-0.0,0.0,0.0,0.0,0.0,-9043.523500000001,-649.6539204750001,-22599.0,8819.77011185472,107.15149047028032,-0.0,0.0,0.0,0.0,0.0,-3224.139,-110.782602325,-5592.0,44236.0947977119,0.0,-0.0,0.0,0.0,0.0,0.0,-563.0997489254187,-909.995048786485,-42763.0,24362.13464546106,0.0,-0.0,0.0,0.0,0.0,0.0,-8247.826251074583,-760.3083943864848,-15354.0
t464,20377.570000000003,0.0,-0.0,0.0,0.0,0.0,0.0,-250.0,-247.57,-19880.0,17067.45126524226,0.0,-0.0,0.0,0.0,0.0,0.0,8163.1841922261465,-365.63545746840987,-24865.0,17853.987165844555,0.0,-0.0,0.0,0.0,0.0,0.0,13165.404307773853,-817.3914736184099,-30202.0,32792.572214007996,0.0,-608.3947935329937,0.0,0.0,0.0,0.0,-9043.523500000001,-649.6539204750001,-22491.0,8966.49261434151,0.0,-84.57101201651234,0.0,0.0,0.0,0.0,-3224.139,-110.782602325,-5547.0,42774.30882823177,0.0,-0.0,0.0,0.0,0.0,0.0,237.83025105324305,-965.1390792850158,-42047.0,25209.20867593825,0.0,-0.0,0.0,0.0,0.0,0.0,-9048.756251053244,-815.4524248850157,-15345.0
t465,22018.44139955824,0.0,-1968.871399558238,0.0,0.0,0.0,0.0,-250.0,-247.57,-19552.0,24072.718666112527,0.0,-3982.324288745197,0.0,0.0,0.0,0.0,4406.049943823027,-321.44432119035514,-24175.0,22236.521639017243,0.0,-7247.859857853855,0.0,0.0,0.0,0.0,16922.538556176973,-773.2003373403552,-31138.0,32971.89366740482,0.0,-611.71624692982,0.0,0.0,0.0,0.0,-9043.523500000001,-649.6539204750001,-22667.0,9263.047643669921,0.0,-324.12604134492403,0.0,0.0,0.0,0.0,-3224.139,-110.782602325,-5604.0,41435.431501475,0.0,-0.0,0.0,0.0,0.0,0.0,800.4435000000003,-1003.875001475,-41232.0,25813.557847074997,0.0,-0.0,0.0,0.0,0.0,0.0,-9611.3695,-854.1883470749999,-15348.0
t466,22491.466035833266,0.0,-2568.8960358332633,0.0,0.0,0.0,0.0,-250.0,-247.57,-19425.0,33440.04874829907,0.0,-7418.411610368039,0.0,0.0,0.0,0.0,-1800.3475413641354,-530.2895965669031,-23691.0,23792.49255286505,0.0,-13850.38298151228,0.0,0.0,0.0,0.0,23128.936041364137,-982.0456127169032,-32089.0,32734.272613922367,0.0,-185.09519344737055,0.0,0.0,0.0,0.0,-9043.523500000001,-649.6539204750001,-22856.0,9425.839765837769,0.0,-368.91816351276884,0.0,0.0,0.0,0.0,-3224.139,-110.782602325,-5722.0,40817.8018909682,0.0,-0.0,0.0,0.0,0.0,0.0,835.4857708551841,-1006.2876618233794,-40647.0,25979.01277827856,0.0,-0.0,0.0,0.0,0.0,0.0,-9646.411770855184,-856.6010074233793,-15476.0
t467,22551.85184749389,0.0,-2399.281847493891,0.0,0.0,0.0,0.0,-250.0,-247.57,-19655.0,33137.566707294776,0.0,-7418.411610368039,0.0,0.0,0.0,0.0,-1663.4713830859018,-525.6837138408406,-23530.0,25262.840871246575,0.0,-14937.461024341634,0.0,0.0,0.0,0.0,22992.0598830859,-977.4397299908405,-32340.0,33288.7872865641,65.39013391089975,-0.0,0.0,0.0,0.0,0.0,-9043.523500000001,-649.6539204750001,-23661.0,9479.889279272491,0.0,-339.9676769474923,0.0,0.0,0.0,0.0,-3224.139,-110.782602325,-5805.0,41087.82624362217,0.0,-0.0,0.0,0.0,0.0,0.0,795.7238069890263,-1003.5500506111945,-40880.0,26153.51320320022,0.0,-0.0,0.0,0.0,0.0,0.0,-9606.649806989028,-853.8633962111944,-15693.0
t468,22592.51422363826,0.0,-1524.9442236382606,0.0,0.0,0.0,0.0,-250.0,-247.57,-20570.0,30901.879226717476,0.0,-6847.311610368039,0.0,0.0,0.0,0.0,482.8910031931164,-453.4586195425517,-24084.0,25212.83771281419,0.0,-11406.320573928522,0.0,0.0,0.0,0.0,20845.697496806883,-905.2146356925516,-33747.0,34439.17742047498,226.0,-0.0,0.0,0.0,0.0,0.0,-9043.523500000001,-649.6539204750001,-24972.0,9799.735541339609,0.0,-506.81393901461007,0.0,0.0,0.0,0.0,-3224.139,-110.782602325,-5958.0,42961.757479801905,0.0,-0.0,0.0,0.0,0.0,0.0,461.8020584203259,-980.5595382222394,-42443.0,26283.60094224256,0.0,-0.0,0.0,0.0,0.0,0.0,-9272.728058420325,-830.8728838222393,-16180.0
t469,22553.363068812065,0.0,-474.79306881206423,0.0,0.0,0.0,0.0,-250.0,-247.57,-21581.0,29981.38112982783,0.0,-2818.0,0.0,0.0,0.0,0.0,-668.1886789801483,-492.19245084768204,-26003.0,23296.932001579946,0.0,-8321.760713562411,0.0,0.0,0.0,0.0,21996.777178980148,-943.9484669976821,-36028.0,35033.56661327155,408.610807203444,-0.0,0.0,0.0,0.0,0.0,-9043.523500000001,-649.6539204750001,-25749.0,9364.921602324997,0.0,-0.0,0.0,0.0,0.0,0.0,-3224.139,-110.782602325,-6030.0,44499.87217739677,0.0,-0.0,0.0,0.0,0.0,0.0,445.5697676026448,-979.4419449994421,-43966.0,26702.251058202084,0.0,-0.0,0.0,0.0,0.0,0.0,-9256.495767602644,-829.755290599442,-16616.0
t470,22257.57,0.0,-0.0,0.0,0.0,0.0,0.0,-250.0,-247.57,-21760.0,29645.286472707096,0.0,-6847.311610368039,0.0,0.0,0.0,0.0,4311.646146626953,-324.62100896600305,-26785.0,22035.127244535888,0.0,-519.6925727929328,0.0,0.0,0.0,0.0,17016.942353373048,-776.3770251160031,-37756.0,35576.036639637605,24.14078083738208,-0.0,0.0,0.0,0.0,0.0,-9043.523500000001,-649.6539204750001,-25907.0,9882.534135053662,0.0,-562.6125327286643,0.0,0.0,0.0,0.0,-3224.139,-110.782602325,-5985.0,44863.605549526714,0.0,-0.0,0.0,0.0,0.0,0.0,431.8948794214566,-978.5004289481673,-44317.0,26793.634653969617,0.0,-0.0,0.0,0.0,0.0,0.0,-9242.820879421457,-828.8137745481672,-16722.0
t471,22070.57,0.0,-0.0,0.0,0.0,0.0,0.0,-250.0,-247.57,-21573.0,28639.620742205963,0.0,-2246.9,0.0,0.0,0.0,0.0,786.5207368006932,-443.2414790066567,-26736.0,19876.935765447284,0.0,-1003.0060334899277,0.0,0.0,0.0,0.0,20542.06776319931,-894.9974951566567,-38521.0,35540.99488765434,0.0,-119.81746717936039,0.0,0.0,0.0,0.0,-9043.523500000001,-649.6539204750001,-25728.0,9383.448423255537,0.0,-161.52682093053852,0.0,0.0,0.0,0.0,-3224.139,-110.782602325,-5887.0,44851.142877121616,0.0,-0.0,0.0,0.0,0.0,0.0,89.80463875677651,-954.947515878404,-43986.0,26266.99150023518,0.0,-0.0,0.0,0.0,0.0,0.0,-8900.730638756777,-805.260861478404,-16561.0
t472,22070.57,0.0,-0.0,0.0,0.0,0.0,0.0,-250.0,-247.57,-21573.0,23204.853200044014,0.0,-0.0,0.0,0.0,0.0,0.0,3463.31417961204,-353.1673796560549,-26315.0,19718.040168046882,1814.608907371204,-0.0,0.0,0.0,0.0,0.0,17865.27432038796,-804.9233958060549,-38593.0,35070.75071540761,0.0,-74.57329493262183,0.0,0.0,0.0,0.0,-9043.523500000001,-649.6539204750001,-25303.0,8960.449148519983,101.47245380501565,-0.0,0.0,0.0,0.0,0.0,-3224.139,-110.782602325,-5727.0,44979.448692900005,0.0,-0.0,0.0,0.0,0.0,0.0,-886.7359999999999,-887.7126929,-43205.0,25144.634502356304,27.581536143693107,-0.0,0.0,0.0,0.0,0.0,-7924.1900000000005,-738.0260384999999,-16510.0
t473,21339.026081752363,473.5439182476334,-0.0,0.0,0.0,0.0,0.0,-250.0,-247.57,-21315.0,19066.418445208423,1292.9196603915752,-0.0,0.0,0.0,0.0,0.0,5627.988,-280.3261056,-25707.0,17245.71606267455,6288.765559075441,-0.0,0.0,0.0,0.0,0.0,15700.6005,-732.0821217499999,-38503.0,34889.67742047499,0.0,-578.5,0.0,0.0,0.0,0.0,-9043.523500000001,-649.6539204750001,-24618.0,8758.696125925464,145.22547639953632,-0.0,0.0,0.0,0.0,0.0,-3224.139,-110.782602325,-5569.0,43384.66136522718,0.0,-0.0,0.0,0.0,0.0,0.0,-508.93722679178063,-913.7241384353858,-41962.0,25265.026257243597,0.0,-0.0,0.0,0.0,0.0,0.0,-8301.988773208219,-764.0374840353858,-16199.0
t474,21339.57,0.0,-0.0,0.0,0.0,0.0,0.0,-250.0,-247.57,-20842.0,14818.316441125213,4632.021664474786,-0.0,0.0,0.0,0.0,0.0,5627.988,-280.3261056,-24798.0,17407.280798354637,5730.200823395357,-0.0,0.0,0.0,0.0,0.0,15700.6005,-732.0821217499999,-38106.0,34864.259200701184,0.0,-1380.081780226189,0.0,0.0,0.0,0.0,-9043.523500000001,-649.6539204750001,-23791.0,8814.921602325,0.0,-0.0,0.0,0.0,0.0,0.0,-3224.139,-110.782602325,-5480.0,41420.51642065107,0.0,-0.0,0.0,0.0,0.0,0.0,-282.18005063745295,-929.3363700136114,-40209.0,25250.395664976153,0.0,-0.0,0.0,0.0,0.0,0.0,-8528.745949362547,-779.6497156136113,-15942.0
t475,21000.570000000003,0.0,-0.0,0.0,0.0,0.0,0.0,-250.0,-247.57,-20503.0,14795.630066544507,3658.7080390554966,-0.0,0.0,0.0,0.0,0.0,5627.988,-280.3261056,-23802.0,17381.36270391478,5538.118917835218,-0.0,0.0,0.0,0.0,0.0,15700.6005,-732.0821217499999,-37888.0,33932.177420474996,0.0,-226.0,0.0,0.0,0.0,0.0,-9043.523500000001,-649.6539204750001,-24013.0,8743.38422406845,150.5373782565496,-0.0,0.0,0.0,0.0,0.0,-3224.139,-110.782602325,-5559.0,40200.760876697044,0.0,-0.0,0.0,0.0,0.0,0.0,-513.3398595253238,-913.4210171716815,-38774.0,24608.320503246352,0.0,-0.0,0.0,0.0,0.0,0.0,-8297.586140474676,-763.7343627716814,-15547.0
t476,20524.305223805924,676.264776194078,-0.0,0.0,0.0,0.0,0.0,-250.0,-247.57,-20703.0,15058.701511131467,3392.6365944685335,-0.0,0.0,0.0,0.0,0.0,5627.988,-280.3261056,-23799.0,17066.056191591964,5709.425430158035,-0.0,0.0,0.0,0.0,0.0,15700.6005,-732.0821217499999,-37744.0,34461.17742047499,0.0,-226.0,0.0,0.0,0.0,0.0,-9043.523500000001,-649.6539204750001,-24542.0,8883.118887587169,134.80271473783137,-0.0,0.0,0.0,0.0,0.0,-3224.139,-110.782602325,-5683.0,40131.4486929,0.0,-0.0,0.0,0.0,0.0,0.0,-886.7359999999999,-887.7126929,-38357.0,24209.216038499995,0.0,-0.0,0.0,0.0,0.0,0.0,-7924.1900000000005,-738.0260384999999,-15547.0
t477,20097.49629071453,1414.0737092854702,-0.0,0.0,0.0,0.0,0.0,-250.0,-247.57,-21014.0,13747.667070072559,5092.671035527443,-0.0,0.0,0.0,0.0,0.0,5627.988,-280.3261056,-24188.0,17078.201095062115,5610.280526687882,-0.0,0.0,0.0,0.0,0.0,15700.6005,-732.0821217499999,-37657.0,35421.30822437392,0.0,-1114.1308038989227,0.0,0.0,0.0,0.0,-9043.523500000001,-649.6539204750001,-24614.0,8809.724771085137,116.19683123986283,-0.0,0.0,0.0,0.0,0.0,-3224.139,-110.782602325,-5591.0,40370.448692900005,0.0,-0.0,0.0,0.0,0.0,0.0,-886.7359999999999,-887.7126929,-38596.0,23685.776258795337,638.4397797046616,-0.0,0.0,0.0,0.0,0.0,-7924.1900000000005,-738.0260384999999,-15662.0
t478,19530.365968958242,1703.2040310417547,-0.0,0.0,0.0,0.0,0.0,-250.0,-247.57,-20736.0,13208.868662178058,5016.469443421942,-0.0,0.0,0.0,0.0,0.0,5627.988,-280.3261056,-23573.0,17187.466614250563,6304.015007499433,-0.0,0.0,0.0,0.0,0.0,15700.6005,-732.0821217499999,-38460.0,33371.177420474996,0.0,-0.0,0.0,0.0,0.0,0.0,-9043.523500000001,-649.6539204750001,-23678.0,8713.921602325,0.0,-0.0,0.0,0.0,0.0,0.0,-3224.139,-110.782602325,-5379.0,40096.448692900005,0.0,-0.0,0.0,0.0,0.0,0.0,-886.7359999999999,-887.7126929,-38322.0,23358.25866183101,822.9573766689873,-0.0,0.0,0.0,0.0,0.0,-7924.1900000000005,-738.0260384999999,-15519.0
t479,19106.439804310066,1916.130195689931,-0.0,0.0,0.0,0.0,0.0,-250.0,-247.57,-20525.0,12205.011396274902,4641.326709325098,-0.0,0.0,0.0,0.0,0.0,5627.988,-280.3261056,-22194.0,17199.909618334754,6559.5720034152455,-0.0,0.0,0.0,0.0,0.0,15700.6005,-732.0821217499999,-38728.0,34864.462001507854,0.0,-1433.2845810328581,0.0,0.0,0.0,0.0,-9043.523500000001,-649.6539204750001,-23738.0,8783.921602325,0.0,-0.0,0.0,0.0,0.0,0.0,-3224.139,-110.782602325,-5449.0,39146.4486929,0.0,-0.0,0.0,0.0,0.0,0.0,-886.7359999999999,-887.7126929,-37372.0,23396.32250854676,677.8935299532332,-0.0,0.0,0.0,0.0,0.0,-7924.1900000000005,-738.0260384999999,-15412.0
t480,20003.518036962563,1413.0519630374406,-0.0,0.0,0.0,0.0,0.0,-250.0,-247.57,-20919.0,13599.63612067077,3428.7019849292315,-0.0,0.0,0.0,0.0,0.0,5627.988,-280.3261056,-22376.0,17251.86476040112,5213.61686134888,-0.0,0.0,0.0,0.0,0.0,15700.6005,-732.0821217499999,-37434.0,34732.35300922296,0.0,-1082.1755887479667,0.0,0.0,0.0,0.0,-9043.523500000001,-649.6539204750001,-23957.0,8811.921602325,0.0,-0.0,0.0,0.0,0.0,0.0,-3224.139,-110.782602325,-5477.0,39883.4486929,0.0,-0.0,0.0,0.0,0.0,0.0,-886.7359999999999,-887.7126929,-38109.0,22952.76250145554,1206.4535370444564,-0.0,0.0,0.0,0.0,0.0,-7924.1900000000005,-738.0260384999999,-15497.0
t481,17926.60684272131,3410.9631572786852,-0.0,0.0,0.0,0.0,0.0,-250.0,-247.57,-20840.0,11751.791120929971,3776.2918758752494,-0.0,0.0,0.0,613.0889999999999,0.0,6888.572786873061,-322.7447836782785,-22707.0,16679.982249306177,4855.58183739517,-0.0,0.0,0.0,105.921,0.0,14440.01571312694,-774.5007998282786,-35307.0,34350.5504875451,1128.5479329298914,-0.0,0.0,0.0,0.0,0.0,-11877.4445,-649.6539204750001,-22952.0,5229.85316943273,0.0,-0.0,0.0,0.0,0.0,0.0,586.485718061883,-94.3388874946137,-5722.0,40831.44869290001,314.0,-0.0,0.0,0.0,0.0,0.0,-886.7359999999999,-887.7126929,-39371.0,20787.44790833489,4342.028133396607,-0.0,0.0,0.0,0.0,0.0,-8900.893718061883,-721.5823236696136,-15507.0
t482,17660.911113105365,3962.6588868946324,-0.0,0.0,0.0,0.0,0.0,-250.0,-247.57,-21126.0,11460.849178308672,465.13538115639983,-0.0,0.0,0.0,640.7909999999999,0.0,11649.163087840772,-482.938647305842,-23733.0,17055.402050552686,7061.969200743926,-0.0,0.0,0.0,911.898,0.0,9679.425412159228,-934.6946634558419,-33774.0,35033.59842047499,804.5,-0.0,0.0,0.0,0.0,0.0,-11877.4445,-649.6539204750001,-23311.0,4837.51178509357,90.13181723142901,-0.0,0.0,0.0,0.0,0.0,924.1389999999999,-110.782602325,-5741.0,43548.247252196976,191.20144070302337,-0.0,0.0,0.0,0.0,0.0,-886.7359999999999,-887.7126929,-41965.0,21175.265275947524,4476.307762552471,-0.0,0.0,0.0,0.0,0.0,-9238.547,-738.0260384999999,-15675.0
t483,17779.79600726798,3492.382133915587,-0.0,0.0,0.0,0.0,0.0,-293.58699055475586,-245.5911506288141,-20733.0,11182.380888955891,5547.063915959232,-0.0,0.0,0.0,658.098,0.0,7323.849024147441,-337.3918290625614,-24374.0,16807.216615587273,2088.5677537727297,-0.0,0.0,0.0,96.624,0.0,14004.73947585256,-789.1478452125614,-32208.0,35147.034010519936,804.5,-0.0,0.0,0.0,0.0,0.0,-11841.235486380854,-647.2985241390745,-23463.0,4499.616865532307,449.4608968667517,-0.0,0.0,0.0,0.0,0.0,967.7259905547558,-108.80375295381408,-5808.0,44684.61350145832,314.6888087249004,-0.0,0.0,0.0,0.0,0.0,-922.9450136191463,-885.3572965640744,-43191.0,21530.409572624216,3892.163465875783,-0.0,0.0,0.0,0.0,0.0,-9238.547,-738.0260384999999,-15446.0
t484,18939.105892006486,2154.777383931431,-0.0,0.0,0.0,0.0,0.0,-583.4519965827544,-232.43127935514298,-20278.0,9943.33921987942,4815.426004109204,-0.0,0.0,0.0,674.6759999999999,0.0,9981.376401315649,-426.8176253042716,-24988.0,16861.810804985627,1312.7247377842996,-0.0,0.0,0.0,794.826,0.0,11347.212098684351,-878.5736414542716,-29438.0,34226.058206686655,1629.2318199269448,-0.0,0.0,0.0,0.0,0.0,-11725.518868469648,-639.7711581439505,-23490.0,4069.8312893646817,644.221595732707,-0.0,0.0,0.0,0.0,0.0,1257.5909965827545,-95.64388168014295,-5876.0,44782.491562099305,314.0,-0.0,0.0,0.0,0.0,0.0,-1038.6616315303527,-877.8299305689504,-43180.0,22031.60036638044,3332.9726721195593,-0.0,0.0,0.0,0.0,0.0,-9238.547,-738.0260384999999,-15388.0
t485,17819.155679448482,3193.1989216697907,-0.0,0.0,0.0,0.0,0.0,-731.6515829858283,-225.7030181324434,-20055.0,11970.389085146788,571.1,-0.0,0.0,0.0,692.496,0.0,12940.403812545366,-526.3888976921517,-25648.0,17155.941969079784,5294.168257307741,-0.0,0.0,0.0,89.85000000000001,0.0,8388.184687454635,-978.1449138421515,-29950.0,34727.5166402488,1958.581780226189,-0.0,0.0,0.0,0.0,0.0,-11877.4445,-649.6539204750001,-24159.0,3532.314592417201,1139.810445054414,-0.0,0.0,0.0,0.0,0.0,1405.7905829858282,-88.9156204574434,-5989.0,45032.84725219735,65.60144070264464,-0.0,0.0,0.0,0.0,0.0,-886.7359999999999,-887.7126929,-43324.0,22558.955472547408,2861.617565952587,-0.0,0.0,0.0,0.0,0.0,-9238.547,-738.0260384999999,-15444.0
t486,17453.556622200245,3941.803377799755,-0.0,0.0,0.0,0.0,0.0,-1400.0,-195.36,-19800.0,10983.253490618163,2246.9,-0.0,0.0,0.0,708.615,0.0,12828.86720006399,-522.6356906821534,-26245.0,17174.374272272347,4765.634134623799,-0.0,0.0,0.0,88.662,0.0,8499.721299936009,-974.3917068321532,-29554.0,32949.61230009879,1732.581780226189,-0.0,0.0,0.0,0.0,0.0,-10412.814351039826,-554.3797292851406,-23715.0,2957.7130406037772,922.7205617212228,-0.0,0.0,0.0,0.0,0.0,2074.139,-58.572602325000005,-5896.0,46316.20465067032,378.6,-0.0,0.0,0.0,0.0,0.0,-2351.3661489601745,-792.4385017101406,-43551.0,23218.157603228487,1960.4154352715093,-0.0,0.0,0.0,0.0,0.0,-9238.547,-738.0260384999999,-15202.0
t487,18563.507560209113,2124.8524397908895,-0.0,0.0,0.0,0.0,0.0,-1400.0,-195.36,-19093.0,11482.617769199518,1029.0910325254818,-0.0,0.0,0.0,702.8910000000001,0.0,13358.8705,-540.470301725,-26033.0,17888.769441596698,2557.743876278306,-0.0,0.0,0.0,760.9950000000001,0.0,7969.718000000001,-992.226317875,-28185.0,34540.81111929379,732.2873011812,-0.0,0.0,0.0,0.0,0.0,-11877.4445,-649.6539204750001,-22746.0,2786.4578847155026,956.9757176094975,-0.0,0.0,0.0,0.0,0.0,2074.139,-58.572602325000005,-5759.0,45086.44725219735,315.00144070264463,-0.0,0.0,0.0,0.0,0.0,-886.7359999999999,-887.7126929,-43627.0,23823.46247346584,1236.1105650341574,-0.0,0.0,0.0,0.0,0.0,-9238.547,-738.0260384999999,-15083.0
t488,19927.837418496547,0.0,-0.0,0.0,0.0,0.0,0.0,-1065.2811842620476,-210.55623423450305,-18652.0,11803.364801725,0.0,-0.0,0.0,0.0,683.235,0.0,13358.8705,-540.470301725,-25305.0,21168.815317875,0.0,-0.0,0.0,0.0,84.693,0.0,7969.718000000001,-992.226317875,-28231.0,34513.09842047499,0.0,-0.0,0.0,0.0,0.0,0.0,-11877.4445,-649.6539204750001,-21986.0,3949.3486522974554,0.0,-0.0,0.0,0.0,0.0,0.0,1739.4201842620478,-73.76883655950303,-5615.0,44410.200054942805,358.2486379572,-0.0,0.0,0.0,0.0,0.0,-886.7359999999999,-887.7126929,-42994.0,25194.57303849999,0.0,-0.0,0.0,0.0,0.0,0.0,-9238.547,-738.0260384999999,-15218.0
t489,23580.97906536891,0.0,-5030.409065368906,0.0,0.0,0.0,0.0,-250.0,-247.57,-18053.0,16024.394166724798,0.0,-2246.9,0.0,0.0,0.0,0.0,11318.311318544213,-471.8054852690127,-24624.0,24359.11804459882,0.0,-5116.833724635594,0.0,0.0,0.0,0.0,10010.27718145579,-923.5615014190128,-28329.0,32971.830716037235,0.0,-0.0,0.0,0.0,0.0,0.0,-10966.107331964387,-600.7233840728427,-21405.0,5177.426351399894,0.0,-0.0,0.0,0.0,0.0,0.0,510.1972896300913,-90.62364102998545,-5597.0,44394.66174895409,0.0,-0.0,0.0,0.0,0.0,0.0,-1201.419198089834,-867.2425508642563,-42326.0,28573.42392282745,0.0,-3178.757980413013,0.0,0.0,0.0,0.0,-9421.25925957587,-689.4066828385718,-15284.0
t490,25186.669642054418,0.0,-6915.099642054414,0.0,0.0,0.0,0.0,-250.0,-247.57,-17774.0,26340.080133257856,0.0,-7418.411610368039,0.0,0.0,0.0,0.0,5308.411337406451,-291.07986029627295,-23939.0,27520.208123805995,0.0,-14329.549409953266,0.0,0.0,0.0,0.0,16020.17716259355,-742.835876446273,-28468.0,33519.75867720381,0.0,-0.0,0.0,0.0,0.0,0.0,-11736.81288477504,-642.9457924287693,-21140.0,5354.127398405243,0.0,-0.0,0.0,0.0,0.0,0.0,342.32065028882147,-82.4480486940656,-5614.0,43661.448692900005,0.0,-0.0,0.0,0.0,0.0,0.0,-886.7359999999999,-887.7126929,-41887.0,29466.88507388779,0.0,-4503.541451551182,0.0,0.0,0.0,0.0,-8797.360265513784,-702.9833568228349,-15463.0
t491,24126.3878583568,0.0,-5672.8178583568,0.0,0.0,0.0,0.0,-250.0,-247.57,-17956.0,26702.422174447758,0.0,-7418.411610368039,0.0,0.0,0.0,0.0,4632.80349994706,-313.81406402678147,-23603.0,28332.532007004218,0.0,-14827.746926880374,0.0,0.0,0.0,0.0,16695.78500005294,-765.5700801767814,-29435.0,30486.043841667542,0.0,-0.0,0.0,0.0,0.0,0.0,-8550.366456826687,-441.6773848408537,-21494.0,5426.60099215574,0.0,-0.0,0.0,0.0,0.0,0.0,372.30741182514424,-83.90840398088453,-5715.0,46453.75589092708,0.0,-0.0,0.0,0.0,0.0,0.0,-3726.7886210247416,-702.9672699023406,-42024.0,28372.303344528522,0.0,-3094.641783035414,0.0,0.0,0.0,0.0,-9173.740833973718,-687.9207275193976,-15416.0
t492,25345.66975147261,0.0,-5881.09975147261,0.0,0.0,0.0,0.0,-250.0,-247.57,-18967.0,26504.004583814465,0.0,-7111.431740507649,0.0,0.0,0.0,0.0,4907.981481636125,-304.5543249429444,-23996.0,27934.8949930149,0.0,-12765.191670285825,0.0,0.0,0.0,0.0,16420.607018363873,-756.3103410929443,-30834.0,31738.140438775546,0.0,-0.0,0.0,0.0,0.0,0.0,-8877.237085674595,-544.9033531009476,-22316.0,6973.993292495748,0.0,-0.0,0.0,0.0,0.0,0.0,-1058.0594063650935,-53.93388613065449,-5862.0,44984.448692900005,0.0,-0.0,0.0,0.0,0.0,0.0,-886.7359999999999,-887.7126929,-43210.0,26719.6710093806,0.0,-0.0,0.0,0.0,0.0,0.0,-10256.556007960313,-626.1150014202931,-15837.0
t493,23579.38328845669,0.0,-2980.8132884566917,0.0,0.0,0.0,0.0,-250.0,-247.57,-20101.0,26677.82111331475,0.0,-6456.483007714749,0.0,0.0,0.0,0.0,5627.988,-280.3261056,-25569.0,26320.59197536847,0.0,-9213.11035361846,0.0,0.0,0.0,0.0,15700.6005,-732.0821217499999,-32076.0,29985.984882618526,0.0,-0.0,0.0,0.0,0.0,0.0,-6973.024232790714,-424.96064982780996,-22588.0,8219.7100263717,0.0,-0.0,0.0,0.0,0.0,0.0,-2150.066287407804,-90.64373896389633,-5979.0,49148.46626541539,0.0,-0.0,0.0,0.0,0.0,0.0,-4031.3079798014815,-683.1582856139137,-44434.0,25656.333213624624,0.0,-610.1171751246309,0.0,0.0,0.0,0.0,-7924.1900000000005,-738.0260384999999,-16384.0
t494,22978.636990366285,0.0,-2230.0669903662874,0.0,0.0,0.0,0.0,-250.0,-247.57,-20251.0,24571.23211151182,0.0,-3470.8940059118218,0.0,0.0,0.0,0.0,5627.988,-280.3261056,-26448.0,24709.146702793285,0.0,-7067.6650810432775,0.0,0.0,0.0,0.0,15700.6005,-732.0821217499999,-32610.0,31310.400675459146,0.0,-0.0,0.0,0.0,0.0,0.0,-8080.0342275215,-592.366447937644,-22638.0,9103.235317417038,0.0,-0.0,0.0,0.0,0.0,0.0,-3053.6493951823695,-107.58592223466944,-5942.0,46354.4486929,0.0,-0.0,0.0,0.0,0.0,0.0,-886.7359999999999,-887.7126929,-44580.0,28268.952110468806,0.0,-1963.8479871197096,0.0,0.0,0.0,0.0,-9058.168877296132,-683.9352460529744,-16563.0
t495,20616.10382506794,0.0,-50.53382506794927,0.0,0.0,0.0,0.0,-250.0,-247.57,-20068.0,25699.403674479097,0.0,-3456.138755347055,0.0,0.0,0.0,0.0,4575.478143150927,-315.7430622829713,-26503.0,21078.145138996482,0.0,-4595.756417412582,0.0,0.0,0.0,0.0,16753.110356849073,-767.4990784329714,-32468.0,31065.221677938192,0.0,-0.0,0.0,0.0,0.0,0.0,-8083.046768826056,-587.1749091121349,-22395.0,9167.219631864928,0.0,-58.29802953992975,0.0,0.0,0.0,0.0,-3224.139,-110.782602325,-5774.0,46551.44641271108,0.0,-0.0,0.0,0.0,0.0,0.0,-1847.2127311739441,-825.2336815371349,-43879.0,27258.484329293835,0.0,-2055.2682907938406,0.0,0.0,0.0,0.0,-7924.1900000000005,-738.0260384999999,-16541.0
t496,20252.570000000003,0.0,-0.0,0.0,0.0,0.0,0.0,-250.0,-247.57,-19755.0,21690.55720390762,0.0,-973.2190983076216,0.0,0.0,0.0,0.0,5627.988,-280.3261056,-26065.0,17155.48162175,0.0,-0.0,0.0,0.0,0.0,0.0,15700.6005,-732.0821217499999,-32124.0,30381.003379336486,0.0,-0.0,0.0,0.0,0.0,0.0,-8058.721004093402,-507.282375243079,-21815.0,7949.358037902124,49.553325138040734,-0.0,0.0,0.0,0.0,0.0,-2289.650421560897,-93.26094147926682,-5616.0,46234.88988285952,0.0,-0.0,0.0,0.0,0.0,0.0,-2806.0270743457004,-762.8628085138121,-42666.0,25063.132585247622,164.08345325237406,-0.0,0.0,0.0,0.0,0.0,-7924.1900000000005,-738.0260384999999,-16565.0
t497,19659.569999999996,0.0,-0.0,0.0,0.0,0.0,0.0,-250.0,-247.57,-19162.0,16431.841886491442,2443.1490594598035,-0.0,0.0,0.0,679.428,0.0,5899.027643657845,-289.4465896090865,-25164.0,16790.02762691756,0.0,-0.0,0.0,0.0,283.61412249937524,0.0,15429.560856342156,-741.2026057590865,-31762.0,31485.494091127148,0.0,-578.5,0.0,0.0,0.0,0.0,-9321.654388340256,-601.3397027868905,-20984.0,7917.621407525865,0.0,-0.0,0.0,0.0,0.0,0.0,-2431.6970909947127,-95.92431653115086,-5390.0,43418.903781670764,0.0,-378.6,0.0,0.0,0.0,0.0,-1401.0470206650316,-854.2567610057397,-40785.0,25729.91520392422,0.0,-760.6991654242256,0.0,0.0,0.0,0.0,-7924.1900000000005,-738.0260384999999,-16307.0
t498,19001.62395237863,38.94604762136696,-0.0,0.0,0.0,0.0,0.0,-250.0,-247.57,-18543.0,12242.68907253471,0.0,-0.0,0.0,0.0,647.892,0.0,11586.240220277632,-480.82129281234234,-23996.0,16848.556259884714,5511.88076935526,-0.0,0.0,0.0,93.792,0.0,9742.34827972237,-932.5773089623424,-31264.0,30512.303503832354,0.0,-578.5,0.0,0.0,0.0,0.0,-9055.37173781641,-649.4317660159423,-20229.0,8599.851210049532,0.0,-0.0,0.0,0.0,0.0,0.0,-3212.2907621835902,-110.56044786594232,-5277.0,40561.1073545643,0.0,-336.65866166429726,0.0,0.0,0.0,0.0,-886.7359999999999,-887.7126929,-38450.0,25845.450629688952,0.0,-1090.2345911889597,0.0,0.0,0.0,0.0,-7924.1900000000005,-738.0260384999999,-16093.0
t499,18775.569999999996,0.0,-0.0,0.0,0.0,0.0,0.0,-250.0,-247.57,-18278.0,10533.472718363204,0.0,-0.0,0.0,0.0,622.1070000000001,0.0,12393.402588127276,-507.98230649048287,-23041.0,17020.253023228986,5159.515387538777,-0.0,0.0,0.0,836.784,0.0,8935.185911872724,-959.7383226404829,-30992.0,30735.817089167453,0.0,-804.5,0.0,0.0,0.0,0.0,-9254.621251533707,-645.695837633743,-20031.0,8673.58003011167,0.0,-335.7142621616348,0.0,0.0,0.0,0.0,-3013.0412484662934,-106.824519483743,-5218.0,38671.78778989021,0.0,-314.33909699020444,0.0,0.0,0.0,0.0,-886.7359999999999,-887.7126929,-36583.0,26270.333441533636,0.0,-1738.1174030336397,0.0,0.0,0.0,0.0,-7924.1900000000005,-738.0260384999999,-15870.0
t500,18944.569999999985,0.0,-0.0,0.0,0.0,0.0,0.0,-250.0,-247.57,-18447.0,10542.327670968336,3999.5393577699533,-0.0,0.0,0.0,607.095,0.0,7685.602815399916,-349.5648441382072,-22485.0,16909.915246424647,1214.242929263486,-0.0,0.0,0.0,93.177,0.0,13642.985684600084,-801.3208602882071,-31059.0,31663.85869297183,0.0,-969.2826565177559,0.0,0.0,0.0,0.0,-9738.961579978672,-636.6144564754,-20319.0,8597.300112255965,0.0,-616.8560539092384,0.0,0.0,0.0,0.0,-2528.700920021328,-97.7431383253999,-5354.0,37758.05013360265,0.0,-379.60144070264465,0.0,0.0,0.0,0.0,-886.7359999999999,-887.7126929,-35604.0,26212.57233107812,0.0,-1816.356292578127,0.0,0.0,0.0,0.0,-7924.1900000000005,-738.0260384999999,-15734.0
t501,19075.591397770448,185.97860222955052,-0.0,0.0,0.0,0.0,0.0,-250.0,-247.57,-18764.0,10530.588858731284,2818.0,-0.0,0.0,0.0,620.784,0.0,9430.921975131903,-408.2948338631886,-22992.0,16986.33097384817,3385.5413512969308,-0.0,0.0,0.0,94.512,0.0,11897.666524868097,-860.0508500131887,-31504.0,33115.96095436949,0.0,-1958.581780226189,0.0,0.0,0.0,0.0,-10117.869236222477,-629.5099379208286,-20410.0,8711.242328602766,0.0,-1139.810445054414,0.0,0.0,0.0,0.0,-2149.7932637775234,-90.63861977082857,-5331.0,37895.05013360265,0.0,-379.60144070264465,0.0,0.0,0.0,0.0,-886.7359999999999,-887.7126929,-35741.0,25972.738148480494,0.0,-1445.5221099804976,0.0,0.0,0.0,0.0,-7924.1900000000005,-738.0260384999999,-15865.0
t502,19071.55350572725,243.01649427274936,-0.0,0.0,0.0,0.0,0.0,-250.0,-247.57,-18817.0,10563.788624573775,2246.9,-0.0,0.0,0.0,610.605,0.0,9607.958487945598,-414.25211251936935,-22615.0,17204.002320763855,4420.644795851114,-0.0,0.0,0.0,97.73100000000001,0.0,11720.630012054404,-866.0081286693694,-32577.0,32285.23239232027,0.0,-1958.581780226189,0.0,0.0,0.0,0.0,-10104.897453242374,-629.7531588517055,-19592.0,8651.457332513744,0.0,-1139.810445054414,0.0,0.0,0.0,0.0,-2162.7650467576254,-90.88184070170549,-5258.0,37523.45013360265,0.0,-315.00144070264463,0.0,0.0,0.0,0.0,-886.7359999999999,-887.7126929,-35434.0,25800.034877377602,0.0,-1307.8188388776061,0.0,0.0,0.0,0.0,-7924.1900000000005,-738.0260384999999,-15830.0
t503,19203.091959970538,254.47804002946168,-0.0,0.0,0.0,0.0,0.0,-250.0,-247.57,-18960.0,10629.948553529024,0.0,-0.0,0.0,0.0,579.15,0.0,10691.61872600091,-450.7172795299306,-21450.0,16825.701077077385,6205.2104446034555,-0.0,0.0,0.0,98.592,0.0,10636.969773999092,-902.4732956799305,-32864.0,32016.352713869783,0.0,-1842.6160589457004,0.0,0.0,0.0,0.0,-9957.21443956594,-632.5222153581386,-19584.0,8966.909402696612,0.0,-1139.810445054414,0.0,0.0,0.0,0.0,-2310.44806043406,-93.65089720813863,-5423.0,36823.448692900005,0.0,-314.0,0.0,0.0,0.0,0.0,-886.7359999999999,-887.7126929,-34735.0,25662.25184097932,0.0,-1328.0358024793268,0.0,0.0,0.0,0.0,-7924.1900000000005,-738.0260384999999,-15672.0
t504,19034.911113105325,1443.6588868946737,-0.0,0.0,0.0,0.0,0.0,-250.0,-247.57,-19981.0,10666.53900358108,1975.43378338502,-0.0,0.0,0.0,593.973,0.0,9162.310262776324,-399.25604974242333,-21999.0,16864.55173014347,3312.300098525284,-0.0,0.0,0.0,873.882,0.0,12166.278237223676,-851.0120658924234,-32366.0,32415.685182683876,0.0,-1923.1207964392997,0.0,0.0,0.0,0.0,-9756.27454791804,-636.2898383265368,-20100.0,8719.888387786265,0.0,-573.0819155277682,0.0,0.0,0.0,0.0,-2511.38795208196,-97.41852017653676,-5538.0,37606.04869290001,0.0,-378.6,0.0,0.0,0.0,0.0,-886.7359999999999,-887.7126929,-35453.0,25570.197214405,0.0,-1301.981175905009,0.0,0.0,0.0,0.0,-7924.1900000000005,-738.0260384999999,-15606.0
t505,15831.68261807369,3710.887381926308,-0.0,0.0,0.0,0.0,0.0,-250.0,-247.57,-19045.0,15936.980089569017,4600.411610368039,-0.0,0.0,0.0,0.0,0.0,921.313986226427,-438.7056861634808,-21020.0,13296.549105936423,6072.638082603484,-0.0,0.0,0.0,0.0,0.0,20407.274513773573,-890.4617023134808,-38886.0,33543.86167244794,0.0,-433.87499999904924,0.0,0.0,0.0,0.0,-5506.433969128244,-348.55270332064225,-27255.0,8610.615550945415,0.0,-0.0,0.0,0.0,0.0,0.0,-2376.7220170507153,-94.89353389470091,-6139.0,46149.45025596123,0.0,-235.4999999994822,0.0,0.0,0.0,0.0,-7377.4381427350745,-747.5121132266725,-37789.0,21962.031978636693,0.0,-0.0,0.0,0.0,0.0,0.0,-5817.994371085968,-883.0376075507311,-15261.0
t506,14689.096542830923,5159.473457169075,-0.0,0.0,0.0,0.0,0.0,-250.0,-247.57,-19351.0,14561.896339175282,2560.4417664247185,-0.0,0.0,0.0,0.0,0.0,5627.988,-280.3261056,-22470.0,13271.503635214043,8465.977986535956,-0.0,0.0,0.0,0.0,0.0,15700.6005,-732.0821217499999,-36706.0,32083.956270134953,0.0,-0.0,0.0,0.0,0.0,0.0,-4047.027444350126,-184.92882578482568,-27852.0,7701.144630461669,0.0,-0.0,0.0,0.0,0.0,0.0,-1354.4412133876876,-92.70341707398086,-6254.0,50579.60518122514,0.0,-0.0,0.0,0.0,0.0,0.0,-9333.70221958558,-549.9029616395605,-40696.0,22400.279839355317,0.0,-0.0,0.0,0.0,0.0,0.0,-6343.417622676607,-846.8622166787155,-15210.0
t507,14394.106322724141,5271.463677275856,-0.0,0.0,0.0,0.0,0.0,-250.0,-247.57,-19168.0,15185.026105879451,2818.0,-0.0,0.0,0.0,0.0,0.0,5297.423495303582,-291.4496011830345,-23009.0,13265.279622156659,5957.760990479957,-0.0,0.0,0.0,0.0,0.0,16031.165004696419,-743.2056173330345,-34511.0,32635.549789931425,0.0,-0.0,0.0,0.0,0.0,0.0,-4288.589315878622,-189.96047405280405,-28157.0,7662.758779818149,0.0,-0.0,0.0,0.0,0.0,0.0,-1123.7295184643558,-97.02926135379333,-6442.0,51000.10485740307,0.0,-0.0,0.0,0.0,0.0,0.0,-8822.91664399546,-516.1882134076124,-41661.0,22779.794686120156,0.0,-0.0,0.0,0.0,0.0,0.0,-6843.35302166156,-812.4416644586015,-15124.0
t508,13676.101303491965,5720.468696508033,-0.0,0.0,0.0,0.0,0.0,-250.0,-247.57,-18899.0,17278.188821655775,3341.0854809727575,-0.0,0.0,0.0,0.0,0.0,2963.704928333062,-369.97923096159246,-23213.0,13251.851675444657,0.0,-0.0,0.0,0.0,0.0,0.0,18364.88357166694,-821.7352471115923,-30795.0,33230.629569405195,0.0,-0.0,0.0,0.0,0.0,0.0,-4573.158343759702,-181.47122564549443,-28476.0,7336.5297306357925,0.0,-0.0,0.0,0.0,0.0,0.0,-540.5661562402986,-107.9635743954944,-6688.0,50284.290502176154,0.0,-0.0,0.0,0.0,0.0,0.0,-8237.39709133756,-435.89341083859097,-41611.0,23577.03733200103,0.0,-0.0,0.0,0.0,0.0,0.0,-7727.46690866244,-751.5704233385909,-15098.0
t509,13089.258505061605,6234.311494938392,-0.0,0.0,0.0,0.0,0.0,-250.0,-247.57,-18826.0,16170.788464108653,2535.549641491349,-0.0,0.0,0.0,0.0,0.0,5627.988,-280.3261056,-24054.0,13310.297494475335,2469.184127274666,-0.0,0.0,0.0,0.0,0.0,15700.6005,-732.0821217499999,-30748.0,33791.796753574985,-2.096281709782488e-13,-0.0,0.0,0.0,0.0,0.0,-4723.5064999999995,-184.290253575,-28884.0,6772.656249592222,0.0,-0.0,0.0,0.0,0.0,0.0,171.75811588898478,-83.41436548120643,-6861.0,49819.02302600001,0.0,-0.0,0.0,0.0,0.0,0.0,-8040.674,-422.349026,-41356.0,24073.82391754519,0.0,-0.0,0.0,0.0,0.0,0.0,-8486.166115888986,-710.6578016562064,-14877.0
t510,13116.166834872547,5746.403165127452,-0.0,0.0,0.0,0.0,0.0,-250.0,-247.57,-18365.0,18241.66557314421,2246.9,-0.0,0.0,0.0,0.0,0.0,4516.1731037157515,-317.738676859965,-24687.0,13266.7371135574,710.3421831683198,-0.0,0.0,0.0,0.0,0.0,16812.415396284247,-769.494693009965,-30020.0,33524.796753575,0.0,-0.0,0.0,0.0,0.0,0.0,-4723.5064999999995,-184.290253575,-28617.0,6994.437565531256,0.0,-0.0,0.0,0.0,0.0,0.0,1.2791267223643672,-91.71669225362085,-6904.0,49539.023026,0.0,-0.0,0.0,0.0,0.0,0.0,-8040.674,-422.349026,-41076.0,23601.647255150983,0.0,-0.0,0.0,0.0,0.0,0.0,-8315.687126722365,-718.9601284286208,-14567.0
t511,14655.435996594453,3818.134003405543,-0.0,0.0,0.0,0.0,0.0,-250.0,-247.57,-17976.0,18712.2027244436,465.13538115639983,-0.0,0.0,0.0,0.0,0.0,5627.988,-280.3261056,-24525.0,13514.481621750001,0.0,-0.0,0.0,0.0,0.0,0.0,15700.6005,-732.0821217499999,-28483.0,32409.02627430851,0.0,-0.0,0.0,0.0,0.0,0.0,-4097.735879546386,-159.29039476212648,-28152.0,6858.186198039491,0.0,-0.0,0.0,0.0,0.0,0.0,99.45100836739766,-75.63720640688871,-6882.0,48891.023025999995,0.0,-0.0,0.0,0.0,0.0,0.0,-8040.674,-422.349026,-40428.0,24235.79201852625,0.0,-0.0,0.0,0.0,0.0,0.0,-9039.629628821012,-684.1623897052377,-14512.0
t512,16794.2085761978,0.0,-0.0,0.0,0.0,0.0,0.0,1022.3426011880222,-189.55117738582618,-17627.0,19098.38362317841,0.0,-2246.9,0.0,0.0,0.0,0.0,7422.218333131457,-340.70195630987354,-23933.0,18061.41158416518,0.0,-1665.0,0.0,0.0,0.0,0.0,12634.027565680522,-734.4391498456997,-28296.0,35431.66873130258,0.0,-0.0,0.0,0.0,0.0,0.0,-7098.062434186469,-430.6062971161126,-27903.0,7444.069222301192,0.0,-0.0,0.0,0.0,0.0,0.0,-497.6272329184112,-64.4419893827798,-6882.0,41951.08379389098,0.0,-0.0,0.0,0.0,0.0,0.0,-1647.8837629723303,-838.2000309186499,-39465.0,26961.83757408747,0.0,-0.0,0.0,0.0,0.0,0.0,-11835.01506992279,-550.8225041646829,-14576.0
t513,19033.540194683672,0.0,-3898.530194683671,0.0,0.0,0.0,0.0,2350.0,-129.01,-17356.0,30319.32152009958,0.0,-2246.9,0.0,0.0,0.0,0.0,-4431.308005707523,-149.11351439205814,-23492.0,22717.973749596986,0.0,-8567.822619162453,0.0,0.0,0.0,0.0,14751.908505707524,-598.0596361420581,-28304.0,29938.878523362007,0.0,-1958.581780226189,0.0,0.0,0.0,0.0,-271.15608285370786,-12.140660282106962,-27697.0,8068.315111271085,0.0,-0.0,0.0,0.0,0.0,0.0,-1122.5911961998306,-52.723915071253174,-6893.0,38914.6,0.0,-378.6,0.0,0.0,0.0,0.0,0.0,-0.0,-38536.0,30141.54379803464,0.0,-3493.317710127326,0.0,0.0,0.0,0.0,-11276.853220946461,-537.3728669608537,-14834.0
t514,21091.60222982115,0.0,-5033.392229821153,0.0,0.0,0.0,0.0,1150.0,-52.21,-17156.0,41497.857671060396,0.0,-7024.99441061802,0.0,0.0,0.0,0.0,-11190.636428233913,-434.2268322084617,-22848.0,25985.99824735514,0.0,-14937.461024341634,0.0,0.0,0.0,0.0,18507.488263727104,-760.0254867406105,-28796.0,29504.581780226188,0.0,-1958.581780226189,0.0,0.0,0.0,0.0,0.0,-0.0,-27546.0,8515.333534978901,0.0,-303.1235349789038,0.0,0.0,0.0,0.0,-1150.0,-52.21,-7010.0,37292.83727941548,0.0,-336.65866166429726,0.0,0.0,0.0,0.0,1111.6157311968734,-268.79434894805445,-37799.0,30461.779131036234,0.0,-6688.141986595148,0.0,0.0,0.0,0.0,-8428.467566690064,-405.16957775101775,-14940.0
t515,24201.533265450184,0.0,-9155.523265450189,0.0,0.0,0.0,0.0,2350.0,-129.01,-17267.0,41893.16776392932,0.0,-7418.411610368039,0.0,0.0,0.0,0.0,-11494.63346647882,-449.12268708246216,-22531.0,26990.55967699203,0.0,-13409.916238345053,0.0,0.0,0.0,0.0,17372.998929503385,-698.6423681503611,-30255.0,29664.58178022619,0.0,-1958.581780226189,0.0,0.0,0.0,0.0,0.0,-0.0,-27706.0,9264.874900998107,0.0,-853.6649009981093,0.0,0.0,0.0,0.0,-1150.0,-52.21,-7209.0,36082.284210206,0.0,-315.00144070264463,0.0,0.0,0.0,0.0,2182.035224952464,-238.31799445582243,-37711.0,29970.201343099183,0.0,-5057.841986595148,0.0,0.0,0.0,0.0,-9260.40068797703,-465.9586685270008,-15186.0
t516,23581.389840934396,0.0,-6790.179840934401,0.0,0.0,0.0,0.0,1150.0,-52.21,-17889.0,43084.68963574343,0.0,-6513.348834018438,0.0,0.0,0.0,0.0,-13358.8705,-540.470301725,-22672.0,25791.517007508406,0.0,-11036.909689633394,0.0,0.0,0.0,0.0,18051.483,-709.090317875,-32097.0,29288.28265651776,0.0,-969.2826565177563,0.0,0.0,0.0,0.0,0.0,-0.0,-28319.0,9268.946291536608,0.0,-710.7362915366091,0.0,0.0,0.0,0.0,-1150.0,-52.21,-7356.0,33914.699026,0.0,-378.6,0.0,0.0,0.0,0.0,5260.674,-257.773026,-38539.0,31057.947575994673,0.0,-4923.161874644675,0.0,0.0,0.0,0.0,-9953.2865,-471.49920134999996,-15710.0
t517,24163.7317306168,0.0,-7136.7217306168,0.0,0.0,0.0,0.0,2350.0,-129.01,-19248.0,40524.06383639111,0.0,-2816.7230346661186,0.0,0.0,0.0,0.0,-13358.8705,-540.470301725,-23808.0,25532.97104546026,0.0,-11061.787727585259,0.0,0.0,0.0,0.0,20831.483,-873.666317875,-34429.0,30946.155075158815,0.0,-1807.155075158811,0.0,0.0,0.0,0.0,0.0,-0.0,-29139.0,9577.11503901722,0.0,-859.9050390172206,0.0,0.0,0.0,0.0,-1150.0,-52.21,-7515.0,39210.614122990206,0.0,-378.93909699020446,0.0,0.0,0.0,0.0,2480.674,-422.349026,-40890.0,30984.613991355076,0.0,-2645.0282900050756,0.0,0.0,0.0,0.0,-11153.2865,-548.29920135,-16638.0
t518,25006.802791328108,0.0,-6764.4386590184495,0.0,0.0,0.0,0.0,1414.7925936862632,-69.15672599592085,-19588.0,41349.95961518148,0.0,-6847.311610368039,0.0,0.0,0.0,0.0,-9093.19576509861,-331.4522397148319,-25078.0,24977.683055371857,0.0,-5958.075737496843,0.0,0.0,0.0,0.0,18051.483,-709.090317875,-36362.0,30009.499999999996,0.0,-804.5,0.0,0.0,0.0,0.0,0.0,-0.0,-29205.0,9555.642599054681,0.0,-854.4325990546829,0.0,0.0,0.0,0.0,-1150.0,-52.21,-7499.0,41409.75713959386,0.0,-315.00144070264463,0.0,0.0,0.0,0.0,994.9992650986094,-48.754963989831865,-42041.0,30320.632721151585,0.0,-2397.107700119401,0.0,0.0,0.0,0.0,-10218.079093686263,-488.44592734592084,-17217.0
t519,25521.94739745894,0.0,-7094.737397458939,0.0,0.0,0.0,0.0,1150.0,-52.21,-19525.0,43509.52305173939,0.0,-4620.773387652318,0.0,0.0,0.0,0.0,-13248.678757733138,-535.0709063539238,-25105.0,23041.48786513975,0.0,-2943.88054726475,0.0,0.0,0.0,0.0,18051.483,-709.090317875,-37440.0,29056.85582613255,0.0,-578.5,0.0,0.0,0.0,0.0,322.6946994827534,-6.050525615301626,-28795.0,9402.72306253944,0.0,-516.7678374413872,0.0,0.0,0.0,0.0,-1472.6946994827533,-58.260525615301624,-7355.0,37258.49281359843,0.0,-379.60144070264465,0.0,0.0,0.0,0.0,5150.482257733137,-252.37363062892373,-41777.0,28697.08684411427,0.0,-797.3011427642707,0.0,0.0,0.0,0.0,-9953.2865,-471.49920134999996,-17475.0
t520,20453.000864168745,0.0,-2142.5631286343414,0.0,0.0,0.0,0.0,1082.8349889686212,-55.27272450303087,-19338.0,40802.44864425138,0.0,-2337.107842526379,0.0,0.0,0.0,0.0,-13358.8705,-540.470301725,-24566.0,20294.72381224152,0.0,-1665.0,0.0,0.0,0.0,0.0,20382.446075556392,-846.1698877979117,-38166.0,28666.499999999996,0.0,-578.5,0.0,0.0,0.0,0.0,0.0,-0.0,-28088.0,9247.66336373497,0.0,-846.4533637349703,0.0,0.0,0.0,0.0,-1150.0,-52.21,-7199.0,38850.913935944904,0.0,-314.0,0.0,0.0,0.0,0.0,2996.875935474986,-391.78987141988085,-41142.0,28076.78570135,0.0,-0.0,0.0,0.0,0.0,0.0,-9953.2865,-471.49920134999996,-17652.0
t521,19284.57,0.0,-0.0,0.0,0.0,0.0,0.0,-250.0,-247.57,-18787.0,32027.73899258484,0.0,-2246.9,0.0,0.0,0.0,0.0,-5772.162839495106,-360.6761530897398,-23648.0,15283.212768866053,1014.530549008945,-0.0,0.0,0.0,0.0,0.0,23431.483,-992.226317875,-38737.0,29597.896569892982,0.0,-0.0,0.0,0.0,0.0,0.0,-2257.242223398858,-116.65434649412069,-27224.0,8581.04368064265,0.0,-0.0,0.0,0.0,0.0,0.0,-1469.2845243088118,-67.75915633383914,-7044.0,43876.840063235424,0.0,-0.0,0.0,0.0,0.0,0.0,-3853.602061773184,-276.23800146223755,-39747.0,28150.0109311045,0.0,-0.0,0.0,0.0,0.0,0.0,-9829.191351024041,-646.8195800804621,-17674.0
t522,18820.569999999996,0.0,-0.0,0.0,0.0,0.0,0.0,-250.0,-247.57,-18323.0,19941.82581981104,0.0,-0.0,0.0,0.0,0.0,0.0,2915.766537985738,-371.59235779677994,-22486.0,13945.899023149364,7364.627388783154,-0.0,0.0,0.0,0.0,0.0,18412.821962014263,-823.3483739467799,-38900.0,28505.31886528871,578.5,-0.0,0.0,0.0,0.0,0.0,-2562.968198739113,-136.8506665495946,-26384.0,8532.382455272294,0.0,-0.0,0.0,0.0,0.0,0.0,-1553.520983381611,-71.86147189068446,-6907.0,45270.73230430494,314.6888087249004,-0.0,0.0,0.0,0.0,0.0,-7199.343540649055,-477.0775723807789,-37909.0,27995.82857063972,0.0,-0.0,0.0,0.0,0.0,0.0,-9762.75577723022,-650.0727934095,-17583.0
t523,18916.57,0.0,-0.0,0.0,0.0,0.0,0.0,-250.0,-247.57,-18419.0,20670.350575363864,0.0,-0.0,0.0,0.0,0.0,0.0,1087.754391173161,-433.1049665370232,-21325.0,14198.787822895918,5349.23905096426,-0.0,0.0,0.0,0.0,0.0,20240.83410882684,-884.8609826870231,-38904.0,27058.84843296653,578.5,-0.0,0.0,0.0,0.0,0.0,-1104.9067873070617,-54.44164565946831,-26478.0,8804.032246496105,0.0,-0.0,0.0,0.0,0.0,0.0,-1833.3273623765456,-84.70488411956023,-6886.0,44389.423026000004,378.6,-0.0,0.0,0.0,0.0,0.0,-8040.674,-422.349026,-36305.0,27559.818546915885,487.1169521904135,-0.0,0.0,0.0,0.0,0.0,-10099.680350316394,-634.2551487899079,-17313.0
t524,19133.57,0.0,-0.0,0.0,0.0,0.0,0.0,-250.0,-247.57,-18636.0,17439.963491457267,6144.401310267729,-0.0,0.0,0.0,0.0,0.0,-2102.8944999999994,-540.470301725,-20941.0,14251.286880433265,2191.4564374417314,-0.0,0.0,0.0,0.0,0.0,23431.483,-992.226317875,-38882.0,25625.201877860665,656.8080054557676,-0.0,0.0,0.0,0.0,0.0,512.6013927985387,-9.611276114972599,-26785.0,8948.765316078665,449.84044578484594,-0.0,0.0,0.0,0.0,0.0,-2319.7798927985386,-93.82586906497261,-6985.0,43777.42158529736,379.60144070264465,-0.0,0.0,0.0,0.0,0.0,-8040.674,-422.349026,-35694.0,27285.854983244946,2010.1848110550507,-0.0,0.0,0.0,0.0,0.0,-11230.736,-580.3037942999999,-17485.0
t525,19043.95795982809,574.612040171905,-0.0,0.0,0.0,0.0,0.0,-250.0,-247.57,-19121.0,17339.767635331194,2947.3498732768353,-0.0,0.0,0.0,0.0,0.0,1525.2652185865331,-418.3827271945632,-21394.0,13760.721561608789,6131.093900322305,-0.0,0.0,0.0,0.0,0.0,19803.323281413468,-870.1387433445632,-38825.0,24264.14061911856,1460.8715578351412,-0.0,0.0,0.0,0.0,0.0,1189.2869534229774,-22.299130376680825,-26892.0,8936.452651370008,1139.810445054414,-0.0,0.0,0.0,0.0,0.0,-2982.4327650228297,-105.83033140159363,-6988.0,44282.021585297356,315.00144070264463,-0.0,0.0,0.0,0.0,0.0,-8040.674,-422.349026,-36134.0,26559.68893347763,2769.7001572974264,-0.0,0.0,0.0,0.0,0.0,-11244.768688400149,-579.6204023749127,-17505.0
t526,18838.629195825684,950.9408041743112,-0.0,0.0,0.0,0.0,0.0,-250.0,-247.57,-19292.0,16075.68856587365,2246.9,-0.0,0.0,0.0,0.0,0.0,3027.2522961605487,-367.8408620341976,-20982.0,13766.252691879417,6873.007982465329,-0.0,0.0,0.0,0.0,0.0,18301.33620383945,-819.5968781841975,-38121.0,23370.120018628564,1945.487490746432,-0.0,0.0,0.0,0.0,0.0,1416.9605,-26.568009375,-26706.0,8976.347457952843,1139.810445054414,-0.0,0.0,0.0,0.0,0.0,-3162.3828263395235,-107.77507666773478,-6846.0,43959.42302600001,378.6,-0.0,0.0,0.0,0.0,0.0,-8040.674,-422.349026,-35875.0,25439.17874401231,3731.609698290896,-0.0,0.0,0.0,0.0,0.0,-11292.492173660477,-577.2962686427347,-17301.0
t527,19657.963502442042,509.60649755795697,-0.0,0.0,0.0,0.0,0.0,-250.0,-247.57,-19670.0,18431.480304192173,0.0,-0.0,0.0,0.0,0.0,0.0,1812.2455353435225,-408.72583953569045,-19835.0,13398.271995736544,5544.866895292673,-0.0,0.0,0.0,0.0,0.0,19516.342964656476,-860.4818556856903,-37599.0,22900.428669222576,1958.581780226189,-0.0,0.0,0.0,0.0,0.0,3207.9896504003345,-112.00009984909596,-27955.0,8838.841146077042,694.8973632979569,-0.0,0.0,0.0,0.0,0.0,-2566.9605,-78.778009375,-6888.0,43477.021585297356,315.00144070264463,-0.0,0.0,0.0,0.0,0.0,-8040.674,-422.349026,-35329.0,24729.897951737486,6668.776990486942,-0.0,0.0,0.0,0.0,0.0,-13678.943650400335,-633.7312918240959,-17086.0
t528,18233.117715049983,3078.4522849500195,-0.0,0.0,0.0,0.0,0.0,-250.0,-247.57,-20814.0,15118.852643574322,6641.840067637288,-0.0,0.0,0.0,0.0,0.0,-1031.282164573703,-504.41054663790516,-20225.0,13291.2958982142,1665.0,-0.0,0.0,0.0,0.0,0.0,22359.870664573704,-956.1665627879051,-36360.0,22800.642047848814,1958.581780226189,-0.0,0.0,0.0,0.0,0.0,2336.1915,-70.415328075,-27025.0,8838.776174350607,778.9623350243913,-0.0,0.0,0.0,0.0,0.0,-2566.9605,-78.778009375,-6972.0,44506.7743880428,358.2486379572,-0.0,0.0,0.0,0.0,0.0,-8040.674,-422.349026,-36402.0,23936.065029168054,6434.226990881944,-0.0,0.0,0.0,0.0,0.0,-12807.1455,-592.1465200499999,-16971.0
t529,18294.79768364871,4195.772316351288,-0.0,0.0,0.0,0.0,0.0,-250.0,-247.57,-21993.0,15821.769559729548,0.0,-0.0,0.0,0.0,0.0,0.0,5577.263427727426,-282.03298745697214,-21117.0,16424.234592389563,3339.2293389448487,-0.0,0.0,0.0,0.0,0.0,15751.325072272575,-733.7890036069721,-34781.0,21161.483642852887,1732.581780226189,-0.0,0.0,0.0,0.0,0.0,6239.8638779303,-282.92930100936604,-28851.0,9688.59448252932,39.144026845677395,-0.0,0.0,0.0,0.0,0.0,-2566.9605,-78.778009375,-7082.0,48448.6180106617,189.40144070297603,-0.0,0.0,0.0,0.0,0.0,-9557.0313779303,-520.988073434366,-38560.0,30581.988476895956,2096.4934686540423,-0.0,0.0,0.0,0.0,0.0,-15194.460500000001,-706.02144555,-16778.0
t530,19278.950635008467,3739.6193649915267,-0.0,0.0,0.0,0.0,0.0,-250.0,-247.57,-22521.0,16728.867922019374,529.4701835806256,-0.0,0.0,0.0,0.0,0.0,5627.988,-280.3261056,-22606.0,16897.439991155225,1302.0416305947767,-0.0,0.0,0.0,0.0,0.0,15700.6005,-732.0821217499999,-33168.0,20879.944486883942,1958.581780226189,-0.0,0.0,0.0,0.0,0.0,5749.50520203206,-251.03146914218547,-28337.0,9671.279314481197,94.45919489380178,-0.0,0.0,0.0,0.0,0.0,-2566.9605,-78.778009375,-7120.0,50859.16294359925,64.6,-0.0,0.0,0.0,0.0,0.0,-9066.67270203206,-489.09024156718544,-41368.0,30115.864065432288,2391.617880117706,-0.0,0.0,0.0,0.0,0.0,-15194.460500000001,-706.02144555,-16607.0
t531,18689.165696676115,4148.404303323883,-0.0,0.0,0.0,0.0,0.0,-250.0,-247.57,-22340.0,18019.3381056,0.0,-0.0,0.0,0.0,0.0,0.0,5627.988,-280.3261056,-23367.0,16684.48162175,0.0,-0.0,0.0,0.0,0.0,0.0,15700.6005,-732.0821217499999,-31653.0,20996.776030331286,804.5,-0.0,0.0,0.0,0.0,0.0,6649.66198068954,-319.938011020823,-28131.0,9660.975418311842,0.0,-0.0,0.0,0.0,0.0,0.0,-2343.3893676680673,-74.58605064377626,-7243.0,52746.987914495876,379.60144070264465,-0.0,0.0,0.0,0.0,0.0,-10190.400613021473,-562.1887421770467,-42374.0,29982.869414292127,2435.6125312578715,-0.0,0.0,0.0,0.0,0.0,-15194.460500000001,-706.02144555,-16518.0
t532,19176.825101257844,3674.744898742159,-0.0,0.0,0.0,0.0,0.0,-250.0,-247.57,-22354.0,16351.989658116634,1906.3484474833645,-0.0,0.0,0.0,0.0,0.0,5627.988,-280.3261056,-23606.0,15899.481621750001,0.0,-0.0,0.0,0.0,0.0,0.0,15700.6005,-732.0821217499999,-30868.0,21225.182319964424,973.7083821083022,-0.0,0.0,0.0,0.0,0.0,6287.112095488828,-286.0027975615483,-28200.0,9586.557454038577,0.0,-0.0,0.0,0.0,0.0,0.0,-2102.142823834309,-101.41463020426914,-7383.0,52040.34116547537,314.0,-0.0,0.0,0.0,0.0,0.0,-9604.279595488828,-524.0615699865482,-42226.0,29659.335422170087,3441.6008203748715,-0.0,0.0,0.0,0.0,0.0,-15659.278176165692,-728.6580663792691,-16713.0
t533,18964.539822914438,4026.030177085568,-0.0,0.0,0.0,0.0,0.0,-250.0,-247.57,-22493.0,15551.079367937045,3459.258737662956,-0.0,0.0,0.0,0.0,0.0,5627.988,-280.3261056,-24358.0,15844.481621750001,0.0,-0.0,0.0,0.0,0.0,0.0,15700.6005,-732.0821217499999,-30813.0,21688.20197334882,1958.581780226189,-0.0,0.0,0.0,0.0,0.0,4723.5064999999995,-184.290253575,-28186.0,9509.028146673338,0.0,-0.0,0.0,0.0,0.0,0.0,-1915.52524014332,-110.50290653002033,-7483.0,50230.73421727511,379.28880872490043,-0.0,0.0,0.0,0.0,0.0,-8040.674,-422.349026,-42147.0,29326.043140057925,3936.5989625037723,-0.0,0.0,0.0,0.0,0.0,-15845.895759856681,-737.7463427050203,-16679.0
t534,19033.663922097472,3850.906077902531,-0.0,0.0,0.0,0.0,0.0,-250.0,-247.57,-22387.0,18361.01600543321,1125.322100166794,-0.0,0.0,0.0,0.0,0.0,5627.988,-280.3261056,-24834.0,15210.48162175,0.0,-0.0,0.0,0.0,0.0,0.0,15700.6005,-732.0821217499999,-30179.0,22201.906861872154,1130.87689170285,-0.0,0.0,0.0,0.0,0.0,4723.5064999999995,-184.290253575,-27872.0,9445.00331423655,574.695702054626,-0.0,0.0,0.0,0.0,0.0,-2480.7211506004196,-82.97786569075957,-7456.0,49951.02158529736,315.00144070264463,-0.0,0.0,0.0,0.0,0.0,-8040.674,-422.349026,-41803.0,28911.930423491533,3450.990727773806,-0.0,0.0,0.0,0.0,0.0,-15280.699849399582,-710.2213018657595,-16372.0
t535,20785.2026856055,1892.3673143945036,-0.0,0.0,0.0,0.0,0.0,-250.0,-247.57,-22180.0,16568.708216943174,1939.23290929946,-0.0,0.0,0.0,0.0,0.0,6435.559769397594,-307.50089564022903,-24636.0,14463.228181187824,0.0,-0.0,0.0,0.0,0.0,0.0,14893.028730602407,-759.256911790229,-28597.0,22518.523587273743,578.5,-0.0,0.0,0.0,0.0,0.0,4334.981828714657,-177.00541598839982,-27255.0,9517.626526541835,134.30247396122104,-0.0,0.0,0.0,0.0,0.0,-2178.4358287146574,-71.49317178839982,-7402.0,49020.7743880428,358.2486379572,-0.0,0.0,0.0,0.0,0.0,-8040.674,-422.349026,-40916.0,29098.811974619002,2966.669970930995,-0.0,0.0,0.0,0.0,0.0,-15194.460500000001,-706.02144555,-16165.0
t536,21395.739457932017,0.0,-97.3,0.0,0.0,0.0,0.0,575.4882766526223,-209.9277345846404,-21664.0,15691.180141832448,0.0,-2246.9,0.0,0.0,0.0,0.0,10901.499630121127,-457.7797719535759,-23888.0,21250.292929461968,0.0,-1665.0,0.0,0.0,0.0,0.0,9601.600593226252,-871.8935226882164,-28315.0,22512.080925519647,0.0,-0.0,0.0,0.0,0.0,0.0,4382.965523475118,-168.04644899476315,-26727.0,10265.525193251126,0.0,-0.0,0.0,0.0,0.0,0.0,-2813.7295320169046,-90.79566123422325,-7361.0,48057.00610032708,0.0,-0.0,0.0,0.0,0.0,0.0,-7833.38524343776,-436.6208568893102,-39787.0,31454.506371738742,0.0,-0.0,0.0,0.0,0.0,0.0,-14814.439248020455,-716.0671237182966,-15924.0
t537,30454.737903638747,0.0,-7704.967903638744,0.0,0.0,0.0,0.0,-1450.0,-170.77,-21129.0,30177.779071393365,0.0,-6811.779071393363,0.0,0.0,0.0,0.0,0.0,-0.0,-23366.0,28491.877917402802,0.0,-8973.250273675158,0.0,0.0,0.0,0.0,8917.754685073036,-393.382328800677,-28043.0,21765.22691336248,0.0,-578.5,0.0,0.0,0.0,0.0,5298.999136197147,-221.7260495596244,-26264.0,11488.711127268278,0.0,-797.7895249432784,0.0,0.0,0.0,0.0,-3224.139,-110.782602325,-7356.0,39724.528432181774,0.0,-378.6,0.0,0.0,0.0,0.0,-575.4926361971469,-37.435795984624406,-38733.0,31069.81448038313,0.0,-5855.143129359419,0.0,0.0,0.0,0.0,-8967.122185073034,-464.54916595067704,-15783.0
t538,31895.256334644015,0.0,-9449.085975904976,0.0,0.0,0.0,0.0,-1496.5120037073484,-168.6583550316864,-20781.0,40358.1362124447,0.0,-7418.411610368039,0.0,0.0,0.0,0.0,-9684.103184033918,-406.62141804274137,-22849.0,32048.28184261036,0.0,-14937.461024341634,0.0,0.0,0.0,0.0,11919.569685591787,-480.39050386050866,-28550.0,22058.283753575004,0.0,-578.5,0.0,0.0,0.0,0.0,4723.5064999999995,-184.290253575,-26019.0,11861.108398703751,0.0,-1139.810445054414,0.0,0.0,0.0,0.0,-3177.6269962926517,-108.67095735668639,-7435.0,32045.051621517654,0.0,-336.65866166429726,0.0,0.0,0.0,0.0,6530.830329427747,-345.22328928110034,-37894.0,31745.96552982963,0.0,-6688.141986595148,0.0,0.0,0.0,0.0,-8815.664330985615,-490.1592122488676,-15752.0
t539,33238.9373354184,0.0,-10251.568537870211,0.0,0.0,0.0,0.0,-1917.8386733167656,-149.53012423141885,-20920.0,39907.70024590402,0.0,-7418.411610368039,0.0,0.0,0.0,0.0,-9406.024563088073,-397.2640724479137,-22686.0,31167.830106569447,0.0,-14937.461024341634,0.0,0.0,0.0,0.0,14249.09484027786,-584.4639225056694,-29895.0,22002.658753574055,0.0,-433.87499999904924,0.0,0.0,0.0,0.0,4723.5064999999995,-184.290253575,-26108.0,11521.653498294067,0.0,-1139.810445054414,0.0,0.0,0.0,0.0,-2756.3003266832343,-89.54272655641884,-7536.0,33124.10046670265,0.0,-315.00144070264463,0.0,0.0,0.0,0.0,5260.674,-257.773026,-37812.0,31683.30113507816,0.0,-4955.049644680619,0.0,0.0,0.0,0.0,-10153.111777189788,-516.1397132077557,-16059.0
t540,31085.41844447756,0.0,-7095.009253402605,0.0,0.0,0.0,0.0,-2172.437870390685,-137.9713206842629,-21680.0,39435.39286208995,0.0,-7418.411610368039,0.0,0.0,0.0,0.0,-8846.187128786383,-314.7941229355328,-22856.0,30328.904665669153,0.0,-14892.153710306733,0.0,0.0,0.0,0.0,16769.01186828289,-658.7628236453056,-31547.0,21868.44149390176,0.0,-0.0,0.0,0.0,0.0,0.0,4892.865566980317,-195.30706088206966,-26566.0,10946.030611619553,0.0,-736.3455590009785,0.0,0.0,0.0,0.0,-2501.701129609315,-77.98392300926291,-7630.0,38017.66026930174,0.0,-378.93909699020446,0.0,0.0,0.0,0.0,945.9455618060658,-65.66673411760246,-38519.0,31020.124319548344,0.0,-5057.841986595148,0.0,0.0,0.0,0.0,-9087.49686828289,-469.78546467030577,-16405.0
t541,31803.5746849912,0.0,-5872.0146849912035,0.0,0.0,0.0,0.0,-2600.0,-118.56,-23213.0,34780.6608335051,0.0,-2246.9,0.0,0.0,0.0,0.0,-8293.659930681597,-324.1009028234985,-23916.0,29359.73003719342,0.0,-10845.52755116423,0.0,0.0,0.0,0.0,16052.748076624364,-650.9505626535499,-33916.0,22110.414975153526,0.0,-0.0,0.0,0.0,0.0,0.0,5583.839970689851,-240.25494584337474,-27454.0,10496.163176288857,0.0,-581.4515739638592,0.0,0.0,0.0,0.0,-2074.139,-58.572602325000005,-7782.0,38869.7593369237,0.0,-379.60144070264465,0.0,0.0,0.0,0.0,2072.516441757234,-199.67433797828187,-40363.0,30260.692373281352,0.0,-1629.6606722015406,0.0,0.0,0.0,0.0,-10741.305558389853,-541.7261426899586,-17348.0
t542,30828.96173513118,0.0,-4516.401735131177,0.0,0.0,0.0,0.0,-2600.0,-118.56,-23594.0,33862.17153742898,0.0,-4017.856827719872,0.0,0.0,0.0,0.0,-4391.3833550461095,-179.93135466299427,-25273.0,26540.746382974634,0.0,-1665.0,0.0,0.0,0.0,0.0,11673.91134469671,-490.6577276713419,-36059.0,22619.81369577627,0.0,-0.0,0.0,0.0,0.0,0.0,5088.199860927038,-208.01355670330378,-27500.0,10285.967508800215,0.0,-463.2559064752148,0.0,0.0,0.0,0.0,-2074.139,-58.572602325000005,-7690.0,40089.88240788767,0.0,-314.0,0.0,0.0,0.0,0.0,1730.5056466099438,-126.38805449761583,-41380.0,29593.71573013441,0.0,-1816.0632714191674,0.0,0.0,0.0,0.0,-9427.09449718758,-484.55796152765976,-17866.0
t543,30131.006116727312,0.0,-3029.7383556790264,0.0,0.0,0.0,0.0,-3360.0636851957624,-167.2040758525288,-23574.0,34442.39686812279,0.0,-2246.9,0.0,0.0,0.0,0.0,-6570.402813450198,-221.09405467259916,-25404.0,22641.558780338182,0.0,-1665.0,0.0,0.0,0.0,0.0,17068.669892262766,-683.2286726009459,-37362.0,22624.739629351647,0.0,-0.0,0.0,0.0,0.0,0.0,4885.059657092203,-194.79928644384785,-27315.0,9750.331714594722,0.0,-86.6201122697241,0.0,0.0,0.0,0.0,-2074.139,-58.572602325000005,-7531.0,41592.663630663694,0.0,-379.60144070264465,0.0,0.0,0.0,0.0,-161.55315709220338,-10.509032868847829,-41041.0,28339.51642454768,0.0,-0.0,0.0,0.0,0.0,0.0,-9787.570893616807,-581.9455309308755,-17970.0
t544,25245.653923190057,0.0,-97.3,0.0,0.0,0.0,0.0,-1658.405528124742,-78.94839506531545,-23411.0,32272.006625909857,0.0,-2246.9,0.0,0.0,0.0,0.0,-4692.060133843168,-409.0464920666848,-24924.0,18320.445987974985,0.0,-1665.0,0.0,0.0,0.0,0.0,22520.227058989953,-950.6730469649419,-38225.0,22740.324062381304,0.0,-0.0,0.0,0.0,0.0,0.0,4123.767591784905,-237.09165416620993,-26627.0,8000.608357416562,0.0,-0.0,0.0,0.0,0.0,0.0,-672.9897986911029,-12.618558725458179,-7315.0,49988.551550633056,0.0,-0.0,0.0,0.0,0.0,0.0,-9269.600159250633,-537.9513913824364,-40181.0,28798.826818590587,0.0,-0.0,0.0,0.0,0.0,0.0,-10350.939030865213,-450.8877877253735,-17997.0
t545,21839.001544221486,1470.5684557785128,-0.0,0.0,0.0,0.0,0.0,-250.0,-247.57,-22812.0,22045.159702196168,0.0,-0.0,0.0,0.0,0.0,0.0,2488.8000770123654,-385.9597792085339,-24148.0,17366.38645252399,3380.540919846911,-0.0,0.0,0.0,0.0,0.0,18839.788422987636,-837.7157953585338,-38749.0,25559.974993168045,0.0,-0.0,0.0,0.0,0.0,0.0,241.47419298567888,-134.4491861537184,-25667.0,6676.731696633887,285.08581274111367,-0.0,0.0,0.0,0.0,0.0,266.9604999999999,-78.778009375,-7150.0,51412.1057043394,0.0,-0.0,0.0,0.0,0.0,0.0,-11886.28819298568,-680.8175113537184,-38845.0,26905.590271335386,1382.0312385896104,-0.0,0.0,0.0,0.0,0.0,-9700.735,-698.8865099249998,-17888.0
t546,20710.209961272936,1944.3600387270676,-0.0,0.0,0.0,0.0,0.0,-250.0,-247.57,-22157.0,12776.562031658312,4969.776073941686,-0.0,0.0,0.0,0.0,0.0,5627.988,-280.3261056,-23094.0,16355.302837137771,7640.178784612232,-0.0,0.0,0.0,0.0,0.0,15700.6005,-732.0821217499999,-38964.0,27974.339035295063,0.0,-0.0,0.0,0.0,0.0,0.0,-2987.840070411433,-101.49896488362536,-24885.0,6780.817509375,0.0,-0.0,0.0,0.0,0.0,0.0,266.9604999999999,-78.778009375,-6969.0,46702.14352580212,0.0,-0.0,0.0,0.0,0.0,0.0,-9344.992192264697,-512.1513335374244,-36845.0,27494.74920171992,0.0,-0.0,0.0,0.0,0.0,0.0,-9012.716737323872,-713.0324643960496,-17769.0
t547,20496.958630816665,1657.6113691833345,-0.0,0.0,0.0,0.0,0.0,-250.0,-247.57,-21657.0,12074.034808025383,4620.303297574617,-0.0,0.0,0.0,0.0,0.0,5627.988,-280.3261056,-22042.0,16408.70245070149,7707.7791710485035,-0.0,0.0,0.0,0.0,0.0,15700.6005,-732.0821217499999,-39085.0,30401.150997958986,0.0,-747.3542443839822,0.0,0.0,0.0,0.0,-4723.5064999999995,-184.290253575,-24746.0,6751.817509375,0.0,-0.0,0.0,0.0,0.0,0.0,266.9604999999999,-78.778009375,-6940.0,43665.023026,0.0,-0.0,0.0,0.0,0.0,0.0,-8040.674,-422.349026,-35202.0,26727.38994555,0.0,-0.0,0.0,0.0,0.0,0.0,-8581.3685,-706.02144555,-17440.0
t548,21036.710833588037,1108.8591664119692,-0.0,0.0,0.0,0.0,0.0,-250.0,-247.57,-21648.0,13400.429806120437,2931.9082994795613,-0.0,0.0,0.0,0.0,0.0,5627.988,-280.3261056,-21680.0,16473.047437720845,7799.434184029151,-0.0,0.0,0.0,0.0,0.0,15700.6005,-732.0821217499999,-39241.0,32021.560695783868,0.0,-875.0017070663955,0.0,0.0,0.0,0.0,-5932.616152262779,-262.94283645469375,-24951.0,6842.015234256416,0.0,-0.0,0.0,0.0,0.0,0.0,285.6741288432497,-79.68936309966627,-7048.0,41833.56595661692,0.0,-0.0,0.0,0.0,0.0,0.0,-6831.564347737221,-501.0016088796937,-34501.0,26679.014928117915,0.0,-0.0,0.0,0.0,0.0,0.0,-8600.08212884325,-706.9327992746662,-17372.0
t549,19894.33174838866,2430.23825161134,-0.0,0.0,0.0,0.0,0.0,-250.0,-247.57,-21827.0,11976.45090937163,5025.887196228372,-0.0,0.0,0.0,0.0,0.0,5627.988,-280.3261056,-22350.0,16123.255707120026,8128.225914629973,-0.0,0.0,0.0,0.0,0.0,15700.6005,-732.0821217499999,-39220.0,33141.38874728781,0.0,-1958.581780226189,0.0,0.0,0.0,0.0,-5915.948369852706,-261.8585972089185,-25005.0,6013.880052244836,186.76355008016276,-0.0,0.0,0.0,0.0,0.0,924.1389999999999,-110.782602325,-7014.0,42083.14949978122,0.0,-0.0,0.0,0.0,0.0,0.0,-6848.232130147294,-499.9173696339185,-34735.0,27443.573038500002,0.0,-0.0,0.0,0.0,0.0,0.0,-9238.547,-738.0260384999999,-17467.0
t550,20300.619513036665,1978.9504869633352,-0.0,0.0,0.0,0.0,0.0,-250.0,-247.57,-21782.0,14834.108143588146,1866.2299620118552,-0.0,0.0,0.0,0.0,0.0,5627.988,-280.3261056,-22048.0,16076.354110475362,7619.127511274633,-0.0,0.0,0.0,0.0,0.0,15700.6005,-732.0821217499999,-38664.0,34260.55366262342,0.0,-1958.581780226189,0.0,0.0,0.0,0.0,-7677.522864323015,-376.4490180742122,-24248.0,5546.3942187944085,609.2493835305913,-0.0,0.0,0.0,0.0,0.0,924.1389999999999,-110.782602325,-6969.0,40032.1654261762,0.0,-0.0,0.0,0.0,0.0,0.0,-5086.657635676985,-614.5077904992121,-34331.0,27249.573038500002,0.0,-0.0,0.0,0.0,0.0,0.0,-9238.547,-738.0260384999999,-17273.0
t551,19969.044020392314,2171.5859281094304,-0.0,0.0,0.0,0.0,0.0,-267.8713057843486,-246.75864271739056,-21626.0,12002.421418077432,3608.9166875225737,-0.0,0.0,0.0,0.0,0.0,5627.988,-280.3261056,-20959.0,16084.273059665858,7086.208562084139,-0.0,0.0,0.0,0.0,0.0,15700.6005,-732.0821217499999,-38139.0,34891.78288395333,0.0,-1958.581780226189,0.0,0.0,0.0,0.0,-8262.68714893868,-414.51395478846104,-24256.0,5037.150494203627,1139.810445054414,-0.0,0.0,0.0,0.0,0.0,942.0103057843485,-109.97124504239058,-7009.0,38751.06607827478,0.0,-0.0,0.0,0.0,0.0,0.0,-4501.493351061321,-652.572727213461,-33597.0,26928.573038500002,0.0,-0.0,0.0,0.0,0.0,0.0,-9238.547,-738.0260384999999,-16952.0
t552,20255.452515503708,2562.5753536284174,-0.0,0.0,0.0,0.0,0.0,-422.2793516992688,-239.7485174328532,-22156.0,13466.496868957081,2767.84123664292,-0.0,0.0,0.0,0.0,0.0,5627.988,-280.3261056,-21582.0,16222.522064474388,5806.959557275612,-0.0,0.0,0.0,0.0,0.0,15700.6005,-732.0821217499999,-36998.0,34632.56038377715,0.0,-1958.581780226189,0.0,0.0,0.0,0.0,-7740.437019671337,-380.5415838796205,-24553.0,4901.826883579823,1139.810445054414,-0.0,0.0,0.0,70.90543942434739,0.0,1096.418351699269,-102.9611197578532,-7106.0,40177.3438366333,0.0,-0.0,0.0,0.0,0.0,0.0,-5023.743480328663,-618.6003563046204,-34535.0,26852.573038500002,0.0,-0.0,0.0,0.0,0.0,0.0,-9238.547,-738.0260384999999,-16876.0
t553,13885.377234634498,4108.1927653655,-0.0,0.0,0.0,0.0,0.0,-250.0,-247.57,-17496.0,10740.354308820954,4952.075692404366,-0.0,0.0,0.0,0.0,0.0,2331.81241288123,-391.2424141065466,-17633.0,12770.503492399926,2973.718850737851,-0.0,0.0,0.0,0.0,0.0,18996.77608711877,-842.9984302565465,-33898.0,28824.159752605687,0.0,-1380.0817802261888,0.0,0.0,0.0,0.0,-11720.369213525888,-646.7087588536104,-15077.0,6846.9411722321365,0.0,-1139.810445054414,0.0,0.0,0.0,0.0,-547.2932864741117,-107.83744070361041,-5052.0,31344.215501475,0.0,-0.0,0.0,0.0,0.0,0.0,-3073.915500000001,-1038.300001475,-27232.0,24065.087294180805,0.0,-2394.4634471058134,0.0,0.0,0.0,0.0,-5737.0105,-888.6133470749999,-15045.0
t554,14410.391733808612,3883.1782661913862,-0.0,0.0,0.0,0.0,0.0,-250.0,-247.57,-17796.0,10091.236190470841,2069.101915129162,-0.0,0.0,0.0,0.0,0.0,5627.988,-280.3261056,-17508.0,12923.488127512148,4291.9934942378495,-0.0,0.0,0.0,0.0,0.0,15700.6005,-732.0821217499999,-32184.0,29123.18020070119,0.0,-1380.081780226189,0.0,0.0,0.0,0.0,-11877.4445,-649.6539204750001,-15216.0,6078.962512782832,0.0,-265.9619104578319,0.0,0.0,0.0,0.0,-390.2180000000001,-110.782602325,-5312.0,31993.215501475,0.0,-0.0,0.0,0.0,0.0,0.0,-3073.915500000001,-1038.300001475,-27881.0,22588.306717795807,0.0,-1423.6828707208133,0.0,0.0,0.0,0.0,-5737.0105,-888.6133470749999,-14539.0
t555,14776.759171179365,4180.810828820631,-0.0,0.0,0.0,0.0,0.0,-250.0,-247.57,-18460.0,8753.860607890667,3702.477497709335,-0.0,0.0,0.0,0.0,0.0,5627.988,-280.3261056,-17804.0,12634.969805107427,3184.5118166425746,-0.0,0.0,0.0,0.0,0.0,15700.6005,-732.0821217499999,-30788.0,29530.18020070119,0.0,-1380.081780226189,0.0,0.0,0.0,0.0,-11877.4445,-649.6539204750001,-15623.0,5854.911469159425,242.08913316557437,-0.0,0.0,0.0,0.0,0.0,-390.2180000000001,-110.782602325,-5596.0,33004.215501475,0.0,-0.0,0.0,0.0,0.0,0.0,-3073.915500000001,-1038.300001475,-28892.0,21140.908578384464,476.71526869052514,-0.0,0.0,0.0,0.0,0.0,-5737.0105,-888.6133470749999,-14992.0
t556,14679.642719402598,2507.367280597399,-0.0,0.0,0.0,0.0,0.0,2350.0,-129.01,-19408.0,8045.168071776943,5259.1700338230585,-0.0,0.0,0.0,0.0,0.0,5627.988,-280.3261056,-18652.0,12636.065171838616,5416.856449911378,-0.0,0.0,0.0,0.0,0.0,13100.6005,-613.52212175,-30540.0,28642.92928177641,0.0,-0.0,0.0,0.0,0.0,0.0,-11410.640933314313,-619.288348462096,-16613.0,4704.741426056095,1139.810445054414,-0.0,0.0,0.0,0.0,0.0,148.97216993848576,-84.52404104899574,-5909.0,34672.65349614779,0.0,-0.0,0.0,0.0,0.0,0.0,-3540.7190666856886,-1007.934429462096,-30124.0,21698.6392526459,1026.9162030915777,-0.0,0.0,0.0,0.0,0.0,-6276.2006699384865,-862.3547857989956,-15587.0
t557,15939.87015792248,4979.699842077517,-0.0,0.0,0.0,0.0,0.0,-250.0,-247.57,-20422.0,7795.9063258363185,6824.431779763687,-0.0,0.0,0.0,0.0,0.0,5627.988,-280.3261056,-19968.0,13299.090830059922,2956.3907916900803,-0.0,0.0,0.0,0.0,0.0,15700.6005,-732.0821217499999,-31224.0,29468.7870133591,0.0,-0.0,0.0,0.0,0.0,0.0,-11587.963811660577,-630.8232016985205,-17250.0,4274.587932967206,1139.810445054414,-0.0,0.0,0.0,0.0,0.0,869.7347366796797,-108.1331147013004,-6176.0,35965.86547103795,0.0,-0.0,0.0,0.0,0.0,0.0,-3363.396188339425,-1019.4692826985204,-31583.0,22224.508864303418,1748.4182318275589,-0.0,0.0,0.0,0.0,0.0,-6996.96323667968,-885.9638594513003,-16090.0
t558,19096.46112343822,0.0,-0.0,0.0,0.0,0.0,0.0,2248.19135095809,-133.65247439631108,-21211.0,11018.127121771367,4579.210983828632,-0.0,0.0,0.0,0.0,0.0,5627.988,-280.3261056,-20945.0,17922.7554471044,0.0,-0.0,0.0,0.0,0.0,0.0,13202.40914904191,-618.164596146311,-30507.0,28320.542757196105,0.0,-0.0,0.0,0.0,0.0,0.0,-10049.778509409043,-530.7642477870583,-17740.0,4482.3126343136455,1139.8104450544138,-0.0,0.0,0.0,0.0,0.0,825.8740183506145,-105.99709771867492,-6342.0,38279.991819378025,0.0,-0.0,0.0,0.0,0.0,0.0,-4901.581490590957,-919.4103287870582,-32459.0,24164.930360819286,0.0,-0.0,0.0,0.0,0.0,0.0,-6953.102518350615,-883.8278424686748,-16328.0
t559,21353.996065814237,0.0,-639.1960658142382,0.0,0.0,0.0,0.0,1200.0,-76.8,-21838.0,22094.056916637302,0.0,-2246.9,0.0,0.0,0.0,0.0,1749.572117100628,-85.72903373793078,-21511.0,26107.2918896572,0.0,-4660.863141564674,0.0,0.0,0.0,0.0,7667.089651758988,-333.51839985151594,-28780.0,23692.33168057027,0.0,-74.57329493262192,0.0,0.0,0.0,0.0,-5342.220768872488,-224.53761676515535,-18051.0,4868.574758210956,199.03275116404274,-0.0,0.0,0.0,0.0,0.0,1416.9605,-26.568009375,-6458.0,34140.83424515623,0.0,-0.0,0.0,0.0,0.0,0.0,-1130.8578482281396,-125.97639692808613,-32884.0,22965.584295810502,0.0,-0.0,0.0,0.0,0.0,0.0,-5560.543651758988,-568.040644051516,-16837.0
t560,25516.004330606447,0.0,-4359.9614273019115,0.0,0.0,0.0,0.0,1310.7868182437267,-81.82972154826518,-22385.0,32537.74428158903,0.0,-2628.717585464036,0.0,0.0,0.0,0.0,-7730.8825,-260.144196125,-21918.0,31305.348609742003,0.0,-11841.561024341634,0.0,0.0,0.0,0.0,9941.51931204875,-356.30689744912064,-29049.0,23674.440027383345,0.0,-226.0,0.0,0.0,0.0,0.0,-4912.834018715873,-196.60600866746753,-18339.0,5231.424049166992,0.0,-0.0,0.0,0.0,0.0,0.0,1306.1736817562733,-31.597730923265186,-6506.0,33057.988236376594,0.0,-0.0,0.0,0.0,0.0,0.0,189.32751871587286,-12.315755092467528,-33235.0,22329.426004107092,0.0,-4433.650246534222,0.0,0.0,0.0,0.0,-104.09081204875065,-330.6849455241207,-17461.0
t561,27240.172802576722,0.0,-5724.8737595533385,0.0,0.0,0.0,0.0,1580.788766998337,-94.0878100217245,-23002.0,38579.388579333,0.0,-2914.914857207996,0.0,0.0,0.0,0.0,-12991.556499999999,-517.9172221250001,-22155.0,33151.91667246958,0.0,-10704.654976344584,0.0,0.0,0.0,0.0,7730.8825,-260.144196125,-29918.0,23187.442147888025,0.0,-0.0,0.0,0.0,0.0,0.0,-4404.374491135839,-169.06765675217952,-18614.0,5544.684086395061,0.0,-0.0,0.0,0.0,0.0,0.0,1036.171733001663,-43.8558193967245,-6537.0,28359.099026,0.0,-0.0,0.0,0.0,0.0,0.0,5260.674,-257.773026,-33362.0,22824.67855970827,0.0,-6135.792903466926,0.0,0.0,0.0,0.0,1787.413991135839,-219.29964737717953,-18257.0
t562,26693.72603394131,0.0,-4822.088469805174,0.0,0.0,0.0,0.0,1612.908480896559,-95.54604503270377,-23389.0,42223.620150635084,0.0,-7418.411610368039,0.0,0.0,0.0,0.0,-11795.87949155582,-459.3290487112352,-22550.0,34533.316780362205,0.0,-10379.0550842372,0.0,0.0,0.0,0.0,7730.8825,-260.144196125,-31625.0,20153.528509375003,0.0,-0.0,0.0,0.0,0.0,0.0,-1416.9605,-26.568009375,-18710.0,5549.262035304262,0.0,-0.0,0.0,0.0,0.0,0.0,1004.0520191034409,-45.31405440770378,-6508.0,29734.187861030412,0.0,-0.0,0.0,0.0,0.0,0.0,4064.99699155582,-199.1848525862352,-33600.0,23257.56348454227,0.0,-3094.763484542268,0.0,0.0,0.0,0.0,-1200.0,-76.8,-18886.0
t563,27120.570454718625,0.0,-5236.2430905446545,0.0,0.0,0.0,0.0,1659.3260379489097,-97.6534021228805,-23446.0,40243.70413365924,0.0,-3763.2304115342254,0.0,0.0,0.0,0.0,-12991.556499999999,-517.9172221250001,-22971.0,34137.943881682535,0.0,-12000.423160659664,0.0,0.0,0.0,0.0,10278.442327602861,-370.96304862572447,-32045.0,18657.61507931009,1188.9857108905715,-0.0,0.0,0.0,0.0,0.0,-1033.2277695221226,-19.3730206785398,-18794.0,5895.3246912282075,0.0,-0.0,0.0,0.0,0.0,0.0,573.9017315732129,-40.2264228014203,-6429.0,28850.099025999996,0.0,-0.0,0.0,0.0,0.0,0.0,5260.674,-257.773026,-33853.0,23559.17868010359,0.0,-0.0,0.0,0.0,0.0,0.0,-3747.5598276028613,-187.61885250072447,-19624.0
t564,27193.548978983636,0.0,-5235.748978983631,0.0,0.0,0.0,0.0,1200.0,-76.8,-23081.0,40913.6741451813,0.0,-3960.2004230562916,0.0,0.0,0.0,0.0,-12991.556499999999,-517.9172221250001,-23444.0,33529.1815558514,0.0,-9636.144026973805,0.0,0.0,0.0,0.0,9293.06145164392,-328.0989805215105,-32858.0,17526.382805290017,1307.869081407389,-0.0,0.0,0.0,0.0,0.0,-36.56626915082876,-0.6856175465780392,-18797.0,6294.119348395749,0.0,-0.0,0.0,0.0,0.0,0.0,36.56626915082876,-0.6856175465780392,-6330.0,29148.099026,0.0,-0.0,0.0,0.0,0.0,0.0,5260.674,-257.773026,-34151.0,25174.455436543263,0.0,-2211.5217005028335,0.0,0.0,0.0,0.0,-2762.17895164392,-144.7547843965105,-20056.0
t565,26474.227562531578,0.0,-5992.624235303548,0.0,0.0,0.0,0.0,1877.976820418996,-107.58014764702241,-22252.0,40817.914531964336,0.0,-7418.411610368039,0.0,0.0,0.0,0.0,-9349.067652975498,-339.4352686207995,-23711.0,33183.89102824169,0.0,-6158.629332116695,0.0,0.0,0.0,0.0,7730.8825,-260.144196125,-34496.0,17700.158949811743,1051.8410501882595,-0.0,0.0,0.0,0.0,0.0,0.0,-0.0,-18752.0,6897.756968066019,0.0,-0.0,0.0,0.0,0.0,0.0,-677.9768204189961,-30.780147647022424,-6189.0,32728.1059195203,0.0,-0.0,0.0,0.0,0.0,0.0,1618.1851529754992,-79.29107249579947,-34267.0,25389.49123982462,0.0,-3630.6912398246195,0.0,0.0,0.0,0.0,-1200.0,-76.8,-20482.0
t566,26057.180156001144,0.0,-6676.626987725914,0.0,0.0,0.0,0.0,2286.5774478574995,-126.13061613273047,-21541.0,40252.179485700224,0.0,-6847.311610368039,0.0,0.0,0.0,0.0,-9358.948447766617,-339.9194275655643,-23706.0,31081.9462432805,0.0,-2747.6845471555043,0.0,0.0,0.0,0.0,7730.8825,-260.144196125,-35805.0,18163.999999999996,226.0,-0.0,0.0,0.0,0.0,0.0,0.0,-0.0,-18390.0,7162.9080639902295,0.0,-0.0,0.0,0.0,0.0,0.0,-1086.5774478574995,-49.330616132730476,-6027.0,32496.709283673954,0.0,-0.0,0.0,0.0,0.0,0.0,1628.065947766618,-79.77523144056428,-34045.0,26585.98111598018,0.0,-4865.181115980176,0.0,0.0,0.0,0.0,-1200.0,-76.8,-20444.0
t567,24705.340463814722,0.0,-6024.330463814726,0.0,0.0,0.0,0.0,2350.0,-129.01,-20902.0,39323.0592162708,0.0,-2522.585494145794,0.0,0.0,0.0,0.0,-12991.556499999999,-517.9172221250001,-23291.0,28973.66522868867,0.0,-3011.223721159803,0.0,0.0,0.0,0.0,10645.488029112521,-386.9295366413947,-36221.0,20198.419663919034,0.0,-0.0,0.0,0.0,0.0,0.0,-1845.1122613370637,-85.30740258197036,-18268.0,6890.543547375261,0.0,-0.0,0.0,0.0,0.0,0.0,-1056.581959108547,-53.96158826671475,-5780.0,28610.099025999993,0.0,-0.0,0.0,0.0,0.0,0.0,5260.674,-257.773026,-33613.0,24254.352463498562,0.0,-1630.3,0.0,0.0,0.0,0.0,-2362.911308666911,-287.1411548316503,-19974.0
t568,21418.002967770808,0.0,-3498.9929677708105,0.0,0.0,0.0,0.0,2350.0,-129.01,-20140.0,38711.54143345757,0.0,-4598.687127704892,0.0,0.0,0.0,0.0,-10642.117211045588,-404.7370947070939,-23066.0,25653.120288034872,0.0,-1770.6145692758237,0.0,0.0,0.0,0.0,12515.781587680023,-468.287306439081,-35930.0,22267.419297805896,0.0,-0.0,0.0,0.0,0.0,0.0,-4243.135991269592,-175.28330653630485,-17849.0,6713.259894199342,0.0,-263.95277177047785,0.0,0.0,0.0,0.0,-834.2987770742159,-100.00834535464824,-5515.0,30468.385164921285,0.0,-0.0,0.0,0.0,0.0,0.0,2754.5897319439723,-134.97489686525464,-33088.0,21885.33997948387,0.0,-0.0,0.0,0.0,0.0,0.0,-1900.819340234601,-482.52063924926375,-19502.0
t569,17270.223825847293,0.0,-97.3,0.0,0.0,0.0,0.0,2640.3249938733284,-142.24881972062377,-19671.0,36949.938059301174,0.0,-2246.9,0.0,0.0,0.0,0.0,-11807.580945735155,-464.4571135660226,-22431.0,21230.63579085578,0.0,-1665.0,0.0,0.0,0.0,0.0,16729.460505460884,-721.0962963166619,-35574.0,22300.796753575003,0.0,-0.0,0.0,0.0,0.0,0.0,-4723.5064999999995,-184.290253575,-17393.0,5787.327322995357,0.0,-9.32672067035628,0.0,0.0,0.0,0.0,-390.2180000000001,-110.782602325,-5277.0,33972.71820068088,0.0,-0.0,0.0,0.0,0.0,0.0,-1257.7950542648452,-496.9231464160226,-32218.0,20869.48950513025,0.0,-0.0,0.0,0.0,0.0,0.0,-1190.6849993342107,-722.804505796038,-18956.0
t570,16652.009999999995,0.0,-0.0,0.0,0.0,0.0,0.0,2350.0,-129.01,-18873.0,32126.793775724993,0.0,-2246.9,0.0,0.0,0.0,0.0,-8098.1965,-282.697275725,-21499.0,15495.135888814712,0.0,-547.952570939717,0.0,0.0,0.0,0.0,20831.483,-873.666317875,-34905.0,23480.060211927404,0.0,-0.0,0.0,0.0,0.0,0.0,-6405.36505908399,-293.69515284341355,-16781.0,5098.694380829315,475.30622149568524,-0.0,0.0,0.0,0.0,0.0,-390.2180000000001,-110.782602325,-5073.0,34517.88914875943,0.0,-0.0,0.0,0.0,0.0,0.0,-3285.320940916011,-424.5682078434135,-30808.0,19588.32287768209,4699.672969392914,-0.0,0.0,0.0,0.0,0.0,-5002.3825,-888.6133470749999,-18397.0
t571,15149.14412936669,3526.425870633312,-0.0,0.0,0.0,0.0,0.0,-250.0,-247.57,-18178.0,20218.18261463701,1513.5003320931837,-0.0,0.0,0.0,0.0,0.0,-857.1325351232908,-498.55041160689876,-20376.0,13415.585392633606,0.0,-0.0,0.0,0.0,0.0,0.0,22185.721035123293,-950.3064277568988,-34651.0,23028.43499706798,0.0,-0.0,0.0,0.0,0.0,0.0,-6390.694184609149,-292.74081245882513,-16345.0,5363.251440386402,99.74916193859859,-0.0,0.0,0.0,0.0,0.0,-390.2180000000001,-110.782602325,-4962.0,38611.052708849675,0.0,-0.0,0.0,0.0,0.0,0.0,-8560.665815390852,-681.386893458825,-29369.0,18612.61877107856,5900.005075996441,-0.0,0.0,0.0,0.0,0.0,-5737.0105,-888.6133470749999,-17887.0
t572,15848.686162855547,2400.883837144454,-0.0,0.0,0.0,0.0,0.0,-250.0,-247.57,-17752.0,12983.229216274463,1273.1088893255358,-0.0,0.0,0.0,0.0,0.0,5627.988,-280.3261056,-19604.0,13154.746201917585,6878.73541983241,-0.0,0.0,0.0,0.0,0.0,15700.6005,-732.0821217499999,-35002.0,21856.650901193938,0.0,-0.0,0.0,0.0,0.0,0.0,-5293.680489394264,-247.97041179966885,-16315.0,6208.187869271423,0.0,-198.6500890728005,0.0,0.0,0.0,0.0,-964.5234042024169,-100.01437599620469,-4945.0,38269.75882553179,0.0,-0.0,0.0,0.0,0.0,0.0,-9083.37410640332,-647.3847191284641,-28539.0,20421.86945930364,3864.754387771359,-0.0,0.0,0.0,0.0,0.0,-5737.0105,-888.6133470749999,-17661.0
t573,13317.289617944794,4781.280382055205,-0.0,0.0,0.0,0.0,0.0,-250.0,-247.57,-17601.0,12452.135296789136,2734.133063401444,-0.0,0.0,0.0,0.0,0.0,4538.711886624508,-316.9802468150853,-19408.0,13108.030748219991,7507.828901369602,-0.0,0.0,0.0,0.0,0.0,16789.87661337549,-768.7362629650853,-36637.0,25603.338624120574,0.0,-0.0,0.0,0.0,0.0,0.0,-9184.690583493386,-475.64804062718736,-15943.0,6506.347858946367,0.0,-1139.810445054414,0.0,0.0,0.0,0.0,-415.2236678389329,-110.31374605302001,-4841.0,34814.42672656686,0.0,-0.0,0.0,0.0,0.0,0.0,-5741.663748667683,-864.7629778991673,-28208.0,21993.685079822724,2233.9387672522744,-0.0,0.0,0.0,0.0,0.0,-5737.0105,-888.6133470749999,-17602.0
t574,12381.976330594627,3641.414493115421,-0.0,0.0,0.0,0.0,0.0,1322.4743461074509,-175.86516981750026,-17170.0,11266.393161482614,2170.9449441173892,-0.0,0.0,0.0,0.0,0.0,5627.988,-280.3261056,-18785.0,12980.478291940302,10839.77284573465,-0.0,0.0,0.0,0.0,0.0,14128.12615389255,-660.3772915675003,-37288.0,25152.74319958025,0.0,-0.0,0.0,0.0,0.0,0.0,-9500.63189958634,-502.11129999391375,-15150.0,6440.627347406966,0.0,-1139.810445054414,0.0,0.0,0.0,0.0,-542.8970318752115,-107.91987047733978,-4650.0,33792.66918138003,0.0,-0.0,0.0,0.0,0.0,0.0,-5298.049068538449,-893.6201128415739,-27601.0,21760.777713362662,2089.846133712329,-0.0,0.0,0.0,0.0,0.0,-5737.0105,-888.6133470749999,-17225.0
t575,12895.585668644364,4247.984331355633,-0.0,0.0,0.0,0.0,0.0,-250.0,-247.57,-16646.0,10544.39975039433,2246.9,-0.0,0.0,0.0,0.0,0.0,5058.199730475182,-299.49948086951014,-17550.0,12842.33124707869,8512.535480416009,-0.0,0.0,0.0,0.0,0.0,16270.388769524818,-751.2554970195101,-36874.0,22690.79113145913,0.0,-0.0,0.0,0.0,0.0,0.0,-7372.203160141897,-356.58797131723037,-14962.0,6260.040834393009,0.0,-1061.0402320680091,0.0,0.0,0.0,0.0,-390.2180000000001,-110.782602325,-4698.0,34887.39089217535,0.0,-0.0,0.0,0.0,0.0,0.0,-7579.156839858104,-745.2340523172303,-26563.0,21691.053006994625,1660.5708400803676,-0.0,0.0,0.0,0.0,0.0,-5737.0105,-888.6133470749999,-16726.0
t576,11521.974394151557,2751.0356058484394,-0.0,0.0,0.0,0.0,0.0,2350.0,-129.01,-16494.0,9194.338105600002,2818.0,-0.0,0.0,0.0,0.0,0.0,5627.988,-280.3261056,-17360.0,12878.178041229268,10349.743580520731,-0.0,0.0,0.0,0.0,0.0,13100.6005,-613.52212175,-35715.0,23982.478841355747,0.0,-0.0,0.0,0.0,0.0,0.0,-8553.229682946934,-477.2491584088125,-14952.0,6222.017833689601,0.0,-0.0,0.0,0.0,0.0,0.0,-1336.9871529830323,-93.03068070656815,-4792.0,32955.00832509728,0.0,-0.0,0.0,0.0,0.0,0.0,-5451.361164070035,-883.6471610272442,-26620.0,21406.421752629136,1646.2020944458523,-0.0,0.0,0.0,0.0,0.0,-5737.0105,-888.6133470749999,-16427.0
t577,13857.03225230028,2735.537747699714,-0.0,0.0,0.0,0.0,0.0,-250.0,-247.57,-16095.0,10009.271372620593,0.0,-0.0,0.0,0.0,519.1560000000001,0.0,9096.61813709257,-397.04550971316496,-19228.0,16731.70174622338,7472.047416732351,-0.0,0.0,0.0,107.08200000000001,0.0,12231.97036290743,-848.8015258631649,-35694.0,28098.15709205224,0.0,-0.0,0.0,0.0,0.0,0.0,-10369.589161356023,-551.5679306962093,-17177.0,5436.706044488034,0.0,-869.8885351130341,0.0,0.0,0.0,0.0,266.9604999999999,-78.778009375,-4755.0,34248.21804176519,0.0,-0.0,0.0,0.0,0.0,0.0,-2394.591338643976,-789.6267031212093,-31064.0,22260.389945549996,0.0,-0.0,0.0,0.0,0.0,0.0,-8581.3685,-706.02144555,-12973.0
t578,13524.258027851589,2994.3119721484045,-0.0,0.0,0.0,0.0,0.0,-250.0,-247.57,-16021.0,11336.185345530532,3108.918760069471,-0.0,0.0,0.0,549.234,0.0,5627.988,-280.3261056,-20342.0,16749.24177049764,2116.4318512523623,-0.0,0.0,0.0,101.808,0.0,15700.6005,-732.0821217499999,-33936.0,25970.990884215204,226.0,-0.0,0.0,0.0,0.0,0.0,-8568.578685005587,-434.4121992096134,-17194.0,3645.619264485753,304.05649157054347,-0.0,0.0,0.0,0.0,0.0,887.3134415733258,-108.98919762962097,-4728.0,37685.07278662904,0.0,-0.0,0.0,0.0,0.0,0.0,-4195.601814994414,-672.4709716346133,-32817.0,22911.78083249447,70.17324288347208,-0.0,0.0,0.0,0.0,0.0,-9201.721441573327,-736.232633804621,-13044.0
t579,13848.714568062222,2637.855431937773,-0.0,0.0,0.0,0.0,0.0,-250.0,-247.57,-15989.0,10418.84983180831,3400.792362534673,-0.0,0.0,0.0,555.093,0.0,6493.722890316158,-309.45808465913876,-20559.0,16613.05881688069,1281.0976742446105,-0.0,0.0,0.0,96.19200000000001,0.0,14834.865609683842,-761.2141008091387,-32064.0,26571.773444080445,0.0,-0.0,0.0,0.0,0.0,0.0,-8860.379595634422,-453.39384844601915,-17258.0,3444.632400149007,943.5104450544139,-0.0,0.0,0.0,0.0,0.0,508.39292318046785,-90.53576838388878,-4806.0,37786.2535252366,0.0,-0.0,0.0,0.0,0.0,0.0,-3903.8009043655775,-691.4526208710191,-33191.0,22535.92372829169,89.65639944766465,-0.0,0.0,0.0,0.0,0.0,-8822.800923180468,-717.7792045588888,-13085.0
t580,13685.548897834173,3248.021102165825,-0.0,0.0,0.0,0.0,0.0,-250.0,-247.57,-16436.0,10386.393062584282,2666.16774881719,-0.0,0.0,0.0,567.783,0.0,7760.749726288125,-352.09353768959545,-21029.0,16503.871064894174,1544.4247152335483,-0.0,0.0,0.0,92.715,0.0,13567.838773711876,-803.8495538395955,-30905.0,28676.913687500506,0.0,-0.0,0.0,0.0,0.0,0.0,-10789.998151965168,-578.9155355353341,-17308.0,3887.3214620066065,959.4960473683936,-0.0,0.0,0.0,0.0,0.0,266.9604999999999,-78.778009375,-5035.0,36215.15665599517,0.0,-0.0,0.0,0.0,0.0,0.0,-1974.182348034832,-816.9743079603342,-33424.0,22056.14191751878,498.2480280312184,-0.0,0.0,0.0,0.0,0.0,-8581.3685,-706.02144555,-13267.0
t581,14255.865507565364,3388.7044924346355,-0.0,0.0,0.0,0.0,0.0,-250.0,-247.57,-17147.0,10381.566138793916,5078.246312646059,-0.0,0.0,0.0,599.022,0.0,6434.635337051819,-307.46978849179374,-22186.0,16938.83419413777,293.0554475558465,-0.0,0.0,0.0,94.383,0.0,14893.95316294818,-759.2258046417937,-31461.0,28143.30355383812,0.0,-0.0,0.0,0.0,0.0,0.0,-10422.306368797817,-554.9971850402981,-17166.0,3353.4788076049645,1078.1647947200354,-0.0,0.0,0.0,0.0,0.0,924.1389999999999,-110.782602325,-5245.0,37275.93008866749,0.0,-0.0,0.0,0.0,0.0,0.0,-2341.874131202182,-793.055957465298,-34141.0,22026.762904909185,1562.8101335908138,-0.0,0.0,0.0,0.0,0.0,-9238.547,-738.0260384999999,-13613.0
t582,16213.402818279126,2099.16718172087,-0.0,0.0,0.0,0.0,0.0,-250.0,-247.57,-17815.0,10095.125425205639,0.0,-0.0,0.0,0.0,212.47437651936144,0.0,13358.8705,-540.470301725,-23126.0,18071.721329735283,5939.540988139716,-0.0,0.0,0.0,93.246,0.0,7969.718000000001,-992.226317875,-31082.0,28637.416656946883,0.0,-0.0,0.0,0.0,0.0,0.0,-11119.093470913931,-600.3231860329511,-16918.0,3576.5503468223633,918.0932555026353,-0.0,0.0,0.0,0.0,0.0,924.1389999999999,-110.782602325,-5308.0,36959.46898754403,0.0,-0.0,0.0,0.0,0.0,0.0,-1645.0870290860703,-838.3819584579511,-34476.0,22534.91915346331,1026.6538850366887,-0.0,0.0,0.0,0.0,0.0,-9238.547,-738.0260384999999,-13585.0
t583,18651.57,0.0,-0.0,0.0,0.0,0.0,0.0,-250.0,-247.57,-18154.0,10763.397907297587,0.0,-0.0,0.0,0.0,70.275,0.0,13123.89031106991,-532.5632183675025,-23425.0,21863.861431118556,372.1246144688598,-0.0,0.0,0.0,88.635,0.0,8204.69818893009,-984.3192345175025,-29545.0,30138.949634809767,0.0,-950.8512143347671,0.0,0.0,0.0,0.0,-11877.4445,-649.6539204750001,-16661.0,4722.160741497189,0.0,-0.0,0.0,0.0,0.0,0.0,699.6912556793991,-99.85199717658674,-5322.0,36485.448692900005,0.0,-0.0,0.0,0.0,0.0,0.0,-886.7359999999999,-887.7126929,-34711.0,23500.19468903098,0.0,-0.0,0.0,0.0,0.0,0.0,-9014.099255679399,-727.0954333515867,-13759.0
t584,24278.970866906955,0.0,-4915.400866906955,0.0,0.0,0.0,0.0,-250.0,-247.57,-18866.0,15297.837966145047,0.0,-2246.9,0.0,0.0,0.0,0.0,10689.715261815025,-450.6532279600756,-23290.0,27426.064939519834,0.0,-7114.528933594733,0.0,0.0,0.0,0.0,10638.873238184977,-902.4092441100756,-30048.0,30211.446651443293,0.0,-1169.3482309682895,0.0,0.0,0.0,0.0,-11877.4445,-649.6539204750001,-16515.0,6456.40147942964,0.0,-1139.810445054414,0.0,0.0,0.0,0.0,79.32483202991764,-87.915866405143,-5308.0,36072.448692900005,0.0,-0.0,0.0,0.0,0.0,0.0,-886.7359999999999,-887.7126929,-34298.0,25393.18247076586,0.0,-2392.2903361558015,0.0,0.0,0.0,0.0,-8393.732832029918,-715.1593025801429,-13892.0
t585,27429.093384955897,0.0,-9952.593848952918,0.0,0.0,0.0,0.0,1879.944973218265,-150.44450922124713,-19206.0,28796.638466485398,0.0,-7418.411610368039,0.0,0.0,0.0,0.0,2048.7148659123463,-104.94172202970498,-23322.0,32508.582668512274,0.0,-14551.281564322757,0.0,0.0,0.0,0.0,13570.655526781735,-634.9566309712471,-30893.0,26996.78362217643,0.0,-0.0,0.0,0.0,0.0,0.0,-9921.62820936516,-559.1554128112666,-16516.0,6344.327202212036,0.0,-1139.810445054414,0.0,0.0,0.0,0.0,170.45171245082975,-76.96846960845306,-5298.0,32000.791175242055,0.0,-0.0,0.0,0.0,0.0,0.0,2692.5371340876536,-712.328309329705,-33981.0,27619.92493139862,0.0,-2384.916450660141,0.0,0.0,0.0,0.0,-10440.67600308567,-617.3324776528135,-14177.0
t586,28897.846720335972,0.0,-10515.80749221691,0.0,0.0,0.0,0.0,1251.6781750864784,-58.71740320553461,-19575.0,31545.040232998712,0.0,-7024.99441061802,0.0,0.0,0.0,0.0,-1162.99775231528,-74.04807006540918,-23283.0,32615.866872943105,0.0,-13788.762013042973,0.0,0.0,0.0,0.0,14630.91225231528,-665.0171122154092,-32793.0,24240.373587482725,0.0,-0.0,0.0,0.0,0.0,0.0,-7316.523050530666,-417.850536952059,-16506.0,5769.790322540672,0.0,-487.6842824676216,0.0,0.0,0.0,0.0,104.62823941600027,-75.73427948905001,-5311.0,30960.007446348343,0.0,-0.0,0.0,0.0,0.0,0.0,3281.8948111146656,-558.9022574630089,-33683.0,26715.90042240628,0.0,-797.3011427642707,0.0,0.0,0.0,0.0,-10789.592675086478,-478.0066045555346,-14651.0
t587,26262.038393043636,0.0,-7486.828393043639,0.0,0.0,0.0,0.0,1150.0,-52.21,-19873.0,30498.465340625597,0.0,-7371.2262610256,0.0,0.0,0.0,0.0,367.314,-22.553079600000004,-23472.0,31057.35353387594,0.0,-10218.43191212594,0.0,0.0,0.0,0.0,13100.6005,-613.52212175,-33326.0,22653.76172487435,0.0,-0.0,0.0,0.0,0.0,0.0,-5628.4095147608505,-346.3522101135055,-16679.0,6252.223930982982,0.0,-0.0,0.0,0.0,0.0,0.0,-835.1097385813816,-58.1141924015991,-5359.0,32023.723264338376,0.0,-0.0,0.0,0.0,0.0,0.0,2234.014370460057,-490.7376347984267,-33767.0,25933.1952013813,0.0,-0.0,0.0,0.0,0.0,0.0,-10388.409617117826,-485.7855842634797,-15059.0
t588,25458.65536534488,0.0,-6689.445365344882,0.0,0.0,0.0,0.0,1150.0,-52.21,-19867.0,30313.002738649506,0.0,-4321.754656794905,0.0,0.0,0.0,0.0,-2243.8300064379646,-110.4180754166375,-23637.0,29599.494764456438,0.0,-10838.852153327767,0.0,0.0,0.0,0.0,15711.744506437964,-701.3871175666375,-33771.0,20616.56695320177,0.0,-0.0,0.0,0.0,0.0,0.0,-3526.9230607766494,-167.6438924251195,-16922.0,5837.237703082856,0.0,-196.3,0.0,0.0,0.0,0.0,-190.74160823730563,-70.19609484555052,-5380.0,35590.9004195063,0.0,-0.0,0.0,0.0,0.0,0.0,-1213.4182785243038,-266.482140981994,-34111.0,25520.082410409308,0.0,-0.0,0.0,0.0,0.0,0.0,-9686.831552461741,-519.2508579475749,-15314.0
t589,24164.499552979898,0.0,-2407.7295529799007,0.0,0.0,0.0,0.0,-1450.0,-170.77,-20136.0,28152.813080876927,0.0,-4654.574001276926,0.0,0.0,0.0,0.0,367.314,-22.553079600000004,-23843.0,28520.891978395655,0.0,-8328.410356645647,0.0,0.0,0.0,0.0,15700.6005,-732.0821217499999,-35161.0,20356.422834797086,0.0,-0.0,0.0,0.0,0.0,0.0,-2829.9191690984253,-153.50366569866134,-17373.0,6338.672841355164,0.0,-0.0,0.0,0.0,0.0,0.0,-929.3251886422047,-56.34765271295866,-5353.0,36302.50204289783,0.0,-0.0,0.0,0.0,0.0,0.0,-1344.5500218170248,-257.9520210808025,-34700.0,25547.60931369724,0.0,-0.0,0.0,0.0,0.0,0.0,-9514.120120442347,-527.4891932549001,-15506.0
t590,23617.465802437433,0.0,-4984.255802437439,0.0,0.0,0.0,0.0,1150.0,-52.21,-19731.0,27728.327441997077,0.0,-4540.809790133863,0.0,0.0,0.0,0.0,1737.1577725938862,-89.67542445710042,-24835.0,26761.409681831094,0.0,-2867.4880600811002,0.0,0.0,0.0,0.0,13100.6005,-613.52212175,-36381.0,20498.334274301906,0.0,-0.0,0.0,0.0,0.0,0.0,-3028.9858806973343,-173.34839360457153,-17296.0,7343.877949131021,0.0,-841.6679491310198,0.0,0.0,0.0,0.0,-1150.0,-52.21,-5300.0,37858.034973603215,0.0,-0.0,0.0,0.0,0.0,0.0,-2486.110798800878,-339.92417480233553,-35032.0,25464.283358105007,0.0,-0.0,0.0,0.0,0.0,0.0,-9322.661593095674,-536.6217650093363,-15605.0
t591,22042.795124735298,0.0,-1064.0251247352953,0.0,0.0,0.0,0.0,-1450.0,-170.77,-19358.0,26762.598742528622,0.0,-2246.9,0.0,0.0,0.0,0.0,586.599317635516,-33.29806016414029,-25069.0,23636.58021243847,0.0,-1873.0985906884653,0.0,0.0,0.0,0.0,15700.6005,-732.0821217499999,-36732.0,19232.38974762722,0.0,-0.0,0.0,0.0,0.0,0.0,-2283.8060755096803,-117.58367211753975,-16831.0,7496.802582018473,0.0,-1139.810445054414,0.0,0.0,0.0,0.0,-1201.284578014741,-54.70755894931789,-5101.0,37275.68744753166,0.0,-0.0,0.0,0.0,0.0,0.0,-2500.9497374782823,-207.73771005336835,-34567.0,24920.32312956044,0.0,-0.0,0.0,0.0,0.0,0.0,-8851.159426632812,-559.1637029276295,-15510.0
t592,19051.569999999996,0.0,-0.0,0.0,0.0,0.0,0.0,-250.0,-247.57,-18554.0,22610.24570277434,0.0,-679.0793177947774,0.0,0.0,0.0,0.0,2820.627404653832,-374.79378963339855,-24377.0,18346.588710437227,0.0,-0.0,0.0,0.0,0.0,0.0,18507.961095346167,-826.5498057833986,-36028.0,20129.711492319122,1171.0852612558756,-0.0,0.0,0.0,0.0,0.0,-4723.5064999999995,-184.290253575,-16393.0,4826.112565619667,0.0,-0.0,0.0,0.0,0.0,0.0,142.71614389752375,-84.82870951719059,-4884.0,42058.023025999995,0.0,-0.0,0.0,0.0,0.0,0.0,-8040.674,-422.349026,-33595.0,24299.196289589712,0.0,-0.0,0.0,0.0,0.0,0.0,-8457.124143897525,-712.0721456921906,-15130.0
t593,12319.02002310113,6013.549976898867,-0.0,0.0,0.0,0.0,0.0,-250.0,-247.57,-17835.0,15675.52924558142,0.0,-0.0,0.0,0.0,70.086,0.0,7975.7117647007635,-359.3270102821807,-23362.0,16313.909866306829,6654.4454248261145,-0.0,0.0,0.0,106.851,0.0,13352.876735299236,-811.0830264321808,-35617.0,20195.94089114441,569.8558624305914,-0.0,0.0,0.0,0.0,0.0,-4723.5064999999995,-184.290253575,-15858.0,3040.788370851347,1139.810445054414,-0.0,0.0,0.0,0.0,0.0,616.1864996523068,-95.78531555806734,-4701.0,40678.023026,0.0,-0.0,0.0,0.0,0.0,0.0,-8040.674,-422.349026,-32215.0,22967.83319744944,1490.7900539359325,-0.0,0.0,0.0,0.0,0.0,-8930.594499652307,-723.0287517330673,-14805.0
t594,13240.580379881316,4267.989620118678,-0.0,0.0,0.0,0.0,0.0,-250.0,-247.57,-17011.0,11505.522271345326,3522.522411743073,-0.0,0.0,0.0,598.347,0.0,6856.265976418065,-321.6576595064679,-22161.0,16095.231858497886,4915.417293576647,-0.0,0.0,0.0,104.44200000000001,0.0,14472.322523581935,-773.4136756564678,-34814.0,22535.04368096073,103.70581387847746,-0.0,0.0,0.0,0.0,0.0,-6958.0989991917795,-329.6504956474252,-15351.0,3916.424059949038,196.3,-0.0,0.0,0.0,0.0,0.0,476.24616112263425,-88.97022107167228,-4500.0,37254.79076888065,0.0,-0.0,0.0,0.0,0.0,0.0,-5806.081500808221,-567.7092680724252,-30881.0,24066.867818369305,0.0,-0.0,0.0,0.0,0.0,0.0,-8790.654161122635,-716.2136572466723,-14560.0
t595,13369.029356655887,2973.5406433441126,-0.0,0.0,0.0,0.0,0.0,-250.0,-247.57,-15845.0,8891.648464420183,6135.442601737566,-0.0,0.0,0.0,390.2470394422534,0.0,5627.988,-280.3261056,-20765.0,16156.272017825739,3152.069603924263,-0.0,0.0,0.0,103.14,0.0,15700.6005,-732.0821217499999,-34380.0,24348.448122447222,0.0,-0.0,0.0,0.0,0.0,0.0,-9658.158740619894,-505.2893818273241,-14185.0,3918.579409470731,0.0,-0.0,0.0,0.0,0.0,0.0,353.40862351967735,-82.98803299040829,-4189.0,33238.369913632436,0.0,-0.0,0.0,0.0,0.0,0.0,-3106.0217593801053,-743.3481542523241,-29389.0,23556.048092685083,0.0,-0.0,0.0,0.0,0.0,0.0,-8667.816623519679,-710.2314691654083,-14178.0
t596,13425.200514203396,2153.369485796604,-0.0,0.0,0.0,0.0,0.0,-250.0,-247.57,-15081.0,10252.49158465863,2580.1415209413703,-0.0,0.0,0.0,54.705,0.0,5627.988,-280.3261056,-18235.0,16253.504057870428,2826.524563879566,-0.0,0.0,0.0,102.453,0.0,15700.6005,-732.0821217499999,-34151.0,26098.95189703863,0.0,-0.0,0.0,0.0,0.0,0.0,-11166.542172938949,-603.4097240996786,-14329.0,3434.1731140166526,118.45372373733123,-0.0,0.0,0.0,0.0,0.0,802.2182227173516,-104.84506047133502,-4250.0,29903.106823585735,0.0,-0.0,0.0,0.0,0.0,0.0,-1597.6383270610513,-841.4684965246786,-27464.0,23487.71471936368,0.0,-0.0,0.0,0.0,0.0,0.0,-9116.626222717352,-732.088496646335,-13639.0
t597,13326.359112811439,2143.210887188562,-0.0,0.0,0.0,0.0,0.0,-250.0,-247.57,-14972.0,9159.988500352036,3289.492605247965,-0.0,0.0,0.0,493.857,0.0,5627.988,-280.3261056,-18291.0,16121.152565175335,4352.6820565746675,-0.0,0.0,0.0,106.647,0.0,15700.6005,-732.0821217499999,-35549.0,26796.873254595852,0.0,-43.774834120851665,0.0,0.0,0.0,0.0,-11877.4445,-649.6539204750001,-14226.0,3951.8268618101174,94.99064756488269,-0.0,0.0,0.0,0.0,0.0,266.9604999999999,-78.778009375,-4235.0,29262.448692899998,0.0,-0.0,0.0,0.0,0.0,0.0,-886.7359999999999,-887.7126929,-27488.0,22841.389945549996,0.0,-0.0,0.0,0.0,0.0,0.0,-8581.3685,-706.02144555,-13554.0
t598,12722.79083943613,2434.779160563869,-0.0,0.0,0.0,0.0,0.0,-250.0,-247.57,-14660.0,9867.869105600003,2246.9,-0.0,0.0,0.0,484.569,0.0,5627.988,-280.3261056,-17947.0,16124.965112622016,6178.364509127984,-0.0,0.0,0.0,112.152,0.0,15700.6005,-732.0821217499999,-37384.0,26545.582232773777,0.0,-235.48381229877123,0.0,0.0,0.0,0.0,-11877.4445,-649.6539204750001,-13783.0,4446.2009504688,0.0,-507.38344109380074,0.0,0.0,0.0,0.0,266.9604999999999,-78.778009375,-4127.0,28893.448692899998,0.0,-0.0,0.0,0.0,0.0,0.0,-886.7359999999999,-887.7126929,-27119.0,22882.389945549996,0.0,-0.0,0.0,0.0,0.0,0.0,-8581.3685,-706.02144555,-13595.0
t599,12489.53851464496,2221.031485355037,-0.0,0.0,0.0,0.0,0.0,-250.0,-247.57,-14213.0,9612.855843507004,1467.6142620929973,-0.0,0.0,0.0,455.868,0.0,5627.988,-280.3261056,-16884.0,16313.409872017424,5853.330749732573,-0.0,0.0,0.0,111.741,0.0,15700.6005,-732.0821217499999,-37247.0,26526.695547986375,0.0,-36.597127511375305,0.0,0.0,0.0,0.0,-11877.4445,-649.6539204750001,-13963.0,4297.172775942683,0.0,-310.35526656768303,0.0,0.0,0.0,0.0,266.9604999999999,-78.778009375,-4175.0,28241.4486929,0.0,-0.0,0.0,0.0,0.0,0.0,-886.7359999999999,-887.7126929,-26467.0,22653.389945549996,0.0,-0.0,0.0,0.0,0.0,0.0,-8581.3685,-706.02144555,-13366.0
t600,13357.885684168106,1463.6843158319025,-0.0,0.0,0.0,0.0,0.0,-250.0,-247.57,-14324.0,11348.784824196424,0.0,-0.0,0.0,0.0,50.835,0.0,5832.591178355231,-287.21100255165356,-16945.0,16083.373031985466,5526.168665071421,-0.0,0.0,0.0,109.428,0.0,15495.997321644769,-738.9670187016536,-36476.0,26776.098420475002,0.0,-0.0,0.0,0.0,0.0,0.0,-11877.4445,-649.6539204750001,-14249.0,4386.619591132265,0.0,-135.37842245682828,0.0,0.0,0.0,0.0,96.82255845290695,-87.06372712834343,-4261.0,28609.448692899998,0.0,-0.0,0.0,0.0,0.0,0.0,-886.7359999999999,-887.7126929,-26835.0,22363.53772175625,0.0,-0.0,0.0,0.0,0.0,0.0,-8411.230558452908,-714.3071633033434,-13238.0
