BalanceComponent,Generation,Storage_Discharge,Storage_Charge,Flexible_Demand_Defer,Flexible_Demand_Stasify,Demand_Response,Nonserved_Energy,Transmission_NetExport,Transmission_Losses,Demand,Generation,Storage_Discharge,Storage_Charge,Flexible_Demand_Defer,Flexible_Demand_Stasify,Demand_Response,Nonserved_Energy,Transmission_NetExport,Transmission_Losses,Demand,Generation,Storage_Discharge,Storage_Charge,Flexible_Demand_Defer,Flexible_Demand_Stasify,Demand_Response,Nonserved_Energy,Transmission_NetExport,Transmission_Losses,Demand,Generation,Storage_Discharge,Storage_Charge,Flexible_Demand_Defer,Flexible_Demand_Stasify,Demand_Response,Nonserved_Energy,Transmission_NetExport,Transmission_Losses,Demand,Generation,Storage_Discharge,Storage_Charge,Flexible_Demand_Defer,Flexible_Demand_Stasify,Demand_Response,Nonserved_Energy,Transmission_NetExport,Transmission_Losses,Demand,Generation,Storage_Discharge,Storage_Charge,Flexible_Demand_Defer,Flexible_Demand_Stasify,Demand_Response,Nonserved_Energy,Transmission_NetExport,Transmission_Losses,Demand,Generation,Storage_Discharge,Storage_Charge,Flexible_Demand_Defer,Flexible_Demand_Stasify,Demand_Response,Nonserved_Energy,Transmission_NetExport,Transmission_Losses,Demand
Zone,1,1,1,1,1,1,1,1,1,1,2,2,2,2,2,2,2,2,2,2,3,3,3,3,3,3,3,3,3,3,4,4,4,4,4,4,4,4,4,4,5,5,5,5,5,5,5,5,5,5,6,6,6,6,6,6,6,6,6,6,7,7,7,7,7,7,7,7,7,7
AnnualSum,1.5884921733807474e8,6.418757751627852e6,-7.561372210808692e6,0.0,0.0,2010.054242931357,0.0,6.946191117777087e6,-3.224486479485343e6,-1.6143031757142845e8,1.7725228770650104e8,1.1427204794133648e7,-1.3910279062503213e7,0.0,0.0,6874.623857142858,0.0,1.5598023811873825e7,-2.6008025881481366e6,-1.8777330928571424e8,2.024224465590282e8,9.439725507903567e6,-1.1432713137197528e7,0.0,0.0,8025.23342857143,0.0,1.019365658206664e8,-5.664286698115009e6,-2.967097632857144e8,2.1845895236672416e8,1.5454748889882965e6,-1.8906705512127206e6,0.0,0.0,5471.343578898885,0.0,-5.796625745753696e7,-3.646534447684513e6,-1.5650643614285713e8,8.37783145995241e7,375502.27387917903,-441767.38077489793,0.0,0.0,675.0623147702117,0.0,-3.483831865898253e7,-2.0184720388177615e6,-4.685593385714286e7,2.9571483901423204e8,461913.92416128505,-573323.5091898591,0.0,0.0,10809.04952140289,0.0,3.8357966660399316e6,-5.406126716193473e6,-2.940439084285715e8,1.7931796894945547e8,1.257646605778766e6,-1.4795842412237728e6,0.0,0.0,2688.9181784561283,0.0,-3.5512001299837776e7,-4.741800075208363e6,-1.3884491885714293e8
t1,20074.77182293853,1317.275226598582,-0.0,0.0,0.0,0.0,0.0,-3710.2592287080224,-587.7878208290858,-17094.0,11314.734065622193,341.1946353472267,-0.0,0.0,0.0,0.0,0.0,8021.954373084886,-360.88307405430646,-19317.0,15702.6159300502,0.0,-0.0,0.0,0.0,0.0,0.0,18896.15903817417,-1067.7749682243623,-33531.0,28879.142829312914,0.0,-578.5,0.0,0.0,0.0,0.0,-10163.997802000427,-628.6450273124921,-17508.0,11753.791843942437,0.0,-27.871690237735315,0.0,0.0,0.0,0.0,-6187.641761547429,-277.2783921572726,-5261.0,36411.21550147501,0.0,-0.0,0.0,0.0,0.0,0.0,-3073.915500000001,-1038.300001475,-32299.0,19684.735206263926,0.0,-0.0,0.0,0.0,0.0,0.0,-3782.299119003177,-837.4360872607505,-15065.0
t2,18984.211482930263,1409.084685333043,-0.0,0.0,0.0,0.0,0.0,-2603.9557844905357,-537.3403837727684,-17252.0,9810.046111950713,2246.9,-0.0,0.0,0.0,0.0,0.0,8653.177624514192,-382.12373646490255,-20328.0,15923.453476411325,0.0,-0.0,0.0,0.0,0.0,0.0,17279.366659976346,-1043.820136387671,-32159.0,28700.48971215538,0.0,-578.5,0.0,0.0,0.0,0.0,-9463.204816362175,-641.7848957932092,-18017.0,12490.724698061407,0.0,-27.871690237735315,0.0,0.0,0.0,0.0,-6888.434747185681,-290.4182606379898,-5284.0,38643.21550147501,314.0,-0.0,0.0,0.0,0.0,0.0,-3073.915500000001,-1038.300001475,-34845.0,19624.72146652192,0.0,-0.0,0.0,0.0,0.0,0.0,-3903.033436452144,-842.6880300697806,-14879.0
t3,19500.24840224978,1380.9778710643604,-0.0,0.0,0.0,0.0,0.0,-3476.476348127931,-602.7499251862117,-16802.0,9798.921016070908,153.10946648467544,-0.0,0.0,0.0,0.0,0.0,11143.906272928461,-465.93675548404275,-20630.0,15905.139136683565,0.0,-0.0,0.0,0.0,0.0,0.0,15894.94145577956,-1178.0805924631286,-30622.0,29189.203648704228,0.0,-862.057836021148,0.0,0.0,0.0,0.0,-9533.682371040084,-640.4634416429984,-18153.0,12614.225689233288,0.0,-224.17169023773533,0.0,0.0,0.0,0.0,-6817.9571925077735,-289.0968064877791,-5283.0,39794.96686351781,44.248637957199996,-0.0,0.0,0.0,0.0,0.0,-3073.915500000001,-1038.300001475,-35727.0,19344.46645145914,0.0,-0.0,0.0,0.0,0.0,0.0,-4136.816317032235,-857.6501344269064,-14350.0
t4,18563.25785869363,1624.1702464831658,-0.0,0.0,0.0,0.0,0.0,-2964.3422061860015,-572.0858989907929,-16651.0,10132.171141537123,2622.0341730942273,-0.0,0.0,0.0,0.0,0.0,8796.749619463599,-386.9549340949501,-21164.0,15925.443357133883,0.0,-0.0,0.0,0.0,0.0,0.0,17663.260415086555,-1072.703772220437,-32516.0,29049.75418855809,0.0,-748.4831063465713,0.0,0.0,0.0,0.0,-9450.243155272887,-642.0279269386334,-18209.0,12518.49530954097,0.0,-9.437609482585849,0.0,0.0,0.0,0.0,-6901.39640827497,-290.661291783414,-5317.0,39161.61550147501,64.6,-0.0,0.0,0.0,0.0,0.0,-3073.915500000001,-1038.300001475,-35114.0,19216.493871901373,0.0,-0.0,0.0,0.0,0.0,0.0,-4070.1127648162965,-853.3811070850863,-14293.0
t5,18539.55375372175,1577.4069908275167,-0.0,0.0,0.0,0.0,0.0,-2853.2524335781063,-548.7083109711616,-16715.0,11603.01172070752,3079.916566346709,-0.0,0.0,0.0,0.0,0.0,7788.085085471903,-353.01337252612956,-22118.0,15709.321851541088,0.0,-0.0,0.0,0.0,0.0,0.0,18393.755848106204,-1026.0776996472912,-33077.0,29270.921649022555,0.0,-974.4831063465713,0.0,0.0,0.0,0.0,-9413.725917529668,-642.7126251463187,-18240.0,12636.390957990254,0.0,-64.13132198096744,0.0,0.0,0.0,0.0,-6937.913646018188,-291.3459899910993,-5343.0,38885.21550147501,0.0,-0.0,0.0,0.0,0.0,0.0,-3073.915500000001,-1038.300001475,-34773.0,18934.721466521918,0.0,-0.0,0.0,0.0,0.0,0.0,-3903.033436452144,-842.6880300697806,-14189.0
t6,19873.55623124207,1208.9003561241905,-0.0,0.0,0.0,0.0,0.0,-3639.115572542582,-592.3410148236741,-16851.0,11962.109508929665,571.1,-0.0,0.0,0.0,0.0,0.0,10915.02540536072,-458.2349142903883,-22990.0,17229.55642792217,0.0,-0.0,0.0,0.0,0.0,0.0,16123.822323347302,-1170.3787512694742,-32183.0,28327.54590788009,0.0,-578.5,0.0,0.0,0.0,0.0,-9101.478646400095,-648.5672614799983,-17999.0,12899.29072127028,0.0,-58.929177797738525,0.0,0.0,0.0,0.0,-7250.160917147761,-297.20062632477885,-5293.0,38680.21550147501,0.0,-0.0,0.0,0.0,0.0,0.0,-3073.915500000001,-1038.300001475,-34568.0,18815.41831668195,0.0,-0.0,0.0,0.0,0.0,0.0,-3974.177092617585,-847.2412240643688,-13994.0
t7,16141.792015990093,0.0,-0.0,0.0,0.0,0.0,0.0,1214.4299770561447,-363.22199304623985,-16993.0,12179.580971322966,0.0,-0.0,0.0,0.0,0.0,0.0,11657.643025898518,-483.22399722148515,-23354.0,20522.286509372385,0.0,-0.0,0.0,0.0,0.0,0.0,10456.515497045337,-970.8020064177249,-30008.0,27132.84495975934,0.0,-578.5,0.0,0.0,0.0,0.0,-8460.764304366206,-660.5806553931336,-17433.0,13592.389279419564,0.0,-196.3,0.0,0.0,0.0,0.0,-7890.87525918165,-309.21402023791427,-5196.0,38205.21550147501,0.0,-0.0,0.0,0.0,0.0,0.0,-3073.915500000001,-1038.300001475,-34093.0,18717.721466521914,0.0,-0.0,0.0,0.0,0.0,0.0,-3903.033436452144,-842.6880300697806,-13972.0
t8,14915.35483252823,0.0,-2261.5148325282307,0.0,0.0,0.0,0.0,4600.0,-208.84,-17045.0,19926.65816464792,0.0,-2246.9,0.0,0.0,0.0,0.0,5733.105132459337,-283.8632971072567,-23129.0,28124.78721610976,0.0,-1665.0,0.0,0.0,0.0,0.0,3902.0622798321783,-177.84949594193762,-30184.0,25211.291236928366,0.0,-804.5,0.0,0.0,0.0,0.0,-6909.492541133854,-404.29869579451884,-17093.0,11211.577023075972,0.0,-80.17158901300718,0.0,0.0,0.0,0.0,-5731.463177327134,-263.94225673583145,-5136.0,35238.78580499154,0.0,-378.6,0.0,0.0,0.0,0.0,-954.2819779576885,-537.9038270338524,-33368.0,14899.065251404018,0.0,-0.0,0.0,0.0,0.0,0.0,-639.9297158728396,-376.1355355311789,-13883.0
t9,15748.595470600732,0.0,-3208.7554706007313,0.0,0.0,0.0,0.0,4600.0,-208.84,-16931.0,30620.21388919298,0.0,-5393.448826725627,0.0,0.0,0.0,0.0,-1983.0359042880514,-66.72915817929292,-23177.0,32873.8559090866,0.0,-4990.636472730683,0.0,0.0,0.0,0.0,3160.739843164504,-117.95927952041859,-30926.0,18613.139262170822,0.0,-804.5,0.0,0.0,0.0,0.0,-777.3673327201416,-56.27192945068312,-16975.0,10040.745469486516,0.0,-64.56014829545347,0.0,0.0,0.0,0.0,-4668.069026936013,-210.11629425505026,-5098.0,32273.159275539478,0.0,-378.6,0.0,0.0,0.0,0.0,845.4363596561549,-54.99563519563287,-32685.0,15890.235202981848,0.0,-797.3011427642705,0.0,0.0,0.0,0.0,-1177.7039388764524,-51.230121341125674,-13864.0
t10,15829.36317446707,0.0,-5124.975016229924,0.0,0.0,0.0,0.0,6513.944275387666,-331.3324336248106,-16887.0,33173.296116285346,0.0,-6158.688427115619,0.0,0.0,0.0,0.0,-3922.4460327442357,-144.16165642549174,-22948.0,33973.88817254358,0.0,-5677.104053755518,0.0,0.0,0.0,0.0,3129.5243764805086,-105.30849526856912,-31321.0,18941.514328464607,0.0,-748.4831063465713,0.0,0.0,0.0,0.0,-1100.6540180477737,-60.37720407026733,-17032.0,9809.817306329553,0.0,-95.7733847835525,0.0,0.0,0.0,0.0,-4357.660047435414,-213.383874110586,-5143.0,31029.450769369694,0.0,-314.0,0.0,0.0,0.0,0.0,1651.2357217469148,-94.68649111660397,-32272.0,15981.43670901248,0.0,-0.0,0.0,0.0,0.0,0.0,-1913.9442753876658,-122.49243362481062,-13945.0
t11,17424.17564394364,0.0,-5564.828718666866,0.0,0.0,0.0,0.0,5400.740464447891,-260.08738972466506,-17000.0,34462.581967278114,0.0,-6158.688427115619,0.0,0.0,0.0,0.0,-5150.594071215571,-199.2994689469235,-22954.0,33979.50726949626,0.0,-5677.104053755518,0.0,0.0,0.0,0.0,3457.957038608434,-116.3602543491738,-31644.0,18491.535041258587,0.0,-748.4831063465713,0.0,0.0,0.0,0.0,-464.3454575823498,-8.706477329669058,-17270.0,9654.515769120957,0.0,-106.3147493736401,0.0,0.0,0.0,0.0,-4135.65454241765,-217.54647732966907,-5195.0,30870.902181990612,0.0,-378.6,0.0,0.0,0.0,0.0,1692.6370326071367,-82.9392145977497,-32102.0,16681.287854172555,0.0,-1630.3,0.0,0.0,0.0,0.0,-800.7404644478914,-51.247389724665055,-14199.0
t12,16186.53810096951,0.0,-3410.1843389027163,0.0,0.0,0.0,0.0,4723.382732834623,-216.7364949014159,-17283.0,34283.623697460716,0.0,-6158.688427115619,0.0,0.0,0.0,0.0,-5104.179625932471,-171.75564441262765,-22849.0,34112.68007223568,0.0,-5677.104053755518,0.0,0.0,0.0,0.0,5104.179625932471,-171.75564441262765,-33368.0,19320.49708467787,0.0,-653.0732949326219,0.0,0.0,0.0,0.0,-1027.1644561916585,-19.259333553593596,-17621.0,9081.886708272405,0.0,-16.951830910469262,0.0,0.0,0.0,0.0,-3572.8355438083418,-228.0993335535936,-5264.0,32707.6,0.0,-378.6,0.0,0.0,0.0,0.0,0.0,-0.0,-32329.0,16289.579227736038,0.0,-1630.3,0.0,0.0,0.0,0.0,-123.38273283462358,-7.89649490141591,-14528.0
t13,16028.38539380384,0.0,-3835.3850354954047,0.0,0.0,0.0,0.0,6018.632095824319,-299.6324541327564,-17912.0,33266.82367995672,0.0,-3749.9100863952285,0.0,0.0,0.0,0.0,-6098.692587976092,-205.2210055853955,-23213.0,32241.363835369946,0.0,-2386.835417760646,0.0,0.0,0.0,0.0,6098.692587976092,-205.2210055853955,-35748.0,19895.673643813756,0.0,-289.2499999986408,0.0,0.0,0.0,0.0,-1279.4342515976612,-23.989392217456146,-18303.0,8906.395140619794,0.0,-0.0,0.0,0.0,0.0,0.0,-3320.5657484023386,-232.82939221745616,-5353.0,33770.65722096165,0.0,-335.6572209616526,0.0,0.0,0.0,0.0,0.0,-0.0,-33435.0,16428.424549957075,0.0,-0.0,0.0,0.0,0.0,0.0,-1418.6320958243186,-90.79245413275639,-14919.0
t14,16825.02122846521,0.0,-97.3,0.0,0.0,0.0,0.0,1837.6887748217503,-211.41000328696504,-18354.0,32522.587950162797,0.0,-2246.9,0.0,0.0,0.0,0.0,-5399.978667985096,-181.70928217769847,-24694.0,30715.118584485743,0.0,-1665.0,0.0,0.0,0.0,0.0,9680.855740928297,-375.9743254140341,-38355.0,19238.96549883839,0.0,-0.0,0.0,0.0,0.0,0.0,-858.0371278404053,-40.92837099798734,-18340.0,8689.330575574199,0.0,-0.0,0.0,0.0,0.0,0.0,-3244.050674932273,-147.2799006419252,-5298.0,35683.63487789811,0.0,-314.0,0.0,0.0,0.0,0.0,-324.4286989219315,-19.206178976178347,-35026.0,17272.906478683446,0.0,-0.0,0.0,0.0,0.0,0.0,-1692.0493460703415,-151.85713261310482,-15429.0
t15,17627.010925540188,0.0,-97.3,0.0,0.0,0.0,0.0,701.1461108376807,-204.85703637786838,-18026.0,30687.656726563113,0.0,-2246.9,0.0,0.0,0.0,0.0,-3539.183481124963,-126.57324543814603,-24775.0,28587.256549089223,0.0,-1665.0,0.0,0.0,0.0,0.0,13439.236764938782,-596.4933140280065,-39765.0,17791.13167826012,578.5,-0.0,0.0,0.0,0.0,0.0,-273.58182519816717,-13.049853061952573,-18083.0,7840.674167122224,0.0,-0.0,0.0,0.0,0.0,0.0,-2602.5197695831494,-118.15439753907499,-5120.0,37952.50918381013,0.0,-0.0,0.0,0.0,0.0,0.0,-2870.4987452908777,-169.010438519253,-34913.0,20487.72477591158,0.0,-0.0,0.0,0.0,0.0,0.0,-4854.5990545793065,-236.12572133227266,-15397.0
t16,17845.00076266225,0.0,-0.0,0.0,0.0,0.0,0.0,-397.1512397621261,-84.84952290012288,-17363.0,27931.8152875986,0.0,-2246.9,0.0,0.0,0.0,0.0,-1196.8466903677263,-475.068597230874,-24013.0,24990.000315327263,0.0,-1248.7499999972715,0.0,0.0,0.0,0.0,17210.8345677803,-731.08488311029,-40221.0,15950.717346580745,578.5,-0.0,0.0,0.0,0.0,0.0,1071.88041112791,-20.097757708648313,-17581.0,6754.674831737992,0.0,-0.0,0.0,0.0,0.0,0.0,-1805.2807008748323,-53.39413086315858,-4896.0,42614.24165099551,0.0,-0.0,0.0,0.0,0.0,0.0,-8211.155007620815,-434.0866433746931,-33969.0,22219.67911979121,0.0,-0.0,0.0,0.0,0.0,0.0,-6672.281340282711,-309.3977795084965,-15238.0
t17,20089.066037677458,236.0750862511468,-0.0,0.0,0.0,0.0,0.0,-3504.318354284622,-294.8227696439829,-16526.0,23399.320783107538,0.0,-0.0,0.0,0.0,0.0,0.0,-182.3886973419785,-440.9320857655576,-22776.0,19022.02967454139,0.0,-0.0,0.0,0.0,0.0,0.0,22630.922328959412,-984.9520035008045,-40668.0,17018.262441756524,695.417403524735,-0.0,0.0,0.0,0.0,0.0,-228.7467605553843,-357.9330847258723,-17127.0,6255.165125282052,0.0,-0.0,0.0,0.0,0.0,0.0,-1483.8005789956496,-67.3645462864025,-4704.0,46272.79991454549,314.0,-0.0,0.0,0.0,0.0,0.0,-13305.652739444617,-773.1471751008722,-32508.0,19629.083471489823,0.0,-0.0,0.0,0.0,0.0,0.0,-3926.0151983371616,-718.0682731526665,-14985.0
t18,20879.304486649624,1257.7919949115912,-0.0,0.0,0.0,0.0,0.0,-6079.889892885803,-480.20658867541465,-15577.0,14912.888908503017,2407.5599274104466,-0.0,0.0,0.0,0.0,0.0,4440.825294719236,-320.27413063269773,-21441.0,16585.191479867477,2581.204053755519,-0.0,0.0,0.0,0.0,0.0,22598.022433988786,-1032.4179676117835,-40732.0,15239.144032198743,578.5,-0.0,0.0,0.0,0.0,0.0,1218.461664801714,-512.1056970004546,-16524.0,7503.555428405468,19.17064421565352,-0.0,0.0,0.0,0.0,0.0,-2805.1561141063157,-177.56995851480488,-4540.0,46894.117822717235,314.0,-0.0,0.0,0.0,0.0,0.0,-15469.229950065475,-913.887872651759,-30825.0,19023.44746041719,423.2740061047255,-0.0,0.0,0.0,0.0,0.0,-3903.033436452144,-842.6880300697806,-14701.0
t19,19425.68993291187,1639.5717915983532,-0.0,0.0,0.0,0.0,0.0,-5593.995531843487,-502.2661926667358,-14969.0,10878.035793551926,3933.302312048076,-0.0,0.0,0.0,0.0,0.0,5627.988,-280.3261056,-20159.0,16853.317141378826,3937.2930724922353,-0.0,0.0,0.0,0.0,0.0,21410.859728708023,-992.4699425790859,-41209.0,15044.271460025739,732.2873011812,-0.0,0.0,0.0,0.0,0.0,1202.0780177990987,-466.6367790060374,-16512.0,8378.689192481484,134.92643555459986,-0.0,0.0,0.0,0.0,0.0,-3820.9211405053993,-189.69448753068664,-4503.0,44915.729667338885,64.6,-0.0,0.0,0.0,0.0,0.0,-14922.975637706093,-878.3540296327812,-29179.0,18947.9087021956,222.8127643263158,-0.0,0.0,0.0,0.0,0.0,-3903.033436452144,-842.6880300697806,-14425.0
t20,19285.536387353888,1565.6539808552166,-0.0,0.0,0.0,0.0,0.0,-5518.496520423923,-505.69384778518395,-14827.0,11769.231717028402,4885.491329493805,-0.0,0.0,0.0,0.0,0.0,3371.5327773209456,-356.2558238431502,-19670.0,16656.903267489226,2295.1814419459374,-0.0,0.0,0.0,0.0,0.0,23667.314951387078,-1068.399660822236,-41551.0,14088.912622228418,578.5,-0.0,0.0,0.0,0.0,0.0,2608.054376460333,-542.4669986887446,-16733.0,8889.543574732834,0.0,-0.0,0.0,0.0,0.0,0.0,-4082.9182718319553,-189.6253029008787,-4617.0,45342.13496552408,314.0,-0.0,0.0,0.0,0.0,0.0,-16142.453876460335,-957.6810890637446,-28556.0,18869.6035203572,137.11794616471684,-0.0,0.0,0.0,0.0,0.0,-3903.033436452144,-842.6880300697806,-14261.0
t21,19473.97730704608,1634.9783436523662,-0.0,0.0,0.0,0.0,0.0,-5677.479636377555,-498.4760143208891,-14933.0,10437.984675315307,4163.3534302846965,-0.0,0.0,0.0,0.0,0.0,5627.988,-280.3261056,-19949.0,16936.11262054397,4525.497593327096,-0.0,0.0,0.0,0.0,0.0,21410.859728708023,-992.4699425790859,-41880.0,13128.617812824656,578.5,-0.0,0.0,0.0,0.0,0.0,3537.773446159846,-628.8912589845029,-16616.0,8420.529419359256,0.0,-0.0,0.0,0.0,0.0,0.0,-3614.3166020381695,-188.2128173210867,-4618.0,47288.091501475,0.0,-0.0,0.0,0.0,0.0,0.0,-17381.7915,-1038.300001475,-28868.0,18908.18891852847,63.532547993445185,-0.0,0.0,0.0,0.0,0.0,-3903.033436452144,-842.6880300697806,-14226.0
t22,19423.88046807329,1761.3937584285852,-0.0,0.0,0.0,0.0,0.0,-5940.75071934784,-486.52350715403816,-14758.0,11198.434372630454,2882.9037329695475,-0.0,0.0,0.0,0.0,0.0,5627.988,-280.3261056,-19429.0,16779.090072330226,4803.5201415408455,-0.0,0.0,0.0,0.0,0.0,21410.859728708023,-992.4699425790859,-42001.0,11718.210804753428,974.4831063465713,-0.0,0.0,0.0,0.0,0.0,3847.3920000000003,-623.0859111,-15917.0,8161.314691815163,224.17169023773533,-0.0,0.0,0.0,0.0,0.0,-3569.4724517343257,-166.01393031857307,-4650.0,46822.69150147467,188.4000000003314,-0.0,0.0,0.0,0.0,0.0,-17381.7915,-1038.300001475,-28591.0,18922.47205574447,0.0,-0.0,0.0,0.0,0.0,0.0,-3994.2250576258575,-838.2469981186207,-14090.0
t23,19393.222766387633,1700.9409184055057,-0.0,0.0,0.0,0.0,0.0,-6049.581075823076,-481.58260897006244,-14563.0,11435.594915856636,2246.9,-0.0,0.0,0.0,0.0,0.0,4835.498462674373,-306.9933785310074,-18211.0,16803.137866686997,3398.6500827894397,-0.0,0.0,0.0,0.0,0.0,22203.34926603365,-1019.1372155100933,-41386.0,10459.797531875554,974.4831063465713,-0.0,0.0,0.0,0.0,0.0,5211.726516443518,-558.0071546656442,-16088.0,7898.700589495804,224.17169023773533,-0.0,0.0,0.0,0.0,0.0,-3169.0021146543913,-146.87016507914853,-4807.0,46242.091501475,0.0,-0.0,0.0,0.0,0.0,0.0,-17381.7915,-1038.300001475,-27822.0,19055.68003418204,1137.4848951208414,-0.0,0.0,0.0,0.0,0.0,-5650.1995546740745,-758.965374628816,-13784.0
t24,19055.479692845267,1707.065661418692,-0.0,0.0,0.0,0.0,0.0,-4950.043750734866,-531.5016035290671,-15281.0,12456.238105600001,571.1,-0.0,0.0,0.0,0.0,0.0,5627.988,-280.3261056,-18375.0,16533.740147699442,3784.870066171619,-0.0,0.0,0.0,0.0,0.0,21410.859728708023,-992.4699425790859,-40737.0,11381.132486053428,974.4831063465713,-0.0,0.0,0.0,0.0,0.0,4766.623,-579.2385924,-16543.0,8196.597570435402,224.17169023773533,-0.0,0.0,0.0,0.0,0.0,-3360.2154779731563,-152.5537826999813,-4908.0,46727.49150147499,378.6,-0.0,0.0,0.0,0.0,0.0,-17381.7915,-1038.300001475,-28686.0,19144.38762175984,1464.9938136651547,-0.0,0.0,0.0,0.0,0.0,-6113.42,-735.9614354249999,-13760.0
t25,19264.200900968353,964.846148568753,-0.0,0.0,0.0,0.0,0.0,-3710.2592287080224,-587.7878208290858,-15931.0,10448.549395507534,1251.2155006613584,-0.0,0.0,0.0,0.0,0.0,7550.245162964875,-345.0100591337681,-18905.0,15689.55133036971,0.0,-0.0,0.0,0.0,0.0,0.0,19488.602565743146,-1057.153896112854,-34121.0,26570.12726463595,0.0,-748.4831063465713,0.0,0.0,0.0,0.0,-8348.967309237585,-662.6768490517953,-16810.0,13160.854158444583,0.0,-27.871690237735315,0.0,0.0,0.0,0.0,-8002.6722543102715,-311.3102138965759,-4819.0,32901.4486929,0.0,-0.0,0.0,0.0,0.0,0.0,-886.7359999999999,-887.7126929,-31127.0,20447.31365794692,0.0,-0.0,0.0,0.0,0.0,0.0,-6090.212936452144,-692.1007214947806,-13665.0
t26,19076.647406334952,1085.862393842055,-0.0,0.0,0.0,0.0,0.0,-3615.0629305441926,-583.4468696328152,-15964.0,9782.2809181755,1053.7884557614684,-0.0,0.0,0.0,0.0,0.0,9619.573586653936,-414.642960590905,-20041.0,15431.163948727948,916.2040537555189,-0.0,0.0,0.0,0.0,0.0,17324.077843890256,-1122.44584637372,-32549.0,27196.134782731788,0.0,-974.4831063465713,0.0,0.0,0.0,0.0,-8582.350767169648,-658.3009092155692,-16981.0,13024.316286755475,0.0,-139.09321631691566,0.0,0.0,0.0,0.0,-7769.28879637821,-306.9342740603497,-4809.0,35183.448692900005,0.0,-0.0,0.0,0.0,0.0,0.0,-886.7359999999999,-887.7126929,-33409.0,20502.31365794692,0.0,-0.0,0.0,0.0,0.0,0.0,-6090.212936452144,-692.1007214947806,-13720.0
t27,19066.178332853204,1092.5057371571584,-0.0,0.0,0.0,0.0,0.0,-3543.204763401667,-598.4793066086926,-16017.0,9796.091028220564,0.0,-0.0,0.0,0.0,0.0,0.0,11012.421256459293,-461.5122846798552,-20347.0,15413.271396972474,732.9582524377383,-0.0,0.0,0.0,0.0,0.0,16026.426472248731,-1173.656121658941,-30999.0,27622.369803216752,0.0,-849.3706778358888,0.0,0.0,0.0,0.0,-8945.507403088777,-651.4917222920855,-17176.0,12611.694857078532,0.0,-9.437609482585849,0.0,0.0,0.0,0.0,-7406.132160459079,-300.12508713686606,-4896.0,35943.448692900005,0.0,-0.0,0.0,0.0,0.0,0.0,-886.7359999999999,-887.7126929,-34169.0,20293.059609032884,0.0,-0.0,0.0,0.0,0.0,0.0,-6257.2674017585,-702.7922072743874,-13333.0
t28,19056.612167087587,941.604458163305,-0.0,0.0,0.0,0.0,0.0,-2873.8016764411504,-551.4149488097383,-16573.0,11007.239551428087,0.0,-0.0,0.0,0.0,0.0,0.0,10228.907495184885,-435.14704661297145,-20801.0,15407.25607597959,0.0,-0.0,0.0,0.0,0.0,0.0,15989.628596986393,-1109.8846729659815,-30287.0,27835.609792821,0.0,-578.5,0.0,0.0,0.0,0.0,-9216.702987741144,-646.4068050798536,-17394.0,12454.976745731346,0.0,-0.0,0.0,0.0,0.0,0.0,-7134.936575806712,-295.04016992463414,-5025.0,35945.448692900005,0.0,-0.0,0.0,0.0,0.0,0.0,-886.7359999999999,-887.7126929,-34171.0,20357.49291228378,0.0,-0.0,0.0,0.0,0.0,0.0,-6106.358852182271,-693.1340601015087,-13558.0
t29,20471.212189823313,589.670878240373,-0.0,0.0,0.0,0.0,0.0,-3189.8269587449195,-564.0561093187683,-17307.0,11245.009771231105,912.8505843018229,-0.0,0.0,0.0,0.0,0.0,10192.046312275132,-433.90666780805816,-21916.0,15757.949646807034,0.0,-0.0,0.0,0.0,0.0,0.0,16326.369146469788,-1122.3187932768265,-30962.0,27632.11152383743,0.0,-578.5,0.0,0.0,0.0,0.0,-8905.367172216489,-652.2443516209408,-17496.0,12907.15010779709,0.0,-0.0,0.0,0.0,0.0,0.0,-7446.2723913313675,-300.87771646572145,-5160.0,36104.200054942805,44.248637957199996,-0.0,0.0,0.0,0.0,0.0,-886.7359999999999,-887.7126929,-34374.0,20523.31365794692,0.0,-0.0,0.0,0.0,0.0,0.0,-6090.212936452144,-692.1007214947806,-13741.0
t30,19321.58561507996,388.7524840981219,-0.0,0.0,0.0,0.0,0.0,-1115.8551063294626,-469.48299284862344,-18125.0,11012.94137467264,465.13538115639983,-0.0,0.0,0.0,0.0,0.0,11814.422883604242,-488.49963943328277,-22804.0,16600.771286213632,2389.546639493046,-0.0,0.0,0.0,0.0,0.0,12630.020722725221,-1082.3386484319062,-30538.0,27615.906217913463,0.0,-653.0732949326218,0.0,0.0,0.0,0.0,-8805.72019045181,-654.1127325290286,-17503.0,13271.965470469857,0.0,-196.3,0.0,0.0,0.0,0.0,-7545.919373096047,-302.74609737380916,-5227.0,36344.448692900005,0.0,-0.0,0.0,0.0,0.0,0.0,-886.7359999999999,-887.7126929,-34570.0,20522.31365794692,0.0,-0.0,0.0,0.0,0.0,0.0,-6090.212936452144,-692.1007214947806,-13740.0
t31,18132.581712437142,0.0,-0.0,0.0,0.0,0.0,0.0,1058.0371300864178,-384.61884252355924,-18806.0,11656.708882084282,0.0,-0.0,0.0,0.0,0.0,0.0,12054.88221381044,-496.5910958947214,-23215.0,19758.408503415394,0.0,-0.0,0.0,0.0,0.0,0.0,10345.827328142374,-997.2358315577696,-29107.0,28987.634141938917,0.0,-974.4831063465713,0.0,0.0,0.0,0.0,-10256.235464450796,-626.9155711415476,-17130.0,11821.124725321124,0.0,-224.17169023773533,0.0,0.0,0.0,0.0,-6095.404099097062,-275.5489359863282,-5226.0,36239.84869290001,64.6,-0.0,0.0,0.0,0.0,0.0,-886.7359999999999,-887.7126929,-34530.0,20834.801952996662,0.0,-0.0,0.0,0.0,0.0,0.0,-6220.3711084913775,-700.4308445052915,-13914.0
t32,17230.765188919588,0.0,-2306.925188919589,0.0,0.0,0.0,0.0,4600.0,-208.84,-19315.0,16417.74974243712,0.0,-2246.9,0.0,0.0,0.0,0.0,9302.11058825775,-403.96033069487333,-23069.0,26118.213924935895,0.0,-2680.111489833267,0.0,0.0,0.0,0.0,6646.4779117422495,-572.5803468448732,-29512.0,29065.053017446568,0.0,-974.4831063465713,0.0,0.0,0.0,0.0,-10460.484,-623.0859111,-17007.0,11625.04652973037,0.0,-224.17169023773533,0.0,0.0,0.0,0.0,-5891.155563547856,-271.71927594478063,-5238.0,33034.472692899995,0.0,-64.6,0.0,0.0,0.0,0.0,1893.2640000000001,-723.1366929000001,-34140.0,21621.61480071119,0.0,-797.3011427642705,0.0,0.0,0.0,0.0,-6090.212936452144,-692.1007214947806,-14042.0
t33,17644.773373004853,0.0,-3499.946455059982,0.0,0.0,0.0,0.0,5809.415685956335,-286.2426039012055,-19668.0,24344.239681857638,0.0,-6158.688427115619,0.0,0.0,0.0,0.0,4995.797517200822,-249.34877194284024,-22932.0,30532.282164860553,0.0,-5677.104053755518,0.0,0.0,0.0,0.0,6156.635534652346,-267.81364575737706,-30744.0,28895.6960440504,0.0,-591.1871581852592,0.0,0.0,0.0,0.0,-10635.148024309337,-626.3608615558,-17043.0,11320.65670284574,0.0,-68.17093720663979,0.0,0.0,0.0,0.0,-5716.491539238518,-274.9942264005807,-5261.0,32001.30487644366,0.0,-64.6,0.0,0.0,0.0,0.0,2525.4544827991785,-692.1593592428403,-33770.0,19559.33450646419,0.0,-1630.3,0.0,0.0,0.0,0.0,-3135.663657060826,-588.3708494033632,-14205.0
t34,17877.81576859722,0.0,-2402.975768597222,0.0,0.0,0.0,0.0,4600.0,-208.84,-19866.0,27833.719559933023,0.0,-6158.688427115619,0.0,0.0,0.0,0.0,1071.470943409671,-52.50207622707388,-22694.0,31603.965361228646,0.0,-5677.104053755518,0.0,0.0,0.0,0.0,6783.208251465631,-295.06955893875494,-32415.0,28991.135285377106,0.0,-578.5,0.0,0.0,0.0,0.0,-10631.233040240853,-600.4022451362509,-17181.0,10325.683347501457,0.0,-47.04476482804601,0.0,0.0,0.0,0.0,-4686.365877607386,-262.2727050660251,-5330.0,28490.706624491482,0.0,-64.6,0.0,0.0,0.0,0.0,5523.391236541407,-481.4978610328915,-33468.0,19228.31180564282,0.0,-1630.3,0.0,0.0,0.0,0.0,-2660.471513568469,-492.5402920743468,-14445.0
t35,18341.356051343435,0.0,-2815.5160513434353,0.0,0.0,0.0,0.0,4600.0,-208.84,-19917.0,27858.166664054028,0.0,-6158.688427115619,0.0,0.0,0.0,0.0,1122.5255132088203,-55.003750147232196,-22767.0,31322.788611460568,0.0,-5677.104053755518,0.0,0.0,0.0,0.0,7654.276468682653,-332.96102638769537,-32967.0,26947.929721034357,0.0,-578.5,0.0,0.0,0.0,0.0,-8502.720491044443,-437.70922998991546,-17429.0,10307.374327150275,0.0,-36.223283803226956,0.0,0.0,0.0,0.0,-4637.9338604695495,-295.2171828774989,-5338.0,31138.665554247113,0.0,-64.6,0.0,0.0,0.0,0.0,2820.427274757317,-311.4928290044294,-33583.0,18366.137451667277,0.0,-0.0,0.0,0.0,0.0,0.0,-3056.5749051347975,-553.5625465324761,-14756.0
t36,17402.19744952709,0.0,-1782.3574495270918,0.0,0.0,0.0,0.0,4600.0,-208.84,-20011.0,27952.813334804436,0.0,-5765.2712273656,0.0,0.0,0.0,0.0,1081.4488880769395,-52.99099551577004,-23216.0,29670.740377993938,0.0,-3668.6938015490964,0.0,0.0,0.0,0.0,7703.833820422072,-335.8803968669119,-33370.0,25449.33876018167,0.0,-578.5,0.0,0.0,0.0,0.0,-6462.328026907755,-286.51073327391526,-18122.0,9830.690216260971,0.0,-0.0,0.0,0.0,0.0,0.0,-4238.992890190745,-302.69732607022644,-5289.0,34409.8061720364,0.0,-21.657220961652605,0.0,0.0,0.0,0.0,373.5318872219964,-153.68083829674052,-34608.0,18556.0961918017,0.0,-0.0,0.0,0.0,0.0,0.0,-3057.493678622508,-553.6025131791914,-14945.0
t37,17025.598705523746,0.0,-1063.758705523746,0.0,0.0,0.0,0.0,4600.0,-208.84,-20353.0,26815.46467658377,0.0,-3378.0876857552557,0.0,0.0,0.0,0.0,936.5121021782169,-45.88909300673263,-24328.0,28334.39529766322,0.0,-2693.666599108965,0.0,0.0,0.0,0.0,9563.273707732094,-416.00240628634606,-34788.0,24230.587302076707,0.0,-0.0,0.0,0.0,0.0,0.0,-5563.735409389001,-224.851892687705,-18442.0,9040.438572493404,0.0,-0.0,0.0,0.0,0.0,0.0,-3480.0329701124024,-270.4056023810007,-5290.0,36389.45888124758,0.0,-0.0,0.0,0.0,0.0,0.0,-400.71626931296305,-80.74261193461739,-35908.0,21476.315284403474,0.0,-0.0,0.0,0.0,0.0,0.0,-5655.301161095946,-603.0141233075265,-15218.0
t38,17096.315524250127,0.0,-0.0,0.0,0.0,0.0,0.0,3094.713115933837,-184.0286401839644,-20007.0,25511.05599693525,0.0,-474.1999761058726,0.0,0.0,0.0,0.0,-199.15447281901868,-6.7015480103599785,-24831.0,25940.154837753944,0.0,-0.0,0.0,0.0,0.0,0.0,10218.119199102402,-447.27403685634397,-35711.0,22640.103147865295,0.0,-0.0,0.0,0.0,0.0,0.0,-4163.316457585565,-173.78669027972936,-18303.0,8193.560553505486,0.0,-0.0,0.0,0.0,0.0,0.0,-2716.279633299571,-178.28092020591453,-5299.0,36505.52242860448,0.0,-0.0,0.0,0.0,0.0,0.0,-238.40863727764892,-14.113791326836816,-36253.0,21552.041889715805,0.0,-0.0,0.0,0.0,0.0,0.0,-5995.673114054436,-562.368775661368,-14994.0
t39,17114.120199997084,0.0,-0.0,0.0,0.0,0.0,0.0,2222.794678402386,-100.91487839946834,-19236.0,23798.21594618187,0.0,-0.0,0.0,0.0,0.0,0.0,878.8475855080212,-43.06353168989304,-24634.0,23153.538582563568,0.0,-0.0,0.0,0.0,0.0,0.0,13030.953912636109,-610.4924951996707,-35574.0,21059.58618891824,347.1000000010431,-0.0,0.0,0.0,0.0,0.0,-3371.7415285588095,-158.94466036047768,-17876.0,7351.736444403523,0.0,-0.0,0.0,0.0,0.0,0.0,-2157.5991498435765,-102.13729455994601,-5092.0,39613.48711719792,0.0,-0.0,0.0,0.0,0.0,0.0,-3658.8475855080214,-207.63953168989303,-35747.0,22316.046652035777,0.0,-0.0,0.0,0.0,0.0,0.0,-6944.407912636108,-603.6387393996707,-14768.0
t40,19656.916296028965,0.0,-0.0,0.0,0.0,0.0,0.0,-1036.6493639707387,-182.2669320582266,-18438.0,19966.187067021692,0.0,-0.0,0.0,0.0,0.0,0.0,4214.780282569834,-292.96734959152514,-23888.0,18462.581429416998,729.0238858202416,-0.0,0.0,0.0,0.0,0.0,16432.860304423484,-753.4656196607152,-34871.0,20358.390938079432,748.4831063465713,-0.0,0.0,0.0,0.0,0.0,-3615.3615094243014,-163.51253500170566,-17328.0,6083.922066934588,27.871690237735315,-0.0,0.0,0.0,0.0,0.0,-1174.6539527862583,-73.13980438606505,-4864.0,43219.023025999995,0.0,-0.0,0.0,0.0,0.0,0.0,-8040.674,-422.349026,-34756.0,20949.1792170596,740.6226655477394,-0.0,0.0,0.0,0.0,0.0,-6780.301760812019,-596.5001217953228,-14313.0
t41,20675.780095595714,183.23770476304162,-0.0,0.0,0.0,0.0,0.0,-3284.993616237408,-222.0241841213484,-17352.0,12686.013328643265,4707.324776956735,-0.0,0.0,0.0,0.0,0.0,5627.988,-280.3261056,-22741.0,15517.513953392023,2673.683862660024,-0.0,0.0,0.0,0.0,0.0,17179.313624159637,-799.5114402116793,-34571.0,19366.372101520257,791.896142679742,-0.0,0.0,0.0,0.0,0.0,-3306.5460000000003,-157.7222442,-16694.0,5331.827938027295,134.92643555459986,-0.0,0.0,0.0,0.0,0.0,-793.7195079222263,-36.03486565966907,-4637.0,41807.423026000004,64.6,-0.0,0.0,0.0,0.0,0.0,-8040.674,-422.349026,-33409.0,20717.021563647628,1186.5683819023661,-0.0,0.0,0.0,0.0,0.0,-7381.3685000000005,-629.22144555,-13893.0
t42,19472.962317080415,783.5280774174935,-0.0,0.0,0.0,0.0,0.0,-3576.4965395930144,-402.9938549048942,-16277.0,10654.387104872063,3731.6537598523587,-0.0,0.0,0.0,0.0,0.0,7333.681838542538,-337.7227032669564,-21382.0,15591.494785183377,1665.0,-0.0,0.0,0.0,0.0,0.0,17607.72861533018,-954.2234005135522,-33910.0,20704.260512867302,635.808562026193,-0.0,0.0,0.0,0.0,0.0,-5123.283011723674,-191.78606316981887,-16025.0,5451.306772200627,18.034623133517652,-0.0,0.0,0.0,0.0,0.0,-819.5884025560272,-153.75299277811726,-4496.0,40185.023026,0.0,-0.0,0.0,0.0,0.0,0.0,-8040.674,-422.349026,-31722.0,21044.41026882288,537.1796767271144,-0.0,0.0,0.0,0.0,0.0,-7381.3685000000005,-629.22144555,-13571.0
t43,19287.77597981416,802.1808455669998,-0.0,0.0,0.0,0.0,0.0,-4134.234360842496,-278.722464538664,-15677.0,10712.910006367852,4073.4280992321496,-0.0,0.0,0.0,0.0,0.0,5627.988,-280.3261056,-20134.0,15647.621334082607,837.5192691765787,-0.0,0.0,0.0,0.0,0.0,18015.963261006626,-838.1038642658093,-33663.0,19298.392819517714,578.5,-0.0,0.0,0.0,0.0,0.0,-3370.9627610480634,-158.9300584696512,-16347.0,5543.8805291846265,1.136021082135874,-0.0,0.0,0.0,0.0,0.0,-926.807169548048,-46.20938071871465,-4572.0,38675.023026,0.0,-0.0,0.0,0.0,0.0,0.0,-8040.674,-422.349026,-30212.0,21068.355259544227,0.0,-0.0,0.0,0.0,0.0,0.0,-7171.272969568017,-620.0822899762087,-13277.0
t44,18865.446661742455,878.2064988119328,-0.0,0.0,0.0,0.0,0.0,-3852.3359877294693,-276.3171728249175,-15615.0,10755.966584687643,579.246759402906,-0.0,0.0,0.0,0.0,0.0,9200.321793666317,-400.53513775687156,-20135.0,15604.279793377782,4760.9,-0.0,0.0,0.0,0.0,0.0,14486.653812573633,-959.8336059514132,-33892.0,19471.7682442,804.5,-0.0,0.0,0.0,0.0,0.0,-3306.5460000000003,-157.7222442,-16812.0,5652.965839290856,196.3,-0.0,0.0,0.0,0.0,0.0,-1106.0511185104801,-50.2147207803758,-4693.0,38415.023026,0.0,-0.0,0.0,0.0,0.0,0.0,-8040.674,-422.349026,-29952.0,20951.758192563568,277.83175298643437,-0.0,0.0,0.0,0.0,0.0,-7381.3685000000005,-629.22144555,-13219.0
t45,19462.800303299322,830.3439671416127,-0.0,0.0,0.0,0.0,0.0,-4310.170633251041,-329.97363718989243,-15653.0,10806.333445804526,3911.7884271156186,-0.0,0.0,0.0,0.0,0.0,6107.334233434943,-296.45610635508586,-20529.0,15581.600725609193,1616.76967503579,-0.0,0.0,0.0,0.0,0.0,18397.687057108902,-893.057457753885,-34703.0,19205.785137853425,974.4831063465713,-0.0,0.0,0.0,0.0,0.0,-3306.5460000000003,-157.7222442,-16716.0,5954.65876899616,224.17169023773533,-0.0,0.0,0.0,0.0,0.0,-1466.2621572928017,-66.5683019410932,-4646.0,38634.42302600001,64.6,-0.0,0.0,0.0,0.0,0.0,-8040.674,-422.349026,-30236.0,20926.57397862309,370.0159669269078,-0.0,0.0,0.0,0.0,0.0,-7381.3685000000005,-629.22144555,-13286.0
t46,19078.822641247374,1195.2959056393101,-0.0,0.0,0.0,0.0,0.0,-4505.431549417823,-551.6869974688609,-15217.0,11148.088899743592,2246.9,-0.0,0.0,0.0,0.0,0.0,6750.09614493342,-318.0850446770096,-19827.0,15600.477297881494,1665.0,-0.0,0.0,0.0,0.0,0.0,20288.751583774603,-1030.2288816560954,-36524.0,21415.864638548366,578.5,-0.0,0.0,0.0,0.0,0.0,-6030.567000587351,-208.7976379610128,-15755.0,5815.621249103637,0.0,-0.0,0.0,0.0,0.0,0.0,-1080.8066787028492,-223.81457040078794,-4511.0,38091.023025999995,0.0,-0.0,0.0,0.0,0.0,0.0,-8040.674,-422.349026,-29628.0,20914.59241626536,336.99752928463727,-0.0,0.0,0.0,0.0,0.0,-7381.3685000000005,-629.22144555,-13241.0
t47,19075.401064236365,1063.8909934554842,-0.0,0.0,0.0,0.0,0.0,-5031.866010882231,-335.4260468096211,-14772.0,12321.195820802986,464.1422847970149,-0.0,0.0,0.0,0.0,0.0,5627.988,-280.3261056,-18133.0,15503.255072689433,2273.8185745684095,-0.0,0.0,0.0,0.0,0.0,19297.004496743677,-896.0781440015116,-36178.0,18538.367296498378,748.4831063465713,-0.0,0.0,0.0,0.0,0.0,-3113.343898868906,-148.50650397604682,-16025.0,5821.536320181817,27.871690237735315,-0.0,0.0,0.0,0.0,0.0,-1164.5379858614428,-52.870024558109506,-4632.0,37109.023026,0.0,-0.0,0.0,0.0,0.0,0.0,-8040.674,-422.349026,-28646.0,21167.576306457133,0.0,-0.0,0.0,0.0,0.0,0.0,-7574.570601131094,-620.0057053260467,-12973.0
t48,19082.07097535914,990.8315901839487,-0.0,0.0,0.0,0.0,0.0,-4441.556462354038,-358.3461031890587,-15273.0,11215.146580474671,1694.191525125332,-0.0,0.0,0.0,0.0,0.0,5627.988,-280.3261056,-18257.0,15551.974476916163,1402.7922390768388,-0.0,0.0,0.0,0.0,0.0,19254.36716571354,-894.1338817065373,-35315.0,18988.289514412172,804.5,-0.0,0.0,0.0,0.0,0.0,-3272.382400861398,-126.40711355077445,-16394.0,5296.464120352961,196.3,-0.0,0.0,0.0,0.0,0.0,-686.8033995489927,-96.96072080396839,-4709.0,37779.023026,0.0,-0.0,0.0,0.0,0.0,0.0,-8040.674,-422.349026,-29316.0,21914.618840278432,0.0,-0.0,0.0,0.0,0.0,0.0,-8440.93890294911,-578.6799373293273,-12895.0
t49,26072.67308402914,596.0422231735168,-0.0,0.0,0.0,0.0,0.0,-8238.059781180806,-375.65552602184476,-18055.0,11865.427515365778,3308.9105902342244,-0.0,0.0,0.0,0.0,0.0,5627.988,-280.3261056,-20522.0,17808.56264976233,2785.853476046437,-0.0,0.0,0.0,0.0,0.0,15495.957971491598,-691.3740973003642,-35399.0,17642.02097841845,0.0,-0.0,0.0,0.0,0.0,0.0,1923.0359455608127,-36.056923979265235,-19529.0,8290.143247535036,196.3,-0.0,0.0,0.0,0.0,0.0,-3130.5789778817425,-94.86426965329453,-5261.0,40757.447025999994,0.0,-0.0,0.0,0.0,0.0,0.0,-5260.674,-257.773026,-35239.0,22546.748154542416,0.0,-0.0,0.0,0.0,0.0,0.0,-6417.6691579898625,-397.07899655254874,-15732.0
t50,25343.52288665729,677.5664193900029,-0.0,0.0,0.0,0.0,0.0,-7596.680667604523,-346.40863844276623,-18078.0,11960.424074330173,4204.9140312698255,-0.0,0.0,0.0,0.0,0.0,5627.988,-280.3261056,-21513.0,17266.269629630697,4083.95262900452,-0.0,0.0,0.0,0.0,0.0,13149.74466363487,-587.9669222700863,-33912.0,16224.443085305216,0.0,-0.0,0.0,0.0,0.0,0.0,3732.556713451417,-95.9997987566326,-19861.0,9368.289994382374,27.871690237735315,-0.0,0.0,0.0,0.0,0.0,-3968.7601807906085,-108.40150382950263,-5319.0,43332.447026,0.0,-0.0,0.0,0.0,0.0,0.0,-5260.674,-257.773026,-37814.0,21621.413675954613,0.0,-0.0,0.0,0.0,0.0,0.0,-5684.174528691157,-362.2391472634553,-15575.0
t51,25847.65992796769,676.547121569421,-0.0,0.0,0.0,0.0,0.0,-8310.259228708022,-378.94782082908586,-17835.0,12967.474002594345,3649.864103005654,-0.0,0.0,0.0,0.0,0.0,5627.988,-280.3261056,-21965.0,17153.824157756157,2114.3376869338285,-0.0,0.0,0.0,0.0,0.0,13696.068687600946,-613.230532290928,-32351.0,14822.55758826708,0.0,-0.0,0.0,0.0,0.0,0.0,5648.731357540961,-220.2889458080395,-20251.0,8956.742539516837,36.23937312890669,-0.0,0.0,0.0,0.0,0.0,-3495.62222715814,-85.35968548760141,-5412.0,46213.291751274,0.0,-0.0,0.0,0.0,0.0,0.0,-7156.213857540961,-381.0778937330395,-38676.0,21309.59876760923,0.0,-0.0,0.0,0.0,0.0,0.0,-6010.692731734783,-332.90603587444355,-14966.0
t52,25462.988465220693,732.5055978336732,-0.0,0.0,0.0,0.0,0.0,-8035.093786394763,-366.4002766596012,-17794.0,11670.775537079939,4227.42206124546,-0.0,0.0,0.0,0.0,0.0,6766.437327132613,-318.63492545801245,-22346.0,17259.85003441876,3803.270747187952,-0.0,0.0,0.0,0.0,0.0,11282.36725659488,-595.4880382015874,-31750.0,14209.366533398575,0.0,-0.0,0.0,0.0,0.0,0.0,6575.825105105697,-282.19163850427014,-20503.0,8149.680167629132,130.73950618517614,-0.0,0.0,0.0,0.0,0.0,-2668.387409879076,-50.03226393523268,-5562.0,46975.37405824728,0.0,-0.0,0.0,0.0,0.0,0.0,-7898.979274162982,-429.39478408430193,-38647.0,21272.038856165083,0.0,-0.0,0.0,0.0,0.0,0.0,-6022.169218396369,-273.8696377687093,-14976.0
t53,25484.929184868335,685.1418048922042,-0.0,0.0,0.0,0.0,0.0,-7861.582813466466,-358.48817629407085,-17950.0,11819.92147754997,5587.588427115619,-0.0,0.0,0.0,0.0,0.0,6132.803233543141,-297.31313820872674,-23243.0,16891.939993719232,3790.536202003316,-0.0,0.0,0.0,0.0,0.0,12053.298090385353,-579.7742861078957,-32156.0,15904.473479366725,0.0,-0.0,0.0,0.0,0.0,0.0,5019.128961684298,-243.6024410510185,-20680.0,6930.668159991475,196.3,-0.0,0.0,0.0,0.0,0.0,-1445.858316556049,-27.10984343542592,-5654.0,46836.13195004385,0.0,-0.0,0.0,0.0,0.0,0.0,-7914.713645128249,-430.41830491559256,-38491.0,21146.774985967128,0.0,-0.0,0.0,0.0,0.0,0.0,-5983.0755104620275,-270.6994755050982,-14893.0
t54,26025.734927967693,552.4721215694171,-0.0,0.0,0.0,0.0,0.0,-8310.259228708022,-378.94782082908586,-17889.0,14832.505689605541,3798.832415994459,-0.0,0.0,0.0,0.0,0.0,5627.988,-280.3261056,-23979.0,17143.14777825929,1845.8437550121089,-0.0,0.0,0.0,0.0,0.0,13104.506023114369,-587.497556385762,-31506.0,13783.091224960246,0.0,-0.0,0.0,0.0,0.0,0.0,6797.212021878771,-284.30324683901574,-20296.0,8710.150755789567,14.989890693905858,-0.0,0.0,0.0,0.0,0.0,-2931.265150623127,-57.87549586034627,-5736.0,46338.99493271284,0.0,-0.0,0.0,0.0,0.0,0.0,-7688.304540080593,-415.6903926322426,-38235.0,21583.967798055197,0.0,-0.0,0.0,0.0,0.0,0.0,-6599.877125581399,-309.0906724737955,-14675.0
t55,25567.696844557075,473.5909746523333,-0.0,0.0,0.0,0.0,0.0,-7870.397684783294,-358.8901344261182,-17812.0,13077.03269723892,525.8992362169148,-0.0,0.0,0.0,0.0,0.0,11104.68502710629,-464.6169605621267,-24243.0,17572.209250440574,4760.9,-0.0,0.0,0.0,0.0,0.0,8138.991908352033,-793.1011587926087,-29679.0,14615.190478952378,0.0,-0.0,0.0,0.0,0.0,0.0,5364.616815923441,-201.80729487581988,-19778.0,8794.342459948366,224.17169023773533,-0.0,0.0,0.0,0.0,0.0,-3227.2253906370734,-72.28875954902547,-5719.0,44848.69555872426,0.0,-0.0,0.0,0.0,0.0,0.0,-6872.099315923441,-362.5962428008199,-37614.0,21454.043927916344,0.0,-0.0,0.0,0.0,0.0,0.0,-6638.571360037956,-335.47256787838927,-14480.0
t56,25927.125627782094,0.0,-0.0,0.0,0.0,0.0,0.0,-7959.186713640103,-362.93891414198873,-17605.0,13280.915676121098,0.0,-2246.9,0.0,0.0,0.0,0.0,13308.76870003508,-538.7843761561804,-23804.0,21972.106183839558,0.0,-1665.0,0.0,0.0,0.0,0.0,10671.015514131519,-1117.1216979710719,-29861.0,15263.566705583595,0.0,-0.0,0.0,0.0,0.0,0.0,4121.8668568213625,-123.43356240495476,-19262.0,9260.25094129327,0.0,-0.7365634605040731,0.0,0.0,0.0,0.0,-3517.1083196412364,-86.40605819152822,-5656.0,45772.12974246621,0.0,-0.0,0.0,0.0,0.0,0.0,-8551.548340609555,-455.58140185665155,-36765.0,22854.84301595981,0.0,-0.0,0.0,0.0,0.0,0.0,-8073.807697097066,-424.0353188627339,-14357.0
t57,24445.484289982258,0.0,-0.0,0.0,0.0,0.0,0.0,-6680.2000653215755,-422.28422466068383,-17343.0,15777.109417188867,0.0,-5013.509615463868,0.0,0.0,0.0,0.0,13358.8705,-540.470301725,-23582.0,24150.5594534517,0.0,-2932.709872918242,0.0,0.0,0.0,0.0,10441.168655653866,-1111.018236187319,-30548.0,14061.271379200118,0.0,-0.0,0.0,0.0,0.0,0.0,4964.867748953044,-161.13912815316206,-18865.0,9875.718269375195,0.0,-27.871690237735315,0.0,0.0,0.0,0.0,-4127.005573428791,-111.84100570866711,-5609.0,44610.32198582442,0.0,-0.0,0.0,0.0,0.0,0.0,-8407.134691821435,-446.1872940029843,-35757.0,24373.001816145592,0.0,-0.0,0.0,0.0,0.0,0.0,-9550.566574035109,-429.4352421104799,-14393.0
t58,24653.504942264324,0.0,-0.0,0.0,0.0,0.0,0.0,-7009.502778600344,-438.0021636639745,-17206.0,17486.766435762067,0.0,-6158.688427115619,0.0,0.0,0.0,0.0,12244.907435974077,-502.9854446205277,-23070.0,25023.596131306847,0.0,-5677.104053755518,0.0,0.0,0.0,0.0,12882.489076125836,-1131.9811536771606,-31097.0,14683.447174461151,0.0,-0.0,0.0,0.0,0.0,0.0,4299.600618569618,-123.04779303077075,-18860.0,10728.659988994596,0.0,-72.83262088413827,0.0,0.0,0.0,0.0,-4882.232269830088,-148.59509828036994,-5625.0,43505.023025999995,0.0,-0.0,0.0,0.0,0.0,0.0,-8040.674,-422.349026,-35042.0,24520.2541853929,0.0,-0.0,0.0,0.0,0.0,0.0,-9494.5880822391,-494.6661031537992,-14531.0
t59,25280.543474639548,0.0,-877.5110232642711,0.0,0.0,0.0,0.0,-6684.264468429545,-452.76798294572876,-17266.0,18402.938880619196,0.0,-6158.688427115619,0.0,0.0,0.0,0.0,11160.235790237926,-466.4862437415062,-22938.0,26418.272983058072,0.0,-5677.104053755518,0.0,0.0,0.0,0.0,11431.434096229805,-978.6030255323574,-31194.0,12946.56473124116,0.0,-0.0,0.0,0.0,0.0,0.0,6216.219396233849,-215.78412747501187,-18947.0,11634.575003042084,0.0,-108.62798177932538,0.0,0.0,0.0,0.0,-5751.110823826334,-189.8361974364235,-5585.0,42857.09108826201,0.0,-0.0,0.0,0.0,0.0,0.0,-7697.608612744559,-402.4824755174459,-34757.0,24045.770718390246,0.0,-0.0,0.0,0.0,0.0,0.0,-8674.905377701141,-516.865340689112,-14854.0
t60,25079.497205010328,0.0,-913.7712196346688,0.0,0.0,0.0,0.0,-6031.314053596506,-482.41193177914874,-17652.0,18963.493615699947,0.0,-6158.688427115619,0.0,0.0,0.0,0.0,10881.294687034377,-457.0998756187068,-23229.0,26958.200858468197,0.0,-5542.767546020131,0.0,0.0,0.0,0.0,11791.904697163538,-979.338009611603,-32228.0,13458.352503575,0.0,-0.0,0.0,0.0,0.0,0.0,6140.5064999999995,-210.85900357500003,-19388.0,12391.638353065315,0.0,-133.09696813609645,0.0,0.0,0.0,0.0,-6404.061238659373,-219.48014626984346,-5635.0,43758.023025999995,0.0,-0.0,0.0,0.0,0.0,0.0,-8040.674,-422.349026,-35295.0,24277.851610450627,0.0,-0.0,0.0,0.0,0.0,0.0,-8337.656591942037,-502.195018508591,-15438.0
t61,25133.417919018935,0.0,-895.9687874072549,0.0,0.0,0.0,0.0,-5146.884078985171,-522.5650526265033,-18568.0,18923.250637591264,0.0,-4129.849297656988,0.0,0.0,0.0,0.0,9778.592610819811,-419.99395075408665,-24152.0,26121.093150516594,0.0,-4579.0985253084755,0.0,0.0,0.0,0.0,13123.18041285616,-952.1750380642783,-33713.0,12776.895252858378,0.0,-0.0,0.0,0.0,0.0,0.0,7702.521483225439,-328.4167360838147,-20151.0,13638.424480387906,0.0,-196.3,0.0,0.0,0.0,0.0,-7288.491213270708,-259.63326711719805,-5894.0,47821.674060434256,0.0,-0.0,0.0,0.0,0.0,0.0,-10521.919983225438,-583.7540772088147,-36716.0,24188.289884545975,0.0,-0.0,0.0,0.0,0.0,0.0,-7646.999231420094,-468.29065312588637,-16073.0
t62,24622.644820402107,0.0,-558.9903575705107,0.0,0.0,0.0,0.0,-4620.176904482678,-546.4775583489165,-18897.0,18325.769150154367,0.0,-2246.9,0.0,0.0,0.0,0.0,9644.616504626309,-415.48565478067536,-25308.0,25311.855724362104,0.0,-1665.0,0.0,0.0,0.0,0.0,12445.50413920555,-912.3598635676481,-35180.0,11777.847316900743,0.0,-0.0,0.0,0.0,0.0,0.0,8764.703702514393,-392.5510194151339,-20150.0,14125.044160612812,0.0,-196.3,0.0,0.0,0.0,0.0,-7815.198387773201,-283.5457728396113,-5830.0,49902.434713255,0.0,-0.0,0.0,0.0,0.0,0.0,-11298.184621337026,-634.2500919179736,-37970.0,24148.88647597817,0.0,-0.0,0.0,0.0,0.0,0.0,-7121.264432753347,-446.62204322482785,-16581.0
t63,24543.642914195134,0.0,-1104.575136822938,0.0,0.0,0.0,0.0,-4214.156911334343,-564.910866037851,-18660.0,16932.87907620763,0.0,-2246.9,0.0,0.0,0.0,0.0,11109.810351521053,-464.78942772868345,-25331.0,24979.296253999302,0.0,-1665.0,0.0,0.0,0.0,0.0,13726.841489598362,-1081.137743597665,-35960.0,13132.924820988974,0.0,-0.0,0.0,0.0,0.0,0.0,7203.447037660869,-337.3718586498395,-19999.0,14407.369151687817,0.0,-224.17169023773533,0.0,0.0,0.0,0.0,-8221.218380921537,-301.9790805285457,-5660.0,50800.74466293571,0.0,-0.0,0.0,0.0,0.0,0.0,-12410.160537660868,-706.5841252748395,-37684.0,24371.146005048213,0.0,-0.0,0.0,0.0,0.0,0.0,-7194.563048863538,-438.5829561846762,-16738.0
t64,23669.65470242611,0.0,-641.6599170353911,0.0,0.0,0.0,0.0,-4273.791321577923,-562.2034638127924,-18192.0,16901.657596970526,0.0,-2246.9,0.0,0.0,0.0,0.0,10415.674147492602,-441.43174446312605,-24629.0,23147.18224933012,0.0,-1665.0,0.0,0.0,0.0,0.0,15457.695014458155,-1102.8772637882707,-35837.0,10695.938348381665,0.0,-0.0,0.0,0.0,0.0,0.0,9188.565463894683,-466.5038122763491,-19418.0,13937.40301659653,0.0,-12.547367615085347,0.0,0.0,0.0,0.0,-8161.583970677957,-299.2716783034872,-5464.0,52197.99504279603,0.0,-0.0,0.0,0.0,0.0,0.0,-14395.278963894682,-835.7160789013491,-36967.0,25389.960529335724,0.0,-0.0,0.0,0.0,0.0,0.0,-8231.280369694878,-483.68015964083946,-16675.0
t65,23141.06857668362,0.0,-0.0,0.0,0.0,0.0,0.0,-5163.246372167596,-521.8222045160212,-17456.0,15413.105828834783,0.0,-0.0,0.0,0.0,0.0,0.0,8501.928370223226,-377.0341990580116,-23538.0,18907.288762580945,0.0,-396.0300850286605,0.0,0.0,0.0,0.0,18536.919358484796,-1089.1780360370974,-35959.0,11363.052852695135,0.0,-0.0,0.0,0.0,0.0,0.0,7703.8716253862385,-369.9244780813748,-18697.0,12776.223737587825,13.795601507171568,-0.0,0.0,0.0,0.0,0.0,-7272.128920088282,-258.89041900671594,-5259.0,50895.98967378578,0.0,-0.0,0.0,0.0,0.0,0.0,-14421.805412323753,-843.1842614620225,-35631.0,24994.964643565054,0.0,-0.0,0.0,0.0,0.0,0.0,-7885.53864951463,-638.4259940504284,-16471.0
t66,21665.376287902312,0.0,-0.0,0.0,0.0,0.0,0.0,-4422.944372606202,-555.4319152961085,-16687.0,14300.946475873232,358.1180253261118,-0.0,0.0,0.0,0.0,0.0,8012.500448285462,-360.5649494848058,-22311.0,17797.36150604133,0.0,-0.0,0.0,0.0,0.0,0.0,19026.34728042256,-1072.7087864638916,-35751.0,10996.436788625795,0.0,-0.0,0.0,0.0,0.0,0.0,7418.953783864596,-351.3905724903919,-18064.0,13420.161168847151,0.0,-16.23011941067064,0.0,0.0,0.0,0.0,-8012.430919649678,-292.5001297868033,-5099.0,47592.8261296922,0.0,-0.0,0.0,0.0,0.0,0.0,-12978.903010778764,-744.9231189134324,-33869.0,25822.221966630794,0.0,-0.0,0.0,0.0,0.0,0.0,-9043.523209537976,-558.6987570928212,-16220.0
t67,21888.15560424619,0.0,-176.77798238290544,0.0,0.0,0.0,0.0,-4847.2072407823725,-536.1703810809104,-16328.0,12238.643761223599,806.9413751937046,-0.0,0.0,0.0,0.0,0.0,8463.143967488693,-375.7291039059945,-21133.0,17568.965125910232,916.2040537555189,-0.0,0.0,0.0,0.0,0.0,18575.70376121933,-1087.8729408850804,-35973.0,11213.374142869483,0.0,-0.0,0.0,0.0,0.0,0.0,7469.290856174679,-354.66499904416287,-18328.0,13044.406647045113,0.0,-0.0,0.0,0.0,0.0,0.0,-7588.168051473507,-273.2385955716052,-5183.0,46212.30662184385,0.0,-0.0,0.0,0.0,0.0,0.0,-13176.004356174679,-758.3022656691628,-32278.0,25486.56241374692,0.0,-0.0,0.0,0.0,0.0,0.0,-8896.758936452145,-568.8034772947806,-16021.0
t68,21432.321632369578,0.0,-0.0,0.0,0.0,0.0,0.0,-4608.305093816411,-547.016538553165,-16277.0,12657.535879721636,571.1,-0.0,0.0,0.0,0.0,0.0,8345.121777490935,-371.75765721257,-21202.0,17969.748305875153,525.4272370994131,-0.0,0.0,0.0,0.0,0.0,18693.725951217086,-1083.901494191656,-36105.0,11605.531614436959,0.0,-0.0,0.0,0.0,0.0,0.0,7525.809951776075,-358.3415662130336,-18773.0,12680.927478607444,0.0,-0.0,0.0,0.0,0.0,0.0,-7102.146509228176,-248.78096937926986,-5330.0,46142.50228461411,0.0,-0.0,0.0,0.0,0.0,0.0,-13232.523451776075,-761.9788328380336,-32148.0,26137.182319293624,0.0,-0.0,0.0,0.0,0.0,0.0,-9621.682625663436,-533.4996936301907,-15982.0
t69,21634.148528578255,0.0,-0.0,0.0,0.0,0.0,0.0,-4513.843430511026,-551.3050980672296,-16569.0,12617.948895292551,1981.3291435188814,-0.0,0.0,0.0,0.0,0.0,7264.103348257424,-335.38138706886235,-21528.0,17660.78084359735,0.0,-0.0,0.0,0.0,0.0,0.0,19774.744380450597,-1047.525224047948,-36388.0,11365.966900139048,0.0,-0.0,0.0,0.0,0.0,0.0,7797.016662613991,-375.9835627530401,-18787.0,12150.870334810139,0.0,-0.0,0.0,0.0,0.0,0.0,-6630.376298196997,-225.49403661314366,-5295.0,46275.92599199203,0.0,-0.0,0.0,0.0,0.0,0.0,-13003.73016261399,-745.1958293780401,-32527.0,27092.41370135,0.0,-0.0,0.0,0.0,0.0,0.0,-10687.9145,-471.49920134999996,-15933.0
t70,21637.671027763157,0.0,-0.0,0.0,0.0,0.0,0.0,-4654.763710403022,-544.9073173601329,-16438.0,13064.010118197863,0.0,-0.0,0.0,0.0,0.0,0.0,8268.15769773078,-369.1678159286407,-20963.0,17682.906888925652,1349.7147330048344,-0.0,0.0,0.0,0.0,0.0,18770.690030977243,-1081.3116529077265,-36722.0,12416.329519887107,0.0,-0.0,0.0,0.0,0.0,0.0,5913.105630207917,-253.43515009502497,-18076.0,11965.977679964739,0.0,-0.0,0.0,0.0,0.0,0.0,-6581.403577906117,-223.5741020586214,-5161.0,44521.89154692794,0.0,-0.0,0.0,0.0,0.0,0.0,-11619.819130207918,-657.0724167200249,-32245.0,26196.368987901456,0.0,-0.0,0.0,0.0,0.0,0.0,-10095.966940398885,-510.40204750257436,-15590.0
t71,21647.665920789335,0.0,-0.0,0.0,0.0,0.0,0.0,-4954.360288054584,-531.305632734752,-16162.0,12565.114426966236,0.0,-0.0,0.0,0.0,0.0,0.0,7215.636035011915,-333.75046197815095,-19447.0,17650.682605261125,0.0,-0.0,0.0,0.0,0.0,0.0,19823.21169369611,-1045.8942989572367,-36428.0,13150.80233167108,0.0,-0.0,0.0,0.0,0.0,0.0,5339.307232663693,-216.1095643347732,-18274.0,11747.354011934103,0.0,-0.0,0.0,0.0,0.0,0.0,-6189.8594406534385,-205.4945712806661,-5352.0,43033.76756362347,0.0,-0.0,0.0,0.0,0.0,0.0,-11046.020732663692,-619.7468309597732,-31368.0,25842.838701349996,0.0,-0.0,0.0,0.0,0.0,0.0,-10187.9145,-505.92420135,-15149.0
t72,23249.11278049632,0.0,-0.0,0.0,0.0,0.0,0.0,-5792.875749721237,-493.23703077508594,-16963.0,11908.196255731438,1083.946164358557,-0.0,0.0,0.0,0.0,0.0,7147.308831489641,-331.45125157962644,-19808.0,17610.05619134033,0.0,-0.0,0.0,0.0,0.0,0.0,19891.53889721838,-1043.5950885587122,-36458.0,14537.532128289633,0.0,-0.0,0.0,0.0,0.0,0.0,4401.5781598592075,-155.11028814884145,-18784.0,10994.769948307787,0.0,-0.0,0.0,0.0,0.0,0.0,-5351.343978986785,-167.42596932100005,-5476.0,42540.61421463305,0.0,-0.0,0.0,0.0,0.0,0.0,-9608.291659859207,-524.3225547738414,-32408.0,26237.413701349997,0.0,-0.0,0.0,0.0,0.0,0.0,-10687.9145,-471.49920134999996,-15078.0
t73,13501.572243132512,0.0,-0.0,0.0,0.0,0.0,0.0,1488.047608920022,-582.6198520525325,-14407.0,8970.528972232767,1958.1790500923732,-0.0,0.0,0.0,0.0,0.0,6158.4687608784225,-298.1767832035589,-16789.0,15368.928915509967,5677.104053755518,-0.0,0.0,0.0,0.0,0.0,17797.718325632995,-869.7512948984794,-37974.0,29482.150276821572,0.0,-748.4831063465713,0.0,0.0,0.0,0.0,-13294.4445,-676.2226704750001,-14763.0,7793.051098867637,0.0,-0.0,0.0,0.0,0.0,0.0,-3057.195063547856,-324.85603531978063,-4411.0,32152.215501475,0.0,-0.0,0.0,0.0,0.0,0.0,-3073.915500000001,-1038.300001475,-28040.0,20408.769018460964,0.0,-0.0,0.0,0.0,0.0,0.0,-6018.67963188358,-978.0893865773925,-13412.0
t74,12207.721327013987,5330.116460016075,-0.0,0.0,0.0,0.0,0.0,-2220.7194183372467,-683.1183686928155,-14634.0,8965.223532591574,2718.114573008431,-0.0,0.0,0.0,0.0,0.0,5627.988,-280.3261056,-17031.0,15568.301914698308,689.3082991727588,-0.0,0.0,0.0,0.0,0.0,21410.859728708023,-992.4699425790859,-36676.0,29671.167170475,0.0,-578.5,0.0,0.0,0.0,0.0,-13294.4445,-676.2226704750001,-15122.0,7068.263734658879,50.760855497099655,-0.0,0.0,0.0,0.0,0.0,-2347.719990875349,-290.30459928062953,-4481.0,33257.215501475,0.0,-0.0,0.0,0.0,0.0,0.0,-3073.915500000001,-1038.300001475,-29145.0,20377.515461389783,0.0,-0.0,0.0,0.0,0.0,0.0,-6102.048319495427,-903.4671418943591,-13372.0
t75,12959.592415821811,2834.2935920701207,-0.0,0.0,0.0,0.0,0.0,-146.01226370922075,-536.8737441827102,-15111.0,9429.469992970322,2750.86811262968,-0.0,0.0,0.0,0.0,0.0,5627.988,-280.3261056,-17528.0,15425.3757446062,1665.0,-0.0,0.0,0.0,0.0,0.0,18865.003137409676,-876.3788820158811,-35079.0,30094.167170475,0.0,-578.5,0.0,0.0,0.0,0.0,-13294.4445,-676.2226704750001,-15545.0,6459.107298842029,139.90896053297084,-0.0,0.0,0.0,0.0,0.0,-1766.0394999999999,-261.97675937500003,-4571.0,34336.215501475,0.0,-0.0,0.0,0.0,0.0,0.0,-3073.915500000001,-1038.300001475,-30224.0,20638.56511174228,0.0,-0.0,0.0,0.0,0.0,0.0,-6212.579373700455,-844.985738041829,-13581.0
t76,12712.125169728486,605.0944916513083,-0.0,0.0,0.0,0.0,0.0,2680.64167162223,-400.86133300201874,-15597.0,9431.751411903146,3629.908841274639,-0.0,0.0,0.0,0.0,0.0,5776.668966960435,-285.32922013821866,-18553.0,15420.793313761736,1665.0,-0.0,0.0,0.0,0.0,0.0,15824.732179190989,-749.5254929527235,-32161.0,30357.167170475,0.0,-578.5,0.0,0.0,0.0,0.0,-13294.4445,-676.2226704750001,-15808.0,6838.989486375968,215.47064421565355,-0.0,0.0,0.0,0.0,0.0,-2123.0947791233157,-279.3653514683055,-4652.0,35196.21550147501,0.0,-0.0,0.0,0.0,0.0,0.0,-3073.915500000001,-1038.300001475,-31084.0,20669.806461206153,0.0,-0.0,0.0,0.0,0.0,0.0,-5790.588038650339,-858.2184225558193,-14021.0
t77,12779.636735639406,0.0,-0.0,0.0,0.0,0.0,0.0,3705.7738714267107,-369.4106070661172,-16116.0,9459.595432461932,4828.742673138068,-0.0,0.0,0.0,0.0,0.0,5627.988,-280.3261056,-19636.0,15554.52836747333,2438.775096621886,-0.0,0.0,0.0,0.0,0.0,15087.836624952626,-704.1400890478398,-32377.0,30525.15027682157,0.0,-748.4831063465713,0.0,0.0,0.0,0.0,-13294.4445,-676.2226704750001,-15806.0,7476.149674876981,224.17169023773533,-0.0,0.0,0.0,0.0,0.0,-2674.1210349859025,-306.2003301288135,-4720.0,35598.21550147501,0.0,-0.0,0.0,0.0,0.0,0.0,-3073.915500000001,-1038.300001475,-31486.0,20553.10242604052,0.0,-0.0,0.0,0.0,0.0,0.0,-5379.1174613934345,-893.9849646470909,-14280.0
t78,12985.010875563657,97.3,-0.0,0.0,0.0,0.0,0.0,3953.206563802295,-414.5174393659482,-16621.0,12265.521992818782,660.6189841019077,-0.0,0.0,0.0,0.0,0.0,7677.139061912672,-349.28003883336146,-20254.0,15958.614517595717,3095.9,-0.0,0.0,0.0,0.0,0.0,13305.758008184055,-785.2725257797722,-31575.0,30093.167170475,0.0,-578.5,0.0,0.0,0.0,0.0,-13294.4445,-676.2226704750001,-15544.0,7800.908534304179,196.3,-0.0,0.0,0.0,0.0,0.0,-2921.939447486582,-318.2690868175966,-4757.0,35489.21550147501,0.0,-0.0,0.0,0.0,0.0,0.0,-3073.915500000001,-1038.300001475,-31377.0,20757.786236549564,0.0,-0.0,0.0,0.0,0.0,0.0,-5645.80418641244,-938.9820501371339,-14173.0
t79,13278.84528755257,0.0,-0.0,0.0,0.0,0.0,0.0,4080.3541613390053,-387.1994488915724,-16972.0,11141.209171540968,0.0,-0.0,0.0,0.0,0.0,0.0,9702.214661208705,-417.423832749673,-20426.0,20372.480888932536,0.0,-0.0,0.0,0.0,0.0,0.0,10957.183898698922,-838.6647876314609,-30491.0,28926.681945062235,0.0,-0.0,0.0,0.0,0.0,0.0,-12965.6246468341,-670.0572982281394,-15291.0,8679.877270024414,0.0,-224.17169023773533,0.0,0.0,0.0,0.0,-3386.014916713759,-318.69066307291996,-4751.0,32589.448692899998,0.0,-0.0,0.0,0.0,0.0,0.0,-886.7359999999999,-887.7126929,-30815.0,22672.792389353333,0.0,-0.0,0.0,0.0,0.0,0.0,-7501.377157698778,-782.4152316545651,-14389.0
t80,14454.883207445537,0.0,-1969.4827320458892,0.0,0.0,0.0,0.0,5166.708893803792,-245.10936920344272,-17407.0,19050.710496644697,0.0,-2246.9,0.0,0.0,0.0,0.0,3865.693445637144,-147.50394228183694,-20522.0,29143.804410603414,0.0,-1665.0,0.0,0.0,0.0,0.0,3812.603426829172,-399.4078374325842,-30892.0,27672.66989100051,0.0,-0.0,0.0,0.0,0.0,0.0,-11867.207906650807,-649.4619843497027,-15156.0,9759.698696329267,0.0,-224.17169023773533,0.0,0.0,0.0,0.0,-4484.43165689705,-298.0953491944832,-4753.0,24464.141866158512,0.0,-378.6,0.0,0.0,0.0,0.0,6682.902538361757,-488.4444045202739,-30280.0,18474.230422403256,0.0,-0.0,0.0,0.0,0.0,0.0,-3176.26874108401,-576.9616813192445,-14721.0
t81,13660.472064311925,0.0,-6566.3,0.0,0.0,0.0,0.0,11255.310075113239,-556.4821394251637,-17793.0,29246.533814409922,0.0,-6158.688427115619,0.0,0.0,0.0,0.0,-2364.2871255205396,-79.55826177376616,-20644.0,33716.755817014324,0.0,-5677.104053755518,0.0,0.0,0.0,0.0,3897.9417176447314,-541.5934809035338,-31396.0,29134.733885420108,257.11111111113803,-565.9452901680553,0.0,0.0,0.0,0.0,-13025.715700871846,-671.1840054913471,-15129.0,8620.912923249876,0.0,-224.17169023773533,0.0,0.0,0.0,0.0,-3325.9238626760116,-319.8173703361277,-4751.0,24559.14446863365,0.0,-378.6,0.0,0.0,0.0,0.0,6123.803179632127,-526.3476482657782,-29778.0,19969.63890180531,0.0,-1630.3,0.0,0.0,0.0,0.0,-2561.1282833217,-581.2106184836064,-15197.0
t82,14179.210782197231,0.0,-6566.3,0.0,0.0,0.0,0.0,11070.12700943291,-548.0377916301408,-18135.0,31707.285887432405,0.0,-6158.688427115619,0.0,0.0,0.0,0.0,-4569.474945270118,-154.12251504666892,-20825.0,34187.29800002703,0.0,-5677.104053755518,0.0,0.0,0.0,0.0,3818.793359646484,-483.9873059179977,-31845.0,28640.059485159134,0.0,-0.0,0.0,0.0,0.0,0.0,-12762.805054291179,-666.2544308679596,-15211.0,8909.893995207156,0.0,-224.17169023773533,0.0,0.0,0.0,0.0,-3588.8345092566797,-314.88779571274017,-4782.0,23087.141714811965,0.0,-314.0,0.0,0.0,0.0,0.0,7177.370126275533,-466.5118410875011,-29484.0,19133.09268011042,0.0,-1630.3,0.0,0.0,0.0,0.0,-1145.1759865369525,-519.6166935734698,-15838.0
t83,15140.161457421278,0.0,-4148.13934403324,0.0,0.0,0.0,0.0,7800.940786475234,-398.96289986327065,-18394.0,30852.648916669914,0.0,-6141.186028562448,0.0,0.0,0.0,0.0,-3574.7684909626046,-128.69439714486367,-21008.0,33678.2690759519,0.0,-5071.135080540607,0.0,0.0,0.0,0.0,4513.759323381483,-237.89331879277438,-32883.0,26256.32423053777,748.4831063465713,-0.0,0.0,0.0,0.0,0.0,-10952.49619708893,-632.3111397954175,-15420.0,9358.046065576707,27.871690237735315,-0.0,0.0,0.0,0.0,0.0,-4334.806458587579,-229.1112972268634,-4822.0,22798.395765258476,0.0,-378.6,0.0,0.0,0.0,0.0,7701.393206773421,-492.18897203189766,-29629.0,18515.19295240328,0.0,-797.3011427642707,0.0,0.0,0.0,0.0,-1154.0221699910257,-421.8696396479837,-16142.0
t84,13514.987464430063,0.0,-1661.5474644300568,0.0,0.0,0.0,0.0,7000.0,-362.44,-18491.0,29866.490425546483,0.0,-5157.8789927504995,0.0,0.0,0.0,0.0,-3554.986148885969,-119.62528391001287,-21034.0,33106.6711771748,0.0,-5402.236809950721,0.0,0.0,0.0,0.0,6718.817584118557,-257.25195134263043,-34166.0,26782.03754288561,732.2873011812,-0.0,0.0,0.0,0.0,0.0,-11020.734240949016,-633.5906031177941,-15860.0,9838.711978120707,78.5200003919457,-0.0,0.0,0.0,0.0,0.0,-4797.962334090437,-256.2696444222154,-4863.0,23927.025666899997,0.0,-378.6,0.0,0.0,0.0,0.0,7153.938,-465.3636669,-30237.0,18269.94672423017,0.0,-0.0,0.0,0.0,0.0,0.0,-1499.0728601931341,-485.87386403703886,-16285.0
t85,13223.98950117247,0.0,-1328.5495011724715,0.0,0.0,0.0,0.0,7000.0,-362.44,-18533.0,29399.81831363883,0.0,-4002.9823189235267,0.0,0.0,0.0,0.0,-3661.622400924201,-123.21359379109936,-21612.0,31220.57554087962,0.0,-2581.204053755519,0.0,0.0,0.0,0.0,7087.884508339566,-272.2559954636678,-35455.0,27072.889353759692,921.4174035247349,-0.0,0.0,0.0,0.0,0.0,-11148.323849015389,-635.9829082690386,-16210.0,10114.483311495544,207.44867615074463,-0.0,0.0,0.0,0.0,0.0,-5203.315714532468,-284.61627311381915,-4834.0,24915.4256669,0.0,-314.0,0.0,0.0,0.0,0.0,7153.938,-465.3636669,-31290.0,18098.804465684854,0.0,-0.0,0.0,0.0,0.0,0.0,-1228.5605438675095,-523.243921817349,-16347.0
t86,12807.050525487059,0.0,-1262.6243707422136,0.0,0.0,0.0,0.0,6964.758381682856,-360.1845364277028,-18149.0,29608.39494991849,0.0,-2246.9,0.0,0.0,0.0,0.0,-5325.298650334721,-179.19629958376336,-21857.0,29334.061854075313,0.0,-1665.0,0.0,0.0,0.0,0.0,8469.925723177095,-315.98757725240665,-35823.0,27390.237386612607,578.5,-0.0,0.0,0.0,0.0,0.0,-11310.70974283446,-639.0276437781462,-16019.0,10043.590829336323,0.0,-0.0,0.0,0.0,0.0,0.0,-5040.929820713396,-287.6610086229268,-4715.0,25283.082887861652,0.0,-335.6572209616526,0.0,0.0,0.0,0.0,7153.938,-465.3636669,-31636.0,17840.421225218506,0.0,-0.0,0.0,0.0,0.0,0.0,-911.6838909773744,-508.73733424112675,-16420.0
t87,13044.021760806132,0.0,-97.3,0.0,0.0,0.0,0.0,4995.425469224219,-234.14723003035002,-17708.0,28770.67061464544,0.0,-2246.9,0.0,0.0,0.0,0.0,-4963.740738785313,-167.02987586012577,-21393.0,25984.032536535793,0.0,-1665.0,0.0,0.0,0.0,0.0,10950.94825634959,-431.9807928853831,-34838.0,27211.670166508924,578.5,-0.0,0.0,0.0,0.0,0.0,-11468.18977218054,-641.9803943283852,-15680.0,9740.063550540483,0.0,-0.0,0.0,0.0,0.0,0.0,-4883.449791367317,-290.6137591731657,-4566.0,25082.51659045892,0.0,-314.0,0.0,0.0,0.0,0.0,6866.843094827304,-482.35968528622357,-31153.0,18072.70016688211,0.0,-0.0,0.0,0.0,0.0,0.0,-1497.836518067944,-493.8636488141644,-16081.0
t88,12144.636201130423,0.0,-0.0,0.0,0.0,0.0,0.0,5178.2091868264715,-245.8453879568942,-17077.0,25907.424988319206,0.0,-2246.9,0.0,0.0,0.0,0.0,-2897.6563023719523,-131.8686859472479,-20631.0,20046.924344111,0.0,-609.4626531329424,0.0,0.0,0.0,0.0,14846.363993673274,-656.8256846513426,-33627.0,26429.992452457755,974.4831063465713,-0.0,0.0,0.0,0.0,0.0,-11682.802908712767,-617.6726500915582,-15104.0,8546.85951464738,224.17169023773533,-0.0,0.0,0.0,0.0,0.0,-4056.9200123554774,-306.1111925296377,-4408.0,27653.24521151627,0.0,-0.0,0.0,0.0,0.0,0.0,3346.2615103040325,-610.5067218203026,-30389.0,21122.815606682954,0.0,-0.0,0.0,0.0,0.0,0.0,-4733.455467363583,-638.3601393193709,-15751.0
t89,12944.132299673056,575.0023650329075,-0.0,0.0,0.0,0.0,0.0,3079.0601906025613,-278.1948553085232,-16320.0,16592.425581023123,0.0,-0.0,0.0,0.0,0.0,0.0,3388.351110218042,-320.7766912411629,-19660.0,15692.813389364777,916.2040537555189,-0.0,0.0,0.0,0.0,0.0,16493.863199179395,-745.8806422996861,-32357.0,25785.279098539544,974.4831063465713,-0.0,0.0,0.0,0.0,0.0,-11486.439625802324,-642.3225790837936,-14631.0,9178.984191436371,224.17169023773533,-0.0,0.0,0.0,0.0,0.0,-4865.199937745532,-290.9559439285742,-4247.0,33094.215501475,314.0,-0.0,0.0,0.0,0.0,0.0,-3073.915500000001,-1038.300001475,-29296.0,19341.575212578337,306.27917434358824,-0.0,0.0,0.0,0.0,0.0,-3535.719436452144,-820.1349504697805,-15292.0
t90,11767.355511353375,1423.7678088999137,-0.0,0.0,0.0,0.0,0.0,2697.471958441766,-295.59527869505547,-15593.0,9657.64158011006,3674.696525489943,-0.0,0.0,0.0,0.0,0.0,5627.988,-280.3261056,-18680.0,15415.148858886821,1665.0,-0.0,0.0,0.0,0.0,0.0,15003.128541558235,-700.2774004450555,-31383.0,26968.50097902478,0.0,-974.4831063465713,0.0,0.0,0.0,0.0,-11165.708992960204,-636.3088797180038,-14192.0,9833.044505388172,0.0,-224.17169023773533,0.0,0.0,0.0,0.0,-5185.930570587652,-284.9422445627844,-4138.0,30985.76106559264,358.2486379572,-0.0,0.0,0.0,0.0,0.0,-2096.9722451698944,-971.0374583799472,-28276.0,19882.926518232794,780.4756600241799,-0.0,0.0,0.0,0.0,0.0,-4879.976691282249,-775.4254869747278,-15008.0
t91,12024.053951627779,97.3,-0.0,0.0,0.0,0.0,0.0,3184.05322147305,-273.4071731008289,-15032.0,9565.219085404287,2963.119020195714,-0.0,0.0,0.0,0.0,0.0,5627.988,-280.3261056,-17876.0,15428.705244054852,1424.8367722690305,-0.0,0.0,0.0,0.0,0.0,14516.54727852695,-678.0892948508289,-30692.0,25398.127747121147,0.0,-283.557836021148,0.0,0.0,0.0,0.0,-10460.484,-623.0859111,-14031.0,10472.046529730373,0.0,-224.17169023773533,0.0,0.0,0.0,0.0,-5891.155563547856,-271.71927594478063,-4085.0,30816.29789320927,314.0,-0.0,0.0,0.0,0.0,0.0,-2541.644733975085,-1001.6531592341846,-27587.0,19916.34539030602,0.0,-0.0,0.0,0.0,0.0,0.0,-4435.304202477058,-806.0411878289651,-14675.0
t92,13316.017534982042,0.0,-0.0,0.0,0.0,0.0,0.0,1757.4430614173284,-338.4605963993698,-14735.0,9628.99071562653,1019.0832079438196,-0.0,0.0,0.0,0.0,0.0,7067.6984382776955,-328.77236184804445,-17387.0,15432.14197409244,1665.0,-0.0,0.0,0.0,0.0,0.0,14503.447000304976,-791.5889743974143,-30809.0,26149.069911100003,0.0,-804.5,0.0,0.0,0.0,0.0,-10460.484,-623.0859111,-14261.0,10499.174839492636,0.0,-196.3,0.0,0.0,0.0,0.0,-5891.155563547856,-271.71927594478063,-4140.0,30097.376416787833,314.0,-0.0,0.0,0.0,0.0,0.0,-2097.3153365653106,-971.0610802225217,-27343.0,20087.08270870413,0.0,-0.0,0.0,0.0,0.0,0.0,-4879.633599886833,-775.4491088173022,-14432.0
t93,12589.109391315706,2020.4252662070571,-0.0,0.0,0.0,0.0,0.0,419.9171217265093,-399.4517792492712,-14630.0,9670.127367262614,2246.9,-0.0,0.0,0.0,0.0,0.0,5962.556984671587,-291.58435193419893,-17588.0,15428.399542873145,840.8782108584178,-0.0,0.0,0.0,0.0,0.0,16946.114393601903,-815.3921473334701,-32400.0,25862.069911100003,0.0,-578.5,0.0,0.0,0.0,0.0,-10460.484,-623.0859111,-14200.0,10279.746529730373,0.0,-27.871690237735315,0.0,0.0,0.0,0.0,-5891.155563547856,-271.71927594478063,-4089.0,29490.273692900002,378.6,-0.0,0.0,0.0,0.0,0.0,-1386.7359999999999,-922.1376928999999,-27560.0,19878.112539030826,960.6261189160922,-0.0,0.0,0.0,0.0,0.0,-5590.212936452144,-726.5257214947806,-14522.0
t94,12619.406205791813,3451.9904202056814,-0.0,0.0,0.0,0.0,0.0,-1190.509397472736,-472.8872285247568,-14408.0,10000.839967182053,1846.4981384179475,-0.0,0.0,0.0,0.0,0.0,5627.988,-280.3261056,-17195.0,15413.19762946634,464.2618233356825,-0.0,0.0,0.0,0.0,0.0,18891.109897472736,-877.5693502747567,-33891.0,24760.569911100003,0.0,-0.0,0.0,0.0,0.0,0.0,-10460.484,-623.0859111,-13677.0,10318.174839492636,0.0,-196.3,0.0,0.0,0.0,0.0,-5891.155563547856,-271.71927594478063,-3959.0,31060.337698813935,64.6,-0.0,0.0,0.0,0.0,0.0,-2694.7436773297777,-1012.1940214841552,-27418.0,19568.7873092013,0.0,-0.0,0.0,0.0,0.0,0.0,-4282.205259122367,-816.5820500789357,-14470.0
t95,12282.737319180098,3547.0765078691343,-0.0,0.0,0.0,0.0,0.0,-1405.139467338593,-482.6743597106398,-13942.0,10845.3381056,0.0,-0.0,0.0,0.0,0.0,0.0,5627.988,-280.3261056,-16193.0,15425.616514122048,0.0,-0.0,0.0,0.0,0.0,0.0,19105.739967338595,-887.3564814606398,-33644.0,25442.069911100003,0.0,-578.5,0.0,0.0,0.0,0.0,-10460.484,-623.0859111,-13780.0,10258.107041647467,0.0,-94.23220215482849,0.0,0.0,0.0,0.0,-5891.155563547856,-271.71927594478063,-4001.0,28949.8736929,314.0,-0.0,0.0,0.0,0.0,0.0,-1386.7359999999999,-922.1376928999999,-26955.0,19061.903637855583,1401.8350200913392,-0.0,0.0,0.0,0.0,0.0,-5590.212936452144,-726.5257214947806,-14147.0
t96,12429.719875874796,38.92000000011714,-0.0,0.0,0.0,0.0,0.0,1845.7920085358514,-334.4318844107652,-13980.0,9358.201658413107,1808.1364471868874,-0.0,0.0,0.0,0.0,0.0,5627.988,-280.3261056,-16514.0,15371.787249934296,2607.5182647623224,-0.0,0.0,0.0,0.0,0.0,15854.80849146415,-739.1140061607651,-33095.0,24720.069911099035,578.5000000004827,-225.99999999951729,0.0,0.0,0.0,0.0,-10460.484,-623.0859111,-13989.0,10250.312448975223,0.0,-9.437609482585849,0.0,0.0,0.0,0.0,-5891.155563547856,-271.71927594478063,-4078.0,31477.38523179308,190.20000000037874,-0.0,0.0,0.0,0.0,0.0,-3059.292054538486,-1037.2931772549748,-27571.0,18580.338087763408,0.0,-0.0,0.0,0.0,0.0,0.0,-3917.656881913659,-841.6812058497552,-13821.0
t97,20849.278985686436,0.0,-702.6681944409478,0.0,0.0,0.0,0.0,-1520.6905766870623,-727.9202145584272,-17898.0,11429.996697765957,1103.496755255096,-0.0,0.0,0.0,0.0,0.0,7933.410106461372,-357.9035594824252,-20109.0,16894.390040992894,830.2197332219657,-0.0,0.0,0.0,0.0,0.0,19105.437622246653,-1070.047396461511,-35760.0,30310.828515555888,0.0,-974.4831063465713,0.0,0.0,0.0,0.0,-7940.000431194208,-670.3449780151086,-20726.0,13692.789165451271,0.0,-224.17169023773533,0.0,0.0,0.0,0.0,-8411.639132353648,-318.9783428598892,-4738.0,37042.856501475006,0.0,-0.0,0.0,0.0,0.0,0.0,1300.4435000000003,-1038.300001475,-37305.0,25775.781512272224,0.0,-0.0,0.0,0.0,0.0,0.0,-10466.961088473105,-982.820423799122,-14326.0
t98,20527.19611377567,0.0,-0.0,0.0,0.0,0.0,0.0,-1430.5039554586224,-733.6921583170474,-18363.0,11386.061086123276,0.0,-0.0,0.0,0.0,0.0,0.0,9373.294586098957,-406.3556722222299,-20353.0,16785.950271745056,930.9960948471908,-0.0,0.0,0.0,0.0,0.0,17665.553142609067,-1118.4995092013157,-34264.0,30609.10698983085,0.0,-974.4831063465713,0.0,0.0,0.0,0.0,-7673.277857206907,-675.3460262773705,-21286.0,14064.512787700834,0.0,-224.17169023773533,0.0,0.0,0.0,0.0,-8678.36170634095,-323.97939112215107,-4838.0,38313.256501475014,64.6,-0.0,0.0,0.0,0.0,0.0,1300.4435000000003,-1038.300001475,-38640.0,25834.74007725928,0.0,-0.0,0.0,0.0,0.0,0.0,-10557.147709701545,-988.5923675577421,-14289.0
t99,21390.270165669408,0.0,-0.0,0.0,0.0,0.0,0.0,-2003.2326433792775,-697.0375222901255,-18690.0,11357.780593993413,0.0,-0.0,0.0,0.0,0.0,0.0,9875.473395153504,-423.2539891469154,-20810.0,16677.061443094335,1454.1553918136942,-0.0,0.0,0.0,0.0,0.0,15396.587192465502,-1030.8040273735314,-32497.0,31942.940155005243,0.0,-974.4831063465713,0.0,0.0,0.0,0.0,-8092.9804459196675,-667.4766027390062,-22208.0,13845.940775449712,0.0,-224.17169023773533,0.0,0.0,0.0,0.0,-8258.659117628189,-316.10996758378684,-5047.0,37913.875561633526,64.6,-0.0,0.0,0.0,0.0,0.0,3067.230641089016,-933.7062027225302,-40112.0,25683.35675331171,0.0,-0.0,0.0,0.0,0.0,0.0,-9984.41902178089,-951.9377315308202,-14747.0
t100,23084.56345189312,0.0,-0.0,0.0,0.0,0.0,0.0,-3696.9220517379445,-588.6414001551708,-18799.0,11598.495641599928,1586.4806922446169,-0.0,0.0,0.0,0.0,0.0,9743.044091886619,-408.02042573116364,-22520.0,16645.29315432541,0.0,-0.0,0.0,0.0,0.0,0.0,13813.698271295603,-989.9914256210138,-29469.0,32442.433074208107,0.0,-974.4831063465713,0.0,0.0,0.0,0.0,-8188.259854024498,-665.6901138370407,-22614.0,13870.874878442914,0.0,-224.17169023773533,0.0,0.0,0.0,0.0,-8163.379709523358,-314.32347868182126,-5169.0,37744.17197303844,64.6,-0.0,0.0,0.0,0.0,0.0,4782.548865525802,-839.3208385642356,-41752.0,25402.651876459837,0.0,-1176.3806536417496,0.0,0.0,0.0,0.0,-8290.729613422222,-843.5416093958655,-15092.0
t101,23951.149300113862,0.0,-0.0,0.0,0.0,0.0,0.0,-4915.764420945154,-607.384879168711,-18428.0,11406.755271040434,2740.849720610358,-0.0,0.0,0.0,0.0,0.0,9587.067366405325,-393.67235805611995,-23341.0,16611.632128009165,630.1814419459373,-0.0,0.0,0.0,0.0,0.0,13376.876894978966,-1004.6904649340686,-29614.0,32344.59861517387,0.0,-431.7930824978874,0.0,0.0,0.0,0.0,-8437.794187593372,-661.0113450826243,-22814.0,12811.689912647185,74.81586426307241,-0.0,0.0,0.0,0.0,0.0,-7387.745979578332,-285.7597973319276,-5213.0,37840.92676425241,314.0,-0.0,0.0,0.0,0.0,0.0,5375.346967323731,-810.2737315761372,-42720.0,25276.45664159605,0.0,-1630.3,0.0,0.0,0.0,0.0,-7597.986640591167,-886.170001004883,-15162.0
t102,23843.705964403878,0.0,-0.0,0.0,0.0,0.0,0.0,-5411.7307698295745,-589.9751945743016,-17842.0,11438.607486147552,809.3848350620322,-0.0,0.0,0.0,0.0,0.0,11918.920426935241,-469.9127481448269,-23697.0,16876.42432099131,2091.6365890047546,-0.0,0.0,0.0,0.0,0.0,10899.977228708023,-1088.038138704086,-28780.0,31313.38039787723,0.0,-578.5,0.0,0.0,0.0,0.0,-7631.755833658333,-676.1245642189062,-22427.0,13144.747647658065,14.229533887338782,-0.0,0.0,0.0,0.0,0.0,-7744.501601127515,-280.4755804178917,-5134.0,38091.02935615782,201.743518672253,-0.0,0.0,0.0,0.0,0.0,5520.393573064758,-803.1664478948269,-43010.0,23321.460776553387,0.0,-0.0,0.0,0.0,0.0,0.0,-7551.3030240926,-889.1577524607914,-14881.0
t103,23797.61010354539,0.0,-0.0,0.0,0.0,0.0,0.0,-5859.933987518978,-596.676116026411,-17341.0,11042.585643914592,0.0,-0.0,0.0,0.0,0.0,0.0,12477.707679611365,-497.29332352595685,-23023.0,17609.92001789072,0.0,-0.0,0.0,0.0,0.0,0.0,10704.679732583916,-1099.599750474633,-27215.0,30006.64407973648,0.0,-203.73075875320376,0.0,0.0,0.0,0.0,-7024.411397783984,-647.501923199296,-22131.0,12799.96030762782,64.27270765829323,-0.0,0.0,0.0,0.0,0.0,-7548.782522719922,-271.4504925661924,-5044.0,38385.20481853377,0.0,-0.0,0.0,0.0,0.0,0.0,5156.903816512742,-842.1086350465039,-42700.0,23648.424441430132,0.0,-0.0,0.0,0.0,0.0,0.0,-7906.16332068514,-876.2611207449899,-14866.0
t104,24115.637526784674,0.0,-0.0,0.0,0.0,0.0,0.0,-6688.888533361538,-629.7489934231372,-16797.0,9841.028019054065,0.0,-17.18610358268324,0.0,0.0,0.0,0.0,12970.60329311632,-521.4452085876997,-22273.0,20620.789342576034,0.0,-3290.72843257997,0.0,0.0,0.0,0.0,10899.977228708023,-1088.038138704086,-27142.0,29226.11649358269,0.0,-636.057836021148,0.0,0.0,0.0,0.0,-6475.728889984292,-621.3297675772508,-21493.0,12642.884611472407,0.0,-26.57769519713815,0.0,0.0,0.0,0.0,-7366.148029692522,-263.15888658274844,-4987.0,38695.08308216898,30.905119285041675,-0.0,0.0,0.0,0.0,0.0,4468.71070688368,-854.6989083376995,-42340.0,23709.979224172785,0.0,-0.0,0.0,0.0,0.0,0.0,-7808.525775669672,-891.4534485031148,-15010.0
t105,23840.067844513414,0.0,-0.0,0.0,0.0,0.0,0.0,-6946.200684207745,-500.86716030566845,-16393.0,15209.04552566741,0.0,-5647.054863377551,0.0,0.0,0.0,0.0,12448.890625589002,-495.8812878788611,-21515.0,22304.731120679306,0.0,-5007.670210683231,0.0,0.0,0.0,0.0,10899.977228708023,-1088.038138704086,-27109.0,27650.936338361986,0.0,-578.5,0.0,0.0,0.0,0.0,-5234.321694031675,-562.1146443303109,-21276.0,11064.904441917419,155.47475789845498,-0.0,0.0,0.0,0.0,0.0,-6037.539156094477,-202.8400437213972,-4980.0,37633.71161321786,0.0,-0.0,0.0,0.0,0.0,0.0,4990.423374410999,-829.134987628861,-41795.0,26617.72234760636,0.0,-588.8173182321825,0.0,0.0,0.0,0.0,-10121.229694374126,-763.6753350000573,-15144.0
t106,18919.75474081364,0.0,-0.0,0.0,0.0,0.0,0.0,-2361.3458593432288,-276.40888147041005,-16282.0,21431.340796399116,0.0,-6158.688427115619,0.0,0.0,0.0,0.0,5923.858938757872,-219.51130804136858,-20977.0,24064.588689754084,0.0,-5677.104053755518,0.0,0.0,0.0,0.0,9629.788711140558,-806.2733471391198,-27211.0,26659.786341887357,0.0,-573.0617058095621,0.0,0.0,0.0,0.0,-4328.1934430266665,-468.5311930511298,-21290.0,9437.397600253531,0.0,-178.89684827730105,0.0,0.0,0.0,0.0,-4085.4837045049144,-126.0170474713151,-5047.0,36922.86417312609,0.0,-378.6,0.0,0.0,0.0,0.0,5909.289856976381,-458.5540301024734,-41995.0,26288.413701349997,0.0,-0.0,0.0,0.0,0.0,0.0,-10687.9145,-471.49920134999996,-15129.0
t107,19045.344841064998,0.0,-1299.2509417178428,0.0,0.0,0.0,0.0,-1204.3036712040848,-127.79022814307552,-16414.0,23406.013793390237,0.0,-6158.688427115619,0.0,0.0,0.0,0.0,3673.4802061627593,-133.80557243737684,-20787.0,25082.185047251336,0.0,-5677.104053755518,0.0,0.0,0.0,0.0,9019.550940164065,-651.63193365988,-27773.0,26435.405936085906,0.0,-0.0,0.0,0.0,0.0,0.0,-4173.437910131831,-508.9680259540756,-21753.0,9828.902945117297,0.0,-224.17169023773533,0.0,0.0,0.0,0.0,-4361.829936752617,-124.90131812694742,-5118.0,36394.032856447244,0.0,-378.6,0.0,0.0,0.0,0.0,7007.398410131831,-455.8312665790756,-42567.0,25735.764889401496,0.0,-0.0,0.0,0.0,0.0,0.0,-9960.858038370123,-506.906851031375,-15268.0
t108,23035.530362544836,0.0,-0.0,0.0,0.0,0.0,0.0,-5348.233248435688,-270.2971141091505,-17417.0,22842.74612101028,0.0,-5518.209474092679,0.0,0.0,0.0,0.0,4250.6921059475235,-153.22875286513414,-21422.0,24848.410266921474,0.0,-4086.7434579113587,0.0,0.0,0.0,0.0,9029.562718670228,-704.2295276803478,-29087.0,25854.582861729483,0.0,-0.0,0.0,0.0,0.0,0.0,-2418.8156066977513,-564.7672550317285,-22871.0,9870.616061074197,0.0,-0.0,0.0,0.0,0.0,0.0,-4415.420217179539,-129.195843894659,-5326.0,35919.76309004808,0.0,-64.6,0.0,0.0,0.0,0.0,8947.16101615265,-590.3241062007297,-44212.0,26955.69985037948,0.0,-662.4031708903387,0.0,0.0,0.0,0.0,-10044.946768457423,-624.3499110317207,-15624.0
t109,22779.1618193506,0.0,-0.0,0.0,0.0,0.0,0.0,-4296.839460590917,-246.32235875968453,-18236.0,22271.108893311393,0.0,-1114.0015821725722,0.0,0.0,0.0,0.0,2099.741969639549,-80.84928077837083,-23176.0,23825.772271443337,0.0,-0.0,0.0,0.0,0.0,0.0,7418.076499856625,-572.8487712999597,-30671.0,24656.75453633827,18.174817940354842,-0.0,0.0,0.0,0.0,0.0,-708.5398834595785,-656.3894708190455,-23310.0,10201.96754413725,0.0,-0.0,0.0,0.0,0.0,0.0,-4678.813638896633,-141.15390524061507,-5382.0,35845.934894832804,0.0,-0.0,0.0,0.0,0.0,0.0,10071.469290694553,-657.404185527356,-45260.0,26757.918357137805,0.0,-0.0,0.0,0.0,0.0,0.0,-9905.0947772436,-625.8235798942088,-16227.0
t110,23127.87836881512,0.0,-0.0,0.0,0.0,0.0,0.0,-4543.762705297445,-281.11566351767823,-18303.0,23668.113721100824,0.0,-0.0,0.0,0.0,0.0,0.0,-115.45635948600858,-5.657361614814421,-23547.0,21422.78335983844,0.0,-0.0,0.0,0.0,0.0,0.0,10613.477839528034,-541.2611993664692,-31495.0,23848.966699812427,974.4831063465713,-0.0,0.0,0.0,0.0,0.0,-750.3411621604605,-659.1086439985379,-23414.0,10446.148882968491,19.170644215653528,-0.0,0.0,0.0,0.0,0.0,-4937.424680648019,-152.89484653612797,-5375.0,35856.58736749681,36.50136220403089,-0.0,0.0,0.0,0.0,0.0,9858.79183294116,-643.880562641998,-45108.0,26997.111688633537,0.0,-0.0,0.0,0.0,0.0,0.0,-10125.284764877262,-628.8269237562731,-16243.0
t111,22930.49332983255,0.0,-0.0,0.0,0.0,0.0,0.0,-4525.069609074996,-238.42372075755193,-18167.0,23388.0,0.0,-0.0,0.0,0.0,0.0,0.0,0.0,-0.0,-23388.0,20490.984231885755,611.0889569505518,-0.0,0.0,0.0,0.0,0.0,10949.471800991667,-486.5449898279734,-31565.0,23832.931253644132,884.0955895874165,-0.0,0.0,0.0,0.0,0.0,-845.1001364144663,-645.9267068170822,-23226.0,9879.798907515982,27.871690237735315,-0.0,0.0,0.0,0.0,0.0,-4477.649542489968,-132.02105526375246,-5298.0,36086.63661872912,0.0,-0.0,0.0,0.0,0.0,0.0,9001.202912851904,-593.8395315810162,-44494.0,27020.98602383438,0.0,-0.0,0.0,0.0,0.0,0.0,-10102.855425864142,-627.1305979702397,-16291.0
t112,22652.623817386182,0.0,-0.0,0.0,0.0,0.0,0.0,-4431.5453494512085,-202.07846793497512,-18019.0,19353.769371683236,3811.280096995128,-0.0,0.0,0.0,0.0,0.0,-158.29310646173454,-7.756362216624993,-22999.0,17249.219300307654,5677.104053755518,-0.0,0.0,0.0,0.0,0.0,8853.092411051413,-394.415765114584,-31385.0,23058.96261585501,748.4831063465713,-0.0,0.0,0.0,0.0,0.0,-348.42197414830935,-471.02374805326815,-22988.0,7957.654377715016,224.17169023773533,-0.0,0.0,0.0,0.0,0.0,-2900.451210954279,-56.37485699847339,-5225.0,36455.893084389114,0.0,-0.0,0.0,0.0,0.0,0.0,7398.125668059451,-487.0187524485564,-43367.0,25022.881048494757,0.0,-0.0,0.0,0.0,0.0,0.0,-8412.506438095334,-435.37461039941905,-16175.0
t113,23040.46935249581,0.0,-0.0,0.0,0.0,0.0,0.0,-5060.052711889838,-376.41664060597117,-17604.0,12049.953375594028,6158.688427115619,-0.0,0.0,0.0,0.0,0.0,4335.585297629721,-182.22710033936625,-22362.0,16159.967012184687,4992.740724886708,-0.0,0.0,0.0,0.0,0.0,10577.148599178738,-648.8563362501359,-31081.0,23638.009985917353,921.4174035247349,-0.0,0.0,0.0,0.0,0.0,-1814.8833383804413,-355.5440510616477,-22389.0,9743.584055509926,78.60999341199792,-0.0,0.0,0.0,0.0,0.0,-4592.690000057995,-133.50404886392855,-5096.0,37296.46210626285,0.0,-0.0,0.0,0.0,0.0,0.0,5132.981542020435,-536.443648283288,-41893.0,24854.81178909098,0.0,-0.0,0.0,0.0,0.0,0.0,-8578.089388500619,-449.72240059036744,-15827.0
t114,23126.86606494363,29.288549185522697,-0.0,0.0,0.0,0.0,0.0,-5640.1472357456005,-435.007378383554,-17081.0,11077.202756074581,3612.4151357895425,-0.0,0.0,0.0,0.0,0.0,7226.498077855721,-334.115969719845,-21582.0,16101.524943948769,1077.9901649582555,-0.0,0.0,0.0,0.0,0.0,14411.665148229524,-766.1802571365471,-30825.0,24349.664353539643,804.5,-0.0,0.0,0.0,0.0,0.0,-2695.3461937370466,-412.8181598025949,-22046.0,11254.874307646074,0.0,-0.0,0.0,0.0,0.0,0.0,-6079.145343037468,-204.72896460860895,-4971.0,38735.060252413,0.0,-0.0,0.0,0.0,0.0,0.0,2062.9316576822234,-740.9919100952203,-40057.0,24804.30680365353,582.2150907282066,-0.0,0.0,0.0,0.0,0.0,-9286.456111247355,-575.0657831343825,-15525.0
t115,22859.946978133743,149.62992669529694,-0.0,0.0,0.0,0.0,0.0,-5583.850110011119,-502.7267948179253,-16923.0,11109.185649241257,23.007447203066477,-0.0,0.0,0.0,0.0,0.0,10069.593018011774,-429.7861144560962,-20772.0,16077.120105119493,583.3521724259149,-0.0,0.0,0.0,0.0,0.0,15122.106499805013,-1032.578777350421,-30750.0,24903.771672605144,578.5,-0.0,0.0,0.0,0.0,0.0,-3100.9971316017954,-396.2745410033483,-21985.0,11699.862541015224,0.0,-0.0,0.0,0.0,0.0,0.0,-6518.315218526326,-233.5473224888994,-4948.0,40424.92659318851,0.0,-0.0,0.0,0.0,0.0,0.0,-1456.8050576947835,-621.1215354937185,-38347.0,23994.73984991044,519.6324122366982,-0.0,0.0,0.0,0.0,0.0,-8531.731999982765,-575.6402621643699,-15407.0
t116,22477.351225960654,251.10088958450524,-0.0,0.0,0.0,0.0,0.0,-5350.11368712836,-513.3384284168026,-16865.0,11158.306783815235,0.0,-0.0,0.0,0.0,0.0,0.0,9565.517178646212,-412.82396246144503,-20311.0,16035.743058870718,0.0,-0.0,0.0,0.0,0.0,0.0,15708.762300176606,-1020.5053590473267,-30724.0,24542.721521267813,280.48321569338225,-0.0,0.0,0.0,0.0,0.0,-2113.712357099086,-273.49237986210926,-22436.0,11470.260130405472,0.0,-0.0,0.0,0.0,0.0,0.0,-6208.296581687475,-233.9635487179965,-5028.0,41500.981794061445,0.0,-0.0,0.0,0.0,0.0,0.0,-3819.278602502472,-477.70319155897755,-37204.0,23261.027568852995,452.2112675716362,-0.0,0.0,0.0,0.0,0.0,-7782.878250405425,-611.360586019209,-15319.0
t117,21872.373187515248,348.21302234571385,-0.0,0.0,0.0,0.0,0.0,-4651.5321810690675,-545.0540287918944,-17024.0,11213.673055869383,222.57827564001968,-0.0,0.0,0.0,0.0,0.0,9289.27715412697,-403.5284856363726,-20322.0,16039.630992795814,916.2040537555189,-0.0,0.0,0.0,0.0,0.0,15139.30984061323,-961.1448871645633,-31134.0,24067.10836387969,395.32658600982217,-0.0,0.0,0.0,0.0,0.0,-1761.294205404624,-142.14074448488677,-22559.0,10976.037288114247,0.0,-0.0,0.0,0.0,0.0,0.0,-5736.306358936354,-243.7309291778931,-4996.0,42329.9602481494,0.0,-0.0,0.0,0.0,0.0,0.0,-5092.133562912349,-289.82668523704984,-36948.0,23005.367373016663,167.7219952225589,-0.0,0.0,0.0,0.0,0.0,-7187.320686417806,-639.7686818214185,-15346.0
t118,21579.236752165256,313.0931545924609,-0.0,0.0,0.0,0.0,0.0,-4309.759393405916,-560.5705133518015,-17022.0,10821.806006183493,0.0,-0.0,0.0,0.0,0.0,0.0,9470.831793052732,-409.63779923622445,-19883.0,15980.191970270069,0.0,-0.0,0.0,0.0,0.0,0.0,16826.703999313828,-1077.8959695838957,-31729.0,25110.647084448923,0.0,-0.0,0.0,0.0,0.0,0.0,-2741.8394560738243,-227.8076283750998,-22141.0,11465.304618216816,81.03842608700688,-0.0,0.0,0.0,0.0,0.0,-6382.389805707745,-264.9532385960797,-4899.0,42731.2842223686,0.0,-0.0,0.0,0.0,0.0,0.0,-5884.803851285124,-470.48037108347603,-36376.0,22342.212788605146,542.2483211152085,-0.0,0.0,0.0,0.0,0.0,-6978.743285893952,-649.7178238264063,-15256.0
t119,21231.787333460168,347.8457513592416,-0.0,0.0,0.0,0.0,0.0,-4018.3598829174157,-540.2732019019948,-17021.0,11035.161440065804,0.0,-0.0,0.0,0.0,0.0,0.0,8199.702870941375,-366.8643110071773,-18868.0,15954.206911956295,0.0,-0.0,0.0,0.0,0.0,0.0,17251.843608087114,-990.0505200434038,-32216.0,26450.27875163927,0.0,-0.0,0.0,0.0,0.0,0.0,-3976.004166811552,-170.2745848277166,-22304.0,9041.809429092762,182.9580254463399,-0.0,0.0,0.0,0.0,0.0,-3997.8639841810696,-226.90347035803345,-5000.0,42877.591330253315,0.0,-64.6,0.0,0.0,0.0,0.0,-6821.799664891725,-350.19166536159014,-35641.0,22189.179285709135,354.7864214205447,-0.0,0.0,0.0,0.0,0.0,-6637.518780226726,-665.4469269029585,-15241.0
t120,21042.016921922263,262.45997297152144,-0.0,0.0,0.0,0.0,0.0,-3337.3269047802382,-426.1499901135462,-17541.0,11360.792755216753,442.1279339533334,-0.0,0.0,0.0,0.0,0.0,7631.834863382746,-347.75555255282944,-19087.0,15938.702059667565,0.0,-0.0,0.0,0.0,0.0,0.0,17444.716621129002,-970.418680796565,-32413.0,27074.24562200618,0.0,-0.0,0.0,0.0,0.0,0.0,-4403.186888039226,-229.05873396695162,-22442.0,8051.549244969237,204.7697127820816,-0.0,0.0,0.0,0.0,0.0,-3010.6360797315087,-136.68287801981052,-5109.0,43372.31862772773,0.0,-64.6,0.0,0.0,0.0,0.0,-6944.0331119607745,-493.6855157669516,-35870.0,22164.189480469646,830.4004650803463,-0.0,0.0,0.0,0.0,0.0,-7381.3685000000005,-629.22144555,-14984.0
t121,18352.160320162868,3548.607150529837,-0.0,0.0,0.0,0.0,0.0,-3649.0630974639985,-591.7043732287034,-17660.0,9570.47835129298,1031.6564326295243,-0.0,0.0,0.0,0.0,0.0,9994.111373185176,-427.2461571076812,-20169.0,16301.333835666359,757.31980289756,-0.0,0.0,0.0,0.0,0.0,17044.736355522844,-1139.389994086767,-32964.0,30560.208879027625,0.0,-0.0,0.0,0.0,0.0,0.0,-10427.504604257452,-623.7042747701728,-19509.0,11789.472598905357,0.0,-0.0,0.0,0.0,0.0,0.0,-5924.134959290404,-272.3376396149534,-5593.0,40427.21550147501,0.0,-0.0,0.0,0.0,0.0,0.0,-3073.915500000001,-1038.300001475,-36315.0,20009.834150165563,0.0,-0.0,0.0,0.0,0.0,0.0,-3964.2295676961694,-846.6045824693981,-15199.0
t122,17463.02132866192,4616.296457737109,-0.0,0.0,0.0,0.0,0.0,-3626.1467680904116,-593.1710183086129,-17860.0,11298.866716507771,0.0,-0.0,0.0,0.0,0.0,0.0,10833.629216010999,-455.49593251877013,-21677.0,16331.008557000836,146.4126997999956,-0.0,0.0,0.0,0.0,0.0,16205.218512697025,-1167.639769497856,-31515.0,30850.307613213492,0.0,-0.0,0.0,0.0,0.0,0.0,-9943.528791962797,-632.7788212506975,-20274.0,12231.522957680538,0.0,-0.0,0.0,0.0,0.0,0.0,-6408.110771585059,-281.4121860954782,-5542.0,42967.215501474995,314.0,-0.0,0.0,0.0,0.0,0.0,-3073.915500000001,-1038.300001475,-39169.0,19966.217124619056,0.0,-0.0,0.0,0.0,0.0,0.0,-3987.145897069755,-848.0712275493077,-15131.0
t123,17689.61814244384,3896.2611620128705,-0.0,0.0,0.0,0.0,0.0,-3390.635569434089,-608.2437350226176,-17587.0,9663.239976465287,976.7054798494356,-0.0,0.0,0.0,0.0,0.0,11899.414138857846,-491.3595951725665,-22048.0,16323.069842301471,0.0,-0.0,0.0,0.0,0.0,0.0,15139.433589850178,-1203.5034321516523,-30259.0,31637.134471596328,0.0,-0.0,0.0,0.0,0.0,0.0,-10600.424672879837,-625.709798716497,-20411.0,11582.558054229297,0.0,-0.0,0.0,0.0,0.0,0.0,-5751.214890668019,-274.34316356127755,-5557.0,44362.96686351781,44.248637957199996,-0.0,0.0,0.0,0.0,0.0,-3073.915500000001,-1038.300001475,-40295.0,19977.801039989383,0.0,-0.0,0.0,0.0,0.0,0.0,-4222.657095726077,-863.1439442633123,-14892.0
t124,17982.27469202526,3426.361263524401,-0.0,0.0,0.0,0.0,0.0,-3308.110624020573,-613.5253315290826,-17487.0,9740.812910453535,1378.963801037646,-0.0,0.0,0.0,0.0,0.0,11669.85833073816,-483.63504222933904,-22306.0,16292.78948123856,1665.0,-0.0,0.0,0.0,0.0,0.0,15368.989397969865,-1195.778879208425,-32131.0,31459.397830019192,0.0,-0.0,0.0,0.0,0.0,0.0,-10266.678057497265,-626.7197725219263,-20566.0,11953.3146434173,0.0,-0.0,0.0,0.0,0.0,0.0,-6084.961506050592,-275.3531373667069,-5593.0,43948.215501475,314.0,-0.0,0.0,0.0,0.0,0.0,-3073.915500000001,-1038.300001475,-40150.0,20087.607581909368,0.0,-0.0,0.0,0.0,0.0,0.0,-4305.182041139593,-868.4255407697773,-14914.0
t125,18601.649622211786,2761.015324060484,-0.0,0.0,0.0,0.0,0.0,-3133.996297869518,-624.6686484027501,-17604.0,11461.141981477645,1096.195593634382,-0.0,0.0,0.0,0.0,0.0,11211.886722500101,-468.2242976121284,-23301.0,16528.407128383293,1665.0,-0.0,0.0,0.0,0.0,0.0,15826.961006207923,-1180.3681345912141,-32840.0,31979.62684020559,0.0,-0.0,0.0,0.0,0.0,0.0,-10843.361967220211,-630.2648729853789,-20506.0,11363.175834157806,0.0,-0.0,0.0,0.0,0.0,0.0,-5508.277596327645,-278.8982378301596,-5576.0,43999.615501475004,64.6,-0.0,0.0,0.0,0.0,0.0,-3073.915500000001,-1038.300001475,-39952.0,20209.86522493409,0.0,-0.0,0.0,0.0,0.0,0.0,-4479.296367290648,-879.5688576434449,-14851.0
t126,19124.055634303953,1733.8255540874968,-0.0,0.0,0.0,0.0,0.0,-2612.859804407103,-658.0213839843447,-17587.0,10506.41040169953,598.1894000254706,-0.0,0.0,0.0,0.0,0.0,13358.8705,-540.470301725,-23923.0,17065.379580994602,2516.2573290014607,-0.0,0.0,0.0,0.0,0.0,13679.977228708023,-1252.614138704086,-32009.0,32081.196199739195,0.0,-0.0,0.0,0.0,0.0,0.0,-11348.46072504461,-639.7354746945864,-20093.0,10790.547678042612,0.0,-0.0,0.0,0.0,0.0,0.0,-5003.178838503248,-288.36883953936706,-5499.0,43642.215501475,0.0,-0.0,0.0,0.0,0.0,0.0,-3073.915500000001,-1038.300001475,-39530.0,20495.3544539781,0.0,-0.0,0.0,0.0,0.0,0.0,-5000.432860753062,-912.9215932250394,-14582.0
t127,19881.524655731286,0.0,-0.0,0.0,0.0,0.0,0.0,-1639.634936169875,-675.8897195614102,-17566.0,11260.009794618607,0.0,-209.40999289360934,0.0,0.0,0.0,0.0,13358.8705,-540.470301725,-23869.0,19085.42498914654,0.0,-1397.994350710999,0.0,0.0,0.0,0.0,13274.702995221553,-1234.1336336571028,-29728.0,32315.69272569735,0.0,-0.0,0.0,0.0,0.0,0.0,-12220.60455420599,-656.0881714913623,-19439.0,9794.756545678012,0.0,-0.0,0.0,0.0,0.0,0.0,-4131.0350093418665,-304.7215363361429,-5359.0,42719.21550147501,0.0,-0.0,0.0,0.0,0.0,0.0,-3073.915500000001,-1038.300001475,-38607.0,21039.653929352906,0.0,-0.0,0.0,0.0,0.0,0.0,-5568.383495503822,-949.2704338490879,-14522.0
t128,16582.589540907687,0.0,-97.3,0.0,0.0,0.0,0.0,1335.415511756226,-357.70505266391615,-17463.0,13057.54427442368,0.0,-2246.9,0.0,0.0,0.0,0.0,12963.522569437904,-527.1668438615854,-23247.0,25100.556618542632,0.0,-1665.0,0.0,0.0,0.0,0.0,7429.044956523591,-939.6015750662225,-29925.0,33070.667170475,0.0,-0.0,0.0,0.0,0.0,0.0,-13294.4445,-676.2226704750001,-19100.0,7944.4948199533055,0.0,-0.0,0.0,0.0,0.0,0.0,-2397.7535846555784,-292.7412352977267,-5254.0,39308.448692900005,0.0,-0.0,0.0,0.0,0.0,0.0,-886.7359999999999,-887.7126929,-37534.0,20186.408536925588,0.0,-0.0,0.0,0.0,0.0,0.0,-5149.048953062143,-590.3595838634475,-14447.0
t129,19763.88855738039,0.0,-5389.920747344644,0.0,0.0,0.0,0.0,3137.038226550079,-149.00603658582656,-17362.0,23679.472363018154,0.0,-3327.106578281445,0.0,0.0,0.0,0.0,2827.989008913224,-105.35479364993,-23075.0,33521.110449064676,0.0,-5677.104053755518,0.0,0.0,0.0,0.0,2907.3023331191857,-316.3087284283398,-30435.0,27759.67810530449,0.0,-974.4831063465713,0.0,0.0,0.0,0.0,-7612.231698143673,-363.96330081424594,-18809.0,5536.730429367889,0.0,-224.17169023773533,0.0,0.0,0.0,0.0,50.92770895814692,-179.48644808830014,-5184.0,32349.15534329557,0.0,-378.6,0.0,0.0,0.0,0.0,4778.271198143673,-310.82654143924594,-36438.0,21758.314362155845,0.0,-797.3011427642705,0.0,0.0,0.0,0.0,-6089.296777540636,-278.7164418509363,-14593.0
t130,18211.950659035912,0.0,-6566.3,0.0,0.0,0.0,0.0,6035.393949901169,-319.044608937082,-17362.0,31648.49125142848,0.0,-6158.688427115619,0.0,0.0,0.0,0.0,-2630.120285282219,-114.68253903063923,-22745.0,35245.26715968133,0.0,-5677.104053755518,0.0,0.0,0.0,0.0,1586.947177208042,-237.1102831338577,-30918.0,25249.466144212303,0.0,-974.4831063465713,0.0,0.0,0.0,0.0,-5314.487966776895,-214.495071088837,-18746.0,4358.887467168711,0.0,-224.17169023773533,0.0,0.0,0.0,0.0,1187.1846079433947,-127.9003848743699,-5194.0,32022.52720644972,0.0,-378.6,0.0,0.0,0.0,0.0,4185.999221232436,-244.92642768215853,-35585.0,21660.131580859754,0.0,-1630.3,0.0,0.0,0.0,0.0,-5050.916704225929,-268.9148766338279,-14710.0
t131,19297.829533794662,0.0,-5808.5796372333225,0.0,0.0,0.0,0.0,4254.546515230113,-237.79641179144713,-17506.0,32108.44286114751,0.0,-6158.688427115619,0.0,0.0,0.0,0.0,-3217.115761708189,-157.63867232370126,-22575.0,35507.135716178906,0.0,-5677.104053755518,0.0,0.0,0.0,0.0,1645.5497517789984,-71.58141420238643,-31404.0,25182.220807490576,0.0,-974.4831063465713,0.0,0.0,0.0,0.0,-5136.801157029249,-202.93654411475265,-18868.0,4682.090876634296,0.0,-224.17169023773533,0.0,0.0,0.0,0.0,979.4139847698873,-137.33317116644713,-5300.0,30377.082038326014,0.0,-378.6,0.0,0.0,0.0,0.0,5519.956418737438,-307.43845706345394,-35211.0,20773.03116598139,0.0,-1630.3,0.0,0.0,0.0,0.0,-4045.549751778998,-225.1814142023864,-14872.0
t132,19952.490613335358,0.0,-4885.583725279475,0.0,0.0,0.0,0.0,3032.789709332288,-155.6965973881697,-17944.0,31083.191645717317,0.0,-6158.688427115619,0.0,0.0,0.0,0.0,-2149.391563822628,-98.11165477906879,-22677.0,34444.72628876504,0.0,-5402.236809950721,0.0,0.0,0.0,0.0,3727.009776175356,-157.49925498967593,-32612.0,23640.659674334696,0.0,-974.4831063465713,0.0,0.0,0.0,0.0,-3262.1838778819056,-80.99269010621795,-19323.0,5005.702372575624,0.0,-224.17169023773533,0.0,0.0,0.0,0.0,769.3398543496378,-146.87053668752645,-5404.0,34143.76142240815,0.0,-378.6,0.0,0.0,0.0,0.0,2108.0037463794524,-110.16516878759774,-35763.0,19685.22730287483,0.0,-0.0,0.0,0.0,0.0,0.0,-4225.5676445322,-203.65965834263017,-15256.0
t133,19337.95930256643,0.0,-657.95930256643,0.0,0.0,0.0,0.0,0.0,-0.0,-18680.0,29948.80128765876,0.0,-5765.2712273656,0.0,0.0,0.0,0.0,-663.2129447038695,-22.31711558928521,-23498.0,32755.82589995409,0.0,-1975.2350805406074,0.0,0.0,0.0,0.0,4148.328837513,-173.91965692648236,-34755.0,24717.459432927797,0.0,-636.057836021148,0.0,0.0,0.0,0.0,-3956.3160503158224,-254.08554659082432,-19871.0,5484.638288376279,0.0,-0.0,0.0,0.0,0.0,0.0,70.68709464837788,-1.3253830246570852,-5554.0,34523.131207898725,0.0,-314.0,0.0,0.0,0.0,0.0,3885.6289556674446,-252.76016356616725,-37842.0,19638.71843414633,0.0,-0.0,0.0,0.0,0.0,0.0,-3485.11589280913,-151.60254133719715,-16002.0
t134,19408.199856586365,0.0,-97.3,0.0,0.0,0.0,0.0,-442.65697715010424,-25.24287943626302,-18843.0,29975.66705994072,0.0,-2297.881107473811,0.0,0.0,0.0,0.0,-2926.3154379789157,-98.47051448799051,-24653.0,31207.386561490326,0.0,-1665.0,0.0,0.0,0.0,0.0,7822.096735747494,-312.4832972378208,-37052.0,26397.673405499925,0.0,-653.0732949326219,0.0,0.0,0.0,0.0,-5464.156716179806,-355.44339438749637,-19925.0,5654.900778809013,0.0,-75.79812139967902,0.0,0.0,0.0,0.0,-55.57935470569521,-2.5233027036385627,-5521.0,34135.943899169346,0.0,-335.6572209616526,0.0,0.0,0.0,0.0,5464.156716179806,-355.44339438749637,-38909.0,20982.83817192999,0.0,-0.0,0.0,0.0,0.0,0.0,-4397.544965912779,-191.29320601720588,-16394.0
t135,18713.567949939712,0.0,-97.3,0.0,0.0,0.0,0.0,7.764837318127547,-115.03278725783895,-18509.0,30015.495841863383,0.0,-2246.9,0.0,0.0,0.0,0.0,-3136.0671812154765,-105.52866064790078,-24527.0,29226.64475610514,0.0,-1665.0,0.0,0.0,0.0,0.0,11173.143178026583,-457.78793413172843,-38277.0,25225.791124558913,0.0,-0.0,0.0,0.0,0.0,0.0,-5183.907185362097,-213.883939196811,-19828.0,5328.6300027176885,0.0,-0.0,0.0,0.0,0.0,0.0,156.64855679145694,-84.27855950914584,-5401.0,38288.72465480561,0.0,-0.0,0.0,0.0,0.0,0.0,452.72511385036,-29.449768655965915,-38712.0,20401.822683003247,0.0,-0.0,0.0,0.0,0.0,0.0,-3470.3073194089543,-452.5153635942895,-16479.0
t136,17742.1874022135,0.0,-0.0,0.0,0.0,0.0,0.0,282.6446656049622,-12.832067818465285,-18012.0,28188.374860852116,0.0,-2246.9,0.0,0.0,0.0,0.0,-1718.4637007726833,-438.01116007943244,-23785.0,24258.886964632075,0.0,-1665.0,0.0,0.0,0.0,0.0,16690.56223826215,-707.449202894224,-38577.0,22868.681406351556,974.4831063465713,-0.0,0.0,0.0,0.0,0.0,-4221.019651890158,-172.14486080797118,-19450.0,4555.828433728106,0.0,-0.0,0.0,0.0,0.0,0.0,725.914111154601,-31.742544882707094,-5250.0,45804.910718926854,0.0,-0.0,0.0,0.0,0.0,0.0,-7379.937768281085,-389.97295064577315,-38035.0,21330.193271282085,0.0,-0.0,0.0,0.0,0.0,0.0,-4379.6998940777885,-483.493377204294,-16467.0
t137,22057.22340182277,2344.9161282815553,-0.0,0.0,0.0,0.0,0.0,-6815.32153812266,-446.81799198166135,-17140.0,20692.35225127541,0.0,-1368.6199179366456,0.0,0.0,0.0,0.0,3732.464927936185,-309.1972612749474,-22747.0,17124.825377082198,0.0,-0.0,0.0,0.0,0.0,0.0,22939.068800771838,-1043.8941778540332,-39020.0,24162.88239722843,974.4831063465713,-0.0,0.0,0.0,0.0,0.0,-6140.5064999999995,-210.85900357500003,-18786.0,4696.867179678427,224.17169023773533,-0.0,0.0,0.0,0.0,0.0,325.33467286154723,-170.37354277771098,-5076.0,47216.789834575015,314.0,-0.0,0.0,0.0,0.0,0.0,-10227.853500000001,-572.9363345749999,-36730.0,19217.509150222046,1630.3,-0.0,0.0,0.0,0.0,0.0,-3813.18686344691,-806.6222867751354,-16228.0
t138,21964.077215902675,0.0,-0.0,0.0,0.0,0.0,0.0,-5098.306752661059,-524.770463241618,-16341.0,11452.284876611271,4525.053228988731,-0.0,0.0,0.0,0.0,0.0,5627.988,-280.3261056,-21325.0,16889.234133190843,1986.3760806802188,-0.0,0.0,0.0,0.0,0.0,21410.859728708023,-992.4699425790859,-39294.0,23376.93403878898,954.4314647860224,-0.0,0.0,0.0,0.0,0.0,-6140.5064999999995,-210.85900357500003,-17980.0,6554.782407688927,224.17169023773533,-0.0,0.0,0.0,0.0,0.0,-1568.992948767634,-256.9611491590288,-4953.0,45713.18983457501,64.6,-0.0,0.0,0.0,0.0,0.0,-10227.853500000001,-572.9363345749999,-34977.0,19786.89425639822,1106.1042723775993,-0.0,0.0,0.0,0.0,0.0,-4003.1880272793296,-837.8105014964966,-16052.0
t139,22087.68302969382,0.0,-0.0,0.0,0.0,0.0,0.0,-5768.130930584204,-532.5520991096165,-15787.0,10246.256032407942,4650.082073192061,-0.0,0.0,0.0,0.0,0.0,5627.988,-280.3261056,-20244.0,16865.705056410818,2351.905157460247,-0.0,0.0,0.0,0.0,0.0,21410.859728708023,-992.4699425790859,-39636.0,24039.845470305616,142.52003326938802,-0.0,0.0,0.0,0.0,0.0,-6140.5064999999995,-210.85900357500003,-17831.0,6572.53160252602,19.17064421565353,-0.0,0.0,0.0,0.0,0.0,-1348.4243995666404,-247.2778471750334,-4996.0,43885.78983457501,314.0,-0.0,0.0,0.0,0.0,0.0,-10227.853500000001,-572.9363345749999,-33399.0,19963.805463084966,302.15743196726544,-0.0,0.0,0.0,0.0,0.0,-3553.932398557179,-865.0304964950584,-15847.0
t140,21931.671425313245,0.0,-35.74049870597699,0.0,0.0,0.0,0.0,-5787.565165015128,-509.36576159213223,-15599.0,10833.476613342515,3672.8614922574875,-0.0,0.0,0.0,0.0,0.0,5627.988,-280.3261056,-19854.0,16670.417184825714,2983.1930290453483,-0.0,0.0,0.0,0.0,0.0,21410.859728708023,-992.4699425790859,-40072.0,24753.77334435176,732.2873011812,-0.0,0.0,0.0,0.0,0.0,-7019.05224147501,-268.00840405794946,-18199.0,6483.253833981897,0.0,-0.0,0.0,0.0,0.0,0.0,-1125.1142668329715,-237.13956714892484,-5121.0,42673.393493582946,0.0,-0.0,0.0,0.0,0.0,0.0,-9349.30775852499,-630.0857350579494,-32694.0,20084.730552622095,271.0601832415023,-0.0,0.0,0.0,0.0,0.0,-3757.8082968599247,-851.9824390036827,-15746.0
t141,21304.61611938662,0.0,-0.0,0.0,0.0,0.0,0.0,-4911.772809476505,-553.8433099101122,-15839.0,9723.821341498813,4236.4426257616915,-0.0,0.0,0.0,0.0,0.0,6576.996266507475,-312.26023376797656,-20225.0,16586.63780094443,4246.914807602084,-0.0,0.0,0.0,0.0,0.0,20461.851462200546,-1024.4040707470624,-40271.0,25514.975364234488,457.24901181641826,-0.0,0.0,0.0,0.0,0.0,-7340.31765673058,-288.90671932032427,-18343.0,7227.705928335944,224.17169023773533,-0.0,0.0,0.0,0.0,0.0,-2044.019742815163,-278.85787575851634,-5129.0,42656.02639358975,0.0,-0.0,0.0,0.0,0.0,0.0,-9028.04234326942,-650.9840503203242,-32977.0,20227.842769339593,139.59408578883242,-0.0,0.0,0.0,0.0,0.0,-3714.695176416355,-854.7416787120711,-15798.0
t142,22091.74987273911,0.0,-1614.6630561903075,0.0,0.0,0.0,0.0,-4324.170570643588,-559.9162459052112,-15593.0,10312.078004220317,4206.260101379686,-0.0,0.0,0.0,0.0,0.0,5627.988,-280.3261056,-19866.0,16646.511732892155,3231.098480978909,-0.0,0.0,0.0,0.0,0.0,21410.859728708023,-992.4699425790859,-40296.0,26823.731784012252,0.0,-0.0,0.0,0.0,0.0,0.0,-8484.402355065255,-363.32942894699477,-17976.0,7689.341746453597,134.92643555459986,-0.0,0.0,0.0,0.0,0.0,-2443.2837216122907,-296.98446039590596,-5084.0,41300.16440488147,251.20000000028404,-0.0,0.0,0.0,0.0,0.0,-7883.957644934748,-725.4067599469947,-32942.0,20260.721466521918,0.0,-0.0,0.0,0.0,0.0,0.0,-3903.033436452144,-842.6880300697806,-15515.0
t143,20651.002397125263,0.0,-815.9553475881554,0.0,0.0,0.0,0.0,-3710.2592287080224,-587.7878208290858,-15537.0,12536.365932302131,896.9721732978705,-0.0,0.0,0.0,0.0,0.0,5627.988,-280.3261056,-18781.0,16559.799239075346,2789.8109747957187,-0.0,0.0,0.0,0.0,0.0,21410.859728708023,-992.4699425790859,-39768.0,27422.78157665901,0.0,-0.0,0.0,0.0,0.0,0.0,-8803.682945316188,-384.09863134281807,-18235.0,8383.881970084361,0.0,-0.0,0.0,0.0,0.0,0.0,-2761.429707599277,-310.4522624850848,-5312.0,40604.85301702664,0.0,-0.0,0.0,0.0,0.0,0.0,-7564.6770546838125,-746.175962342818,-32294.0,20186.083049635803,0.0,-0.0,0.0,0.0,0.0,0.0,-4198.798792400723,-828.2842572350847,-15159.0
t144,20561.62476696706,0.0,-246.57771742994862,0.0,0.0,0.0,0.0,-3710.2592287080224,-587.7878208290858,-16017.0,9801.431005510132,4097.9071000898675,-0.0,0.0,0.0,0.0,0.0,5627.988,-280.3261056,-19247.0,16556.28664353865,2438.323570332413,-0.0,0.0,0.0,0.0,0.0,21410.859728708023,-992.4699425790859,-39413.0,30447.467808860332,0.0,-0.0,0.0,0.0,0.0,0.0,-11150.214861300135,-552.2529475601978,-18745.0,9164.810435796895,0.0,-0.0,0.0,0.0,0.0,0.0,-3392.2364260235345,-318.57400977336164,-5454.0,38804.352090946995,64.6,-0.0,0.0,0.0,0.0,0.0,-4583.001807394309,-899.9502835526796,-33386.0,20062.16141479786,0.0,-0.0,0.0,0.0,0.0,0.0,-4203.1354052820225,-822.0260095158435,-15037.0
t145,18487.158668457934,97.3,-0.0,0.0,0.0,0.0,0.0,-2132.6115803920493,-515.8470880658774,-15936.0,12415.170475265542,4407.81262061587,-0.0,0.0,0.0,0.0,0.0,2391.7682415547715,-121.7513374361838,-19093.0,17911.842819395955,3534.508772432923,-0.0,0.0,0.0,0.0,0.0,15828.318758484007,-702.6703503128776,-36572.0,24405.558033280708,0.0,-305.81186280570967,0.0,0.0,0.0,0.0,-7626.523499999999,-676.2226704750001,-15797.0,13890.972098867638,0.0,-0.0,0.0,0.0,0.0,0.0,-8725.116063547857,-324.85603531978063,-4841.0,29217.07816629095,314.0,-0.0,0.0,0.0,0.0,0.0,5129.483758445229,-564.5619247361838,-34096.0,17533.40121180343,1424.7362647324567,-0.0,0.0,0.0,0.0,0.0,-4865.319614544102,-638.8178619917808,-13454.0
t146,19086.528232805325,1500.51881673179,-0.0,0.0,0.0,0.0,0.0,-3710.2592287080224,-587.7878208290858,-16289.0,12391.87071710265,5587.588427115619,-0.0,0.0,0.0,0.0,0.0,2020.0794420417762,-103.53858626004704,-19896.0,17766.109398953784,1665.0,-0.0,0.0,0.0,0.0,0.0,16224.090063174608,-723.1994621283823,-34932.0,24551.746170474995,0.0,-226.0,0.0,0.0,0.0,0.0,-7626.523499999999,-676.2226704750001,-16023.0,13962.972098867638,0.0,-0.0,0.0,0.0,0.0,0.0,-8725.116063547857,-324.85603531978063,-4913.0,30306.92797764462,358.2486379572,-0.0,0.0,0.0,0.0,0.0,5501.1725579582235,-546.349173560047,-35620.0,17084.66980332007,394.17970864274264,-0.0,0.0,0.0,0.0,0.0,-3683.4432709187295,-587.4062410440771,-13208.0
t147,17391.928261836973,1951.0563451752887,-0.0,0.0,0.0,0.0,0.0,-2223.971506323889,-520.0131006883694,-16599.0,12343.761204115526,6158.688427115619,-0.0,0.0,0.0,0.0,0.0,1662.5710435003737,-86.02067473151831,-20079.0,17571.23101838097,1665.0,-0.0,0.0,0.0,0.0,0.0,14557.343776040052,-647.5747944210224,-33146.0,24842.72927682157,0.0,-395.98310634657133,0.0,0.0,0.0,0.0,-7626.523499999999,-676.2226704750001,-16144.0,13937.672098867639,196.3,-0.0,0.0,0.0,0.0,0.0,-8725.116063547857,-324.85603531978063,-5084.0,29673.15030553189,314.0,-0.0,0.0,0.0,0.0,0.0,5858.6809564996265,-528.8312620315183,-35317.0,16851.540999645746,0.0,-0.0,0.0,0.0,0.0,0.0,-3502.9847061683067,-579.5562934774337,-12769.0
t148,17122.268827486565,4564.778222050549,-0.0,0.0,0.0,0.0,0.0,-3710.2592287080224,-587.7878208290858,-17389.0,12359.76017034022,3072.400780996824,-0.0,0.0,0.0,0.0,0.0,5795.771898651936,-277.9328499889786,-20950.0,17598.329458278255,648.0202600107532,-0.0,0.0,0.0,0.0,0.0,14924.67513121504,-720.0248495040466,-32451.0,25660.86569466535,42.34261755755688,-0.0,0.0,0.0,0.0,0.0,-8231.325682673027,-664.8826295498808,-16807.0,13546.359231053839,215.47064421565352,-0.0,0.0,0.0,0.0,0.0,-8120.31388087483,-313.5159943946614,-5328.0,32743.884822744214,378.6,-0.0,0.0,0.0,0.0,0.0,2416.989329033164,-697.474151777375,-34842.0,16677.499909552404,0.0,-0.0,0.0,0.0,0.0,0.0,-3075.5375666442633,-560.9623429081379,-13041.0
t149,17426.649038168987,5156.585919090121,-0.0,0.0,0.0,0.0,0.0,-3657.837564325846,-585.3973929332586,-18340.0,14489.826049428166,4390.192516184405,-0.0,0.0,0.0,0.0,0.0,3513.7078107123307,-176.7263763249042,-22217.0,18528.479012063097,128.81059323208672,-0.0,0.0,0.0,0.0,0.0,14749.662157438475,-658.9517627336579,-32748.0,26260.22314424627,484.189413993949,-0.0,0.0,0.0,0.0,0.0,-8699.304532117425,-656.1080261227983,-17389.0,13371.058717666327,154.01770473168364,-0.0,0.0,0.0,0.0,0.0,-7652.335031430431,-304.74139096757887,-5568.0,31262.39277433723,378.6,-0.0,0.0,0.0,0.0,0.0,4007.5441892876693,-619.5369636249043,-35029.0,16110.985999109953,0.0,-0.0,0.0,0.0,0.0,0.0,-2261.437029564773,-525.5489695451801,-13324.0
t150,18845.557620808322,4685.489428728792,-0.0,0.0,0.0,0.0,0.0,-3710.2592287080224,-587.7878208290858,-19233.0,13765.351815102971,3791.902801448028,-0.0,0.0,0.0,0.0,0.0,6147.812228435866,-217.0668449868669,-23488.0,22492.41718019458,0.0,-0.0,0.0,0.0,0.0,0.0,10699.424780459529,-928.8419606541033,-32263.0,26155.466755221678,226.0,-0.0,0.0,0.0,0.0,0.0,-8060.378872990246,-668.0878822314329,-17653.0,14290.110247396087,27.871690237735315,-0.0,0.0,0.0,0.0,0.0,-8291.26069055761,-316.7212470762135,-5710.0,27907.825666899993,378.6,-0.0,0.0,0.0,0.0,0.0,7153.938,-465.3636669,-34975.0,17952.811190822456,0.0,-0.0,0.0,0.0,0.0,0.0,-3939.276216639517,-598.5349741829313,-13415.0
t151,21093.04113563432,0.0,-97.3,0.0,0.0,0.0,0.0,-666.7378879440694,-449.00324769024957,-19880.0,19611.722798987554,0.0,-2246.9,0.0,0.0,0.0,0.0,6791.918212358305,-238.74101134585698,-23918.0,27170.95491619978,0.0,-1665.0,0.0,0.0,0.0,0.0,5808.389326107652,-807.3442423074275,-30507.0,27561.21183817576,226.0,-0.0,0.0,0.0,0.0,0.0,-9519.482142242816,-640.7296959329473,-17627.0,12866.491200783263,21.029281299505946,-0.0,0.0,0.0,0.0,0.0,-6832.157421305042,-289.3630607777278,-5766.0,25697.608384055628,0.0,-256.1288940028345,0.0,0.0,0.0,0.0,9808.117909674966,-643.5973997277579,-34606.0,19666.136543587345,0.0,-0.0,0.0,0.0,0.0,0.0,-5390.047996648997,-717.0885469383436,-13559.0
t152,18449.008544284585,0.0,-97.3,0.0,0.0,0.0,0.0,1870.198466075231,-84.90701035981549,-20137.0,28704.05126615563,0.0,-2246.9,0.0,0.0,0.0,0.0,-2556.864886706991,-125.28637944864256,-23775.0,30858.956727440804,0.0,-2561.0182772525704,0.0,0.0,0.0,0.0,2540.2906366795714,-195.22908686780494,-30643.0,20097.32052374361,0.0,-578.5,0.0,0.0,0.0,0.0,-1570.1935438182345,-339.62697992537613,-17609.0,10647.321368423462,0.0,-25.118632613416274,0.0,0.0,0.0,0.0,-4704.158966075231,-138.0437697348155,-5780.0,24992.015150130137,0.0,-314.0,0.0,0.0,0.0,0.0,9973.188149826527,-611.2032999566557,-34040.0,19568.43686004104,0.0,-0.0,0.0,0.0,0.0,0.0,-5552.459855980872,-296.9770040601679,-13719.0
t153,20928.249676524156,0.0,-2798.96828922018,0.0,0.0,0.0,0.0,2268.7184293903447,-102.99981669432165,-20295.0,30888.32991444137,0.0,-2800.1756524571483,0.0,0.0,0.0,0.0,-4118.354873197539,-201.7993887866794,-23768.0,33106.38400194031,0.0,-5677.104053755518,0.0,0.0,0.0,0.0,3899.341402838698,-169.62135102348336,-31159.0,19939.9143355659,0.0,-974.4831063465713,0.0,0.0,0.0,0.0,-1151.0683435700948,-312.36288564923467,-17502.0,11042.687195697403,0.0,-27.871690237735315,0.0,0.0,0.0,0.0,-5102.678929390345,-156.13657606932165,-5756.0,24605.224606868276,0.0,-378.6,0.0,0.0,0.0,0.0,9790.563216767634,-577.1878236359141,-33440.0,21369.604562437184,0.0,-1630.3,0.0,0.0,0.0,0.0,-5586.520902838698,-285.7836595984833,-13867.0
t154,21349.96963341843,0.0,-3535.0878451907693,0.0,0.0,0.0,0.0,2581.3096708279268,-117.19145905558788,-20279.0,33202.64849884705,0.0,-4193.201472847043,0.0,0.0,0.0,0.0,-5260.674,-257.773026,-23491.0,33289.56943221198,0.0,-5677.104053755518,0.0,0.0,0.0,0.0,4059.105720380072,-176.5710988365331,-31495.0,19294.32178413595,0.0,-974.4831063465713,0.0,0.0,0.0,0.0,-704.523532124671,-283.31514566470986,-17332.0,11297.598389258515,0.0,-0.0,0.0,0.0,0.0,0.0,-5415.270170827927,-170.3282184305879,-5712.0,23410.37618874004,0.0,-378.6,0.0,0.0,0.0,0.0,10486.337532124671,-604.1137208647099,-32914.0,21762.318627791607,0.0,-1630.3,0.0,0.0,0.0,0.0,-5746.285220380072,-292.7334074115331,-14093.0
t155,21932.874295719947,0.0,-4726.112328990756,0.0,0.0,0.0,0.0,3312.631503531124,-150.39347026031305,-20369.0,34788.231315039775,0.0,-5871.78428903978,0.0,0.0,0.0,0.0,-5260.674,-257.773026,-23398.0,32220.206209577413,0.0,-5677.104053755518,0.0,0.0,0.0,0.0,4792.365754498808,-208.46791032069814,-31127.0,19970.596784604582,0.0,-862.057836021148,0.0,0.0,0.0,0.0,-1469.4643994962053,-333.07454908722815,-17306.0,12151.308504193208,0.0,-125.18627102676939,0.0,0.0,0.0,0.0,-6146.592003531125,-203.53022963531305,-5676.0,22418.19472479102,0.0,-378.6,0.0,0.0,0.0,0.0,11251.278399496205,-653.8731242872282,-32637.0,21152.17547339451,0.0,-0.0,0.0,0.0,0.0,0.0,-6479.545254498808,-324.63021889569814,-14348.0
t156,20029.61743382894,0.0,-3154.7750319275856,0.0,0.0,0.0,0.0,3593.2931050687707,-163.1355069701222,-20305.0,35404.330509023035,0.0,-6158.688427115619,0.0,0.0,0.0,0.0,-5559.803353173144,-267.8387287342763,-23418.0,31648.78619288154,0.0,-3900.2495594832403,0.0,0.0,0.0,0.0,4659.1917851259195,-199.728418524222,-32208.0,19591.948372377854,0.0,-578.5,0.0,0.0,0.0,0.0,-1222.4425918763054,-317.00578050155366,-17474.0,12428.858156019165,0.0,-125.33228460527133,0.0,0.0,0.0,0.0,-6427.25360506877,-216.2722663451222,-5660.0,23060.756303672537,0.0,-314.0,0.0,0.0,0.0,0.0,10607.748467677962,-610.5047713504978,-32744.0,21222.5603905326,0.0,-797.3011427642707,0.0,0.0,0.0,0.0,-5650.733807754432,-278.52544001388975,-14496.0
t157,19511.761652819154,0.0,-3700.8390081093353,0.0,0.0,0.0,0.0,4507.728216310687,-204.65086102050518,-20114.0,35090.135453115625,0.0,-6158.688427115619,0.0,0.0,0.0,0.0,-5260.674,-257.773026,-23413.0,29779.254054092664,0.0,-2581.204053755519,0.0,0.0,0.0,0.0,7166.7015155910685,-311.75151592821146,-34053.0,22061.13580603016,0.0,-974.4831063465713,0.0,0.0,0.0,0.0,-3113.625472779293,-440.027226904293,-17533.0,13395.58835061894,0.0,-179.1120139127471,0.0,0.0,0.0,0.0,-7341.688716310687,-257.7876203955052,-5617.0,22658.003520749997,0.0,-378.6,0.0,0.0,0.0,0.0,11208.259972779293,-644.663493529293,-32843.0,22150.453031519282,0.0,-0.0,0.0,0.0,0.0,0.0,-7166.7015155910685,-311.75151592821146,-14672.0
t158,19747.855107436542,0.0,-3887.015107436535,0.0,0.0,0.0,0.0,4600.0,-208.84,-20252.0,34017.56646969745,0.0,-4683.785925892504,0.0,0.0,0.0,0.0,-5298.727033236545,-259.05351056840976,-23776.0,30831.096262842933,0.0,-1665.0,0.0,0.0,0.0,0.0,6791.98004681619,-295.07630965912426,-35663.0,22956.884034705145,0.0,-578.5,0.0,0.0,0.0,0.0,-4306.744420266793,-517.6396144383549,-17554.0,13912.982906363231,0.0,-100.91796898616386,0.0,0.0,0.0,0.0,-7961.4017873100665,-287.66315006700023,-5563.0,21705.554181758216,0.0,-335.6572209616526,0.0,0.0,0.0,0.0,12401.378920266794,-722.2758810633549,-33049.0,21194.967942052303,0.0,-0.0,0.0,0.0,0.0,0.0,-6226.485726269579,-319.4822157827147,-14649.0
t159,18849.828651392352,0.0,-1700.1458015487142,0.0,0.0,0.0,0.0,3031.6728674027954,-280.3557172464325,-19901.0,30131.989718362518,0.0,-2246.9,0.0,0.0,0.0,0.0,-3473.0100187679104,-131.0796995946107,-24281.0,28569.982988768385,0.0,-1665.0,0.0,0.0,0.0,0.0,10202.009082582446,-421.99207135082855,-36685.0,23092.978620947513,0.0,-823.0564012791933,0.0,0.0,0.0,0.0,-4172.983737635156,-508.9384820331669,-17588.0,14246.418923331272,0.0,-27.871690237735315,0.0,0.0,0.0,0.0,-8547.348479134676,-316.19875395885873,-5355.0,26544.305058157854,0.0,-314.0,0.0,0.0,0.0,0.0,7932.866873665808,-501.17193182366884,-33662.0,20146.19544637246,0.0,-0.0,0.0,0.0,0.0,0.0,-4973.206588113308,-318.98885825914596,-14854.0
t160,18701.50067454028,0.0,-97.3,0.0,0.0,0.0,0.0,1117.443884334089,-367.64455887436554,-19354.0,31922.719740267148,0.0,-2246.9,0.0,0.0,0.0,0.0,-5002.763436611501,-178.0563036556477,-24495.0,25980.48715766065,0.0,-1665.0,0.0,0.0,0.0,0.0,13260.618885331138,-541.1060429917793,-37035.0,22584.8551000447,0.0,-578.5,0.0,0.0,0.0,0.0,-4410.779363669486,-517.5757363752065,-17078.0,14058.392901737936,0.0,-0.0,0.0,0.0,0.0,0.0,-8646.019919126065,-323.37298261187203,-5089.0,26384.64315048301,0.0,-314.0,0.0,0.0,0.0,0.0,7786.727186558352,-496.3703370413592,-33361.0,19395.916726172552,0.0,-0.0,0.0,0.0,0.0,0.0,-4105.227236816527,-298.689489356021,-14992.0
t161,21091.11383981712,0.0,-97.3,0.0,0.0,0.0,0.0,-2177.901530046972,-517.912309770142,-18298.0,30356.763530311524,0.0,-2246.9,0.0,0.0,0.0,0.0,-4413.354162735476,-148.50936757604876,-23548.0,22906.309521844873,0.0,-1665.0,0.0,0.0,0.0,0.0,16781.44540811843,-700.7549299633058,-37322.0,20829.731650393674,0.0,-92.7578841351824,0.0,0.0,0.0,0.0,-3859.1465703539575,-457.8271959045361,-16420.0,13308.629385456485,224.17169023773533,-0.0,0.0,0.0,0.0,0.0,-8358.813218715053,-317.98785697916554,-4856.0,26505.754389348996,0.0,-314.0,0.0,0.0,0.0,0.0,6326.804225521155,-411.55861487015113,-32107.0,19424.08668035002,0.0,-0.0,0.0,0.0,0.0,0.0,-4299.034151788125,-306.05252856189577,-14819.0
t162,21072.511376977607,525.5356725595057,-0.0,0.0,0.0,0.0,0.0,-3710.2592287080224,-587.7878208290858,-17300.0,24489.464561032386,0.0,-0.0,0.0,0.0,0.0,0.0,-1922.7635670027437,-64.70099402964232,-22502.0,18538.615993045758,347.3051065403961,-0.0,0.0,0.0,0.0,0.0,19479.59981563947,-889.5209152256268,-37476.0,24653.9582654147,748.4831063465713,-0.0,0.0,0.0,0.0,0.0,-8965.283962472691,-647.1574092885843,-15790.0,12023.75419957165,224.17169023773533,-0.0,0.0,0.0,0.0,0.0,-7339.058435024417,-298.8674547849661,-4610.0,26438.222152299142,314.0,-0.0,0.0,0.0,0.0,0.0,4326.640833949251,-626.8629862483988,-30452.0,16975.773076892536,0.0,-0.0,0.0,0.0,0.0,0.0,-1868.875456380849,-501.8976205116793,-14605.0
t163,19476.532486517473,914.514563019636,-0.0,0.0,0.0,0.0,0.0,-3710.2592287080224,-587.7878208290858,-16093.0,15673.302317017911,2246.9,-0.0,0.0,0.0,0.0,0.0,3335.2236414112344,-163.42595842915048,-21092.0,17983.62881356419,3508.2606109215794,-0.0,0.0,0.0,0.0,0.0,17092.74241494461,-804.6318394303773,-37780.0,20573.836850426167,732.2873011812,-0.0,0.0,0.0,0.0,0.0,-6250.661075207201,-550.4630764001696,-14505.0,12674.993564599801,224.17169023773533,-0.0,0.0,0.0,0.0,0.0,-8292.422228917083,-316.7430259204536,-4290.0,30497.560941488457,0.0,-0.0,0.0,0.0,0.0,0.0,-769.8419008348064,-675.7190406536471,-29052.0,16161.491161434806,0.0,-0.0,0.0,0.0,0.0,0.0,-1404.781622688731,-481.70953874607216,-14275.0
t164,19098.565641050274,405.48140848684085,-0.0,0.0,0.0,0.0,0.0,-3710.2592287080224,-587.7878208290858,-15206.0,13326.040042902478,163.0589830975232,-0.0,0.0,0.0,0.0,0.0,5260.674,-257.773026,-18492.0,17906.899070786618,1926.6802563457077,-0.0,0.0,0.0,0.0,0.0,18612.14659409092,-870.7259212232419,-37575.0,19674.85561081562,921.4174035247349,-0.0,0.0,0.0,0.0,0.0,-5265.626681883814,-522.646332456542,-14808.0,13388.409708350224,0.0,-9.437609482585849,0.0,0.0,0.0,0.0,-8725.116063547857,-324.85603531978063,-4329.0,30960.769172997723,314.0,-0.0,0.0,0.0,0.0,0.0,-3247.632818116186,-734.136354881542,-27293.0,15603.68942237398,1630.3,-0.0,0.0,0.0,0.0,0.0,-2924.1858018350413,-547.8036205389367,-13762.0
t165,19069.92871120718,253.11833832993318,-0.0,0.0,0.0,0.0,0.0,-3710.2592287080224,-587.7878208290858,-15025.0,12182.671413891654,1294.4276121083471,-0.0,0.0,0.0,0.0,0.0,5260.674,-257.773026,-18480.0,17914.02621604871,3965.5244238796445,-0.0,0.0,0.0,0.0,0.0,16613.222064246667,-783.7727041750169,-37709.0,20856.629301614383,748.4831063465713,-0.0,0.0,0.0,0.0,0.0,-6333.970321732275,-592.1420862286845,-14679.0,13540.143789105372,0.0,-224.17169023773533,0.0,0.0,0.0,0.0,-8725.116063547857,-324.85603531978063,-4266.0,30422.92128692141,0.0,-0.0,0.0,0.0,0.0,0.0,-2179.2891782677243,-803.6321086536846,-27440.0,15038.111675481501,0.0,-0.0,0.0,0.0,0.0,0.0,-925.2612719907886,-460.85040349071164,-13652.0
t166,18738.77826208147,28.928035814772727,-0.0,0.0,0.0,0.0,0.0,-3586.559198447052,-582.1470994491856,-14599.0,11202.064759632687,1737.0342663673146,-0.0,0.0,0.0,0.0,0.0,5260.674,-257.773026,-17942.0,17978.81484418255,4003.478221038109,-0.0,0.0,0.0,0.0,0.0,16531.672461156388,-779.9655263770418,-37734.0,19496.19327613189,804.5,-0.0,0.0,0.0,0.0,0.0,-5547.698191945818,-540.9950841860754,-14212.0,13394.143789105372,0.0,-224.17169023773533,0.0,0.0,0.0,0.0,-8725.116063547857,-324.85603531978063,-4120.0,30780.143299462477,204.90311520277973,-0.0,0.0,0.0,0.0,0.0,-2965.5613080541825,-752.4851066110754,-27267.0,14906.095646234118,0.0,-0.0,0.0,0.0,0.0,0.0,-967.4116991614803,-462.6839470726367,-13476.0
t167,18344.45885175737,122.58819777974338,-0.0,0.0,0.0,0.0,0.0,-3710.2592287080224,-587.7878208290858,-14169.0,12060.099026000002,0.0,-0.0,0.0,0.0,0.0,0.0,5260.674,-257.773026,-17063.0,18260.685198723135,3196.3410942525725,-0.0,0.0,0.0,0.0,0.0,16643.043650187763,-785.0699431634545,-37315.0,20933.331034521972,748.4831063465713,-0.0,0.0,0.0,0.0,0.0,-6703.625955653304,-616.1881852152474,-14362.0,13439.143789105372,0.0,-224.17169023773533,0.0,0.0,0.0,0.0,-8725.116063547857,-324.85603531978063,-4165.0,29661.31175198694,0.0,-0.0,0.0,0.0,0.0,0.0,-1809.633544346696,-827.6782076402474,-27024.0,14517.230500411031,0.0,-0.0,0.0,0.0,0.0,0.0,-955.0828579318825,-462.1476424791492,-13100.0
t168,18414.135085351725,48.91196418538841,-0.0,0.0,0.0,0.0,0.0,-3710.2592287080224,-587.7878208290858,-14165.0,11310.19988756947,849.8991384305364,-0.0,0.0,0.0,0.0,0.0,5260.674,-257.773026,-17163.0,18102.32825081423,3734.287113371671,-0.0,0.0,0.0,0.0,0.0,16228.418379711857,-767.0337438977526,-37298.0,19324.77028168179,804.5,-0.0,0.0,0.0,0.0,0.0,-4952.02381567231,-502.24646600948375,-14675.0,13507.966973454202,0.0,-220.99487458656625,0.0,0.0,0.0,0.0,-8725.116063547857,-324.85603531978063,-4237.0,31996.972172762173,0.0,-0.0,0.0,0.0,0.0,0.0,-3561.2356843276903,-713.7364884344837,-27722.0,13742.569030669427,0.0,-0.0,0.0,0.0,0.0,0.0,-540.457587455978,-444.1114432134474,-12758.0
t169,22131.564237882016,0.0,-0.0,0.0,0.0,0.0,0.0,-2100.7691640034595,-95.79507387855776,-19935.0,13233.419427655173,0.0,-0.0,0.0,0.0,0.0,0.0,7863.118830387362,-355.5382580425348,-20741.0,19432.776727045453,0.0,-0.0,0.0,0.0,0.0,0.0,12048.846034253362,-744.6227612988135,-30737.0,19866.963103205355,0.0,-0.0,0.0,0.0,0.0,0.0,-3827.6184820648314,-158.3446211405243,-15881.0,4567.140880674192,31.497605665834044,-0.0,0.0,0.0,0.0,0.0,837.0563196534769,-15.69480599350269,-5420.0,39387.023026,0.0,-0.0,0.0,0.0,0.0,0.0,-8040.674,-422.349026,-30924.0,24537.201967950656,0.0,-0.0,0.0,0.0,0.0,0.0,-6779.95953822591,-574.2424297247426,-17183.0
t170,21123.24307160789,0.0,-0.0,0.0,0.0,0.0,0.0,-243.1551947282816,-11.087876879609642,-20869.0,13533.28033429989,0.0,-0.0,0.0,0.0,0.0,0.0,7888.09848926384,-356.37882356372825,-21065.0,19331.01751112889,0.0,-0.0,0.0,0.0,0.0,0.0,11083.645205464443,-700.6627165933379,-29714.0,19433.766819640055,0.0,-0.0,0.0,0.0,0.0,0.0,-3446.0455274047963,-135.72129223526045,-15852.0,4567.955106944434,9.791121629423849,-0.0,0.0,0.0,0.0,0.0,989.8127606890614,-18.5589892629199,-5549.0,40851.023026,0.0,-0.0,0.0,0.0,0.0,0.0,-8040.674,-422.349026,-32388.0,24964.412704015984,637.9305335906156,-0.0,0.0,0.0,0.0,0.0,-8231.681733284266,-588.6615043223405,-16782.0
t171,20507.989783337747,0.0,-0.0,0.0,0.0,0.0,0.0,1599.8633876963554,-93.8531710341054,-22014.0,13527.9471499339,2526.3909556661,-0.0,0.0,0.0,0.0,0.0,5627.988,-280.3261056,-21402.0,20661.449615948328,70.14195542229709,-0.0,0.0,0.0,0.0,0.0,8539.52371001503,-415.1152813856537,-28856.0,17337.62280225722,0.0,-0.0,0.0,0.0,0.0,0.0,-893.9592388650276,-59.66356339219607,-16384.0,4965.323812462724,0.0,-0.0,0.0,0.0,0.0,0.0,946.8773531063142,-47.20116556903881,-5865.0,42412.28068176356,0.0,-0.0,0.0,0.0,0.0,0.0,-8552.628984051036,-455.6516977125199,-33404.0,23879.000628590846,592.7688574411812,-0.0,0.0,0.0,0.0,0.0,-7267.664227901635,-346.1052581303965,-16858.0
t172,20075.66562707967,0.0,-0.0,0.0,0.0,0.0,0.0,3889.560415797535,-221.2260428772081,-23744.0,13540.621045706037,4342.477980293963,-0.0,0.0,0.0,0.0,0.0,5260.674,-257.773026,-22886.0,20567.378392301325,4012.104053755519,-0.0,0.0,0.0,0.0,0.0,4036.7106424232848,-185.19308848012494,-28431.0,18152.06117682496,188.00542544519993,-0.0,0.0,0.0,0.0,0.0,-868.2566452632207,-147.80995700693822,-17324.0,5428.066968097044,0.0,-0.0,0.0,0.0,0.0,0.0,948.2683644090368,-113.33533250608131,-6263.0,42783.52550516008,0.0,-0.0,0.0,0.0,0.0,0.0,-7441.4675065810625,-396.0579985790175,-34946.0,23651.098054064743,0.0,-0.0,0.0,0.0,0.0,0.0,-5825.489270785574,-302.6087832791725,-17523.0
t173,20295.30535257788,0.0,-0.0,0.0,0.0,0.0,0.0,5634.339105548324,-300.6444581262042,-25629.0,13877.648770222782,6079.450255777217,-0.0,0.0,0.0,0.0,0.0,5260.674,-257.773026,-24960.0,21297.438595596162,4012.104053755519,-0.0,0.0,0.0,0.0,0.0,3839.6623092353057,-302.20495858698763,-28847.0,18497.0556908931,169.98310634657133,-0.0,0.0,0.0,0.0,0.0,-126.80133412447003,-229.2374631152032,-18311.0,4879.1243604720485,0.0,-0.0,0.0,0.0,0.0,0.0,1918.0906295511807,-216.2149900232297,-6581.0,48397.464522382565,0.0,-0.0,0.0,0.0,0.0,0.0,-10801.331436696344,-602.1330856862163,-36994.0,23665.994060725214,603.5852998438077,-0.0,0.0,0.0,0.0,0.0,-5724.633273513997,-310.9460870550261,-18234.0
t174,20052.429737339826,0.0,-0.0,0.0,0.0,0.0,0.0,7658.524949842865,-392.95468718269115,-27318.0,17287.97106852799,4547.127957472008,-0.0,0.0,0.0,0.0,0.0,5260.674,-257.773026,-26838.0,24592.625245751187,4012.104053755519,-0.0,0.0,0.0,0.0,0.0,444.6234531016032,-311.3527526083078,-28738.0,18535.66999668311,0.0,-0.0,0.0,0.0,0.0,0.0,727.1147047616346,-284.7847014447443,-18978.0,5037.682092831903,0.0,-0.0,0.0,0.0,0.0,0.0,1954.8634128304468,-214.54550566235102,-6778.0,49157.723518223196,0.0,-0.0,0.0,0.0,0.0,0.0,-9894.779175864185,-552.9443423590153,-38710.0,25195.50478209606,0.0,-0.0,0.0,0.0,0.0,0.0,-6151.021344672365,-323.48343742369667,-18721.0
t175,20348.024884036706,0.0,-0.0,0.0,0.0,0.0,0.0,8669.149643705716,-439.17452774242565,-28578.0,25603.690620689686,0.0,-0.0,0.0,0.0,0.0,0.0,2547.11816962178,-124.80879031146722,-28026.0,30125.318805951854,1564.7623353338408,-0.0,0.0,0.0,0.0,0.0,-3859.4552856599653,-257.62585562572946,-27573.0,16455.742655742924,325.78199725152126,-0.0,0.0,0.0,0.0,0.0,2980.262367043325,-424.7870200377614,-19337.0,4435.184018942778,0.0,-0.0,0.0,0.0,0.0,0.0,2631.6360107729824,-183.82002971575992,-6883.0,48287.36871440597,0.0,-0.0,0.0,0.0,0.0,0.0,-7982.958509955775,-478.41020445019365,-39826.0,24561.135840276158,0.0,-0.0,0.0,0.0,0.0,0.0,-4985.752395528062,-274.3834447480987,-19301.0
t176,20565.03603371435,0.0,-0.0,0.0,0.0,0.0,0.0,9390.32268051723,-472.35871423158574,-29483.0,33456.64197281303,0.0,-0.0,0.0,0.0,0.0,0.0,-4597.885268496169,-180.7567043168561,-28678.0,32329.11306805445,0.0,-0.0,0.0,0.0,0.0,0.0,-4088.7152642660126,-416.3978037884393,-27824.0,15503.964825457464,67.13694105830756,-0.0,0.0,0.0,0.0,0.0,4256.730490357485,-334.83225687325023,-19493.0,4527.921005056513,0.0,-76.77134796377533,0.0,0.0,0.0,0.0,2568.6832632209116,-86.83292031365039,-6933.0,41768.51318380385,0.0,-0.0,0.0,0.0,0.0,0.0,-1006.5749915546833,-258.93819224916876,-40503.0,26744.098220738757,0.0,-0.0,0.0,0.0,0.0,0.0,-6522.560909778763,-351.53731095999484,-19870.0
t177,20543.323661064547,0.0,-0.0,0.0,0.0,0.0,0.0,9944.296247836812,-497.6199089013586,-29990.0,39073.460641210506,0.0,-0.0,0.0,0.0,0.0,0.0,-9232.050786349835,-391.40985486067194,-29450.0,32342.576199249008,0.0,-0.0,0.0,0.0,0.0,0.0,-3572.9194614869775,-477.65673776203056,-28292.0,15647.600583732947,0.0,-0.0,0.0,0.0,0.0,0.0,4437.853102307639,-370.4536860405793,-19715.0,4467.55613663809,0.0,-146.5617418700501,0.0,0.0,0.0,0.0,2720.6886260995852,-89.68302086762552,-6952.0,39895.0399599194,0.0,-0.0,0.0,0.0,0.0,0.0,1584.8456971791006,-496.8856570984995,-40983.0,26802.730011550342,0.0,-0.0,0.0,0.0,0.0,0.0,-5882.713425586324,-321.0165859640155,-20599.0
t178,20582.363881474248,0.0,-0.0,0.0,0.0,0.0,0.0,10407.372295186244,-518.7361766604928,-30471.0,37995.74367084441,0.0,-0.0,0.0,0.0,0.0,0.0,-7769.00321122457,-306.7404596198415,-29920.0,32343.61640334234,0.0,-0.0,0.0,0.0,0.0,0.0,-3190.3887297033516,-527.2276736389921,-28626.0,14550.698601099046,0.0,-0.0,0.0,0.0,0.0,0.0,5898.253915226099,-470.95251632513646,-19978.0,4165.804128823098,0.0,-5.862798507678536,0.0,0.0,0.0,0.0,2852.207672675505,-92.149002990924,-6920.0,43674.09839969742,0.0,-0.0,0.0,0.0,0.0,0.0,-1997.484211164338,-466.6141885330784,-41210.0,27802.154570327628,0.0,-0.0,0.0,0.0,0.0,0.0,-6200.9577309955885,-336.1968393320374,-21265.0
t179,21122.441842630855,0.0,-0.0,0.0,0.0,0.0,0.0,9994.465797746376,-499.90764037723466,-30617.0,39518.650360334475,0.0,-0.0,0.0,0.0,0.0,0.0,-8743.41313390708,-346.23722642739983,-30429.0,32055.5504376359,0.0,-0.0,0.0,0.0,0.0,0.0,-2240.0672873850035,-526.4831502508948,-29289.0,14518.066549674244,0.0,-0.0,0.0,0.0,0.0,0.0,5916.813282154476,-479.87983182871193,-19955.0,4120.855782927778,0.0,-0.0,0.0,0.0,0.0,0.0,2799.301224153357,-91.15700708113374,-6829.0,44230.99706670487,0.0,-0.0,0.0,0.0,0.0,0.0,-2226.6371990887574,-531.3598676161116,-41473.0,27725.245909248133,0.0,-0.0,0.0,0.0,0.0,0.0,-5500.462683673367,-302.78322557476747,-21922.0
t180,21437.657540128603,0.0,-0.0,0.0,0.0,0.0,0.0,9509.118252170369,-477.7757922989688,-30469.0,39984.77436349686,0.0,-0.0,0.0,0.0,0.0,0.0,-8909.941431622647,-344.83293187421475,-30730.0,32456.963783666,0.0,-0.0,0.0,0.0,0.0,0.0,-1131.6460518254235,-525.3177318405762,-30800.0,15818.214787027859,0.0,-0.0,0.0,0.0,0.0,0.0,4447.873257092497,-374.08804412035255,-19892.0,4226.038827549704,0.0,-71.86005397575224,0.0,0.0,0.0,0.0,2704.1949916476997,-89.37376522165268,-6769.0,42938.201152708,0.0,-0.0,0.0,0.0,0.0,0.0,-988.4540978177406,-398.74705489026576,-41551.0,28049.580228491282,0.0,-30.418540615923458,0.0,0.0,0.0,0.0,-5631.144919644755,-309.0167682306026,-22079.0
t181,22500.589288827174,0.0,-0.0,0.0,0.0,0.0,0.0,7992.006193601028,-408.5954824282069,-30084.0,37236.737522469506,0.0,-0.0,0.0,0.0,0.0,0.0,-6474.8585328394665,-217.87898963004804,-30544.0,31514.022132819813,0.0,-0.0,0.0,0.0,0.0,0.0,882.8523392384386,-472.8744720582549,-31924.0,17081.11190569462,0.0,-0.0,0.0,0.0,0.0,0.0,2898.8808448143564,-263.9927505089709,-19716.0,4151.360745218783,0.0,-31.917710728801335,0.0,0.0,0.0,0.0,2636.6645346632113,-88.10756915319351,-6668.0,43728.75144288824,0.0,-0.0,0.0,0.0,0.0,0.0,-2092.6261141620057,-136.12532872623845,-41500.0,29147.792821469557,0.0,-800.7551516348944,0.0,0.0,0.0,0.0,-5842.9192653155615,-319.1184045191001,-22185.0
t182,21641.332372319772,0.0,-0.0,0.0,0.0,0.0,0.0,8120.900181410436,-414.23255373020925,-29348.0,37792.43078547753,0.0,-0.0,0.0,0.0,0.0,0.0,-7318.1742228777,-246.2565625998346,-30228.0,29963.550103271402,0.0,-0.0,0.0,0.0,0.0,0.0,2799.7467520004375,-452.2968552718378,-32311.0,17082.317199224108,0.0,-0.0,0.0,0.0,0.0,0.0,2788.3304869658896,-319.64768618998966,-19551.0,4277.010663797463,0.0,-0.0,0.0,0.0,0.0,0.0,2423.233701616814,-161.24436541427664,-6539.0,43312.487949146715,0.0,-0.0,0.0,0.0,0.0,0.0,-1816.3353355680201,-118.1526135786997,-41378.0,30564.86484212457,0.0,-1170.9617584319349,0.0,0.0,0.0,0.0,-6997.7015635478565,-374.2015201447806,-22022.0
t183,22208.537855993036,0.0,-0.0,0.0,0.0,0.0,0.0,6597.069723725336,-344.6075797183787,-28461.0,36183.55282911905,0.0,-4271.354714945794,0.0,0.0,0.0,0.0,-2347.214351253572,-78.9837629196827,-29486.0,29507.997684351634,0.0,-0.0,0.0,0.0,0.0,0.0,2913.837854338438,-308.8355386900705,-32113.0,18748.514153576554,0.0,-0.0,0.0,0.0,0.0,0.0,749.5211557319292,-257.0353093084814,-19241.0,4244.885917408605,0.0,-0.0,0.0,0.0,0.0,0.0,2231.1176460649012,-202.00356347350677,-6274.0,42819.68554183836,0.0,-0.0,0.0,0.0,0.0,0.0,-1900.0850118194996,-123.60053001885845,-40796.0,30676.241251264102,0.0,-457.38521441142905,0.0,0.0,0.0,0.0,-8244.247016787534,-421.6090200651387,-21553.0
t184,22870.801137762595,0.0,-0.0,0.0,0.0,0.0,0.0,4564.0465768252725,-251.84771458786736,-27183.0,34913.263620098485,0.0,-6034.263620098485,0.0,0.0,0.0,0.0,0.0,-0.0,-28879.0,27178.538145644012,0.0,-0.0,0.0,0.0,0.0,0.0,4699.907845641391,-204.44599128540048,-31674.0,18436.3476456087,163.28797184241293,-0.0,0.0,0.0,0.0,0.0,318.3694407758521,-235.00505822696294,-18683.0,4220.646034320816,29.521741800915606,-0.0,0.0,0.0,0.0,0.0,1863.2620850036867,-212.42986112541865,-5901.0,42495.764130154355,0.0,-0.0,0.0,0.0,0.0,0.0,-2190.2860242752486,-142.4781058791049,-40163.0,30757.449272956226,0.0,-0.0,0.0,0.0,0.0,0.0,-9255.299923970953,-462.1493489852685,-21040.0
t185,23215.599999999995,0.0,-0.0,0.0,0.0,0.0,0.0,2400.0,-153.6,-25462.0,32005.74085177567,0.0,-5614.0732010264055,0.0,0.0,0.0,0.0,1328.425183228952,-65.09283397821865,-27655.0,24936.44038474341,0.0,-0.0,0.0,0.0,0.0,0.0,6663.200533819782,-313.640918563192,-31286.0,18335.764997492537,0.0,-0.0,0.0,0.0,0.0,0.0,-627.0085864957399,-11.756410996795124,-17697.0,3639.772332085931,126.69920481204906,-0.0,0.0,0.0,0.0,0.0,1918.1641500435962,-74.63568694157573,-5610.0,41400.623985760016,0.0,-0.0,0.0,0.0,0.0,0.0,-2843.819791001657,-154.80419475836277,-38402.0,29745.370323322768,0.0,-0.0,0.0,0.0,0.0,0.0,-8838.961489594934,-440.40883372782844,-20466.0
t186,22927.188735709504,0.0,-0.0,0.0,0.0,0.0,0.0,911.123145609507,-58.31188131900845,-23780.0,28882.521388769215,0.0,-3669.947135289954,0.0,0.0,0.0,0.0,645.0323307263396,-31.606584205590643,-25826.0,21192.428109097607,0.0,-0.0,0.0,0.0,0.0,0.0,10276.234073081441,-490.6621821790427,-30978.0,17389.42283142912,0.0,-0.0,0.0,0.0,0.0,0.0,-544.2187302371733,-10.204101191946998,-16835.0,4271.481842971136,85.5179313471358,-0.0,0.0,0.0,0.0,0.0,1063.492982982366,-35.49275730063787,-5385.0,39698.21491493193,0.0,-0.0,0.0,0.0,0.0,0.0,-3425.0323307263398,-196.18258420559064,-36077.0,29086.318191042883,0.0,-0.0,0.0,0.0,0.0,0.0,-8926.63147143614,-409.686719606742,-19750.0
t187,24124.882385311612,0.0,-0.0,0.0,0.0,0.0,0.0,-1657.5197197069504,-94.36266560466512,-22373.0,20151.71151877239,0.0,-1255.6124927723904,0.0,0.0,0.0,0.0,5260.674,-257.773026,-23899.0,19715.18979989755,0.0,-1785.9720608728917,0.0,0.0,0.0,0.0,13286.989709324387,-599.2074483490442,-30617.0,17657.87094447867,0.0,-395.98310634657133,0.0,0.0,0.0,0.0,-1245.4785130591767,-59.409325072922734,-15957.0,6248.656018022062,0.0,-0.0,0.0,0.0,0.0,0.0,-994.8860899374268,-47.76992808463518,-5206.0,40271.213363511786,0.0,-0.0,0.0,0.0,0.0,0.0,-6363.172430430313,-323.0409330814746,-33585.0,27934.36308501098,0.0,-0.0,0.0,0.0,0.0,0.0,-8286.606956190519,-546.7561288204625,-19101.0
t188,26277.90456537673,0.0,-0.0,0.0,0.0,0.0,0.0,-4545.833417642954,-336.07114773377555,-21396.0,13718.373704551612,0.0,-0.0,0.0,0.0,0.0,0.0,8951.798628704286,-392.1723332558993,-22278.0,19988.71696654126,0.0,-3160.494923067397,0.0,0.0,0.0,0.0,15216.082693833194,-966.3047373070543,-31078.0,18325.25789829826,0.0,-283.557836021148,0.0,0.0,0.0,0.0,-1779.803438271566,-84.89662400555369,-16177.0,6876.552817363162,0.0,-0.0,0.0,0.0,0.0,0.0,-1521.1432276160044,-69.40958974715714,-5286.0,40208.419319889545,0.0,-0.0,0.0,0.0,0.0,0.0,-7518.955999518078,-391.4633203714702,-32298.0,28230.70160038749,0.0,-0.0,0.0,0.0,0.0,0.0,-8802.14523948888,-561.55636089862,-18867.0
t189,26557.362327555682,0.0,-0.0,0.0,0.0,0.0,0.0,-5385.784524299078,-268.5778032566003,-20903.0,14334.745782451364,0.0,-0.0,0.0,0.0,0.0,0.0,8138.043697364965,-364.7894798163311,-22108.0,19825.894515810243,0.0,-916.2040537555189,0.0,0.0,0.0,0.0,14901.841876497769,-876.5323385524886,-32935.0,17566.57568106504,0.0,-395.98310634657133,0.0,0.0,0.0,0.0,-1330.1446737792016,-63.44790093926792,-15777.0,6848.096319303923,0.0,-0.0,0.0,0.0,0.0,0.0,-1543.7492882573326,-74.34703104659083,-5230.0,38946.37864528554,0.0,-0.0,0.0,0.0,0.0,0.0,-6713.5928248541795,-343.7858204313674,-31889.0,27608.440640906985,0.0,-0.0,0.0,0.0,0.0,0.0,-8066.614262672943,-597.8263782340484,-18944.0
t190,27178.905057976583,0.0,-0.0,0.0,0.0,0.0,0.0,-6562.49526750267,-401.40979047390687,-20215.0,13570.669769488153,0.0,-0.0,0.0,0.0,0.0,0.0,8035.67500378936,-361.344773277512,-21245.0,19813.12493864399,0.0,-4012.104053755519,0.0,0.0,0.0,0.0,18345.54829704339,-1043.5691819318565,-33103.0,17258.533029978902,0.0,-0.0,0.0,0.0,0.0,0.0,-2246.380671927944,-107.15235805096293,-14905.0,7569.640010489403,0.0,-0.0,0.0,0.0,0.0,0.0,-2413.79299514989,-113.84701533951295,-5042.0,39667.023026,0.0,-0.0,0.0,0.0,0.0,0.0,-8040.674,-422.349026,-31204.0,26442.99754302316,0.0,-0.0,0.0,0.0,0.0,0.0,-7117.88036625225,-640.1171767709136,-18685.0
t191,25189.985857791376,0.0,-0.0,0.0,0.0,0.0,0.0,-5094.020812883875,-524.9650449075021,-19571.0,12043.520463838897,0.0,-0.0,0.0,0.0,0.0,0.0,7952.008946614689,-358.5294104535843,-19637.0,19689.215446632392,0.0,-3341.540157473211,0.0,0.0,0.0,0.0,17172.734418455228,-987.4097076144126,-32533.0,16327.934893372538,0.0,-0.0,0.0,0.0,0.0,0.0,-1285.6112373508997,-61.323656021637916,-14981.0,8667.16051770718,0.0,-0.0,0.0,0.0,0.0,0.0,-3377.299613311148,-153.86090439603325,-5136.0,38568.023026,0.0,-0.0,0.0,0.0,0.0,0.0,-8040.674,-422.349026,-30105.0,25863.75058238869,218.79011700629417,-0.0,0.0,0.0,0.0,0.0,-7327.137701523993,-457.4029978709972,-18298.0
t192,24313.82149827964,0.0,-0.0,0.0,0.0,0.0,0.0,-4298.7150575429305,-442.1064407367147,-19573.0,13209.567946511903,0.0,-0.0,0.0,0.0,0.0,0.0,6833.317496650385,-320.88544316228547,-19722.0,19719.027837876474,0.0,-2867.4688028333494,0.0,0.0,0.0,0.0,15671.49432582007,-833.0533608631924,-31690.0,14939.50916228211,0.0,-0.0,0.0,0.0,0.0,0.0,426.4874779290598,-7.996640211169871,-15358.0,8511.487356178428,0.0,-0.0,0.0,0.0,0.0,0.0,-3130.718622025291,-130.76873415313878,-5250.0,39172.023026,0.0,-0.0,0.0,0.0,0.0,0.0,-8040.674,-422.349026,-30709.0,25761.81061826158,37.517758675866666,-0.0,0.0,0.0,0.0,0.0,-7461.191620831291,-331.13675610616116,-18007.0
t193,18342.065267473507,1874.3989673591013,-0.0,0.0,0.0,0.0,0.0,-3718.0291693066974,-587.435065525906,-15911.0,10625.87543254884,701.2136262684364,-0.0,0.0,0.0,0.0,0.0,7917.271434348553,-357.36049316582887,-18887.0,16444.137087211875,1872.6412858326985,-0.0,0.0,0.0,0.0,0.0,13196.331822577824,-768.1101956224131,-30745.0,29807.18406412843,748.4831063465713,-0.0,0.0,0.0,0.0,0.0,-13294.4445,-676.2226704750001,-16585.0,6567.721873235409,224.17169023773533,-0.0,0.0,0.0,0.0,0.0,-1758.2695594013248,-261.6240040718202,-4772.0,29428.872692899997,314.0,-0.0,0.0,0.0,0.0,0.0,1893.2640000000001,-723.1366929000001,-30913.0,18524.911365870656,188.61597337519936,-0.0,0.0,0.0,0.0,0.0,-4236.124028218355,-492.40331102749843,-13985.0
t194,18358.5061197309,97.3,-0.0,0.0,0.0,0.0,0.0,-2058.179502699195,-509.6266170317025,-15888.0,11485.087790264623,2246.9,-0.0,0.0,0.0,0.0,0.0,6627.988326315908,-313.97611658053034,-20046.0,16436.918613984173,1059.1412300430857,-0.0,0.0,0.0,0.0,0.0,12962.892978797743,-654.9528228249951,-29804.0,30849.879869293796,153.78730118119998,-0.0,0.0,0.0,0.0,0.0,-13294.4445,-676.2226704750001,-17033.0,6565.375498677819,224.17169023773533,-0.0,0.0,0.0,0.0,0.0,-1734.9805077870242,-260.56668112853094,-4794.0,31680.6240549428,358.2486379572,-0.0,0.0,0.0,0.0,0.0,1893.2640000000001,-723.1366929000001,-33209.0,18812.922234993726,0.0,-0.0,0.0,0.0,0.0,0.0,-4396.540794627434,-499.3814403662933,-13917.0
t195,18201.552188198573,0.0,-0.0,0.0,0.0,0.0,0.0,-1643.9864079940435,-493.56578020452844,-16064.0,10403.42940720287,853.4310004593435,-0.0,0.0,0.0,0.0,0.0,9468.70585371531,-409.5662613775202,-20316.0,16642.22259634927,1665.0,-0.0,0.0,0.0,0.0,0.0,11599.792114502512,-814.014710851783,-29093.0,30064.167170475,804.5,-0.0,0.0,0.0,0.0,0.0,-13294.4445,-676.2226704750001,-16898.0,6722.969764369133,189.04649500586655,-0.0,0.0,0.0,0.0,0.0,-1766.0394999999999,-261.97675937500003,-4884.0,32427.2726929,378.6,-0.0,0.0,0.0,0.0,0.0,1893.2640000000001,-723.1366929000001,-33976.0,18852.315658893516,1630.3,-0.0,0.0,0.0,0.0,0.0,-6257.291560223779,-580.3240986697343,-13645.0
t196,19406.10292775539,97.3,-0.0,0.0,0.0,0.0,0.0,-2404.1726547010194,-528.2302730543665,-16571.0,13047.209079291324,2446.129026308681,-0.0,0.0,0.0,0.0,0.0,5627.988,-280.3261056,-20841.0,16228.41839042133,1244.8065712174266,-0.0,0.0,0.0,0.0,0.0,14472.016519535922,-644.2414811746848,-31301.0,30322.532200262267,789.1349702127314,-0.0,0.0,0.0,0.0,0.0,-13294.4445,-676.2226704750001,-17141.0,7057.396669804885,161.35058476438687,-0.0,0.0,0.0,0.0,0.0,-1914.5385895339668,-269.2086650353042,-5035.0,32269.8726929,314.0,-0.0,0.0,0.0,0.0,0.0,1893.2640000000001,-723.1366929000001,-33754.0,18809.471212881563,0.0,-0.0,0.0,0.0,0.0,0.0,-4380.112775300937,-512.3584375806225,-13917.0
t197,17565.245631916532,2375.515694781033,-0.0,0.0,0.0,0.0,0.0,-2185.5024165049363,-518.2589101926251,-17237.0,10744.171434174648,4512.8027409402885,-0.0,0.0,0.0,0.0,0.0,7029.513255326812,-327.4874304417473,-21959.0,16090.039266119999,4012.104053755519,-0.0,0.0,0.0,0.0,0.0,12813.6266687377,-679.7699886132137,-32236.0,31342.66717047501,0.0,-0.0,0.0,0.0,0.0,0.0,-13294.4445,-676.2226704750001,-17372.0,7370.137820082902,27.871690237735315,-0.0,0.0,0.0,0.0,0.0,-1953.8846901836919,-271.1248201369458,-5173.0,32587.96243242341,341.9102604765859,-0.0,0.0,0.0,0.0,0.0,1893.2640000000001,-723.1366929000001,-34100.0,18842.185455516672,0.0,-0.0,0.0,0.0,0.0,0.0,-4302.572317375882,-512.6131381407872,-14027.0
t198,17743.77084934599,4545.276200191119,-0.0,0.0,0.0,0.0,0.0,-3710.2592287080224,-587.7878208290858,-17991.0,10859.339019778201,1005.8290130956066,-0.0,0.0,0.0,0.0,0.0,11495.603328531268,-477.7713614050772,-22883.0,17496.638865086185,3095.9,-0.0,0.0,0.0,0.0,0.0,12023.626975316565,-993.1658404027448,-31623.0,31042.667170475,226.0,-0.0,0.0,0.0,0.0,0.0,-13294.4445,-676.2226704750001,-17298.0,8041.704048781976,0.0,-0.0,0.0,0.0,0.0,0.0,-2500.9377448812575,-297.7663039007173,-5243.0,33250.872692900004,0.0,-0.0,0.0,0.0,0.0,0.0,1893.2640000000001,-723.1366929000001,-34421.0,19055.39046235285,1630.3,-0.0,0.0,0.0,0.0,0.0,-5906.852830258554,-632.837632094299,-14146.0
t199,19317.12979516995,97.3,-0.0,0.0,0.0,0.0,0.0,-392.91296401104137,-436.5168311589035,-18585.0,13126.79626491078,172.93980331319835,-0.0,0.0,0.0,0.0,0.0,10431.218752187118,-441.95482041109653,-23289.0,20945.5851013445,0.0,-0.0,0.0,0.0,0.0,0.0,9480.887891700126,-793.4729930446148,-29633.0,29706.37521029628,0.0,-226.0,0.0,0.0,0.0,0.0,-11745.200858106777,-647.1743521895021,-17088.0,10144.002023131688,0.0,-14.755600656326502,0.0,0.0,0.0,0.0,-4606.438705441079,-295.8077170342827,-5227.0,32831.27269290001,378.6,-0.0,0.0,0.0,0.0,0.0,1893.2640000000001,-723.1366929000001,-34380.0,20137.140163147742,0.0,-0.0,0.0,0.0,0.0,0.0,-5060.818116328346,-647.3220468193954,-14429.0
t200,20590.720212895147,0.0,-5984.880212895143,0.0,0.0,0.0,0.0,4600.0,-208.84,-18997.0,17084.149878134634,0.0,-2246.9,0.0,0.0,0.0,0.0,8498.967240674414,-304.21711880905025,-23032.0,29560.63559637525,0.0,-1665.0,0.0,0.0,0.0,0.0,2712.328865863453,-704.9644622386948,-29903.0,30578.02227514722,0.0,-974.4831063465713,0.0,0.0,0.0,0.0,-11966.220694675481,-651.3184741251653,-16986.0,10136.542398080055,0.0,-224.17169023773533,0.0,0.0,0.0,0.0,-4385.418868872375,-299.95183896994587,-5227.0,26846.035780733222,0.0,-378.6,0.0,0.0,0.0,0.0,8317.735893462133,-607.1716741953554,-34178.0,23180.655466521923,0.0,-0.0,0.0,0.0,0.0,0.0,-7777.3924364521445,-808.2630300697806,-14595.0
t201,19716.337577890994,0.0,-5006.104525068477,0.0,0.0,0.0,0.0,4872.015969206716,-226.24902202922988,-19356.0,23953.48698828063,0.0,-6158.688427115619,0.0,0.0,0.0,0.0,5301.799971371647,-188.5985325366559,-22908.0,34834.43251483554,0.0,-5677.104053755518,0.0,0.0,0.0,0.0,1849.8349520243546,-461.16341310438196,-30546.0,30282.69945883346,0.0,-226.0,0.0,0.0,0.0,0.0,-12452.267605137142,-660.4318536963215,-16944.0,8212.41665836844,0.0,-146.01432090925852,0.0,0.0,0.0,0.0,-2608.2163948628595,-246.18594259632138,-5212.0,25567.87949017742,0.0,-360.046014702418,0.0,0.0,0.0,0.0,9341.1175,-615.950975475,-33933.0,23429.974007174675,0.0,-1630.3,0.0,0.0,0.0,0.0,-6304.284392602718,-643.3896145719558,-14852.0
t202,18302.445200914288,0.0,-3384.56664494326,0.0,0.0,0.0,0.0,4771.96735473181,-219.84591070283582,-19470.0,27187.863236685593,0.0,-6158.688427115619,0.0,0.0,0.0,0.0,1657.8032327107396,-65.97804228071638,-22621.0,34589.37185231888,0.0,-5677.104053755518,0.0,0.0,0.0,0.0,2684.049603492186,-216.31740205554365,-31380.0,27993.27145796949,0.0,-119.64705835510712,0.0,0.0,0.0,0.0,-10193.934135953701,-544.6902636606843,-17135.0,7835.598339569034,0.0,-0.0,0.0,0.0,0.0,0.0,-2331.218690006658,-251.37964956237516,-5253.0,25572.096955018806,0.0,-378.6,0.0,0.0,0.0,0.0,8909.754691060725,-586.2516460795309,-33517.0,22654.8484120906,0.0,-1630.3,0.0,0.0,0.0,0.0,-5498.422056035102,-364.12635605550304,-15162.0
t203,18813.789118427732,0.0,-3573.949118427732,0.0,0.0,0.0,0.0,4600.0,-208.84,-19631.0,27242.550359920042,0.0,-6158.688427115619,0.0,0.0,0.0,0.0,1601.2118080359887,-64.07374084041102,-22621.0,34269.97960581145,0.0,-5402.236809950721,0.0,0.0,0.0,0.0,3099.2706952736507,-230.0134911343803,-31737.0,26010.0601029227,0.0,-0.0,0.0,0.0,0.0,0.0,-8150.01990039038,-484.0402025323196,-17376.0,9145.43463524194,0.0,-0.0,0.0,0.0,0.0,0.0,-3603.9180996096206,-227.51653563231963,-5314.0,26448.2750944838,0.0,-378.6,0.0,0.0,0.0,0.0,8078.333180600546,-529.0082750843476,-33619.0,22033.869344352774,0.0,-797.3011427642707,0.0,0.0,0.0,0.0,-5624.877683910186,-274.6905176783169,-15337.0
t204,17786.27535334612,0.0,-2425.4353533461194,0.0,0.0,0.0,0.0,4600.0,-208.84,-19752.0,26734.642781857532,0.0,-5765.2712273656,0.0,0.0,0.0,0.0,2066.3542288074414,-79.72578329937042,-22956.0,33517.04283821037,0.0,-5071.135080540607,0.0,0.0,0.0,0.0,5016.385986390727,-349.2937440604907,-33113.0,25893.513180068054,0.0,-0.0,0.0,0.0,0.0,0.0,-7338.685497588272,-468.8276824797801,-18086.0,10176.678346613926,0.0,-170.12182862241812,0.0,0.0,0.0,0.0,-4415.2525024117285,-212.3040155797801,-5379.0,27243.619612422586,0.0,-314.0,0.0,0.0,0.0,0.0,8241.631770581986,-540.2513830045698,-34631.0,24133.995821845845,0.0,-0.0,0.0,0.0,0.0,0.0,-8170.433985780155,-389.56183606569004,-15574.0
t205,17934.58809042183,0.0,-2241.7480904218296,0.0,0.0,0.0,0.0,4600.0,-208.84,-20084.0,25425.768328035556,0.0,-3378.0876857552557,0.0,0.0,0.0,0.0,2279.20765894314,-86.88830122343667,-24240.0,32122.159564246416,0.0,-2581.204053755519,0.0,0.0,0.0,0.0,6252.5322376336335,-419.48774812452626,-35374.0,25984.68996447815,0.0,-0.0,0.0,0.0,0.0,0.0,-7128.856010270723,-465.8339542074239,-18390.0,10429.959815464901,0.0,-197.56753842820157,0.0,0.0,0.0,0.0,-4625.081989729277,-209.31028730742395,-5398.0,29463.636873159234,0.0,-354.2112062592346,0.0,0.0,0.0,0.0,7153.938,-465.3636669,-35798.0,24771.445502677867,0.0,-0.0,0.0,0.0,0.0,0.0,-8531.739896576773,-377.7056061010896,-15862.0
t206,17204.341393541286,0.0,-886.2594673213096,0.0,0.0,0.0,0.0,3712.2399328424062,-249.32185906238627,-19781.0,24278.166419387333,0.0,-2246.9,0.0,0.0,0.0,0.0,2802.634503876028,-112.90092326336159,-24721.0,30165.308238699636,0.0,-1665.0,0.0,0.0,0.0,0.0,9074.987575830364,-542.2958145300033,-37033.0,25759.75916498507,0.0,-0.0,0.0,0.0,0.0,0.0,-7143.100478836742,-464.65868614833005,-18152.0,10948.96657208639,0.0,-38.5632215204931,0.0,0.0,0.0,0.0,-5349.083008072753,-245.32034249314304,-5316.0,30123.55656787329,0.0,-314.0,0.0,0.0,0.0,0.0,6595.91424379223,-491.4708116655111,-35914.0,25929.904428846115,0.0,-0.0,0.0,0.0,0.0,0.0,-9693.592769431536,-497.31165941457954,-15739.0
t207,16052.6224055587,0.0,-0.0,0.0,0.0,0.0,0.0,3379.856153826796,-264.4785593854981,-19168.0,22427.788394805302,0.0,-2246.9,0.0,0.0,0.0,0.0,4609.533437218402,-230.42183202370165,-24560.0,26523.32856773187,0.0,-0.0,0.0,0.0,0.0,0.0,11689.034915083092,-513.3634828149634,-37699.0,24420.731109688153,974.4831063465713,-0.0,0.0,0.0,0.0,0.0,-7242.268009644319,-450.94620639040403,-17702.0,10560.719661615649,224.17169023773533,-0.0,0.0,0.0,0.0,0.0,-5401.994232719924,-247.8971191334603,-5135.0,34290.55258168509,0.0,-0.0,0.0,0.0,0.0,0.0,1689.6065546999553,-612.1591363850443,-35368.0,24598.75976305599,0.0,-0.0,0.0,0.0,0.0,0.0,-8723.768818464003,-565.990944591987,-15309.0
t208,16132.42338075716,0.0,-0.0,0.0,0.0,0.0,0.0,2580.5960236780156,-338.0194044351755,-18375.0,19229.88316245413,0.0,-0.0,0.0,0.0,0.0,0.0,4698.713045369197,-311.5962078233265,-23617.0,20183.193432689604,1058.3834688332136,-0.0,0.0,0.0,0.0,0.0,16387.733656453638,-752.3105579764476,-36877.0,24872.62370388574,974.4831063465713,-0.0,0.0,0.0,0.0,0.0,-8328.771394632984,-416.33541559932667,-17102.0,9421.808074756633,224.17169023773533,-0.0,0.0,0.0,0.0,0.0,-4420.689245587836,-299.290519406531,-4926.0,39437.30587726461,0.0,-0.0,0.0,0.0,0.0,0.0,-4488.914923327036,-653.3909539375762,-34295.0,21983.42895387982,0.0,-0.0,0.0,0.0,0.0,0.0,-6428.667161952993,-713.7617919268349,-14841.0
t209,14408.572471885604,4561.935208106801,-0.0,0.0,0.0,0.0,0.0,-1118.8864575290781,-469.6212224633259,-17382.0,13274.194339324553,3860.1437662754465,-0.0,0.0,0.0,0.0,0.0,5627.988,-280.3261056,-22482.0,16666.81638668425,1665.0,-0.0,0.0,0.0,0.0,0.0,18819.48695752908,-874.303344213326,-36277.0,26250.069886679787,974.4831063465713,-0.0,0.0,0.0,0.0,0.0,-10163.906249096926,-628.6467439294327,-16432.0,10910.841732987406,224.17169023773533,-0.0,0.0,0.0,0.0,0.0,-6187.733314450929,-277.28010877421326,-4670.0,34908.09354055033,0.0,-0.0,0.0,0.0,0.0,0.0,-1257.8309596765903,-913.2625808737332,-32737.0,20853.768586244063,0.0,-0.0,0.0,0.0,0.0,0.0,-5719.117976775554,-717.6506094685138,-14417.0
t210,15935.547205144472,4199.250093536244,-0.0,0.0,0.0,0.0,0.0,-3087.12915300675,-627.6681456739673,-16420.0,11475.564084859961,2751.3768162872666,-0.0,0.0,0.0,0.0,0.0,7401.048696903581,-339.9895980508055,-21288.0,16867.334403225457,0.0,-0.0,0.0,0.0,0.0,0.0,19637.79903180444,-1052.1334350298914,-35453.0,24753.733232309216,0.0,-155.7687906931248,0.0,0.0,0.0,0.0,-8229.038935557797,-664.9255060582914,-15704.0,12972.159498893132,0.0,-0.0,0.0,0.0,0.0,0.0,-8122.600627990059,-313.5588709030719,-4536.0,32792.4486929,0.0,-0.0,0.0,0.0,0.0,0.0,-886.7359999999999,-887.7126929,-31018.0,21467.324058493075,0.0,-0.0,0.0,0.0,0.0,0.0,-6713.343012153417,-731.981046339662,-14022.0
t211,16907.45664528332,2036.7907479779014,-0.0,0.0,0.0,0.0,0.0,-2522.439083114126,-663.8083101470952,-15758.0,10508.513560191346,2009.8334794302373,-0.0,0.0,0.0,0.0,0.0,8152.943829646005,-365.29086926758805,-20306.0,17218.530807184656,0.0,-0.0,0.0,0.0,0.0,0.0,18885.903899062017,-1077.4347062466738,-35027.0,25947.38723298357,0.0,-804.5,0.0,0.0,0.0,0.0,-8840.425219753959,-653.4620132296133,-15649.0,12596.60972186829,0.0,-196.3,0.0,0.0,0.0,0.0,-7511.214343793898,-302.09537807439386,-4587.0,31404.448692899998,0.0,-0.0,0.0,0.0,0.0,0.0,-886.7359999999999,-887.7126929,-29630.0,21697.154292858828,0.0,-0.0,0.0,0.0,0.0,0.0,-7278.03308204604,-768.12121081279,-13651.0
t212,17663.583089033982,58.3800000001025,-0.0,0.0,0.0,0.0,0.0,-1446.4658253847556,-603.4972636493242,-15672.0,11004.232171348849,2246.9,-0.0,0.0,0.0,0.0,0.0,7394.641835826722,-339.7740071755692,-20306.0,17222.996897537065,639.5602263347879,-0.0,0.0,0.0,0.0,0.0,18465.61706995748,-998.1741938293287,-35330.0,26455.592055848945,0.0,-862.057836021148,0.0,0.0,0.0,0.0,-8805.415779595209,-654.1184402325898,-16134.0,12746.713198512603,0.0,-205.73760948258587,0.0,0.0,0.0,0.0,-7546.223783952648,-302.7518050773705,-4692.0,31098.4486929,0.0,-0.0,0.0,0.0,0.0,0.0,-886.7359999999999,-887.7126929,-29324.0,21794.971331491935,0.0,-0.0,0.0,0.0,0.0,0.0,-7175.41751685159,-761.5538146403452,-13858.0
t213,18257.523240582606,0.0,-0.0,0.0,0.0,0.0,0.0,-1808.0133368930758,-686.5099036895305,-15763.0,11426.252714625096,3148.89529343713,-0.0,0.0,0.0,0.0,0.0,6451.902831621849,-308.05083968407524,-20719.0,17219.723016652493,0.0,-0.0,0.0,0.0,0.0,0.0,20376.89330752676,-1010.6163241792517,-36586.0,26816.357847473493,0.0,-974.4831063465713,0.0,0.0,0.0,0.0,-9231.750068817244,-646.1246723096767,-15964.0,12267.819222122806,0.0,-224.17169023773533,0.0,0.0,0.0,0.0,-7119.889494730613,-294.7580371544573,-4629.0,31461.448692899994,0.0,-0.0,0.0,0.0,0.0,0.0,-886.7359999999999,-887.7126929,-29687.0,22151.808395546803,0.0,-0.0,0.0,0.0,0.0,0.0,-7782.407238707676,-800.4011568391346,-13569.0
t214,17918.120240409484,0.0,-0.0,0.0,0.0,0.0,0.0,-2007.345971093036,-696.7742693164449,-15214.0,10437.276412784362,2246.9,-0.0,0.0,0.0,0.0,0.0,7748.505092994919,-351.68150577927906,-20081.0,17425.079214815436,2810.403492229825,-0.0,0.0,0.0,0.0,0.0,19290.342635713103,-1063.825342758365,-38462.0,26842.05301744657,0.0,-748.4831063465713,0.0,0.0,0.0,0.0,-10460.484,-623.0859111,-15010.0,10647.746529730373,0.0,-27.871690237735315,0.0,0.0,0.0,0.0,-5891.155563547856,-271.71927594478063,-4457.0,31068.448692899998,0.0,-0.0,0.0,0.0,0.0,0.0,-886.7359999999999,-887.7126929,-29294.0,22172.21336404927,0.0,-0.0,0.0,0.0,0.0,0.0,-7793.12619406713,-801.0871699821397,-13578.0
t215,17614.686437613866,0.0,-0.0,0.0,0.0,0.0,0.0,-2134.0192587045567,-688.6671789093076,-14792.0,11817.012733525618,104.05100766343838,-0.0,0.0,0.0,0.0,0.0,6954.913404264444,-324.97714545349857,-18551.0,17484.186657989,1665.0,-0.0,0.0,0.0,0.0,0.0,20083.93432444358,-1037.1209824325842,-38196.0,27178.05301744657,0.0,-974.4831063465713,0.0,0.0,0.0,0.0,-10460.484,-623.0859111,-15120.0,10989.04652973037,0.0,-224.17169023773533,0.0,0.0,0.0,0.0,-5891.155563547856,-271.71927594478063,-4602.0,29943.586518495296,0.0,-111.13782559529777,0.0,0.0,0.0,0.0,-886.7359999999999,-887.7126929,-28058.0,21714.43298603061,0.0,-0.0,0.0,0.0,0.0,0.0,-7666.45290645561,-792.9800795750024,-13255.0
t216,17534.966614337955,0.0,-0.0,0.0,0.0,0.0,0.0,-1587.3100458029403,-723.656568535011,-15224.0,10392.583161180444,0.0,-0.0,0.0,0.0,0.0,0.0,8593.533552252866,-380.116713433309,-18606.0,17613.670250179362,2207.2761237778873,-0.0,0.0,0.0,0.0,0.0,18445.314176455155,-1092.2605504123949,-37174.0,27289.626312379194,0.0,-823.0564012791933,0.0,0.0,0.0,0.0,-10460.484,-623.0859111,-15383.0,10958.107041647465,0.0,-94.23220215482849,0.0,0.0,0.0,0.0,-5891.155563547856,-271.71927594478063,-4701.0,30477.448692899998,0.0,-0.0,0.0,0.0,0.0,0.0,-886.7359999999999,-887.7126929,-28703.0,22229.131588557928,0.0,-0.0,0.0,0.0,0.0,0.0,-8213.162119357226,-827.9694692007058,-13188.0
t217,20879.509302875995,0.0,-0.0,0.0,0.0,0.0,0.0,-3286.138190967791,-534.3711119082055,-17059.0,10089.029190959996,3340.6884271156187,-0.0,0.0,0.0,0.0,0.0,7378.513676539957,-339.23129461556954,-20469.0,15769.164431067096,2424.052140341073,-0.0,0.0,0.0,0.0,0.0,18861.742799044037,-1014.9593704521996,-36040.0,25877.365503575,0.0,-226.0,0.0,0.0,0.0,0.0,-6140.5064999999995,-210.85900357500003,-19300.0,7065.67340597504,27.871690237735315,-0.0,0.0,0.0,0.0,0.0,-1391.5692846162,-244.9758115965755,-5457.0,42119.789834575,0.0,-0.0,0.0,0.0,0.0,0.0,-10227.853500000001,-572.9363345749999,-31319.0,20182.5969205538,363.4008335711988,-0.0,0.0,0.0,0.0,0.0,-5194.189,-779.808754125,-14572.0
t218,19968.784552646237,1611.6644930986413,-0.0,0.0,0.0,0.0,0.0,-3941.1433646893465,-577.3056810555338,-17062.0,10076.974826440866,2818.0,-0.0,0.0,0.0,0.0,0.0,9198.498973414533,-400.473799855399,-21693.0,15951.306559439121,2202.9623221018733,-0.0,0.0,0.0,0.0,0.0,17840.34875529349,-1112.617636834485,-34882.0,26141.40873669037,23.95676688463209,-0.0,0.0,0.0,0.0,0.0,-6140.5064999999995,-210.85900357500003,-19814.0,7220.649983620124,0.0,-0.0,0.0,0.0,0.0,0.0,-1535.1553640186758,-251.4946196014479,-5434.0,44720.78983457501,0.0,-0.0,0.0,0.0,0.0,0.0,-10227.853500000001,-572.9363345749999,-33920.0,20368.982069895414,178.01568422958184,-0.0,0.0,0.0,0.0,0.0,-5194.189,-779.808754125,-14573.0
t219,20023.750757477308,0.0,-0.0,0.0,0.0,0.0,0.0,-2623.4750303171086,-529.2757271602015,-16871.0,12847.603526189125,1871.6816579934894,-0.0,0.0,0.0,0.0,0.0,7609.726419224282,-347.0116034068971,-21982.0,15869.177435140196,0.0,-0.0,0.0,0.0,0.0,0.0,18243.933438320753,-1005.1108734609506,-33108.0,26168.798661424895,40.56684215010814,-0.0,0.0,0.0,0.0,0.0,-6140.5064999999995,-210.85900357500003,-19858.0,7399.1450598590745,0.0,-0.0,0.0,0.0,0.0,0.0,-1667.6358272279267,-257.5092326311479,-5474.0,45692.789834575,0.0,-0.0,0.0,0.0,0.0,0.0,-10227.853500000001,-572.9363345749999,-34892.0,20369.997754124994,0.0,-0.0,0.0,0.0,0.0,0.0,-5194.189,-779.808754125,-14396.0
t220,19975.92845992027,1279.333582561411,-0.0,0.0,0.0,0.0,0.0,-3803.7172141936408,-583.5448282880388,-16868.0,10581.003468260426,0.0,-0.0,0.0,0.0,0.0,0.0,12239.810463227168,-502.81393148759423,-22318.0,15871.577151551817,465.3433514340104,-0.0,0.0,0.0,0.0,0.0,14799.037265480854,-1214.9577684666801,-29921.0,26496.365503575,0.0,-0.0,0.0,0.0,0.0,0.0,-6140.5064999999995,-210.85900357500003,-20145.0,7549.315281348333,0.0,-0.0,0.0,0.0,0.0,0.0,-1672.5815145143815,-257.7337668339529,-5619.0,45670.789834575,0.0,-0.0,0.0,0.0,0.0,0.0,-10227.853500000001,-572.9363345749999,-34870.0,20423.295813084584,336.70194104041184,-0.0,0.0,0.0,0.0,0.0,-5194.189,-779.808754125,-14786.0
t221,19772.945718532636,0.0,-0.0,0.0,0.0,0.0,0.0,-2164.638215888135,-517.307502644499,-17091.0,10587.867892696408,806.7750003914401,-0.0,0.0,0.0,0.0,0.0,12461.635449176956,-510.27834226480456,-23346.0,15776.460884231923,2662.328670157932,-0.0,0.0,0.0,0.0,0.0,12925.539034571382,-1147.3285889612223,-30217.0,26143.365503574998,226.0,-0.0,0.0,0.0,0.0,0.0,-6140.5064999999995,-210.85900357500003,-20018.0,7771.354890000448,0.0,-0.0,0.0,0.0,0.0,0.0,-1917.0251304238093,-269.32975957663956,-5585.0,46200.78983457501,0.0,-0.0,0.0,0.0,0.0,0.0,-10227.853500000001,-572.9363345749999,-35400.0,20406.69961966495,0.0,-0.0,0.0,0.0,0.0,0.0,-4937.151137436393,-782.5484822285582,-14687.0
t222,19719.40633482586,2069.028350438385,-0.0,0.0,0.0,0.0,0.0,-3895.0357170037887,-579.3989682604581,-17314.0,10744.029087525543,1253.2943246485447,-0.0,0.0,0.0,0.0,0.0,12476.453559503192,-510.7769716772824,-23963.0,16571.526639451535,0.0,-0.0,0.0,0.0,0.0,0.0,14562.394169204832,-1222.9208086563683,-29911.0,25725.365503575,226.0,-0.0,0.0,0.0,0.0,0.0,-6140.5064999999995,-210.85900357500003,-19600.0,7398.850918510607,0.0,-0.0,0.0,0.0,0.0,0.0,-1581.2630117042336,-253.58790680637222,-5564.0,46544.78983457501,0.0,-0.0,0.0,0.0,0.0,0.0,-10227.853500000001,-572.9363345749999,-35744.0,20455.997754124994,0.0,-0.0,0.0,0.0,0.0,0.0,-5194.189,-779.808754125,-14482.0
t223,19556.450344996152,0.0,-0.0,0.0,0.0,0.0,0.0,-1682.1445533628066,-495.30579163334403,-17379.0,11479.507590499432,0.0,-0.0,0.0,0.0,0.0,0.0,13000.917596006177,-528.4251865056078,-23952.0,17827.27153693232,0.0,-0.0,0.0,0.0,0.0,0.0,12009.815457356632,-1148.0869942889517,-28689.0,25977.706850334056,0.0,-653.341346759052,0.0,0.0,0.0,0.0,-6140.5064999999995,-210.85900357500003,-18973.0,7739.042541090756,0.0,-0.0,0.0,0.0,0.0,0.0,-2022.572618828793,-274.46992226196227,-5442.0,46465.789834575015,0.0,-0.0,0.0,0.0,0.0,0.0,-10227.853500000001,-572.9363345749999,-35665.0,20098.95779818316,0.0,-0.0,0.0,0.0,0.0,0.0,-4937.6558811712075,-792.3019170119621,-14369.0
t224,19574.786399856363,0.0,-6566.3,0.0,0.0,0.0,0.0,4589.894825208087,-208.38122506444716,-17390.0,15056.127112366596,0.0,-2246.9,0.0,0.0,0.0,0.0,11167.503696417869,-466.7308087844613,-23510.0,24492.230040697126,0.0,-2410.3880193447967,0.0,0.0,0.0,0.0,7561.084803582132,-799.9268249344613,-28843.0,26953.833162167815,0.0,-974.4831063465713,0.0,0.0,0.0,0.0,-7161.101356810706,-277.2486990105364,-18541.0,7595.623999885271,0.0,-224.17169023773533,0.0,0.0,0.0,0.0,-1755.934325208087,-261.51798443944716,-5354.0,42931.81786462483,0.0,-0.0,0.0,0.0,0.0,0.0,-7020.079143189294,-488.7387214355364,-35423.0,22349.589945549997,0.0,-0.0,0.0,0.0,0.0,0.0,-7381.3685000000005,-629.22144555,-14339.0
t225,20099.460086605977,0.0,-5754.754925267811,0.0,0.0,0.0,0.0,3182.0068278624417,-147.7119892006072,-17379.0,24405.15479638953,0.0,-6158.688427115619,0.0,0.0,0.0,0.0,5327.117060279798,-265.5834295537101,-23308.0,30002.02544978061,0.0,-5677.104053755518,0.0,0.0,0.0,0.0,5214.927970700379,-226.84936672546647,-29313.0,26621.860236606382,0.0,-974.4831063465713,0.0,0.0,0.0,0.0,-7060.549966442835,-322.8271638169738,-18264.0,5883.2169018664235,0.0,-224.17169023773533,0.0,0.0,0.0,0.0,-173.37540228973467,-189.66980933895397,-5296.0,36764.052595231566,0.0,-0.0,0.0,0.0,0.0,0.0,-1035.7634699252985,-498.2891253062703,-35230.0,21962.676034836288,0.0,-1630.3,0.0,0.0,0.0,0.0,-5454.363020184751,-275.01301465153335,-14603.0
t226,19252.86418849505,0.0,-6566.3,0.0,0.0,0.0,0.0,5021.163031850632,-272.7272203456841,-17435.0,28915.95672545123,0.0,-6158.688427115619,0.0,0.0,0.0,0.0,271.01125306455515,-13.279551400163204,-23015.0,30576.529991796786,0.0,-5677.104053755518,0.0,0.0,0.0,0.0,4823.943212636075,-286.36915067734395,-29437.0,24880.385197032072,0.0,-974.4831063465713,0.0,0.0,0.0,0.0,-5498.65920316932,-180.24288751617655,-18227.0,4880.721239958489,0.0,-224.17169023773533,0.0,0.0,0.0,0.0,844.8909664762266,-143.44051619697933,-5358.0,36790.22896804276,0.0,-64.6,0.0,0.0,0.0,0.0,-1558.150757953187,-89.47821008957021,-35078.0,21002.55165951039,0.0,-1630.3,0.0,0.0,0.0,0.0,-3904.1985029049824,-462.05315660540873,-15006.0
t227,20242.980851780078,0.0,-3160.265141814986,0.0,0.0,0.0,0.0,498.9359836946428,-22.651693659736786,-17559.0,28435.24295647726,0.0,-5566.2429564772565,0.0,0.0,0.0,0.0,0.0,-0.0,-22869.0,29123.069331782146,0.0,-5677.104053755518,0.0,0.0,0.0,0.0,7296.799541906033,-324.7648199326606,-30418.0,23546.855606802765,0.0,-0.0,0.0,0.0,0.0,0.0,-4766.07655893035,-174.77904787241522,-18606.0,4390.161736718991,0.0,-224.17169023773533,0.0,0.0,0.0,0.0,1316.7049140104525,-56.69496049170732,-5426.0,35987.14006493282,0.0,-0.0,0.0,0.0,0.0,0.0,-468.4101821495676,-27.729882783254403,-35491.0,20358.02555948533,0.0,-797.3011427642707,0.0,0.0,0.0,0.0,-3877.9536985312093,-437.77071818985087,-15245.0
t228,19130.823345341076,0.0,-968.823345341075,0.0,0.0,0.0,0.0,0.0,-0.0,-18162.0,27616.106234435832,0.0,-4513.106234435831,0.0,0.0,0.0,0.0,0.0,-0.0,-23103.0,28338.142568267303,0.0,-4967.083871146532,0.0,0.0,0.0,0.0,8716.76665225219,-422.8253493729703,-31665.0,22292.787165252823,0.0,-0.0,0.0,0.0,0.0,0.0,-2810.2059141974455,-79.58125105537763,-19403.0,3825.706874608021,0.0,-75.79812139967902,0.0,0.0,0.0,0.0,1881.3668757112441,-35.27562891958583,-5596.0,39845.576,0.0,-0.0,0.0,0.0,0.0,0.0,-2780.0,-164.576,-36901.0,20856.48258527475,0.0,-0.0,0.0,0.0,0.0,0.0,-5007.92761376599,-302.5549715087621,-15546.0
t229,18802.000000000004,0.0,-0.0,0.0,0.0,0.0,0.0,0.0,-0.0,-18802.0,26033.02603882052,0.0,-5222.698149323387,0.0,0.0,0.0,0.0,3566.42703522909,-174.75492472622543,-24202.0,27201.905300327162,0.0,-1665.0,0.0,0.0,0.0,0.0,7713.267851200038,-379.17315152720164,-32871.0,21324.024916172784,0.0,-0.0,0.0,0.0,0.0,0.0,-1510.699304218682,-28.32561195410029,-19785.0,3189.8311656358683,0.0,-0.0,0.0,0.0,0.0,0.0,2558.5234838671113,-79.35464950297879,-5669.0,44972.757959955314,0.0,-0.0,0.0,0.0,0.0,0.0,-6346.42703522909,-339.3309247262254,-38287.0,22326.718219924544,0.0,-0.0,0.0,0.0,0.0,0.0,-5981.092030848467,-265.62618907608015,-16080.0
t230,18392.34236880943,0.0,-0.0,0.0,0.0,0.0,0.0,420.5743922976157,-26.916761107047407,-18786.0,25429.522260588743,0.0,-2246.9,0.0,0.0,0.0,0.0,1703.8672338709343,-83.48949445967578,-24803.0,25911.822963342907,0.0,-507.1714243612888,0.0,0.0,0.0,0.0,8192.362217478705,-400.01375646032363,-33197.0,21118.902293570187,974.4831063465713,-0.0,0.0,0.0,0.0,0.0,-2331.666650225039,-43.71874969171948,-19718.0,2888.3376853113127,0.0,-0.0,0.0,0.0,0.0,0.0,2806.505727440815,-66.84341275212776,-5628.0,43283.93272833061,0.0,-0.0,0.0,0.0,0.0,0.0,-4483.867233870935,-248.0654944596758,-38552.0,22695.254867619875,0.0,-0.0,0.0,0.0,0.0,0.0,-6307.775686992097,-285.4791806277794,-16102.0
t231,17128.479321052477,0.0,-0.0,0.0,0.0,0.0,0.0,1279.4024347729978,-81.88175582547186,-18326.0,24360.562437649387,0.0,-2246.9,0.0,0.0,0.0,0.0,2937.292379868053,-335.95481751744,-24715.0,23938.274424006886,0.0,-0.0,0.0,0.0,0.0,0.0,8973.848684824692,-411.1231088315744,-32501.0,21190.209411336757,974.4831063465713,-0.0,0.0,0.0,0.0,0.0,-2667.74333149722,-63.94918618610584,-19433.0,2560.906973794127,164.2692855808726,-0.0,0.0,0.0,0.0,0.0,2833.9605,-53.136759375000004,-5506.0,46871.05262131388,0.0,-0.0,0.0,0.0,0.0,0.0,-8206.89116850278,-433.16145281110585,-38231.0,21319.116572605348,0.0,-0.0,0.0,0.0,0.0,0.0,-5149.869499465743,-250.24707313960624,-15919.0
t232,18322.41687171727,111.60855832837704,-0.0,0.0,0.0,0.0,0.0,-660.0587622399551,-29.966667805693962,-17744.0,20284.522597606334,0.0,-0.0,0.0,0.0,0.0,0.0,3968.724528122348,-301.247125728683,-23952.0,18547.822052962263,1420.1748775935039,-0.0,0.0,0.0,0.0,0.0,12439.020770670402,-572.0177012261676,-31835.0,24275.727971488996,974.4831063465713,-0.0,0.0,0.0,0.0,0.0,-6092.210413856965,-214.00066397860442,-18944.0,1715.9124747030028,224.17169023773533,-0.0,0.0,0.0,0.0,0.0,3494.0192622399554,-83.10342718069397,-5351.0,48031.22758112164,0.0,-0.0,0.0,0.0,0.0,0.0,-10276.149586143036,-576.0779949786044,-37179.0,19196.622953065234,0.0,-0.0,0.0,0.0,0.0,0.0,-2873.345798792751,-672.2771542724846,-15651.0
t233,17067.661467444646,1586.8149140231856,-0.0,0.0,0.0,0.0,0.0,-1584.262254350223,-72.214127117611,-16998.0,12601.519790310025,2246.9,-0.0,0.0,0.0,0.0,0.0,8354.658787282013,-372.0785775920398,-22831.0,15514.55543993179,5677.104053755518,-0.0,0.0,0.0,0.0,0.0,10655.911840708475,-720.5713343957901,-31127.0,24033.7976240073,595.5678795677022,-0.0,0.0,0.0,0.0,0.0,-6140.5064999999995,-210.85900357500003,-18278.0,2047.254756873728,224.17169023773533,-0.0,0.0,0.0,0.0,0.0,2975.118903795869,-59.54535090733245,-5187.0,46410.87983454277,54.910000032246174,-0.0,0.0,0.0,0.0,0.0,-10227.853500000001,-572.9363345749999,-35665.0,19265.909391894296,772.457844735307,-0.0,0.0,0.0,0.0,0.0,-4033.0672774361356,-729.2999591934719,-15276.0
t234,17408.966510539463,3287.7539011946465,-0.0,0.0,0.0,0.0,0.0,-4396.251350166517,-200.4690615675932,-16100.0,10754.766423368792,3911.7884271156186,-0.0,0.0,0.0,0.0,0.0,7279.339223796337,-335.89407428074674,-21610.0,15543.058525628168,0.0,-0.0,0.0,0.0,0.0,0.0,15845.50062637018,-869.55915199834,-30519.0,24554.12558538026,0.0,-226.0,0.0,0.0,0.0,0.0,-6464.209689338774,-231.91589604148726,-17632.0,2205.8979843567404,52.27827501825934,-0.0,0.0,0.0,0.0,0.0,2833.9605,-53.136759375000004,-5039.0,44116.14353770272,0.0,-0.0,0.0,0.0,0.0,0.0,-9904.150310661227,-593.9932270414872,-33618.0,19685.56165463338,1164.436099491615,-0.0,0.0,0.0,0.0,0.0,-5194.189,-779.808754125,-14876.0
t235,17314.149736386007,58.380000000029284,-0.0,0.0,0.0,0.0,0.0,-1627.3282085930764,-139.2015277929606,-15606.0,10705.57650044586,2865.1224843994773,-0.0,0.0,0.0,0.0,0.0,7386.811532627583,-339.5105174729182,-20618.0,15540.141886633253,1665.0,-0.0,0.0,0.0,0.0,0.0,13683.339917516223,-779.4818041494757,-30109.0,25293.01229774624,0.0,-57.55783602114799,0.0,0.0,0.0,0.0,-7584.653683841219,-304.8007778838714,-17346.0,2988.8372581921317,0.0,-0.0,0.0,0.0,0.0,0.0,2119.7257584492713,-85.5630166414031,-5023.0,41407.58442504266,0.0,-0.0,0.0,0.0,0.0,0.0,-8783.706316158781,-666.8781088838713,-31957.0,19769.79418381791,634.203570307085,-0.0,0.0,0.0,0.0,0.0,-5194.189,-779.808754125,-14430.0
t236,17100.336929818524,183.23137399464576,-0.0,0.0,0.0,0.0,0.0,-1583.4544807697039,-160.11382304346446,-15540.0,10597.168933591493,4348.16917200851,-0.0,0.0,0.0,0.0,0.0,5627.988,-280.3261056,-20293.0,15603.99519798513,0.0,-0.0,0.0,0.0,0.0,0.0,15433.355681622457,-720.3508796075863,-30317.0,26165.45241531274,0.0,-166.52593691207827,0.0,0.0,0.0,0.0,-7869.590556922827,-323.3359214778299,-17806.0,3354.0590668724785,0.0,-0.0,0.0,0.0,0.0,0.0,1867.935239336638,-96.99430620911664,-5125.0,40432.182695555006,0.0,-0.0,0.0,0.0,0.0,0.0,-8498.769443077173,-685.4132524778298,-31248.0,20013.84567596263,0.0,-0.0,0.0,0.0,0.0,0.0,-4977.464440189391,-770.3812357732385,-14266.0
t237,16871.7602235973,3765.9117433505016,-0.0,0.0,0.0,0.0,0.0,-4610.552720426078,-346.11924652172104,-15681.0,10591.56312820102,705.6604044522104,-0.0,0.0,0.0,0.0,0.0,9723.931056808371,-418.15458946160174,-20603.0,15619.304681939322,1665.0,-0.0,0.0,0.0,0.0,0.0,15108.375465489045,-1029.6801474283639,-31363.0,24976.85501062944,0.0,-169.98310634657133,0.0,0.0,0.0,0.0,-6461.154733141979,-231.71717114088568,-18114.0,3901.131265951298,0.0,-0.0,0.0,0.0,0.0,0.0,1340.795198128661,-120.9264640799588,-5121.0,41934.99976899891,0.0,-0.0,0.0,0.0,0.0,0.0,-9907.205266858024,-593.7945021408856,-31434.0,20400.997754124997,0.0,-0.0,0.0,0.0,0.0,0.0,-5194.189,-779.808754125,-14427.0
t238,16746.406153041506,0.0,-0.0,0.0,0.0,0.0,0.0,-1029.095536127952,-238.31061691355362,-15479.0,10636.59706291575,2246.9,-0.0,0.0,0.0,0.0,0.0,7649.865210828637,-348.36227374438363,-20185.0,15695.46094129923,3886.988176129386,-0.0,0.0,0.0,0.0,0.0,14210.938171080845,-824.3872885094559,-32969.0,27171.013480389858,0.0,-0.0,0.0,0.0,0.0,0.0,-9271.484366592984,-414.5291137968736,-17485.0,4445.777223455008,0.0,-0.0,0.0,0.0,0.0,0.0,730.8411542184726,-148.61837767348135,-5028.0,39025.48207820389,0.0,-0.0,0.0,0.0,0.0,0.0,-7096.875633407017,-776.6064447968736,-31152.0,20215.997754124994,0.0,-0.0,0.0,0.0,0.0,0.0,-5194.189,-779.808754125,-14242.0
t239,16219.193961070194,3070.4607160416836,-0.0,0.0,0.0,0.0,0.0,-3594.6737736957866,-398.98090341609054,-15296.0,12044.492671025178,0.0,-0.0,0.0,0.0,0.0,0.0,7338.3884083146095,-337.88107933978665,-19045.0,16031.792101465395,0.0,-0.0,0.0,0.0,0.0,0.0,17567.99231961813,-952.7844210835195,-32647.0,25120.007943158842,0.0,-226.0,0.0,0.0,0.0,0.0,-7106.322602139653,-273.68534101918453,-17514.0,5137.568291434309,0.0,-0.0,0.0,0.0,0.0,0.0,250.8420457630482,-170.41033719735762,-5218.0,40123.379452231966,0.0,-0.0,0.0,0.0,0.0,0.0,-9187.73266132335,-630.6467909086123,-30305.0,20232.18660955142,0.0,-0.0,0.0,0.0,0.0,0.0,-5268.493736536997,-774.6928730144277,-14189.0
t240,16068.261572993855,2530.0592789207203,-0.0,0.0,0.0,0.0,0.0,-2209.840597718972,-411.48025419560355,-15977.0,10094.060152798478,1892.3656753541634,-0.0,0.0,0.0,0.0,0.0,7624.068382312165,-347.4942104648044,-19263.0,16200.383105171986,0.0,-0.0,0.0,0.0,0.0,0.0,16728.773055402613,-937.1561605745983,-31992.0,25195.48938748896,0.0,-250.33481363987335,0.0,0.0,0.0,0.0,-6695.211978873374,-246.94259497571306,-18003.0,5984.753400435495,133.84951917112147,-0.0,0.0,0.0,0.0,0.0,-580.4518399958065,-208.15107961080963,-5330.0,41285.09491552596,0.0,-0.0,0.0,0.0,0.0,0.0,-9421.407335739166,-591.6875797867865,-31272.0,20438.40609332353,0.0,-0.0,0.0,0.0,0.0,0.0,-5445.92968538746,-762.4764079360734,-14230.0
t241,28392.706203613434,0.0,-0.0,0.0,0.0,0.0,0.0,-10080.570515190659,-561.1356884227741,-17751.0,13049.037794713873,0.0,-0.0,0.0,0.0,1428.641,0.0,7167.721656320861,-322.4004510347404,-21323.0,21756.821759931783,0.0,-519.1202233312672,0.0,0.0,914.112,0.0,12430.079112181309,-725.8926487818248,-33856.0,18334.91048299392,0.0,-126.68039919485818,0.0,0.0,750.1224197759378,0.0,6140.5064999999995,-210.85900357500003,-24888.0,10565.40867997869,0.0,-0.0,0.0,0.0,0.0,0.0,-4754.80477706522,-144.60390291346891,-5666.0,42059.141209856425,0.0,-378.6,0.0,0.0,1877.8517997427593,0.0,-2439.1171644653696,-377.2758451338031,-40742.0,23889.6727131775,0.0,-0.0,0.0,0.0,405.27,0.0,-8463.814811780921,-821.1279013965824,-15010.0
t242,28423.293550553124,425.9823348683817,-0.0,0.0,0.0,488.538,0.0,-10711.727381654004,-532.086503767502,-18094.0,13221.673047972785,0.0,-0.0,0.0,0.0,1504.485,0.0,8052.963622152101,-324.1216701248872,-22455.0,21845.02041527355,0.0,-0.0,0.0,0.0,2161.621,0.0,9044.335041531098,-787.9764568046515,-32263.0,17970.562076610346,0.0,-226.0,0.0,0.0,1684.112,0.0,5907.049004425764,-199.72308103610897,-25136.0,8410.536915808822,0.0,-0.0,0.0,0.0,154.062,0.0,-2804.106798380287,-54.492117428534996,-5706.0,41613.50414379996,0.0,-0.0,0.0,0.0,2923.8129999999996,0.0,-610.6368348188287,-287.6803089811226,-43639.0,24127.640733833636,0.0,-0.0,0.0,0.0,403.299,0.0,-8877.876653255844,-716.0630805777913,-14937.0
t243,28349.7488333092,446.9480714258361,-0.0,0.0,0.0,485.811,0.0,-10767.061303974906,-522.4466007601266,-17993.0,15178.309814633292,0.0,-0.0,0.0,0.0,1539.727,0.0,6512.328764508767,-249.36557914205977,-22981.0,21783.481353458614,0.0,-0.0,0.0,0.0,2098.775,0.0,8189.856027488147,-747.1123809467579,-31325.0,18000.431204151064,0.0,-0.0,0.0,0.0,1724.714,0.0,6233.781326914743,-216.92653106580406,-25742.0,7807.069927145663,74.86598894903454,-0.0,0.0,0.0,158.16600000000003,0.0,-2095.436151288181,-86.66576480651659,-5858.0,41379.66668737406,0.0,-64.6,0.0,0.0,3007.697,0.0,788.8393495452079,-220.6030369192664,-44891.0,23694.37899823013,0.0,-498.8283167327563,0.0,0.0,982.8900000000001,0.0,-8862.308013193779,-646.1326683035987,-14670.0
t244,28486.26337254335,548.0002927038363,-0.0,0.0,0.0,1222.75,0.0,-11449.351442277359,-557.6622229698316,-18250.0,17156.97240139711,0.0,-0.0,0.0,0.0,1604.2480000000003,0.0,5373.80096456035,-191.02136595745577,-23944.0,22946.43556012556,0.0,-0.0,0.0,0.0,2123.029,0.0,7340.551441265614,-723.016001391172,-31687.0,17997.708856670215,79.59753635048052,-0.0,0.0,0.0,1766.455,0.0,6773.258102282805,-252.01949530349657,-26365.0,7258.979462792894,154.57406275767275,-0.0,0.0,0.0,406.824,0.0,-1641.0841813068994,-107.29334424366678,-6072.0,40804.25490258631,0.0,-0.0,0.0,0.0,3028.065,0.0,1554.427897717194,-191.7478003034965,-45195.0,23471.190597039247,0.0,-799.3344709458356,0.0,0.0,1011.7669999999999,0.0,-7951.602782241705,-631.0203438517094,-15101.0
t245,28586.580529332907,386.53978186070975,-0.0,0.0,0.0,1259.6000000000001,0.0,-10918.407995363303,-514.312315830313,-18800.0,17160.802739331266,992.3462548713494,-0.0,0.0,0.0,1700.125,0.0,5724.550079471607,-202.82407367421956,-25375.0,25516.486382572737,916.2040537555189,-0.0,0.0,0.0,2187.349,0.0,4744.552606146692,-717.5920424749423,-32647.0,18135.052450894626,395.98310634657133,-0.0,0.0,0.0,1794.26,0.0,6702.0947628309605,-247.39032007215405,-26780.0,6902.744222425355,223.07202182206933,-0.0,0.0,0.0,420.693,0.0,-1137.346195445655,-130.16304880176727,-6279.0,40215.48318847534,0.0,-0.0,0.0,0.0,3044.145,0.0,2408.859944043819,-233.488132519141,-45435.0,23190.08143681337,0.0,-1058.5466770551357,0.0,0.0,1012.973,0.0,-7524.303201684121,-501.2045580741098,-15119.0
t246,28691.242718231428,218.23188688509242,-0.0,0.0,0.0,1281.241,0.0,-10576.54352285679,-491.1720822597301,-19123.0,17350.732432472487,1512.3094397453694,-0.0,0.0,0.0,1785.617,0.0,6221.9010620190875,-219.5599342369423,-26651.0,25557.43334838295,916.2040537555189,-0.0,0.0,0.0,2161.6879999999996,0.0,4326.725305083846,-698.0507072223135,-32264.0,18295.682036769238,654.0484668057657,-0.0,0.0,0.0,1786.6220000000003,0.0,6140.5064999999995,-210.85900357500003,-26666.0,6875.1852463730875,213.90797973581363,-0.0,0.0,0.0,422.70300000000003,0.0,-1069.555478770061,-133.24074733883924,-6309.0,40011.23203936246,0.0,-0.0,0.0,0.0,3046.2889999999998,0.0,2583.5302325813705,-174.05127194381708,-45467.0,22184.876072286723,0.0,-0.0,0.0,0.0,1012.303,0.0,-7626.5640980574535,-461.61497422927323,-15109.0
t247,28782.673179253776,131.3105698387717,-0.0,0.0,0.0,1295.78,0.0,-10385.008121612445,-484.7556274801016,-19340.0,17829.705842356598,0.0,-0.0,0.0,0.0,1814.963,0.0,7714.103711019202,-269.7725533757961,-27089.0,26422.619854376968,0.0,-0.0,0.0,0.0,2048.927,0.0,2837.7178157891703,-728.2646701661346,-30581.0,18621.75661156854,143.2398920064602,-0.0,0.0,0.0,1773.356,0.0,6140.5064999999995,-210.85900357500003,-26468.0,7271.259981266377,91.52605587204594,-0.0,0.0,0.0,420.82700000000006,0.0,-1383.6313336092828,-118.98170352913857,-6281.0,39802.913207037236,0.0,-0.0,0.0,0.0,3018.0820000000003,0.0,2387.447996532497,-162.44320356972383,-45046.0,21951.937543557542,0.0,-0.0,0.0,0.0,1018.2660000000001,0.0,-7311.13656811914,-461.0669754384061,-15198.0
t248,29507.020187312424,0.0,-0.0,0.0,0.0,519.858,0.0,-10286.085716861318,-486.79247045110037,-19254.0,18343.81634015802,0.0,-0.0,0.0,0.0,1809.0669999999998,0.0,7099.681517519093,-251.56485767711933,-27001.0,23826.433344553687,0.0,-0.0,0.0,0.0,2089.127,0.0,6053.205431960769,-787.7657765144595,-31181.0,18656.982503574996,0.0,-226.0,0.0,0.0,1749.37,0.0,6140.5064999999995,-210.85900357500003,-26110.0,7844.845407181366,0.0,-78.72233429333698,0.0,0.0,418.951,0.0,-1833.5171871077182,-98.5568857803096,-6253.0,39656.36229763816,0.0,-64.6,0.0,0.0,2977.279,0.0,2026.423075726262,-158.46437336441315,-44437.0,24409.585649105113,0.0,-284.4596298786573,0.0,0.0,1030.058,0.0,-9200.213621237088,-580.9703979893723,-15374.0
t249,30873.339652705745,0.0,-0.0,0.0,0.0,513.702,0.0,-11799.872303897073,-561.1693488086735,-19026.0,18998.364849165322,0.0,-0.0,0.0,0.0,1792.049,0.0,6192.042251995677,-235.45610116100403,-26747.0,24904.68570542525,0.0,-1464.1549125328784,0.0,0.0,2178.237,0.0,7604.931042317354,-712.6988352097171,-32511.0,18582.519609921575,0.0,-395.98310634657133,0.0,0.0,1731.816,0.0,6140.5064999999995,-210.85900357500003,-25848.0,6791.814310032263,77.17431216447869,-0.0,0.0,0.0,169.04700000000003,0.0,-623.5460466391592,-153.48957555758219,-6261.0,39978.420480206,0.0,-64.6,0.0,0.0,2929.5750000000003,0.0,1086.1426347655056,-204.5381149714902,-43725.0,24521.241221930428,0.0,-0.0,0.0,0.0,425.493,0.0,-8600.204078542307,-587.5301433881227,-15759.0
t250,31269.36989340586,0.0,-0.0,0.0,0.0,515.2950000000001,0.0,-12109.87545520559,-589.7894382002727,-19085.0,23500.34146585552,0.0,-2214.929774780153,0.0,0.0,1768.0629999999999,0.0,3468.535833032301,-133.01052410767238,-26389.0,26254.044584185773,0.0,-4012.104053755519,0.0,0.0,2264.533,0.0,9951.46015361174,-658.9336840419896,-33799.0,18818.945027550122,0.0,-395.98310634657133,0.0,0.0,1745.0819999999999,0.0,6086.225897638822,-208.26981884237182,-26046.0,7424.333807376285,0.0,-27.871690237735315,0.0,0.0,171.18,0.0,-1095.583020179707,-132.0590969588413,-6340.0,39230.614357720115,0.0,-335.6572209616526,0.0,0.0,2909.408,0.0,1789.698729567725,-170.06386632618148,-43424.0,24359.37952551985,113.69031683157118,-0.0,0.0,0.0,436.59,0.0,-8090.462138465294,-649.1977038861303,-16170.0
t251,31136.539004646664,0.0,-0.0,0.0,0.0,528.7950000000001,0.0,-11518.577584707582,-561.7564199390836,-19585.0,24632.38778379829,0.0,-1429.6678261868828,0.0,0.0,1773.088,0.0,1550.5613968940788,-62.36935450548575,-26464.0,26468.42570169684,0.0,-4012.104053755519,0.0,0.0,2256.8280000000004,0.0,9492.513782654829,-521.6634305961501,-33684.0,20354.551709444382,0.0,-395.98310634657133,0.0,0.0,1781.5299999999997,0.0,5126.707993335705,-276.80659643351237,-26590.0,7979.565343120236,0.0,-1.7863772062942123,0.0,0.0,173.34,0.0,-1623.0048186035406,-108.11414731039928,-6420.0,37923.87489476923,0.0,-0.0,0.0,0.0,2937.6820000000002,0.0,3200.9780066642943,-216.53490143351235,-43846.0,22828.730954648956,0.0,-0.0,0.0,0.0,445.041,0.0,-6229.178776237783,-561.5931784111768,-16483.0
t252,31047.11982073963,0.0,-0.0,0.0,0.0,549.612,0.0,-10708.474668927896,-532.2571518117295,-20356.0,25504.31354687762,0.0,-364.23663742353335,0.0,0.0,1825.8169999999998,0.0,310.44571605901615,-25.339625513108214,-27251.0,26225.34238118105,0.0,-216.0192779455912,0.0,0.0,2326.0389999999998,0.0,6988.599520276874,-606.9616235123309,-34717.0,20976.280059215147,0.0,-0.0,0.0,0.0,1854.2250000000001,0.0,5121.631747039906,-277.1368062550541,-27675.0,9417.462537681507,0.0,-176.00151674400144,0.0,0.0,176.58,0.0,-2824.4735542242893,-53.56746671321727,-6540.0,37143.6131202671,0.0,-0.0,0.0,0.0,3073.6920000000005,0.0,6042.922536901078,-384.22765716816235,-45876.0,21533.715106634456,0.0,-0.0,0.0,0.0,640.115249192897,0.0,-4930.651297124689,-547.1790587026715,-16696.0
t253,30940.30080620765,0.0,-0.0,0.0,0.0,1400.3,0.0,-10899.463128335477,-541.1376778721723,-20900.0,28954.042457187792,0.0,-0.0,0.0,0.0,1909.0310000000002,0.0,-2201.905266835483,-168.1681903523072,-28493.0,26694.37478704125,0.0,-0.0,0.0,0.0,2429.956,0.0,7804.534886855032,-660.8656738962784,-36268.0,21334.801573387154,0.0,-0.0,0.0,0.0,1881.092,0.0,5136.289731010609,-276.18330439775985,-28076.0,9582.438590190324,0.0,-93.17661142432446,0.0,0.0,440.45799999999997,0.0,-3263.8438149957638,-91.87616377023724,-6574.0,36293.301816314764,0.0,-0.0,0.0,0.0,3199.5180000000005,0.0,8779.252761201384,-518.0725775161474,-47754.0,21976.00705906072,0.0,-0.0,0.0,0.0,1148.7820000000002,0.0,-5354.865168900299,-623.9238901604238,-17146.0
t254,30721.72580907134,0.0,-0.0,0.0,0.0,1398.223,0.0,-10718.047405036923,-532.901404034418,-20869.0,28785.428567770297,239.36750356511948,-0.0,0.0,0.0,1946.283,0.0,-1766.9577471886687,-155.12132414674687,-29049.0,28989.462829517528,0.0,-0.0,0.0,0.0,2518.0609999999997,0.0,6695.828647822165,-620.3524773397022,-37583.0,21533.321290549447,902.2704075277713,-0.0,0.0,0.0,1871.377,0.0,3975.710298411133,-351.67899648835584,-27931.0,9618.40573521641,0.0,-56.2385716011362,0.0,0.0,432.81999999999994,0.0,-3451.0645687019405,-83.92259491333412,-6460.0,35923.58273297992,132.17496448155626,-0.0,0.0,0.0,3237.507,0.0,9604.891477023175,-577.1561744846368,-48321.0,22248.475254109726,0.0,-1324.9703821126368,0.0,0.0,1149.184,0.0,-4340.3607023289405,-580.3281696681526,-17152.0
t255,30869.687495119924,0.0,-0.0,0.0,0.0,1367.671,0.0,-11266.554852950241,-557.8036421696826,-20413.0,27920.35834906912,0.0,-0.0,0.0,0.0,1947.3550000000002,0.0,-669.2868289108892,-133.42652015822608,-29065.0,27451.986292533795,1605.59692585423,-0.0,0.0,0.0,2545.129,0.0,7050.002364675271,-665.7145830633086,-37987.0,21335.728384689904,974.4831063465713,-0.0,0.0,0.0,1836.0010000000002,0.0,3630.896634302171,-374.1091253386438,-27403.0,9386.896331558299,120.85796440771435,-0.0,0.0,0.0,416.338,0.0,-3568.8204393056376,-141.27185666037735,-6214.0,35881.9940436248,378.6,-0.0,0.0,0.0,3226.921,0.0,9240.310944053273,-564.8259876780604,-48163.0,20869.438609199133,0.0,-0.0,0.0,0.0,1135.181,0.0,-4416.547821863947,-645.071787335194,-16943.0
t256,30615.143349017613,0.0,-0.0,0.0,0.0,300.6637005194941,0.0,-10710.259228708022,-532.5478208290858,-19673.0,25935.08559259646,90.55951243611021,-0.0,0.0,0.0,1898.177,0.0,546.4834097963983,-139.305514828966,-28331.0,26345.869276604924,2156.0721148606235,-0.0,0.0,0.0,2526.302,0.0,7420.692415217951,-742.9358066835084,-37706.0,21463.17893933338,843.1868677581131,-0.0,0.0,0.0,1785.2820000000002,0.0,2971.363921232345,-417.011728323836,-26646.0,10184.127763263896,0.0,-7.991867787740162,0.0,0.0,25.996203391479686,0.0,-4125.116063547856,-116.01603531978061,-5961.0,35167.941707194535,64.6,-0.0,0.0,0.0,3168.4300000000003,0.0,9475.987954016502,-586.9596612110294,-47290.0,22040.360474719942,0.0,-225.51497988019673,0.0,0.0,1115.952,0.0,-5579.152408007318,-695.6450868324306,-16656.0
t257,28099.07909850468,0.0,-0.0,0.0,0.0,0.0,0.0,-8921.313124546668,-613.7659739580114,-18564.0,19678.194585395133,572.926394015112,-0.0,0.0,0.0,1815.8339999999998,0.0,5220.922009716724,-185.87698912696771,-27102.0,25541.64906695824,3095.9,-0.0,0.0,0.0,2504.2589999999996,0.0,6995.436752638701,-760.2448195969527,-37377.0,22141.52862300235,921.4174035247349,-0.0,0.0,0.0,1714.128,0.0,1330.6651564460976,-523.7391829731813,-25584.0,11930.132016194852,0.0,-138.83566003693434,0.0,0.0,0.0,0.0,-5914.062167709211,-197.2341884487061,-5680.0,35198.91655759958,165.07367347573842,-0.0,0.0,0.0,3050.845,0.0,7620.544879846376,-500.38011092169575,-45535.0,22205.98488100418,0.0,-0.0,0.0,0.0,1087.611,0.0,-6332.193506392019,-728.4023746121652,-16233.0
t258,26299.09462055696,0.0,-0.0,0.0,0.0,0.0,0.0,-8524.304452906481,-631.7901676504758,-17143.0,17710.813369491418,0.0,-0.0,0.0,0.0,1709.036,0.0,6311.83214404911,-223.6815135405256,-25508.0,25026.344251760413,0.0,-0.0,0.0,0.0,2462.451,0.0,10177.491197996194,-913.2864497566068,-36753.0,22947.592279728095,0.0,-0.0,0.0,0.0,1655.1009999999999,0.0,317.16126958537916,-216.8545493134711,-24703.0,12013.228813767575,0.0,-76.89959227700594,0.0,0.0,0.0,0.0,-6311.070839349398,-215.25838214117059,-5410.0,35924.54153842741,0.0,-0.0,0.0,0.0,2889.6430000000005,0.0,4632.61727156947,-317.8018099968835,-43129.0,22136.738348517945,86.79381301652614,-0.0,0.0,0.0,1069.521,0.0,-6603.726590944276,-726.3265705901882,-15963.0
t259,26153.247914010015,0.0,-325.85701730579945,0.0,0.0,0.0,0.0,-8721.555946880142,-622.8349498240716,-16483.0,17377.700420407895,0.0,-0.0,0.0,0.0,1604.583,0.0,5184.668540897037,-217.95196130492923,-23949.0,21758.545589340556,0.0,-0.0,0.0,0.0,2444.0260000000003,0.0,13065.548072420965,-790.119661761532,-36478.0,23298.593740032797,0.0,-429.76131117525125,0.0,0.0,1147.4124864732062,0.0,218.05640539810156,-223.30132072885348,-24011.0,11629.877796831164,0.0,-28.755287140661352,0.0,0.0,0.0,0.0,-6113.819345375737,-206.30316431476638,-5281.0,36216.739625328744,0.0,-0.0,0.0,0.0,2759.261,0.0,2634.0346432179294,-427.03526854666796,-41183.0,22153.516391643272,0.0,-0.0,0.0,0.0,421.09200000000004,0.0,-6266.932369678154,-711.676021965112,-15596.0
t260,26237.912478090806,0.0,-580.7061971528321,0.0,0.0,0.0,0.0,-8780.0258654154,-620.1804155225709,-16257.0,16037.486810722254,0.0,-0.0,0.0,0.0,1532.29,0.0,5527.956067348265,-227.73287807051958,-22870.0,21422.801852850636,0.0,-0.0,0.0,0.0,2418.767,0.0,13085.816816690836,-826.3856695414802,-36101.0,23435.903301446626,0.0,-716.5684477424496,0.0,0.0,664.2402495880358,0.0,1244.9282067581662,-156.5033100503813,-24472.0,11614.119768570545,0.0,-36.12171171680075,0.0,0.0,0.0,0.0,-6055.349426840478,-203.64863001326566,-5319.0,35896.08638891141,0.0,-0.0,0.0,0.0,2675.9800000000005,0.0,1722.5184444307295,-354.5848333421254,-39940.0,21824.22217572311,550.76075570241,-0.0,0.0,0.0,413.37,0.0,-6745.844242972118,-732.5086884533994,-15310.0
t261,26159.16794055487,0.0,-917.9745169328994,0.0,0.0,0.0,0.0,-8341.085097223491,-640.1083263984835,-16260.0,16702.504388525704,0.0,-0.0,0.0,0.0,1556.075,0.0,5174.91438260887,-208.49377113457535,-23225.0,21820.668380496823,0.0,-0.0,0.0,0.0,2429.956,0.0,12842.947344339631,-825.5717248364521,-36268.0,23725.31354085033,0.0,-974.4831063465713,0.0,0.0,1051.8356955698455,0.0,1010.111975800568,-171.77810587417306,-24641.0,12016.008959901694,0.0,-48.14222398012993,0.0,0.0,0.0,0.0,-6494.290195032387,-223.5765408891783,-5250.0,35586.94162788559,0.0,-0.0,0.0,0.0,2705.6609999999996,0.0,2436.7649193273246,-346.36754721290635,-40383.0,21780.666649334315,581.7444492175114,-0.0,0.0,0.0,416.394,0.0,-6629.363329820515,-727.4417687313047,-15422.0
t262,25645.408421578733,0.0,-703.9813190617255,0.0,0.0,0.0,0.0,-8215.622787245524,-645.8043152714832,-16080.0,17565.601579832048,0.0,-0.0,0.0,0.0,1530.816,0.0,3919.135389981474,-167.55296981352018,-22848.0,21892.2156546811,0.0,-0.0,0.0,0.0,2524.359,0.0,14034.323476336318,-773.8981310174237,-37677.0,23750.124544789942,0.0,-748.4831063465713,0.0,0.0,1068.2875154733533,0.0,129.155378605019,-229.0843325217435,-23970.0,12083.773423897273,0.0,-57.74838912474249,0.0,0.0,0.0,0.0,-6619.752505010354,-229.272529762178,-5177.0,34827.11212431603,0.0,-0.0,0.0,0.0,2703.7850000000003,0.0,3231.978078030577,-407.87520234659934,-40355.0,21557.4982270859,743.5892083310707,-0.0,0.0,0.0,419.04,0.0,-6479.2170306975095,-720.9104047194539,-15520.0
t263,24941.684037467643,0.0,-9.143227565460615,0.0,0.0,0.0,0.0,-8191.648041158342,-646.8927687438414,-16094.0,17200.60173989407,0.0,-0.0,0.0,0.0,1458.322,0.0,3243.3190295239924,-136.2427694180583,-21766.0,21661.07788625713,0.0,-0.0,0.0,0.0,2537.3569999999995,0.0,14455.723091012005,-783.157977269135,-37871.0,23553.465376183107,0.0,-748.4831063465713,0.0,0.0,714.2156854118164,0.0,760.7980232398927,-187.995978488245,-24092.0,12308.580934875801,0.0,-118.49270054373014,0.0,0.0,0.0,0.0,-6643.727251097538,-230.36098323453615,-5316.0,34373.03693742523,0.0,-0.0,0.0,0.0,2670.821,0.0,3158.575164084149,-339.43310150936696,-39863.0,21677.272484544617,813.3912356224411,-0.0,0.0,0.0,415.50300000000004,0.0,-6783.040015604161,-734.1267045628933,-15389.0
t264,25308.36431996337,0.0,-0.0,0.0,0.0,0.0,0.0,-7682.349392573791,-670.01492738958,-16956.0,17209.53877534783,0.0,-0.0,0.0,0.0,1479.36,0.0,3523.567747129137,-132.46652247697196,-22080.0,21799.678998839954,0.0,-0.0,0.0,0.0,2463.121,0.0,13322.041234008042,-821.8412328479915,-36763.0,23421.47686287081,0.0,-576.5027983143088,0.0,0.0,1644.314,0.0,272.47342880005135,-219.76149335655666,-24542.0,13017.404960562408,0.0,-177.89591900004524,0.0,0.0,0.0,0.0,-7153.025899682087,-253.48314188027467,-5433.0,34097.1670476494,0.0,-0.0,0.0,0.0,2748.608,0.0,4507.2656405109265,-329.0406881603188,-41024.0,22049.724525572517,672.9365114852401,-0.0,0.0,0.0,421.74,0.0,-6789.972758192278,-734.4282788654764,-15620.0
t265,21649.933874484257,0.0,-0.0,0.0,0.0,0.0,0.0,-3507.1468621985623,-600.7870122856913,-17542.0,11029.24157508407,469.08015680286553,-0.0,0.0,0.0,0.0,0.0,9299.552519804487,-403.874251691421,-20394.0,17956.02528219637,125.69759757060714,-0.0,0.0,0.0,0.0,0.0,17739.295208903535,-1116.0180886705068,-34705.0,21385.430747563147,0.0,-974.4831063465713,0.0,0.0,0.0,0.0,-1132.1213557766011,-169.82628543997336,-19109.0,12864.937277837342,0.0,-199.20131700698164,0.0,0.0,0.0,0.0,-7179.8535967627995,-295.8823640675608,-5190.0,42005.75007806777,0.0,-378.6,0.0,0.0,0.0,0.0,-6300.609881135649,-535.540196932126,-34791.0,24532.606749201015,0.0,-386.64102123015573,0.0,0.0,0.0,0.0,-8919.11603283441,-579.8496951364532,-14647.0
t266,22018.016656346696,0.0,-77.969606809585,0.0,0.0,0.0,0.0,-3710.2592287080224,-587.7878208290858,-17642.0,10985.753594689997,0.0,-0.0,0.0,0.0,0.0,0.0,10644.373896321213,-449.12749101120886,-21181.0,17731.389255449376,230.4082401541109,-0.0,0.0,0.0,0.0,0.0,16394.473832386808,-1161.2713279902946,-33195.0,20337.926742227522,0.0,-974.4831063465713,0.0,0.0,0.0,0.0,80.11699180818232,-111.5606276891324,-19332.0,12370.70937204374,0.0,-156.69425455019956,0.0,0.0,0.0,0.0,-6705.37746556819,-269.6376519253507,-5239.0,44555.70974491413,0.0,-378.6,0.0,0.0,0.0,0.0,-6727.327531113019,-507.78221380109807,-36942.0,24918.169908514286,0.0,-0.0,0.0,0.0,0.0,0.0,-9976.000495126975,-506.16941338731635,-14436.0
t267,23912.880052902066,0.0,-0.0,0.0,0.0,0.0,0.0,-5600.92862255357,-501.951430348498,-17810.0,10248.932140328545,0.0,-304.4085121895696,0.0,0.0,0.0,0.0,12002.298009273063,-494.82163741203857,-21452.0,17776.41575495616,0.0,-0.0,0.0,0.0,0.0,0.0,15036.54971943496,-1206.9654743911244,-31606.0,19223.958343817572,0.0,-169.98310634657133,0.0,0.0,0.0,0.0,1102.7751302089089,-165.75036767991048,-19991.0,12340.186969684619,0.0,-224.17169023773533,0.0,0.0,0.0,0.0,-6515.527021476299,-223.48825797058603,-5377.0,43660.202127237906,0.0,-0.0,0.0,0.0,0.0,0.0,-4844.3657850433465,-635.8363421945594,-38180.0,25908.522228159538,0.0,-0.0,0.0,0.0,0.0,0.0,-11180.801429843717,-619.7207983158228,-14108.0
t268,25904.849590186368,694.3736967238601,-0.0,0.0,0.0,0.0,0.0,-7917.342991175164,-561.8802957350601,-18120.0,10318.88598416104,0.0,-367.4738403570405,0.0,0.0,0.0,0.0,13061.03602793605,-530.4481717400481,-22482.0,17878.323614471516,0.0,-297.50183074234474,0.0,0.0,0.0,0.0,12215.437683146532,-1138.2594668757079,-28658.0,18931.628373304684,0.0,-0.0,0.0,0.0,0.0,0.0,1867.3841759497814,-116.01254925446673,-20683.0,12015.22350989121,0.0,-205.73760948258587,0.0,0.0,0.0,0.0,-6027.118934736863,-202.36696567176148,-5580.0,42642.02374093539,0.0,-0.0,0.0,0.0,0.0,0.0,-3124.5441583243414,-531.4795826110407,-38986.0,25364.399133219766,0.0,-0.0,0.0,0.0,0.0,0.0,-10074.851802795996,-781.5473304237739,-14508.0
t269,26965.474380764183,569.7657304656909,-0.0,0.0,0.0,0.0,0.0,-8713.916499030167,-538.3236121997031,-18283.0,10895.824033192936,286.4019933396289,-0.0,0.0,0.0,0.0,0.0,13110.900070230698,-532.126096763263,-23761.0,18329.3663774865,252.87655627949607,-0.0,0.0,0.0,0.0,0.0,11566.21226466251,-1104.455198428512,-29044.0,20487.635483724534,169.98310634657133,-0.0,0.0,0.0,0.0,0.0,626.8249616419926,-204.4435517131036,-21080.0,11332.691464385047,0.0,-121.46685698378872,0.0,0.0,0.0,0.0,-5345.789976436339,-171.43463096491774,-5694.0,41558.19855093417,0.0,-0.0,0.0,0.0,0.0,0.0,-1216.041522878927,-581.1570280552351,-39761.0,25325.383643329053,0.0,-0.0,0.0,0.0,0.0,0.0,-10028.189298189767,-792.1943451392922,-14505.0
t270,27787.09961418516,404.90372998529483,-0.0,0.0,0.0,0.0,0.0,-9362.454590332047,-480.5487538384058,-18349.0,11037.969394358777,955.8667875202091,-0.0,0.0,0.0,0.0,0.0,13064.277612053798,-526.1137939327812,-24532.0,18626.77187330375,0.0,-0.0,0.0,0.0,0.0,0.0,10905.094083245163,-1087.865956548911,-28444.0,20861.608311245567,169.98310634657133,-0.0,0.0,0.0,0.0,0.0,398.487956261066,-336.0793738532031,-21094.0,10283.975571853207,0.0,-11.459072791138894,0.0,0.0,0.0,0.0,-4438.2826985147885,-130.23380054727932,-5704.0,40058.64018267867,0.0,-0.0,0.0,0.0,0.0,0.0,755.8010883052939,-624.441270983956,-40190.0,26483.949757102284,0.0,-0.0,0.0,0.0,0.0,0.0,-11322.923451018487,-825.026306083805,-14336.0
t271,28288.202482973833,0.0,-0.0,0.0,0.0,0.0,0.0,-9730.367718780128,-469.8347641937006,-18088.0,11680.722077595688,164.87772412931164,-0.0,0.0,0.0,0.0,0.0,13358.8705,-540.470301725,-24664.0,19642.78110195641,0.0,-418.4032734250533,0.0,0.0,0.0,0.0,8933.10120305689,-1002.4790315882617,-27155.0,21593.906376414572,44.56654809845726,-0.0,0.0,0.0,0.0,0.0,-420.2244509117859,-425.2484736012442,-20793.0,9332.385238977397,0.0,-1.0664523878284058,0.0,0.0,0.0,0.0,-3617.999335905946,-91.31945068361955,-5622.0,39044.05565317448,0.0,-0.0,0.0,0.0,0.0,0.0,1603.546177469946,-712.6018306444199,-39935.0,25394.393630568207,0.0,-0.0,0.0,0.0,0.0,0.0,-10126.926374928978,-733.467255639234,-14534.0
t272,28562.014278395312,0.0,-0.0,0.0,0.0,0.0,0.0,-10129.626925003327,-495.38735339198536,-17937.0,11417.599801725,0.0,-0.0,0.0,0.0,0.0,0.0,13358.8705,-540.470301725,-24236.0,23155.881708726876,0.0,-5402.236809950721,0.0,0.0,0.0,0.0,10455.038400919115,-1068.6832996952683,-27140.0,21727.058561133636,0.0,-169.98310634657133,0.0,0.0,0.0,0.0,-776.2138682117384,-364.86158657532275,-20416.0,8719.102831980086,0.0,-52.68762891036208,0.0,0.0,0.0,0.0,-3049.7685897251117,-63.646613344612945,-5553.0,39038.990190139244,0.0,-0.0,0.0,0.0,0.0,0.0,1218.5688664214877,-687.5590565607176,-39570.0,26717.037492073036,0.0,-234.96194500931733,0.0,0.0,0.0,0.0,-11076.868384400424,-762.2071626632998,-14643.0
t273,26045.30130836018,0.0,-3.535900752647649,0.0,0.0,0.0,0.0,-7812.5147356613725,-356.2506719461586,-17873.0,17909.804033412955,0.0,-6158.688427115619,0.0,0.0,0.0,0.0,12273.154617168944,-487.2702234662783,-23537.0,25487.220052837052,0.0,-5677.104053755518,0.0,0.0,0.0,0.0,8555.651931537419,-1035.7679306189416,-27330.0,20878.259459294473,0.0,-974.4831063465713,0.0,0.0,0.0,0.0,358.1692589376312,-150.9456118855338,-20111.0,7643.276932819701,0.0,-0.0,0.0,0.0,0.0,0.0,-2079.2902408046148,-38.986692015086525,-5525.0,39229.50106268241,0.0,-21.657220961652605,0.0,0.0,0.0,0.0,227.5313206588471,-496.37516237960546,-38939.0,27206.00944230309,0.0,-237.0498259363385,0.0,0.0,0.0,0.0,-11522.702151836855,-563.257464529903,-14883.0
t274,26740.364109823084,0.0,-5767.343497690059,0.0,0.0,0.0,0.0,-2909.3540666918734,-132.66654544114942,-17931.0,24744.102651060904,0.0,-6158.688427115619,0.0,0.0,0.0,0.0,4614.041226837811,-165.45545078309232,-23034.0,26227.718390428174,0.0,-5677.104053755518,0.0,0.0,0.0,0.0,7863.178580677401,-675.792917350057,-27738.0,18558.769125148312,0.0,-571.4971446106545,0.0,0.0,0.0,0.0,2234.8375038211075,-51.10948435876411,-20171.0,7531.806883729292,1.9649481966445208,-0.0,0.0,0.0,0.0,0.0,-1916.8312460622699,-35.94058586366756,-5581.0,38524.610629813054,0.0,-378.6,0.0,0.0,0.0,0.0,384.4593998678492,-26.470029680901416,-38504.0,26519.99305481188,0.0,-672.2456478600392,0.0,0.0,0.0,0.0,-10270.331398450026,-464.41600850181317,-15113.0
t275,27634.82242152003,0.0,-821.21567052648,0.0,0.0,0.0,0.0,-8228.39207248809,-375.2146785054569,-18210.0,25555.690018491892,0.0,-6158.688427115619,0.0,0.0,0.0,0.0,3763.8447478902335,-136.84633926650636,-23024.0,25394.85139084267,0.0,-5677.104053755518,0.0,0.0,0.0,0.0,9761.324586952665,-715.0719240398168,-28764.0,17257.956013528208,0.0,-674.8112075200117,0.0,0.0,0.0,0.0,4230.9554863241065,-147.10029233229844,-20667.0,7582.776805562924,0.0,-2.3117037594007086,0.0,0.0,0.0,0.0,-1890.0270937948692,-35.438008008653796,-5655.0,36840.11054562813,0.0,-325.68228705563683,0.0,0.0,0.0,0.0,2295.576130529887,-157.0043891023693,-38653.0,25704.231363253064,0.0,-0.0,0.0,0.0,0.0,0.0,-9933.281785413934,-503.94957783912895,-15267.0
t276,30921.117793852623,0.0,-0.0,0.0,0.0,0.0,0.0,-11273.48944114922,-547.6283527034007,-19100.0,24564.876754334233,0.0,-5697.76475957659,0.0,0.0,0.0,0.0,4956.879980071766,-176.99197482941491,-23647.0,25913.936019026034,0.0,-1975.2350805406074,0.0,0.0,0.0,0.0,6999.692879127599,-750.3938176130306,-30188.0,17964.825123292627,0.0,-0.0,0.0,0.0,0.0,0.0,3947.677412428873,-353.50253572150183,-21559.0,7641.057680678949,0.0,-0.0,0.0,0.0,0.0,0.0,-1706.7453536601176,-104.31232701883067,-5830.0,35450.938153203264,0.0,-0.0,0.0,0.0,0.0,0.0,5104.162605372066,-336.10075857531734,-40219.0,25260.86570663662,0.0,-856.1828441394567,0.0,0.0,0.0,0.0,-8028.178082190967,-622.5047803061983,-15754.0
t277,30465.352808680287,0.0,-0.0,0.0,0.0,0.0,0.0,-9939.43370923646,-460.9190994438297,-20065.0,24977.51524770247,166.7238318975301,-0.0,0.0,0.0,0.0,0.0,367.314,-22.553079600000004,-25489.0,24211.978620049325,1128.5234620836131,-0.0,0.0,0.0,0.0,0.0,6996.751109836459,-595.2531919693911,-31742.0,17321.804633260253,974.4831063465713,-0.0,0.0,0.0,0.0,0.0,4069.303048488966,-345.5907880957928,-22020.0,7650.814742301769,0.0,-0.0,0.0,0.0,0.0,0.0,-1635.2568366088058,-107.55790569296023,-5908.0,34738.41744409699,378.6,-0.0,0.0,0.0,0.0,0.0,6920.924084044804,-442.94152814179193,-41595.0,24636.51481026509,0.0,-1115.8174129740407,0.0,0.0,0.0,0.0,-6779.601696524965,-417.09570076608964,-16324.0
t278,30251.687988770936,0.0,-0.0,0.0,0.0,0.0,0.0,-9684.385578550386,-441.30241022054963,-20126.0,24685.8643199178,1274.3747596821993,-0.0,0.0,0.0,0.0,0.0,367.314,-22.553079600000004,-26305.0,21991.746003560154,5545.774973386666,-0.0,0.0,0.0,0.0,0.0,5601.184106434781,-544.7050833816052,-32594.0,17749.76694827327,921.4174035247349,-0.0,0.0,0.0,0.0,0.0,3654.3961312633146,-372.5804830613214,-21953.0,7243.955704774602,28.64562848646056,-0.0,0.0,0.0,0.0,0.0,-1306.0996932600676,-122.50164000099295,-5844.0,34528.47909200992,378.6,-0.0,0.0,0.0,0.0,0.0,7437.894277021887,-475.97336903180536,-41869.0,23420.271293716014,0.0,-555.002445614922,0.0,0.0,0.0,0.0,-6070.303242909531,-339.9656051915646,-16455.0
t279,30394.741243520755,0.0,-0.0,0.0,0.0,0.0,0.0,-10071.457200973027,-480.2840425477265,-19843.0,24234.631474934693,1850.607604665308,-0.0,0.0,0.0,0.0,0.0,367.314,-22.553079600000004,-26430.0,19818.645457741866,5109.978385231237,-0.0,0.0,0.0,0.0,0.0,8292.309556877093,-525.9333998501953,-32695.0,17773.366649804462,974.4831063465713,-0.0,0.0,0.0,0.0,0.0,3120.463072389995,-407.31282854103085,-21461.0,7970.933788717506,0.0,-0.9105155862008844,0.0,0.0,0.0,0.0,-2222.10842976776,-80.91484336354371,-5667.0,34916.580236380825,378.6,-0.0,0.0,0.0,0.0,0.0,6646.038796604697,-432.2190329855166,-41509.0,23108.788244812717,0.0,-0.0,0.0,0.0,0.0,0.0,-6132.559795130999,-466.22844968172063,-16510.0
t280,30049.153211168494,0.0,-0.0,0.0,0.0,0.0,0.0,-10025.140472076955,-482.01273909153775,-19542.0,21742.38655399135,3906.8525256086486,-0.0,0.0,0.0,0.0,0.0,367.314,-22.553079600000004,-25994.0,18425.707394195753,3049.6260344269867,-0.0,0.0,0.0,0.0,0.0,11487.83911736283,-517.17254598557,-32446.0,19013.224403444703,0.0,-0.0,0.0,0.0,0.0,0.0,2279.937352715326,-388.16175616002744,-20905.0,7998.712412711,14.166047656350656,-0.0,0.0,0.0,0.0,0.0,-2474.4184939161423,-69.45996645120715,-5469.0,35616.69626047109,20.465829644690807,-0.0,0.0,0.0,0.0,0.0,5392.961326257263,-359.1234163730349,-40671.0,23945.08854384704,0.0,-0.0,0.0,0.0,0.0,0.0,-7028.492830342322,-524.5957135047214,-16392.0
t281,29916.098482909805,58.99983502577197,-0.0,0.0,0.0,0.0,0.0,-10637.68100610017,-515.4173118354047,-18822.0,14477.371015369867,6158.688427115619,-0.0,0.0,0.0,0.0,0.0,4557.598527500726,-184.6579699862101,-25009.0,18173.682936676127,2302.4648412568017,-0.0,0.0,0.0,0.0,0.0,12306.874284483041,-770.0220624159676,-32013.0,19575.6107021522,0.0,-0.0,0.0,0.0,0.0,0.0,689.9912565117133,-192.60195866391305,-20073.0,7276.8383935424135,215.47064421565355,-0.0,0.0,0.0,0.0,0.0,-2162.6969114635112,-83.61212629455662,-5246.0,36775.97575275123,0.0,-0.0,0.0,0.0,0.0,0.0,2956.4376010901988,-357.41335384141934,-39375.0,24517.98846146193,0.0,-0.0,0.0,0.0,0.0,0.0,-7710.523752021998,-575.4647094399403,-16232.0
t282,28754.609458561255,375.4726706536444,-0.0,0.0,0.0,0.0,0.0,-10430.856564543528,-511.225564671373,-18188.0,11207.507397133506,4032.6490151396083,-0.0,0.0,0.0,0.0,0.0,9203.168047204053,-389.3244594771718,-24054.0,18161.455769076485,1422.215908027807,-0.0,0.0,0.0,0.0,0.0,12944.51846546333,-913.1901425676185,-31615.0,19714.780754775322,0.0,-0.0,0.0,0.0,0.0,0.0,-166.46623620986975,-248.31451856545203,-19300.0,7626.816883065554,158.70577401796754,-0.0,0.0,0.0,0.0,0.0,-2648.9881531620804,-61.534503921441555,-5075.0,37262.93673754936,0.0,-0.0,0.0,0.0,0.0,0.0,663.5090903626142,-567.4458279119675,-37359.0,25530.129208889262,685.9275297039662,-0.0,0.0,0.0,0.0,0.0,-9564.884649114518,-686.1720894787219,-15965.0
t283,28556.215448507544,445.15775539819015,-0.0,0.0,0.0,0.0,0.0,-10845.677398182506,-538.6958057232274,-17617.0,11245.05228468431,465.13538115639983,-0.0,0.0,0.0,0.0,0.0,11342.429392620988,-472.6170584616963,-22580.0,17993.65608121805,511.49582321749415,-0.0,0.0,0.0,0.0,0.0,13772.726430175264,-1070.8783346108055,-31207.0,18879.668495866536,0.0,-0.0,0.0,0.0,0.0,0.0,519.9919196596029,-203.66041552614283,-19196.0,8372.482504177395,78.2666369088488,-0.0,0.0,0.0,0.0,0.0,-3331.6328867299467,-90.11625435629742,-5029.0,37715.411443644014,0.0,-0.0,0.0,0.0,0.0,0.0,-1615.8340137478335,-609.577429896166,-35490.0,25784.298115946905,538.2233478608152,-0.0,0.0,0.0,0.0,0.0,-9842.00344379557,-806.5180200121557,-15674.0
t284,27840.34436282459,565.4391788004618,-0.0,0.0,0.0,0.0,0.0,-10390.333326028442,-522.4502155966131,-17493.0,10589.623998483587,0.0,-0.0,0.0,0.0,0.0,0.0,12002.194143857208,-494.8181423407951,-22097.0,18269.967691373466,0.0,-0.0,0.0,0.0,0.0,0.0,14154.787835590185,-1154.7555269636516,-31270.0,18607.263832834044,153.78730118119998,-0.0,0.0,0.0,0.0,0.0,992.6183698826735,-221.66950389792143,-19532.0,9470.601518187541,0.0,-28.30307595343109,0.0,0.0,0.0,0.0,-4219.975775970348,-120.32266626376173,-5102.0,37830.2719797203,44.248637957199996,-0.0,0.0,0.0,0.0,0.0,-2697.8836143356643,-668.6370033418318,-34508.0,26055.859825717274,135.33498037152276,-0.0,0.0,0.0,0.0,0.0,-9841.407632995615,-844.787173093187,-15505.0
t285,27956.163188782317,491.48996836180595,-0.0,0.0,0.0,0.0,0.0,-10257.107074203335,-503.54608294078594,-17687.0,11268.798963639432,0.0,-0.0,0.0,0.0,0.0,0.0,11493.915605899074,-477.7145695385039,-22285.0,18164.25342578933,409.1377499262012,-0.0,0.0,0.0,0.0,0.0,14294.437977393462,-1115.8291531089928,-31752.0,18477.40300137742,0.0,-0.0,0.0,0.0,0.0,0.0,1422.546254657131,-144.94925603455363,-19755.0,8098.491411073303,127.83652826196501,-0.0,0.0,0.0,0.0,0.0,-3150.762902937226,-68.5650363980429,-5007.0,38361.30568706761,0.0,-0.0,0.0,0.0,0.0,0.0,-3191.5861092416435,-590.7195778259568,-34579.0,26508.673296564844,394.8835040623544,-0.0,0.0,0.0,0.0,0.0,-10611.443751567462,-762.1130490597428,-15530.0
t286,26968.842113924682,618.8721601469264,-0.0,0.0,0.0,0.0,0.0,-9536.299853270524,-457.41442080108595,-17594.0,11261.501934423952,370.4926587325533,-0.0,0.0,0.0,0.0,0.0,10643.08968411393,-449.0842772704337,-21826.0,18188.215590654523,0.0,-0.0,0.0,0.0,0.0,0.0,15801.85336666138,-1126.068957315903,-32864.0,17501.20940796331,0.0,-0.0,0.0,0.0,0.0,0.0,1609.0936827756957,-124.30309073900781,-18986.0,7442.948342384008,202.67825912116726,-0.0,0.0,0.0,0.0,0.0,-2732.39421006643,-51.23239143874556,-4862.0,38925.137171718205,0.0,-0.0,0.0,0.0,0.0,0.0,-4136.289294776552,-610.8478769416456,-34178.0,26655.655793402577,1137.950691931924,-0.0,0.0,0.0,0.0,0.0,-11649.0533754375,-700.553109897,-15444.0
t287,26053.83990339616,659.6200227660556,-0.0,0.0,0.0,0.0,0.0,-8761.308493100683,-410.15143306153374,-17542.0,10563.103930344789,0.0,-0.0,0.0,0.0,0.0,0.0,10520.867572882718,-444.9715032275035,-20639.0,17948.323076579818,0.0,-0.0,0.0,0.0,0.0,0.0,16059.659692178908,-1129.9827687587224,-32878.0,16353.176259374997,0.0,-0.0,0.0,0.0,0.0,0.0,2833.9605,-53.136759375000004,-19134.0,9242.044040924622,0.0,-2.5853007036812743,0.0,0.0,0.0,0.0,-4146.473095643996,-116.98564457694535,-4976.0,39422.20201859714,0.0,-0.0,0.0,0.0,0.0,0.0,-5397.562716068358,-545.6393025287722,-33479.0,26635.72591416785,472.45287432743544,-0.0,0.0,0.0,0.0,0.0,-11109.143460248588,-715.0353282467026,-15284.0
t288,25441.51728076569,785.4602294137312,-0.0,0.0,0.0,0.0,0.0,-7542.157888505119,-413.81962167429765,-18271.0,11135.650189729566,571.1,-0.0,0.0,0.0,0.0,0.0,9863.086997123646,-422.8371868532107,-21147.0,18026.028236765396,830.6160554825194,-0.0,0.0,0.0,0.0,0.0,14395.760731584378,-970.4050238322966,-32282.0,16411.67807742416,307.49818195084555,-0.0,0.0,0.0,0.0,0.0,2833.9605,-53.136759375000004,-19500.0,9232.791475532274,27.871690237735315,-0.0,0.0,0.0,0.0,0.0,-4050.801008074455,-109.86215769555638,-5100.0,39324.06787240969,0.0,-0.0,0.0,0.0,0.0,0.0,-4709.335167813649,-295.7327045960303,-34319.0,26560.38359661899,84.44304511718153,-0.0,0.0,0.0,0.0,0.0,-10790.5141643148,-531.3124774213748,-15323.0
t289,23979.034169791812,762.4224137260802,-0.0,0.0,0.0,0.0,0.0,-5105.488540047565,-323.96804347032946,-19312.0,17599.800265928046,0.0,-0.0,0.0,0.0,0.0,0.0,4532.2815289925875,-222.08179492063678,-21910.0,17947.84438911388,0.0,-0.0,0.0,0.0,0.0,0.0,14045.980948850065,-623.825337963943,-31370.0,15667.129854282675,731.071769354077,-0.0,0.0,0.0,0.0,0.0,3800.0159822411506,-99.21760587790291,-20099.0,9152.309661820771,0.0,-0.0,0.0,0.0,0.0,0.0,-3835.694192792972,-98.61546902780093,-5218.0,40735.96332391322,0.0,-64.6,0.0,0.0,0.0,0.0,-4532.2815289925875,-222.08179492063678,-35917.0,22989.9310489,1630.3,-0.0,0.0,0.0,0.0,0.0,-8904.81419825068,-391.4168506493174,-15324.0
t290,23172.42168981359,712.8449889676522,-0.0,0.0,0.0,0.0,0.0,-4090.804346381691,-200.46233239955382,-19594.0,18458.31837163276,0.0,-0.0,0.0,0.0,0.0,0.0,4336.7364058540925,-217.05477748685053,-22578.0,20343.671544040724,825.8381988095207,-0.0,0.0,0.0,0.0,0.0,9276.94951931034,-412.4592621605832,-30034.0,14860.053932056246,590.5446796883048,-0.0,0.0,0.0,0.0,0.0,5082.80818206495,-160.40679380949814,-20373.0,8342.027998995167,0.0,-0.0,0.0,0.0,0.0,0.0,-2986.9457110389967,-60.082287956170454,-5295.0,40521.40713016359,0.0,-0.0,0.0,0.0,0.0,0.0,-2218.3436606708715,-315.0634694927153,-37988.0,23289.427733120385,1630.3,-0.0,0.0,0.0,0.0,0.0,-9400.400389137822,-469.3273439825627,-15050.0
t291,22547.656391446275,743.0285099904941,-0.0,0.0,0.0,0.0,0.0,-3416.0019898618466,-155.68291157492467,-19719.0,18497.65552963718,409.0146708129341,-0.0,0.0,0.0,0.0,0.0,4248.038373448876,-212.70857389899493,-22942.0,20217.173701693162,3281.8360637792393,-0.0,0.0,0.0,0.0,0.0,5693.939004178948,-253.94876965135114,-28939.0,14581.087967900243,628.2645356747576,-0.0,0.0,0.0,0.0,0.0,6140.5064999999995,-210.85900357500003,-21139.0,7963.900315447431,0.0,-0.0,0.0,0.0,0.0,0.0,-2400.0646861223854,-72.83562932504371,-5491.0,41037.48841373415,268.79926258873024,-0.0,0.0,0.0,0.0,0.0,-1693.5448734488764,-340.74280287399495,-39272.0,23710.2596968087,100.43999178748527,-0.0,0.0,0.0,0.0,0.0,-8572.872328194717,-448.82736040147023,-14789.0
t292,22352.354435282778,721.8262876935496,-0.0,0.0,0.0,0.0,0.0,-3035.052974145213,-138.1277488311154,-19901.0,18482.284121788165,3543.481958508828,-0.0,0.0,0.0,0.0,0.0,1905.140497689807,-97.90657798680054,-23833.0,20095.969159296634,4558.215707349037,-0.0,0.0,0.0,0.0,0.0,4046.363558082612,-179.54842472828253,-28521.0,14629.92235918484,974.4831063465713,-0.0,0.0,0.0,0.0,0.0,6482.71414537525,-233.11961090666,-21854.0,7181.456095116625,121.74857603565474,-0.0,0.0,0.0,0.0,0.0,-1480.626550468551,-114.5781206837278,-5708.0,39931.056057358524,0.0,-0.0,0.0,0.0,0.0,0.0,307.1453569349434,-248.20141429346052,-39990.0,23847.408703049736,0.0,-0.0,0.0,0.0,0.0,0.0,-8225.68403346885,-433.72466958089495,-15188.0
t293,22654.710636472853,719.2015435832782,-0.0,0.0,0.0,0.0,0.0,-3452.626617252648,-157.28556280348667,-19764.0,18452.36090051205,6048.878179087951,-0.0,0.0,0.0,0.0,0.0,367.314,-22.553079600000004,-24846.0,20124.888025042004,4376.691580285757,-0.0,0.0,0.0,0.0,0.0,4529.348879967822,-222.92848529558373,-28808.0,15019.790199831272,974.4831063465713,-0.0,0.0,0.0,0.0,0.0,6640.083159069642,-243.3564652474803,-22391.0,8047.04842731875,0.0,-0.0,0.0,0.0,0.0,0.0,-2062.9057838296135,-88.14264348913557,-5896.0,39043.18991683616,233.60073741136438,-0.0,0.0,0.0,0.0,0.0,1884.9787710638602,-194.7694253113836,-40967.0,24071.118258463965,0.0,-660.0990655275764,0.0,0.0,0.0,0.0,-7906.192409019064,-419.8267839173293,-15085.0
t294,22818.064498333362,731.4415552063696,-0.0,0.0,0.0,0.0,0.0,-3876.8193430299184,-176.68671050981254,-19496.0,18811.427877310347,5452.326217001453,-0.0,0.0,0.0,0.0,0.0,1244.3098972299829,-52.06399154178892,-25456.0,20234.886575104872,4048.5870884790293,-0.0,0.0,0.0,0.0,0.0,4377.896390715121,-387.3700542990264,-28274.0,15608.463080764373,913.8894228106319,-0.0,0.0,0.0,0.0,0.0,6140.5064999999995,-210.85900357500003,-22452.0,8334.688695460198,0.0,-0.0,0.0,0.0,0.0,0.0,-2352.7028382413537,-74.98585721884255,-5907.0,38109.51859804396,0.0,-0.0,0.0,0.0,0.0,0.0,3376.4750043910008,-220.99360243494726,-41265.0,24528.14262932164,0.0,-424.99915005049286,0.0,0.0,0.0,0.0,-8909.665611064833,-463.47786820632024,-14730.0
t295,23387.021447279516,646.312372840806,-0.0,0.0,0.0,0.0,0.0,-4854.429405300345,-220.9044148199765,-18958.0,18614.68274036187,5297.627293961169,-0.0,0.0,0.0,0.0,0.0,1317.2069428022587,-54.51697712529601,-25175.0,20868.771741604945,1604.5033122562413,-0.0,0.0,0.0,0.0,0.0,4711.0035505048245,-309.27860436601316,-26875.0,17316.68928264373,695.4174035247349,-0.0,0.0,0.0,0.0,0.0,4630.9490307793385,-309.055716947804,-22334.0,6372.2079661899725,201.92648059894265,-0.0,0.0,0.0,0.0,0.0,-546.130191403639,-157.0042553852748,-5871.0,37244.83925444987,0.0,-0.0,0.0,0.0,0.0,0.0,3946.745258205867,-263.5845126557282,-40928.0,25109.8658561783,0.0,-685.1807408919093,0.0,0.0,0.0,0.0,-9205.345185588305,-476.3399296980913,-14743.0
t296,24355.487435386673,448.4798145387176,-0.0,0.0,0.0,0.0,0.0,-6095.3755005484945,-277.5917493768919,-18431.0,19235.561496297836,0.0,-0.0,0.0,0.0,0.0,0.0,5233.7470556239105,-186.3085519217446,-24283.0,22467.13436437154,0.0,-0.0,0.0,0.0,0.0,0.0,4861.849255845003,-595.9836202165402,-26733.0,19577.91350581149,149.26808096211806,-0.0,0.0,0.0,0.0,0.0,2613.932840174006,-361.1144269476119,-21980.0,5834.506341549891,175.64909885858447,-0.0,0.0,0.0,0.0,0.0,-102.60408041636242,-116.55135999211289,-5791.0,35844.28792321413,0.0,-0.0,0.0,0.0,0.0,0.0,4769.26398083949,-318.55190405360884,-40295.0,26206.474140842467,307.9622142910986,-0.0,0.0,0.0,0.0,0.0,-11280.813551517553,-566.6228036160135,-14667.0
t297,25039.408988902283,196.4015114793012,-0.0,0.0,0.0,0.0,0.0,-6914.512598245849,-315.29790213573347,-18006.0,17412.563245197704,0.0,-1779.0624694727048,0.0,0.0,0.0,0.0,8098.1965,-282.697275725,-23449.0,23856.192997068625,0.0,-1041.4801532290749,0.0,0.0,0.0,0.0,4840.778419108057,-821.4912629476058,-26834.0,20352.342829952137,0.0,-0.0,0.0,0.0,0.0,0.0,1804.5340279484526,-288.8768579005841,-21868.0,6174.1509367833605,0.0,-0.0,0.0,0.0,0.0,0.0,-379.78785998178154,-8.36307680157863,-5786.0,35714.574035167134,0.0,-21.657220961652605,0.0,0.0,0.0,0.0,4088.341053419459,-274.2578676249358,-39507.0,26888.340361461134,0.0,-0.0,0.0,0.0,0.0,0.0,-11537.549542248338,-577.7908192128026,-14773.0
t298,25825.581165421423,0.0,-0.0,0.0,0.0,0.0,0.0,-7628.711902660123,-347.8692627613016,-17849.0,24776.554173776312,0.0,-6158.688427115619,0.0,0.0,0.0,0.0,4339.346217042797,-156.21196370349014,-22801.0,24727.40375439439,0.0,-5677.104053755518,0.0,0.0,0.0,0.0,8894.734070443556,-931.0337710824232,-27014.0,21780.705076321858,0.0,-423.8760558612965,0.0,0.0,0.0,0.0,480.07033449484396,-22.899354955404057,-21814.0,5836.999999999999,0.0,-0.0,0.0,0.0,0.0,0.0,0.0,-0.0,-5837.0,35404.54468125455,0.0,-378.6,0.0,0.0,0.0,0.0,4345.409864923957,-278.35454617849825,-39093.0,25874.626713989564,0.0,-0.0,0.0,0.0,0.0,0.0,-10430.84858424503,-517.7781297445371,-14926.0
t299,25731.500466126672,0.0,-0.0,0.0,0.0,0.0,0.0,-7552.160321766746,-344.3401443599226,-17835.0,25871.264670730572,0.0,-6158.688427115619,0.0,0.0,0.0,0.0,3030.5962848709546,-112.17252848590763,-22631.0,24352.603711982538,0.0,-5677.104053755518,0.0,0.0,0.0,0.0,10241.363317478728,-903.8629757057539,-28013.0,24031.8728117643,0.0,-536.5502580335078,0.0,0.0,0.0,0.0,-1305.4058999397125,-84.91665379107829,-22105.0,5746.877589764328,0.0,-0.0,0.0,0.0,0.0,0.0,191.83156320518702,-8.709152969515491,-5930.0,34232.45901653196,0.0,-378.6,0.0,0.0,0.0,0.0,5804.510937667617,-372.36995419957026,-39286.0,25977.62281328697,0.0,-0.0,0.0,0.0,0.0,0.0,-10410.735881516028,-514.8869317709472,-15052.0
t300,28459.19820980196,0.0,-0.0,0.0,0.0,0.0,0.0,-9279.257851498198,-422.9403583037598,-18757.0,24509.57236933577,0.0,-4814.946141931177,0.0,0.0,0.0,0.0,3574.860802085589,-130.48702949018008,-23139.0,24301.263567789018,0.0,-4691.7044542095955,0.0,0.0,0.0,0.0,10342.242202385552,-714.8013159649616,-29237.0,27032.249692860576,40.887828428272535,-0.0,0.0,0.0,0.0,0.0,-3553.4125307910804,-493.72499049776525,-23026.0,5365.693628184123,61.20911437053507,-0.0,0.0,0.0,0.0,0.0,617.6770739605715,-50.579816515229005,-5994.0,33294.06742613438,0.0,-64.6,0.0,0.0,0.0,0.0,8159.627633526535,-539.095059660901,-40850.0,25934.719143934737,0.0,-103.29192047376687,0.0,0.0,0.0,0.0,-9861.737329668971,-499.6898937920048,-15470.0
t301,29219.454250135783,0.0,-0.0,0.0,0.0,0.0,0.0,-9038.446717323552,-412.00753281223086,-19769.0,23480.205291937593,0.0,-570.6814886948196,0.0,0.0,0.0,0.0,2153.1217056524324,-82.64550889520436,-24980.0,23144.106827397416,0.0,-2581.204053755519,0.0,0.0,0.0,0.0,10641.268842588714,-697.1716162306125,-30507.0,29173.858938165427,169.98310634657133,-0.0,0.0,0.0,0.0,0.0,-5329.628607579613,-545.2134369323786,-23469.0,5669.305248529284,27.871690237735315,-0.0,0.0,0.0,0.0,0.0,480.52641828482643,-37.7033570518457,-6140.0,32646.684850407826,0.0,-0.0,0.0,0.0,0.0,0.0,10110.833300454055,-661.51815086188,-42096.0,26152.52401936632,0.0,-587.9383734313367,0.0,0.0,0.0,0.0,-9017.674942076863,-460.9107038581202,-16086.0
t302,29618.634931779805,0.0,-0.0,0.0,0.0,0.0,0.0,-9333.566918333969,-442.0680134458382,-19843.0,23472.802039944276,0.0,-2747.7362167362644,0.0,0.0,0.0,0.0,5206.319801616381,-185.3856248243912,-25746.0,22492.49927149951,0.0,-0.0,0.0,0.0,0.0,0.0,9737.846770329763,-921.3460418292706,-31309.0,31445.134848003625,0.0,-0.0,0.0,0.0,0.0,0.0,-7545.430693107855,-472.70415489577226,-23427.0,5465.073203679207,94.06311587905111,-0.0,0.0,0.0,0.0,0.0,518.992667264213,-13.128986822470928,-6065.0,32571.927842402805,0.0,-0.0,0.0,0.0,0.0,0.0,10382.683861683887,-677.6117040866861,-42277.0,25910.004438919495,0.0,-124.7819203379239,0.0,0.0,0.0,0.0,-8966.845489452418,-548.377029129161,-16270.0
t303,29487.445618963542,0.0,-0.0,0.0,0.0,0.0,0.0,-9285.10750824414,-441.33811071939743,-19761.0,23508.534571757435,0.0,-1786.0887992013186,0.0,0.0,0.0,0.0,4266.308470992788,-153.7542435489073,-25835.0,21252.256575626267,0.0,-2695.7566567216472,0.0,0.0,0.0,0.0,13736.909450850204,-947.409369754826,-31346.0,33232.28823015072,0.0,-0.0,0.0,0.0,0.0,0.0,-9494.28978319243,-576.9984469582789,-23161.0,6041.368185497996,71.97307447538287,-0.0,0.0,0.0,0.0,0.0,-178.64142268845072,-8.69983728492755,-5926.0,32687.40381385286,0.0,-0.0,0.0,0.0,0.0,0.0,9648.75957230245,-634.163386155305,-41702.0,25695.85204972546,0.0,-0.0,0.0,0.0,0.0,0.0,-8693.938780020422,-774.9132697050456,-16227.0
t304,29361.68860378326,0.0,-0.0,0.0,0.0,0.0,0.0,-9305.07271954087,-442.6158842423882,-19614.0,20730.964538784443,0.0,-888.7946936728941,0.0,0.0,0.0,0.0,5918.09124912446,-224.26109423601045,-25536.0,18095.607174509838,0.0,-0.0,0.0,0.0,0.0,0.0,14052.353502578508,-981.960677088344,-31166.0,33989.35354772391,0.0,-804.5,0.0,0.0,0.0,0.0,-9826.031042687719,-592.8225050362041,-22766.0,6755.692476613046,72.17100002757324,-0.0,0.0,0.0,0.0,0.0,-1069.7658783642792,-52.09759827634039,-5706.0,33286.74577859669,0.0,-0.0,0.0,0.0,0.0,0.0,8368.846477005056,-663.5922556017522,-40992.0,25155.726908778757,0.0,-35.99431091275846,0.0,0.0,0.0,0.0,-8138.421588115155,-865.3110097508468,-16116.0
t305,27333.184035155944,0.0,-0.0,0.0,0.0,0.0,0.0,-7712.053904766746,-504.1301303891976,-19117.0,17518.678997634266,0.0,-0.0,0.0,0.0,0.0,0.0,7799.417182752261,-333.09618038652883,-24985.0,16581.409012551612,0.0,-0.0,0.0,0.0,0.0,0.0,15137.051574419294,-945.4605869709017,-30773.0,35170.572143312274,0.0,-896.3827601625441,0.0,0.0,0.0,0.0,-11604.650352932249,-644.5390302174796,-22025.0,7265.3771133161345,0.0,-0.0,0.0,0.0,0.0,0.0,-1641.2072206005578,-152.16989271557694,-5472.0,35106.10496033325,0.0,-0.0,0.0,0.0,0.0,0.0,5402.822471536468,-808.927431869713,-39700.0,25432.128819366608,0.0,-1211.7162269815567,0.0,0.0,0.0,0.0,-7381.379750408472,-900.0328419765756,-15939.0
t306,25386.694972964116,0.0,-472.3611244714997,0.0,0.0,0.0,0.0,-5771.480301467648,-538.8535470249667,-18604.0,14880.466616845355,0.0,-0.0,0.0,0.0,0.0,0.0,9750.58487354959,-419.05149039494364,-24212.0,16408.21995293501,0.0,-0.0,0.0,0.0,0.0,0.0,14848.544019359737,-986.7639722947467,-30270.0,35378.70518042888,0.0,-896.3827601625441,0.0,0.0,0.0,0.0,-12369.44351820008,-658.8789020662515,-21454.0,7876.39789609387,0.0,-27.871690237735315,0.0,0.0,0.0,0.0,-2329.0660411363033,-232.4601647198312,-5287.0,35050.70631059704,0.0,-0.0,0.0,0.0,0.0,0.0,3740.1623357986973,-893.8686463957171,-37897.0,25161.315147706322,0.0,-586.2079213454743,0.0,0.0,0.0,0.0,-7869.301367903992,-868.8058584568623,-15837.0
t307,25197.398071666026,0.0,-1679.2937201759498,0.0,0.0,0.0,0.0,-4611.220156796195,-546.8841946938828,-18360.0,12590.112573475832,0.0,-0.0,0.0,0.0,0.0,0.0,10803.364967065936,-454.4775405417688,-22939.0,16243.708405855656,0.0,-0.0,0.0,0.0,0.0,0.0,14844.570995085018,-1084.2794009406762,-30004.0,35196.842986714655,0.0,-862.0578360211481,0.0,0.0,0.0,0.0,-12347.321044999766,-658.4641056937456,-21329.0,8629.402190468827,0.0,-224.17169023773533,0.0,0.0,0.0,0.0,-2931.4104801021895,-257.8200201289018,-5216.0,34361.602758337765,0.0,-0.0,0.0,0.0,0.0,0.0,2691.355266557068,-955.9580248948216,-36097.0,24850.65375260523,0.0,-0.0,0.0,0.0,0.0,0.0,-8449.339546809875,-834.314205795359,-15567.0
t308,24988.97431440079,0.0,-1910.371495887462,0.0,0.0,0.0,0.0,-4274.4282722615735,-562.1745462517547,-18242.0,11987.424837758026,0.0,-10.415962895647867,0.0,0.0,0.0,0.0,10780.706198103815,-453.71507296619336,-22304.0,16090.724507093471,0.0,-0.0,0.0,0.0,0.0,0.0,15106.985995153103,-1097.710502246574,-30100.0,35232.15517085316,0.0,-744.5343251207166,0.0,0.0,0.0,0.0,-12073.294733381548,-653.326112350904,-21761.0,9054.636618552882,0.0,-205.73760948258587,0.0,0.0,0.0,0.0,-3321.667938647836,-257.2310704224617,-5270.0,33629.552558325195,0.0,-0.0,0.0,0.0,0.0,0.0,2451.599035451103,-970.1515937762947,-35111.0,24947.473182290956,0.0,-0.0,0.0,0.0,0.0,0.0,-8669.900284417066,-823.5728978738888,-15454.0
t309,24949.761594734562,0.0,-1277.068217219456,0.0,0.0,0.0,0.0,-4635.931057723314,-545.7623197917916,-18491.0,13200.46852058219,0.0,-0.0,0.0,0.0,0.0,0.0,9873.726692003733,-423.1952125859256,-22651.0,16078.881090855324,0.0,-0.0,0.0,0.0,0.0,0.0,15667.817594958324,-1046.6986858136504,-30700.0,35030.68343738548,0.0,-755.7921244589315,0.0,0.0,0.0,0.0,-11600.431388296003,-644.4599246305501,-22030.0,9201.33115533895,0.0,-224.17169023773533,0.0,0.0,0.0,0.0,-3543.8116684703905,-237.3477966308239,-5196.0,33157.31269597768,64.6,-0.0,0.0,0.0,0.0,0.0,2797.746941745965,-949.6596377236389,-35070.0,24839.085152480882,0.0,-0.0,0.0,0.0,0.0,0.0,-8559.117114218316,-828.968038262568,-15451.0
t310,24696.06618365303,0.0,-1257.0304091176477,0.0,0.0,0.0,0.0,-4313.64150924256,-560.3942652928179,-18565.0,13865.013126074646,0.0,-0.0,0.0,0.0,0.0,0.0,8618.959159026599,-380.97228510124506,-22103.0,16044.768991600675,0.0,-0.0,0.0,0.0,0.0,0.0,16956.728026312197,-1006.4970179128725,-31995.0,34471.443245517774,0.0,-714.0309902516269,0.0,0.0,0.0,0.0,-11647.077712064935,-645.3345432012175,-21465.0,9447.648340332596,0.0,-94.23220215482849,0.0,0.0,0.0,0.0,-4041.7366556433913,-263.6794825343769,-5048.0,32814.47685393832,64.6,-0.0,0.0,0.0,0.0,0.0,2763.6040433692287,-951.6808973075417,-34691.0,24480.628511851566,0.0,-0.0,0.0,0.0,0.0,0.0,-8336.835351757138,-839.7931600944273,-15304.0
t311,24302.442766355245,0.0,-88.53267393914652,0.0,0.0,0.0,0.0,-5212.414246395335,-527.4958460207667,-18474.0,12644.832682453714,0.0,-0.0,0.0,0.0,0.0,0.0,8515.66371081522,-377.4963932689322,-20783.0,16026.927501609869,0.0,-0.0,0.0,0.0,0.0,0.0,17358.780011457162,-1020.707513067028,-32365.0,34268.48811127706,0.0,-578.5,0.0,0.0,0.0,0.0,-11166.661374406935,-636.32673687013,-21887.0,9313.431954329351,0.0,-196.3,0.0,0.0,0.0,0.0,-3755.0888295403092,-220.0431247890428,-5142.0,32396.919777858373,64.6,-0.0,0.0,0.0,0.0,0.0,2464.8475064356426,-969.36728429401,-33957.0,24190.439810552773,0.0,-0.0,0.0,0.0,0.0,0.0,-8205.126778365444,-847.3130321873293,-15138.0
t312,25424.233883149256,0.0,-0.0,0.0,0.0,0.0,0.0,-5770.776182693816,-558.4577004554402,-19095.0,13293.290551311971,0.0,-0.0,0.0,0.0,0.0,0.0,8199.569263815423,-366.85981512738897,-21126.0,16007.78015777371,0.0,-0.0,0.0,0.0,0.0,0.0,16750.57207611726,-955.3522338909748,-31803.0,33397.66748414977,0.0,-0.0,0.0,0.0,0.0,0.0,-10393.322291006136,-624.345193143635,-22380.0,9958.876900409468,0.0,-0.0,0.0,0.0,0.0,0.0,-4484.796199152906,-206.08070125656334,-5268.0,32114.250056526966,44.248637957199996,-0.0,0.0,0.0,0.0,0.0,3389.1498887753387,-914.6485832594999,-34633.0,23729.476340695437,88.17598158771408,-0.0,0.0,0.0,0.0,0.0,-7690.396555855166,-880.2557664279872,-15247.0
t313,25175.34788123757,0.0,-0.0,0.0,0.0,54.558,0.0,-6694.019800757571,-349.88608047999446,-18186.0,16989.99100956335,355.9588244792225,-0.0,0.0,0.0,551.043,0.0,2646.226981658708,-134.21981570127673,-20409.0,21108.269062398398,2026.6624673209712,-0.0,0.0,0.0,104.535,0.0,12149.10720073009,-543.5737304494755,-34845.0,28143.582181041715,183.4238477427009,-0.0,0.0,0.0,63.597,0.0,-6718.066776442716,-473.5362523416991,-21199.0,6593.579710177142,119.94845120558443,-0.0,0.0,0.0,17.322,0.0,-926.4072407600227,-30.442920622703408,-5774.0,30285.428193234988,64.6,-0.0,0.0,0.0,110.385,0.0,7062.204518341292,-727.6177115762766,-36795.0,21420.27925609526,1630.3,-0.0,0.0,0.0,45.564,0.0,-7519.044882769781,-389.09837332548545,-15188.0
t314,24866.023739852393,0.0,-0.0,0.0,0.0,54.657000000000004,0.0,-6338.010583239365,-363.67015661302645,-18219.0,17097.473145986183,2052.379616891623,-0.0,0.0,0.0,567.081,0.0,1348.3538197357989,-62.28758261360461,-21003.0,21127.415200624848,1499.5751118720482,-0.0,0.0,0.0,99.507,0.0,10976.93135166543,-534.4286641623237,-33169.0,28444.09066351814,211.47726192492368,-0.0,0.0,0.0,64.053,0.0,-6898.4671806808265,-470.1537447622345,-21351.0,6900.678895381598,65.63560726901184,-0.0,0.0,0.0,17.598,0.0,-1075.8760283006172,-42.036474349992055,-5866.0,30204.68869830173,64.6,-0.0,0.0,0.0,115.953,0.0,8903.16876517948,-637.4104634812054,-38651.0,21124.918828602757,1119.0215929617943,-0.0,0.0,0.0,45.03,0.0,-6916.100144359902,-362.8702772046557,-15010.0
t315,24646.384343686244,0.0,-0.0,0.0,0.0,54.567,0.0,-6227.956526096254,-283.99481758998917,-18189.0,17111.195353888907,2072.054597337527,-0.0,0.0,0.0,576.072,0.0,1642.128641044718,-65.45059227115476,-21336.0,21137.238803411117,1851.921854852303,-0.0,0.0,0.0,94.818,0.0,9026.08677469732,-504.0654329607355,-31606.0,28045.29143465541,226.0,-0.0,0.0,0.0,65.76,0.0,-5961.838355912739,-455.21307874267126,-21920.0,6793.652436446755,26.61227235092292,-0.0,0.0,0.0,18.057,0.0,-804.2421681449598,-15.079540652717995,-6019.0,31210.589822607268,64.6,-0.0,0.0,0.0,119.271,0.0,8953.260024057698,-590.7208466649532,-39757.0,20891.883500106967,699.8943804134051,-0.0,0.0,0.0,43.974000000000004,0.0,-6627.438389645784,-350.3134908745916,-14658.0
t316,24452.49640827149,0.0,-0.0,0.0,0.0,55.368,0.0,-5787.934590925297,-263.92981734619354,-18456.0,18922.887710776882,1121.5366195148194,-0.0,0.0,0.0,604.8000000000001,0.0,1822.2886461512933,-71.51297644299102,-22400.0,21251.224968248658,1728.220420912074,-0.0,0.0,0.0,86.4,0.0,6124.9979795408035,-390.8433687015404,-28800.0,27619.33902515357,210.88619151357537,-0.0,0.0,0.0,67.398,0.0,-5021.046862487376,-410.57635417977343,-22466.0,6307.582773680753,55.06596127030275,-0.0,0.0,0.0,18.633,0.0,-167.1477152893803,-3.1340196616758806,-6211.0,33023.44120046099,44.248637957199996,-0.0,0.0,0.0,121.971,0.0,7995.775649694447,-528.4364881126237,-40657.0,20427.942304352313,0.0,-0.0,0.0,0.0,45.678000000000004,0.0,-4966.933106684491,-280.68719766782965,-15226.0
t317,23933.13881974281,0.0,-0.0,0.0,0.0,55.551,0.0,-5233.152224235338,-238.53759550746835,-18517.0,17033.369652484376,5587.588427115619,-0.0,0.0,0.0,637.281,0.0,367.314,-22.553079600000004,-23603.0,21422.526488042735,2481.339071688925,-0.0,0.0,0.0,87.657,0.0,5475.670180662592,-248.19274039425514,-29219.0,27291.46172927925,243.42833977889234,-0.0,0.0,0.0,68.322,0.0,-4368.482613272257,-460.72945578588116,-22774.0,5730.266375258413,149.33115973592703,-0.0,0.0,0.0,19.044,0.0,470.7295883151691,-21.37112330950868,-6348.0,34046.74899335006,0.0,-0.0,0.0,0.0,125.271,0.0,8121.601463981977,-536.6214573320275,-41757.0,20112.40735885229,0.0,-0.0,0.0,0.0,45.135,0.0,-4833.680395452144,-278.8619634001491,-15045.0
t318,23445.10591740201,0.0,-0.0,0.0,0.0,55.74,0.0,-4706.3763137882215,-214.4696036137895,-18580.0,17901.285652484377,5587.588427115619,-0.0,0.0,0.0,661.365,0.0,367.314,-22.553079600000004,-24495.0,21973.562173180995,1931.9674861940362,-0.0,0.0,0.0,86.193,0.0,4963.594971026572,-224.31763040160033,-28731.0,27236.721091543022,748.4831063465713,-0.0,0.0,0.0,67.92,0.0,-4962.894623613416,-450.22957427617337,-22640.0,5529.71861048871,163.38439369863886,-0.0,0.0,0.0,19.158,0.0,705.7814747670765,-32.04247895442528,-6386.0,34263.6599040812,314.0,-0.0,0.0,0.0,127.31400000000001,0.0,8279.947995100074,-546.9218991812597,-42438.0,19721.743381079228,0.0,-0.0,0.0,0.0,44.550000000000004,0.0,-4647.367503492085,-268.9258775871496,-14850.0
t319,23302.64056536824,0.0,-0.0,0.0,0.0,55.176,0.0,-4749.438031942123,-216.37853342611737,-18392.0,17877.192170463633,1880.9155006802298,-0.0,0.0,0.0,659.988,0.0,4176.641271129653,-150.73694227351285,-24444.0,23463.068714736204,2581.204053755519,-0.0,0.0,0.0,82.659,0.0,1806.4561647917953,-380.38793328351795,-27553.0,27478.763977122348,603.9974658671358,-0.0,0.0,0.0,66.987,0.0,-5465.23491196609,-355.51353102339414,-22329.0,5230.621298859243,182.52941743410565,-0.0,0.0,0.0,19.101,0.0,979.2041522173182,-44.45586851066625,-6367.0,34214.100577554826,314.0,-0.0,0.0,0.0,747.5858500774756,0.0,7652.4144119660905,-506.10083959839415,-42422.0,19384.13985006619,0.0,-0.0,0.0,0.0,44.325,0.0,-4400.043056196643,-253.421793869554,-14775.0
t320,23424.19424401268,0.0,-0.0,0.0,0.0,54.129,0.0,-5198.411839483582,-236.91140452910366,-18043.0,19053.415160536613,0.0,-0.0,0.0,0.0,646.785,0.0,4413.507324430474,-158.70748496708546,-23955.0,26140.357906492347,0.0,-0.0,0.0,0.0,83.199,0.0,1914.3687738225117,-404.92568031485484,-27733.0,28498.247729201314,0.0,-0.0,0.0,0.0,66.063,0.0,-6024.051475061753,-519.2592541395544,-22021.0,5663.420580990237,0.0,-51.22853297288884,0.0,0.0,18.843,0.0,680.8767567385833,-30.91180475593168,-6281.0,33130.88747547501,0.0,-0.0,0.0,0.0,125.946,0.0,9341.1175,-615.950975475,-41982.0,20130.94069103539,0.0,-0.0,0.0,0.0,44.274,0.0,-5127.407040446234,-289.8076505891518,-14758.0
t321,24742.517244603077,0.0,-0.0,0.0,0.0,53.085,0.0,-6791.095305778666,-309.5069388244118,-17695.0,19814.070690685447,0.0,-3340.6884271156187,0.0,0.0,70.356,0.0,7159.3674133907725,-251.1056769605995,-23452.0,26465.256804224282,0.0,-1194.6046496428523,0.0,0.0,84.051,0.0,3354.425050971921,-692.1282055533532,-28017.0,29104.016511843543,0.0,-169.98310634657133,0.0,0.0,64.917,0.0,-6881.5960264590685,-478.35437903790245,-21639.0,5523.14408756677,0.0,-67.08506700927626,0.0,0.0,18.816,0.0,835.0355954771696,-37.910616034663505,-6272.0,32500.69405793903,0.0,-0.0,0.0,0.0,124.31700000000001,0.0,9435.529083265272,-621.5401412043041,-41439.0,22282.658030853996,0.0,-0.0,0.0,0.0,44.529,0.0,-7111.6658108674,-372.52121998660374,-14843.0
t322,24299.731522876224,0.0,-0.0,0.0,0.0,52.848,0.0,-6443.032467081921,-293.54705579430356,-17616.0,23603.386912519385,0.0,-3340.6884271156187,0.0,0.0,69.156,0.0,2825.413647328851,-105.26813273261584,-23052.0,27125.273545059812,0.0,-3710.353242321096,0.0,0.0,85.299,0.0,5366.726182786135,-433.945485524853,-28433.0,27588.658821845565,0.0,-169.98310634657133,0.0,0.0,65.06700000000001,0.0,-5410.641666437764,-384.10104906122683,-21689.0,5088.83448479111,0.0,-0.0,0.0,0.0,18.978,0.0,1276.1235231603698,-57.936007951480796,-6326.0,33690.69768492347,0.0,-0.0,0.0,0.0,123.528,0.0,7882.866032596969,-521.0917175204328,-41176.0,21201.730772717987,0.0,-479.8201075251401,0.0,0.0,44.901,0.0,-5497.455252352639,-302.35641284020846,-14967.0
t323,23692.7323328192,0.0,-0.0,0.0,0.0,53.382,0.0,-5692.780677373951,-259.33365544525145,-17794.0,24442.466721419256,0.0,-1969.8856418192513,0.0,0.0,68.658,0.0,367.314,-22.553079600000004,-22886.0,26968.268193982774,0.0,-1851.552249405588,0.0,0.0,88.245,0.0,4411.180228639612,-201.1411732168007,-29415.0,25320.46285927676,0.0,-0.0,0.0,0.0,65.142,0.0,-3187.7588857713304,-483.8459735054241,-21714.0,5119.556346557478,0.0,-0.0,0.0,0.0,19.098,0.0,1285.7172150036893,-58.371561561167496,-6366.0,34016.005546491535,0.0,-0.0,0.0,0.0,124.35000000000001,0.0,7827.109188307908,-517.4647347994294,-41450.0,20439.517083594637,0.0,-0.0,0.0,0.0,45.552,0.0,-5010.781068805929,-290.2880147887115,-15184.0
t324,23314.889803345766,0.0,-0.0,0.0,0.0,56.04,0.0,-4486.806657044157,-204.12314630161092,-18680.0,24252.482326879774,0.0,-0.0,0.0,0.0,70.278,0.0,-854.8716176165589,-41.88870926321139,-23426.0,28812.863929340932,0.0,-0.0,0.0,0.0,92.76,0.0,2110.620359030876,-96.24428837180795,-30920.0,24203.415170207485,611.1298992734237,-0.0,0.0,0.0,67.485,0.0,-1921.358356345905,-465.6717131350013,-22495.0,5124.69701820874,0.0,-0.0,0.0,0.0,19.518,0.0,1486.3483021436205,-124.56332035235907,-6506.0,34659.99199280724,188.4000000003314,-0.0,0.0,0.0,127.983,0.0,8213.504037466915,-528.879030274477,-42661.0,20372.780614485975,0.0,-0.0,0.0,0.0,46.827,0.0,-4547.436067634791,-263.1715468511795,-15609.0
t325,23339.491599457684,0.0,-0.0,0.0,0.0,58.695,0.0,-3666.2503001137034,-166.93629934398285,-19565.0,24928.988,0.0,-0.0,0.0,0.0,75.012,0.0,0.0,-0.0,-25004.0,27458.53021836978,916.2040537555189,-0.0,0.0,0.0,96.846,0.0,3989.074075193226,-178.65434731852287,-32282.0,26873.04038273232,169.98310634657133,-0.0,0.0,0.0,68.502,0.0,-4032.5756358715325,-244.9498532073627,-22834.0,4966.346185601528,27.871690237735315,-0.0,0.0,0.0,19.650000000000002,0.0,1598.7162396187573,-62.58411545802108,-6550.0,37053.67159951433,0.0,-64.6,0.0,0.0,1177.821,0.0,5844.610602262883,-388.5032017772005,-43623.0,20075.475295324155,0.0,-30.47080223213311,0.0,0.0,48.426,0.0,-3733.5749810896305,-217.85551200239888,-16142.0
t326,24721.61779364332,0.0,-0.0,0.0,0.0,58.758,0.0,-4967.842189788944,-226.53360385437585,-19586.0,24902.03000034978,63.20399965022625,-0.0,0.0,0.0,692.7660000000001,0.0,0.0,-0.0,-25658.0,25432.86756438104,1086.0763454574442,-0.0,0.0,0.0,98.48700000000001,0.0,6504.967651604884,-293.39856144336926,-32829.0,24179.81208237875,169.98310634657133,-0.0,0.0,0.0,68.04,0.0,-1688.4669141575089,-49.36827456781312,-22680.0,5121.503118164113,38.62897131930213,-0.0,0.0,0.0,19.383,0.0,1305.971883329003,-24.486972812418806,-6461.0,40073.29043007191,0.0,-5.211618801849869,0.0,0.0,1177.5240000000001,0.0,2539.809598467272,-173.41240973732334,-43612.0,20335.41109502562,0.0,-0.0,0.0,0.0,49.425000000000004,0.0,-3694.4400294547067,-215.39606557092242,-16475.0
t327,23301.79522627739,0.0,-0.0,0.0,0.0,58.134,0.0,-3808.2720220709534,-173.6572042064355,-19378.0,22101.67525078513,2593.928830187246,-0.0,0.0,0.0,691.4159999999999,0.0,235.4356691110439,-14.455750083418096,-25608.0,23504.878885243794,4039.0926976746196,-0.0,0.0,0.0,98.385,0.0,5395.3379909335445,-242.69457385195818,-32795.0,24267.384636909264,748.4831063465713,-0.0,0.0,0.0,67.434,0.0,-2459.3581537693854,-145.9435894864511,-22478.0,5829.592844211391,98.1707860058271,-0.0,0.0,0.0,18.732,0.0,303.1891666576113,-5.684796874830211,-6244.0,37384.927614074855,314.0,-0.0,0.0,0.0,1158.57,0.0,4343.348487111774,-290.8461011866209,-42910.0,20579.60656627758,0.0,-0.0,0.0,0.0,49.155,0.0,-4009.6811379736346,-234.08042830394078,-16385.0
t328,23158.196789203135,0.0,-0.0,0.0,0.0,57.048,0.0,-4016.110165649517,-183.13462355361798,-19016.0,20336.816942619942,3652.179136980064,-0.0,0.0,0.0,675.243,0.0,367.314,-22.553079600000004,-25009.0,22299.14516350151,3541.932751554243,-0.0,0.0,0.0,97.461,0.0,6855.091391837022,-306.63030689277446,-32487.0,25263.66072729591,0.0,-0.0,0.0,0.0,65.328,0.0,-3216.879016994487,-336.1097103014284,-21776.0,7583.946493890792,0.0,-0.0,0.0,0.0,18.18,0.0,-1513.7437976842132,-28.382696206578995,-6060.0,35108.131570477664,0.0,-0.0,0.0,0.0,125.019,0.0,6896.711660663229,-456.8622311408842,-41673.0,21766.81416665387,208.6828855033469,-0.0,0.0,0.0,49.071,0.0,-5372.3840721720335,-295.1839799851913,-16357.0
t329,23865.665707681426,0.0,-0.0,0.0,0.0,54.804,0.0,-5306.175489390882,-346.2942182905462,-18268.0,18593.088301043692,173.94429042062887,-0.0,0.0,0.0,72.015,0.0,5435.4568327696825,-269.5044242340025,-24005.0,20379.5039546539,0.0,-0.0,0.0,0.0,96.123,0.0,12112.805144647074,-547.4320993009775,-32041.0,26805.843145036688,0.0,-0.0,0.0,0.0,62.439,0.0,-5560.032754788979,-495.24939024770663,-20813.0,9939.049728266265,0.0,-0.0,0.0,0.0,17.34,0.0,-4031.5730722129647,-144.81665605330284,-5780.0,36310.16586255673,59.33987601642002,-0.0,0.0,0.0,119.979,0.0,4363.375590468883,-859.8603290420247,-39993.0,23418.383074271802,225.06438804505564,-0.0,0.0,0.0,48.576,0.0,-7013.856251492814,-486.16721082404973,-16192.0
t330,23999.255758724787,164.9516538715361,-0.0,0.0,0.0,0.0,0.0,-6149.145006058969,-477.0624065373529,-17538.0,14034.260360172875,0.0,-2415.356437355362,0.0,0.0,0.0,0.0,11832.193704747231,-489.09762756474436,-22962.0,19733.13536665709,0.0,-916.2040537555189,0.0,0.0,0.0,0.0,13814.919465799081,-1118.850778700657,-31513.0,28044.13343748968,0.0,-0.0,0.0,0.0,0.0,0.0,-7492.92079226741,-651.2126452222711,-19900.0,11792.632944160328,0.0,-0.0,0.0,0.0,0.0,0.0,-6005.7611199985,-208.87182416182748,-5578.0,37327.525001493515,0.0,-0.0,0.0,0.0,0.0,0.0,1483.1421949566447,-872.6671964501578,-37938.0,24225.123129679672,0.0,-0.0,0.0,0.0,0.0,0.0,-7482.428447178076,-739.694682501603,-16003.0
t331,21454.047049537112,0.0,-0.0,0.0,0.0,0.0,0.0,-3710.2592287080224,-587.7878208290858,-17156.0,14144.808202609747,0.0,-1382.4794000019099,0.0,0.0,0.0,0.0,9417.51488259136,-407.84368519919934,-21772.0,19742.78975660223,0.0,-5071.135080540607,0.0,0.0,0.0,0.0,17621.33284611666,-1119.9875221782852,-31173.0,28835.05611212938,0.0,-82.06265847746175,0.0,0.0,0.0,0.0,-8512.380603874572,-659.6128497773518,-19581.0,13783.020014612024,0.0,-132.51484031660675,0.0,0.0,0.0,0.0,-7839.258959673285,-308.2462146221324,-5503.0,38032.47739565251,0.0,-209.0287027525022,0.0,0.0,0.0,0.0,-886.7359999999999,-887.7126929,-36049.0,22579.313657946917,0.0,-0.0,0.0,0.0,0.0,0.0,-6090.212936452144,-692.1007214947806,-15797.0
t332,21418.735942487554,0.0,-0.0,0.0,0.0,0.0,0.0,-3630.8670203217403,-592.8689221658079,-17195.0,14124.96005193062,0.0,-4091.404510357735,0.0,0.0,0.0,0.0,11581.092531512517,-480.64807308539616,-21134.0,19562.24076662449,0.0,-2581.204053755519,0.0,0.0,0.0,0.0,15457.755197195507,-1192.791910064482,-31246.0,29591.40290009631,0.0,-769.8362306857234,0.0,0.0,0.0,0.0,-8200.09853076238,-665.4681386482055,-19956.0,14125.309760676779,0.0,-82.66722439831514,0.0,0.0,0.0,0.0,-8151.541032785477,-314.101503492986,-5577.0,37008.0486929,0.0,-378.6,0.0,0.0,0.0,0.0,-886.7359999999999,-887.7126929,-34855.0,22587.786967669927,0.0,-0.0,0.0,0.0,0.0,0.0,-6169.605144838426,-697.1818228315027,-15721.0
t333,21413.624558743824,0.0,-0.0,0.0,0.0,0.0,0.0,-3427.756567604085,-605.8679911397378,-17380.0,14204.158753920938,0.0,-1926.995244194728,0.0,0.0,0.0,0.0,9436.312722795872,-408.47623252208115,-21305.0,19576.621916691383,0.0,-4354.53685310237,0.0,0.0,0.0,0.0,17602.53500591215,-1120.620069501167,-31704.0,29600.676815982708,0.0,-974.4831063465713,0.0,0.0,0.0,0.0,-7901.119718253389,-671.073991382749,-20054.0,14360.01494844449,0.0,-84.78774692249239,0.0,0.0,0.0,0.0,-8450.519845294468,-319.70735622752954,-5505.0,36992.105913861655,0.0,-335.6572209616526,0.0,0.0,0.0,0.0,-886.7359999999999,-887.7126929,-34882.0,22842.896489361512,0.0,-0.0,0.0,0.0,0.0,0.0,-6372.715597556082,-710.1808918054326,-15760.0
t334,21638.413589516815,0.0,-70.36653997969894,0.0,0.0,0.0,0.0,-3710.2592287080224,-587.7878208290858,-17270.0,14218.838424777088,0.0,-2676.623574243906,0.0,0.0,0.0,0.0,9761.193624325366,-419.4084748585485,-20884.0,19732.798207454976,0.0,-3095.9,0.0,0.0,0.0,0.0,17277.65410438266,-1131.5523118376343,-32783.0,28680.22927682157,0.0,-974.4831063465713,0.0,0.0,0.0,0.0,-7626.523499999999,-676.2226704750001,-19403.0,14602.143789105368,0.0,-224.17169023773533,0.0,0.0,0.0,0.0,-8725.116063547857,-324.85603531978063,-5328.0,36606.0486929,0.0,-378.6,0.0,0.0,0.0,0.0,-886.7359999999999,-887.7126929,-34453.0,23406.329804708297,0.0,-1058.016146761372,0.0,0.0,0.0,0.0,-6090.212936452144,-692.1007214947806,-15566.0
t335,21647.736833776853,0.0,-107.68978423974295,0.0,0.0,0.0,0.0,-3710.2592287080224,-587.7878208290858,-17242.0,14150.835642262917,0.0,-3911.7884271156186,0.0,0.0,0.0,0.0,9778.959066852285,-420.0062819995794,-19598.0,19692.295521434786,0.0,-2912.034064311857,0.0,0.0,0.0,0.0,17259.888661855737,-1132.1501189786652,-32908.0,29006.229276821574,0.0,-974.4831063465713,0.0,0.0,0.0,0.0,-7626.523499999999,-676.2226704750001,-19729.0,14703.143789105372,0.0,-224.17169023773533,0.0,0.0,0.0,0.0,-8725.116063547857,-324.85603531978063,-5429.0,35706.0486929,0.0,-378.6,0.0,0.0,0.0,0.0,-886.7359999999999,-887.7126929,-33553.0,23717.61365794692,0.0,-1630.3,0.0,0.0,0.0,0.0,-6090.212936452144,-692.1007214947806,-15305.0
t336,22069.40496192505,0.0,-16.004444927224903,0.0,0.0,0.0,0.0,-3449.953104200241,-604.4474127975839,-17999.0,14206.944376405985,0.0,-4869.919952873639,0.0,0.0,0.0,0.0,10912.11247049998,-458.13689403232434,-19791.0,19702.748218442233,0.0,-2490.202745638864,0.0,0.0,0.0,0.0,16126.735258208042,-1170.2807310114101,-32169.0,29441.024177089617,0.0,-915.2780066146177,0.0,0.0,0.0,0.0,-7626.523499999999,-676.2226704750001,-20223.0,14815.143789105372,0.0,-224.17169023773533,0.0,0.0,0.0,0.0,-8725.116063547857,-324.85603531978063,-5541.0,36100.01999014765,0.0,-12.57129724764491,0.0,0.0,0.0,0.0,-886.7359999999999,-887.7126929,-34313.0,23702.8643704261,0.0,-1369.5849960028984,0.0,0.0,0.0,0.0,-6350.519060959927,-708.7603134632786,-15274.0
t337,20706.292353809193,97.3,-0.0,0.0,0.0,0.0,0.0,-3894.153324949468,-579.4390288597242,-16330.0,13238.217007616513,943.1210979834887,-0.0,0.0,0.0,0.0,0.0,5627.988,-280.3261056,-19529.0,18387.165750305336,1284.444463565729,-0.0,0.0,0.0,0.0,0.0,21410.859728708023,-992.4699425790859,-40090.0,20720.960150929368,695.417403524735,-0.0,0.0,0.0,0.0,0.0,-5548.7455482763235,-182.63200617778065,-15685.0,6582.602726948539,19.17064421565352,-0.0,0.0,0.0,0.0,0.0,-1582.1454037585545,-253.6279674056384,-4766.0,38922.48759525344,314.0,-0.0,0.0,0.0,0.0,0.0,-9248.013261124986,-505.4743341284552,-29483.0,21470.90994687992,0.0,-0.0,0.0,0.0,0.0,0.0,-6765.790190598691,-684.1197562812359,-14021.0
t338,20246.03695944091,1588.5292140720458,-0.0,0.0,0.0,0.0,0.0,-4466.093215692993,-553.4729578199682,-16815.0,12377.896781957406,2246.9,-0.0,0.0,0.0,0.0,0.0,5868.626819933348,-288.4236018907572,-20205.0,17473.346530095172,0.0,-0.0,0.0,0.0,0.0,0.0,21170.220908774674,-1000.567438869843,-37643.0,20371.9998836938,732.2873011812,-0.0,0.0,0.0,0.0,0.0,-5221.2755,-167.01168487500001,-15716.0,5964.940973826312,134.92643555459986,-0.0,0.0,0.0,0.0,0.0,-1010.2055130150293,-227.66189636588234,-4862.0,40298.02116188071,358.2486379572,-0.0,0.0,0.0,0.0,0.0,-9091.566804264305,-494.7029955735973,-31070.0,21528.81881878409,188.61597337519936,-0.0,0.0,0.0,0.0,0.0,-7249.7066957356965,-657.7280964235972,-13810.0
t339,19367.385017129585,3982.9286199267044,-0.0,0.0,0.0,0.0,0.0,-5527.006125334025,-505.30751172226536,-17318.0,12685.317340729998,491.6634128524031,-0.0,0.0,0.0,0.0,0.0,7630.737885670409,-347.7186392528093,-20460.0,17413.752633194283,0.0,-0.0,0.0,0.0,0.0,0.0,19408.109843037615,-1059.862476231895,-35762.0,19583.105151921485,578.5,-0.0,0.0,0.0,0.0,0.0,-4124.8910073460775,-114.71414457540787,-15922.0,5187.789053642177,0.0,-0.0,0.0,0.0,0.0,0.0,50.707396626002264,-179.4964502681795,-5059.0,42205.189834575016,378.6,-0.0,0.0,0.0,0.0,0.0,-10227.853500000001,-572.9363345749999,-31783.0,21582.46838777933,0.0,-0.0,0.0,0.0,0.0,0.0,-7209.804492653924,-683.6638951254077,-13689.0
t340,19282.19597139674,5252.814469933564,-0.0,0.0,0.0,0.0,0.0,-5777.812400087791,-509.19804124250584,-18248.0,13181.818342873194,820.7487998910692,-0.0,0.0,0.0,0.0,0.0,7606.330177094984,-346.89731985924624,-21262.0,17392.5236052253,0.0,-0.0,0.0,0.0,0.0,0.0,19432.51755161304,-1059.041156838332,-35766.0,18912.39339234898,974.4831063465713,-0.0,0.0,0.0,0.0,0.0,-3486.608432920251,-84.26806577529597,-16316.0,4164.7838227256825,224.17169023773533,-0.0,0.0,0.0,0.0,0.0,1122.8649828884468,-130.82049585186454,-5381.0,42864.18983457501,378.6,-0.0,0.0,0.0,0.0,0.0,-10227.853500000001,-572.9363345749999,-32442.0,21847.922678850282,1630.3,-0.0,0.0,0.0,0.0,0.0,-8669.43837858843,-705.7843002618514,-14103.0
t341,20259.58433511687,4829.451397382794,-0.0,0.0,0.0,0.0,0.0,-5164.122601115269,-560.9131313843989,-19364.0,14735.63408179824,312.6420841398217,-0.0,0.0,0.0,0.0,0.0,7835.326893425716,-354.60305936377534,-22529.0,18237.22606106056,0.0,-0.0,0.0,0.0,0.0,0.0,19203.520835282307,-1066.7468963428612,-36374.0,20084.341998621516,974.4831063465713,-0.0,0.0,0.0,0.0,0.0,-4011.574156773164,-167.25094819492227,-16880.0,3736.661724865516,224.17169023773533,-0.0,0.0,0.0,0.0,0.0,1791.6253596439144,-100.4587747471663,-5652.0,44497.11706848349,314.0,-0.0,0.0,0.0,0.0,0.0,-10741.751658685964,-606.3654097975218,-33463.0,22484.13959048309,1630.3,-0.0,0.0,0.0,0.0,0.0,-8913.02467177754,-837.4149187055469,-14364.0
t342,21702.04823691036,4231.343210637092,-0.0,0.0,0.0,0.0,0.0,-4980.064834204523,-568.3266133429295,-20385.0,14887.261788448657,0.0,-1376.9112441777231,0.0,0.0,0.0,0.0,10753.44726561708,-452.7978098880148,-23811.0,22131.54118377616,0.0,-1665.0,0.0,0.0,0.0,0.0,16285.400463090942,-1164.9416468671006,-35587.0,18730.907998626717,974.4831063465713,-0.0,0.0,0.0,0.0,0.0,-2515.541168055282,-73.84993691800392,-17116.0,4122.061794240558,224.17169023773533,-0.0,0.0,0.0,0.0,0.0,1556.8826110548182,-111.11609553311126,-5792.0,44493.53689094368,378.6,-0.0,0.0,0.0,0.0,0.0,-9943.021250226939,-552.1156407167348,-34377.0,26328.055182155556,0.0,-0.0,0.0,0.0,0.0,0.0,-11157.103087276097,-711.9520948794632,-14459.0
t343,19326.31458391388,97.3,-0.0,0.0,0.0,0.0,0.0,1842.2921112031195,-117.90669511699964,-21148.0,19382.512318959813,0.0,-2246.9,0.0,0.0,0.0,0.0,7559.716448947266,-345.32876790707553,-24350.0,29144.472420507267,0.0,-1665.0,0.0,0.0,0.0,0.0,6392.338367192092,-446.810787699358,-33425.0,17217.341932904288,578.5,-0.0,0.0,0.0,0.0,0.0,-603.4640107922717,-19.377922112014346,-17173.0,3855.5108265797217,0.0,-0.0,0.0,0.0,0.0,0.0,2015.9585045080626,-76.46933108778447,-5795.0,41678.2637806829,0.0,-0.0,0.0,0.0,0.0,0.0,-6516.165649058628,-332.0981316242708,-34830.0,26037.285709398446,0.0,-0.0,0.0,0.0,0.0,0.0,-10690.67577199964,-516.6099373988025,-14830.0
t344,19782.46510158507,0.0,-0.0,0.0,0.0,0.0,0.0,1863.819335913385,-119.28443749845664,-21527.0,23961.81635406867,0.0,-2246.9,0.0,0.0,0.0,0.0,2614.2678662666262,-127.18422033529508,-24202.0,32374.645671798033,0.0,-1665.0,0.0,0.0,0.0,0.0,3533.5544715320484,-181.20014333008223,-34062.0,16203.326411064267,0.0,-0.0,0.0,0.0,0.0,0.0,1061.0672265510739,-84.39363761533937,-17180.0,4188.8923774938075,0.0,-0.0,0.0,0.0,0.0,0.0,1799.518707398167,-72.41108489197393,-5916.0,36856.268999938686,0.0,-0.0,0.0,0.0,0.0,0.0,-1890.6282172914075,-92.64078264727897,-34873.0,24499.387797323347,0.0,-0.0,0.0,0.0,0.0,0.0,-8981.599390369893,-448.78840695344945,-15069.0
t345,20654.97145202659,0.0,-0.0,0.0,0.0,0.0,0.0,1157.081782022875,-74.053234049464,-21738.0,26846.793675883815,0.0,-2805.7936758838155,0.0,0.0,0.0,0.0,0.0,-0.0,-24041.0,33723.0746911214,0.0,-5677.104053755518,0.0,0.0,0.0,0.0,7183.512140757049,-312.4827781229316,-34917.0,16655.225927880274,0.0,-0.0,0.0,0.0,0.0,0.0,604.6141679299868,-28.840095810260372,-17231.0,4761.941310991821,0.0,-0.0,0.0,0.0,0.0,0.0,1188.9610943006182,-57.90240529244011,-5893.0,34221.92795816896,0.0,-0.0,0.0,0.0,0.0,0.0,602.5581719712577,-41.48613014022109,-34783.0,26797.49200039711,0.0,-0.0,0.0,0.0,0.0,0.0,-10736.727356981788,-514.7646434153172,-15546.0
t346,22854.61230344057,0.0,-854.6123034405674,0.0,0.0,0.0,0.0,0.0,-0.0,-22000.0,29110.23481928186,0.0,-5632.995739681861,0.0,0.0,0.0,0.0,367.314,-22.553079600000004,-23822.0,33930.45530122541,0.0,-5677.104053755518,0.0,0.0,0.0,0.0,8116.7263486984875,-353.07759616838416,-36017.0,17494.294222176373,0.0,-0.0,0.0,0.0,0.0,0.0,-100.74101889711847,-6.553203279257556,-17387.0,5699.24202238751,0.0,-0.0,0.0,0.0,0.0,0.0,172.14125681960508,-8.383279207114768,-5863.0,32514.219992957143,0.0,-0.0,0.0,0.0,0.0,0.0,2287.920518897118,-157.14051185425754,-34645.0,28199.450748699473,0.0,-857.4883796308884,0.0,0.0,0.0,0.0,-10843.361105518092,-534.6012635504989,-15964.0
t347,24363.45418064687,0.0,-4385.4855644694035,0.0,0.0,0.0,0.0,2270.5106626408033,-129.47927881826732,-22119.0,29612.92750671562,0.0,-6158.688427115619,0.0,0.0,0.0,0.0,367.314,-22.553079600000004,-23799.0,33849.01928269357,0.0,-5677.104053755518,0.0,0.0,0.0,0.0,8764.33326822996,-381.24849716800327,-36555.0,18632.686269963382,0.0,-0.0,0.0,0.0,0.0,0.0,-870.0871038574554,-56.59916610592747,-17706.0,6694.905382460424,0.0,-0.0,0.0,0.0,0.0,0.0,-851.2582575668869,-38.64712489353666,-5805.0,31895.91987082348,0.0,-0.0,0.0,0.0,0.0,0.0,3057.2666038574553,-207.18647468092746,-34746.0,29495.300212571605,0.0,-0.0,0.0,0.0,0.0,0.0,-12738.079173303879,-645.2210392677338,-16112.0
t348,24624.28522028697,0.0,-3459.847989831451,0.0,0.0,0.0,0.0,830.7294546415432,-53.16668509705876,-21942.0,30275.92571183485,0.0,-5978.8410002818655,0.0,0.0,0.0,0.0,-380.37199811636657,-47.71271343661574,-23869.0,33637.05606742096,0.0,-5402.236809950721,0.0,0.0,0.0,0.0,11068.286498116368,-474.1057555866157,-38829.0,19103.53367461219,0.0,-0.0,0.0,0.0,0.0,0.0,-1087.1877622105308,-207.34591240165878,-17809.0,7441.93144395792,0.0,-0.0,0.0,0.0,0.0,0.0,-1630.3621535783268,-30.569290379593625,-5781.0,30300.634514808215,0.0,-0.0,0.0,0.0,0.0,0.0,4904.729415788857,-327.3639305970652,-34878.0,30509.07664966359,0.0,-0.0,0.0,0.0,0.0,0.0,-13705.823454641544,-675.2531950220587,-16128.0
t349,24709.29372891722,0.0,-6541.97499999984,0.0,0.0,0.0,0.0,3669.69202443201,-194.0107533493905,-21643.0,30859.43187323558,0.0,-5663.616374878635,0.0,0.0,0.0,0.0,-1170.514490066217,-74.3010082907282,-23951.0,32765.50014091512,0.0,-1975.2350805406074,0.0,0.0,0.0,0.0,11858.428990066217,-500.6940504407282,-42148.0,18801.929735742415,0.0,-0.0,0.0,0.0,0.0,0.0,-907.0564856062688,-60.8732501361457,-17834.0,8009.64366236485,0.0,-0.0,0.0,0.0,0.0,0.0,-2218.517420931525,-100.12624143332522,-5691.0,32140.500542911293,0.0,-0.0,0.0,0.0,0.0,0.0,3116.5417821153133,-211.04232502660108,-35046.0,31083.96365553513,0.0,-0.0,0.0,0.0,0.0,0.0,-14348.574400009531,-716.3892555256098,-16019.0
t350,24924.397149471126,0.0,-355.39305884299284,0.0,0.0,0.0,0.0,-2662.4515922015403,-297.55249842659236,-21609.0,29238.17689554503,0.0,-3626.3889766259144,0.0,0.0,0.0,0.0,-1080.5153806599155,-71.27253825920616,-24460.0,31431.762398664025,0.0,-1665.0,0.0,0.0,0.0,0.0,16044.91070744666,-692.6731061106816,-45119.0,18666.59694896712,0.0,-433.87499999904924,0.0,0.0,0.0,0.0,-131.67086903720246,-246.05107993087,-17855.0,8540.41338145169,0.0,-0.0,0.0,0.0,0.0,0.0,-2874.4389025987066,-54.974478852981285,-5611.0,30423.690760093676,0.0,-0.0,0.0,0.0,0.0,0.0,5152.810869037203,-343.50162913087,-35233.0,31111.438595158626,0.0,-0.0,0.0,0.0,0.0,0.0,-14448.644831986496,-722.7937631721355,-15940.0
t351,24848.09509823384,0.0,-0.0,0.0,0.0,0.0,0.0,-2731.678084153247,-650.4170140805915,-21466.0,26702.91967055224,0.0,-2246.9,0.0,0.0,0.0,0.0,573.6435573583258,-32.66322791055797,-24997.0,28503.681433654026,0.0,-1665.0,0.0,0.0,0.0,0.0,21073.836748496535,-972.5181821505657,-46940.0,18202.91356935995,0.0,-0.0,0.0,0.0,0.0,0.0,-283.8081899451606,-91.10537941479024,-17828.0,11054.894925804216,0.0,-12.931713140598275,0.0,0.0,0.0,0.0,-5466.869411203551,-225.09380146006657,-5350.0,34861.62275040989,0.0,-0.0,0.0,0.0,0.0,0.0,688.5505240018738,-380.1732744117615,-35170.0,30412.390847731273,0.0,-0.0,0.0,0.0,0.0,0.0,-13853.675144554776,-684.7157031765055,-15874.0
t352,25046.982793539853,0.0,-176.93574400274326,0.0,0.0,0.0,0.0,-3710.2592287080224,-587.7878208290858,-20572.0,24085.15670621474,0.0,-2246.9,0.0,0.0,0.0,0.0,3540.319446219959,-350.5761524346984,-25028.0,26537.65377015441,0.0,-887.4620632286917,0.0,0.0,0.0,0.0,23498.528282488063,-1062.7199894137843,-48086.0,17577.332933239446,0.0,-578.5,0.0,0.0,0.0,0.0,311.79875534201165,-117.63168858145661,-17193.0,11506.460082269894,10.991956175963615,-0.0,0.0,0.0,0.0,0.0,-6245.754148167714,-239.69789027814465,-5032.0,39894.24924005217,0.0,-156.99999999955617,0.0,0.0,0.0,0.0,-4519.539107174297,-659.7101328783119,-34558.0,29275.180509924994,0.0,-0.0,0.0,0.0,0.0,0.0,-12875.094000000001,-622.0865099249999,-15778.0
t353,23613.34704953711,0.0,-97.3,0.0,0.0,0.0,0.0,-3710.2592287080224,-587.7878208290858,-19218.0,21217.59572003808,0.0,-0.0,0.0,0.0,0.0,0.0,3273.9439672635026,-359.53968730158317,-24132.0,24639.25457581629,1090.5251870198565,-0.0,0.0,0.0,0.0,0.0,23764.90376144452,-1071.683524280669,-48423.0,21024.477926275,0.0,-0.0,0.0,0.0,0.0,0.0,-4319.9775,-518.500426275,-16186.0,12551.297744495658,0.0,-0.0,0.0,0.0,0.0,0.0,-7517.264099809912,-266.03364468574273,-4768.0,33709.32026474161,0.0,-0.0,0.0,0.0,0.0,0.0,457.97583821982516,-980.2961029614349,-33187.0,28031.46223513209,0.0,-0.0,0.0,0.0,0.0,0.0,-11949.322738409915,-568.1394967221777,-15514.0
t354,21687.84415153388,0.0,-502.38191137277545,0.0,0.0,0.0,0.0,-2535.4891332208363,-662.9731069402658,-17987.0,17507.358746134578,6024.783626433928,-0.0,0.0,0.0,0.0,0.0,-365.14726529144536,-481.9951072770572,-22685.0,20352.14395025667,1665.0,-0.0,0.0,0.0,0.0,0.0,27403.99499399947,-1194.138944256143,-48227.0,22769.299489890698,0.0,-578.5,0.0,0.0,0.0,0.0,-6371.427172343125,-469.37231754757534,-15350.0,11796.874695300716,0.0,-0.0,0.0,0.0,0.0,0.0,-6949.314931212228,-291.5597640884876,-4556.0,34792.12627822016,0.0,-314.0,0.0,0.0,0.0,0.0,-2557.068729365372,-779.0575488547825,-31142.0,24341.93483252151,0.0,-0.0,0.0,0.0,0.0,0.0,-8625.547762566464,-702.3870699550463,-15014.0
t355,20231.40615613834,0.0,-1109.75910660123,0.0,0.0,0.0,0.0,-1310.2592287080224,-741.3878208290859,-17070.0,14374.982382852842,4638.695731093263,-0.0,0.0,0.0,0.0,0.0,2676.9504066694667,-379.6285206155725,-21311.0,18995.77098180058,5677.104053755518,-0.0,0.0,0.0,0.0,0.0,24361.897322038556,-1091.7723575946584,-47943.0,26920.730477071957,0.0,-578.5,0.0,0.0,0.0,0.0,-11095.242837763884,-634.9876393080729,-14612.0,9952.017729936826,0.0,-0.0,0.0,0.0,0.0,0.0,-5256.396725783972,-283.62100415285346,-4412.0,33714.18197432359,0.0,-314.0,0.0,0.0,0.0,0.0,-2968.1630303818056,-1031.0189439417873,-29401.0,22635.944785256404,0.0,-574.1519066495066,0.0,0.0,0.0,0.0,-6408.785906070338,-989.0069725365679,-14664.0
t356,20750.49301996769,0.0,-2227.8459704305787,0.0,0.0,0.0,0.0,-1310.2592287080224,-741.3878208290859,-16471.0,13398.534295523354,3979.4831521201013,-0.0,0.0,0.0,0.0,0.0,3171.954195478685,-362.97164312214227,-20187.0,18818.117893116374,5677.104053755518,-0.0,0.0,0.0,0.0,0.0,23866.893533229337,-1075.115480101228,-47287.0,28567.225075040875,0.0,-710.6311309537698,0.0,0.0,0.0,0.0,-12391.305136674457,-659.2888074126461,-14806.0,8850.054720530507,0.0,-75.79812139967896,0.0,0.0,0.0,0.0,-3960.334426873401,-307.92217225742667,-4506.0,32715.815501474997,0.0,-378.6,0.0,0.0,0.0,0.0,-3073.915500000001,-1038.300001475,-28225.0,22279.48268086131,0.0,-609.1612143393887,0.0,0.0,0.0,0.0,-6303.033436452144,-996.2880300697806,-14371.0
t357,19520.935505355814,0.0,-1120.2884558187052,0.0,0.0,0.0,0.0,-1310.2592287080224,-741.3878208290859,-16349.0,13446.705969324299,6158.688427115619,-0.0,0.0,0.0,0.0,0.0,1340.2152618004961,-424.6096582404133,-20521.0,19325.91697455645,2581.204053755519,-0.0,0.0,0.0,0.0,0.0,25698.632466907526,-1136.7534952194992,-46469.0,28072.387396970265,0.0,-974.4831063465713,0.0,0.0,0.0,0.0,-11889.03308419504,-649.871206428657,-14559.0,9474.282740863988,0.0,-224.17169023773533,0.0,0.0,0.0,0.0,-4462.606479352817,-298.5045712734376,-4489.0,32891.815501475,0.0,-378.6,0.0,0.0,0.0,0.0,-3073.915500000001,-1038.300001475,-28401.0,22256.20615594296,0.0,-698.8846894210374,0.0,0.0,0.0,0.0,-6303.033436452144,-996.2880300697806,-14258.0
t358,19380.21832742611,0.0,-1424.5712778890013,0.0,0.0,0.0,0.0,-1310.2592287080224,-741.3878208290859,-15904.0,14633.112108746722,3582.2571714172327,-0.0,0.0,0.0,0.0,0.0,2111.2935922566107,-398.66287242056507,-19928.0,19248.059691723385,3102.1928812248493,-0.0,0.0,0.0,0.0,0.0,24927.554136451414,-1110.8067093996508,-46167.0,25897.05301744658,0.0,-974.4831063465713,0.0,0.0,0.0,0.0,-10460.484,-623.0859111,-13839.0,10759.046529730373,0.0,-224.17169023773533,0.0,0.0,0.0,0.0,-5891.155563547856,-271.71927594478063,-4372.0,32440.815501474997,0.0,-378.6,0.0,0.0,0.0,0.0,-3073.915500000001,-1038.300001475,-27950.0,22152.15377446301,0.0,-659.8323079410884,0.0,0.0,0.0,0.0,-6303.033436452144,-996.2880300697806,-14193.0
t359,18347.003455608057,0.0,-784.3564060709489,0.0,0.0,0.0,0.0,-1310.2592287080224,-741.3878208290859,-15511.0,13335.872461110146,2246.9,-0.0,0.0,0.0,0.0,0.0,3374.3873077829576,-356.1597688931035,-18601.0,19291.53254432415,3798.310640622972,-0.0,0.0,0.0,0.0,0.0,23664.460420925065,-1068.3036058721893,-45686.0,26061.05301744657,0.0,-974.4831063465713,0.0,0.0,0.0,0.0,-10460.484,-623.0859111,-14003.0,10840.046529730373,0.0,-224.17169023773533,0.0,0.0,0.0,0.0,-5891.155563547856,-271.71927594478063,-4453.0,31649.815501474997,0.0,-378.6,0.0,0.0,0.0,0.0,-3073.915500000001,-1038.300001475,-27159.0,21468.95603140049,0.0,-197.63456487856638,0.0,0.0,0.0,0.0,-6303.033436452144,-996.2880300697806,-13972.0
t360,18460.11267319059,0.0,-632.4656236534763,0.0,0.0,0.0,0.0,-1310.2592287080224,-741.3878208290859,-15776.0,13210.769220689574,1558.0310657752102,-0.0,0.0,0.0,0.0,0.0,4270.214884472707,-326.0151709374934,-18713.0,19293.225394772948,2825.300768908317,-0.0,0.0,0.0,0.0,0.0,22768.632844235315,-1038.1590079165792,-43849.0,26594.053017446575,0.0,-974.4831063465713,0.0,0.0,0.0,0.0,-10460.484,-623.0859111,-14536.0,10937.04652973037,0.0,-224.17169023773533,0.0,0.0,0.0,0.0,-5891.155563547856,-271.71927594478063,-4550.0,32421.872722436652,0.0,-335.6572209616526,0.0,0.0,0.0,0.0,-3073.915500000001,-1038.300001475,-27974.0,21610.069546425715,0.0,-460.7480799037946,0.0,0.0,0.0,0.0,-6303.033436452144,-996.2880300697806,-13850.0
t361,20403.098398102637,0.0,-0.0,0.0,0.0,0.0,0.0,812.4537126026821,-381.5521107053177,-20834.0,13147.156830127771,2533.942195872229,-0.0,0.0,0.0,0.0,0.0,5260.674,-257.773026,-20684.0,17897.014595029625,0.0,-0.0,0.0,0.0,0.0,0.0,16661.35415804905,-776.368753078668,-33782.0,24492.21813645743,0.0,-748.4831063465713,0.0,0.0,0.0,0.0,-6690.123444308589,-246.61158580227368,-16807.0,8408.454100833893,134.92643555459986,-0.0,0.0,0.0,0.0,0.0,-2799.0940218017486,-312.28651458674517,-5432.0,40670.92547249369,0.0,-0.0,0.0,0.0,0.0,0.0,-9678.236555691412,-608.6889168022736,-30384.0,23406.727799210083,0.0,-0.0,0.0,0.0,0.0,0.0,-3567.0278488499807,-797.6999503600953,-19042.0
t362,19718.38839630671,0.0,-0.0,0.0,0.0,0.0,0.0,2137.7310670364313,-321.1194633431387,-21535.0,13069.445498801588,2970.6535271984126,-0.0,0.0,0.0,0.0,0.0,5260.674,-257.773026,-21043.0,17889.008927007482,0.0,-0.0,0.0,0.0,0.0,0.0,14727.451999740448,-689.460926747933,-31927.0,24547.583700091363,0.0,-974.4831063465713,0.0,0.0,0.0,0.0,-6371.232841645735,-225.86775209905508,-16976.0,8285.881703346518,196.3,-0.0,0.0,0.0,0.0,0.0,-2599.6100578063492,-302.57164554016924,-5580.0,42396.07224145332,0.0,-0.0,0.0,0.0,0.0,0.0,-9997.127158354266,-587.945083099055,-31811.0,22517.396911315496,0.0,-0.0,0.0,0.0,0.0,0.0,-3157.887008970529,-761.5099023449634,-18598.0
t363,20317.03618795611,0.0,-0.0,0.0,0.0,0.0,0.0,2360.906476706091,-310.9426646622023,-22367.0,13057.684201617141,3226.414824382861,-0.0,0.0,0.0,0.0,0.0,5260.674,-257.773026,-21287.0,17646.820924266696,0.0,-0.0,0.0,0.0,0.0,0.0,13580.268867885232,-639.0897921519247,-30588.0,23587.21184972153,0.0,-0.0,0.0,0.0,0.0,0.0,-5874.34340419291,-205.8684455286171,-17507.0,8741.3450045862,196.3,-0.0,0.0,0.0,0.0,0.0,-2739.226728018869,-291.4182765673308,-5907.0,43402.789834575,0.0,-0.0,0.0,0.0,0.0,0.0,-10227.853500000001,-572.9363345749999,-32602.0,21765.578467882984,0.0,-0.0,0.0,0.0,0.0,0.0,-2360.4257123795414,-715.1527555034361,-18690.0
t364,21152.034411966215,0.0,-0.0,0.0,0.0,0.0,0.0,2865.881396359776,-287.91580832599425,-23730.0,13076.080835347844,4637.018190652156,-0.0,0.0,0.0,0.0,0.0,5260.674,-257.773026,-22716.0,17919.874435598816,646.2304605411737,-0.0,0.0,0.0,0.0,0.0,13097.943285862686,-617.0481820026712,-31047.0,24188.949221426767,568.4162821482337,-0.0,0.0,0.0,0.0,0.0,-6140.5064999999995,-210.85900357500003,-18406.0,9237.255465733926,196.3,-0.0,0.0,0.0,0.0,0.0,-2778.28247354718,-311.27299218674773,-6344.0,44484.78983457501,0.0,-0.0,0.0,0.0,0.0,0.0,-10227.853500000001,-572.9363345749999,-33684.0,22112.858367938712,0.0,-0.0,0.0,0.0,0.0,0.0,-2077.856208675281,-731.0021592634247,-19304.0
t365,22321.65152891918,0.0,-0.0,0.0,0.0,0.0,0.0,3376.9591345455456,-264.61066346472313,-25434.0,14848.668262195853,4919.430763804145,-0.0,0.0,0.0,0.0,0.0,5260.674,-257.773026,-24771.0,18184.45043557785,1558.6969922517023,-0.0,0.0,0.0,0.0,0.0,13163.687358063671,-618.8347858932241,-32288.0,24750.837497013148,0.0,-144.3039099905025,0.0,0.0,0.0,0.0,-5288.646950009962,-194.88663701268678,-19123.0,10910.938282295361,0.0,-0.0,0.0,0.0,0.0,0.0,-3909.0546135378945,-308.8836687574674,-6693.0,45938.789834575,0.0,-0.0,0.0,0.0,0.0,0.0,-10227.853500000001,-572.9363345749999,-35138.0,22300.529650771237,858.9127294384085,-0.0,0.0,0.0,0.0,0.0,-2375.765429061361,-769.6769511482815,-20014.0
t366,22381.84,0.0,-0.0,0.0,0.0,0.0,0.0,4600.0,-208.84,-26773.0,15894.364058738218,4389.358673660909,-0.0,0.0,0.0,0.0,0.0,6617.914396441116,-313.6371288402436,-26588.0,21959.69825780932,0.0,-0.0,0.0,0.0,0.0,0.0,10570.120819316377,-579.8190771256945,-31950.0,23612.745096597675,0.0,-0.0,0.0,0.0,0.0,0.0,-3878.302419531458,-168.44267706621486,-19566.0,11722.348726512651,0.0,-196.3,0.0,0.0,0.0,0.0,-4373.666211514498,-236.38251499815289,-6916.0,47079.78983457501,0.0,-0.0,0.0,0.0,0.0,0.0,-10227.853500000001,-572.9363345749999,-36279.0,24483.82985310393,0.0,-0.0,0.0,0.0,0.0,0.0,-3308.213084711537,-729.616768392389,-20446.0
t367,20468.90887060837,0.0,-0.0,0.0,0.0,0.0,0.0,7791.6294314665,-398.5383020748724,-27862.0,25940.138013878546,0.0,-1978.8013905640848,0.0,0.0,0.0,0.0,4020.6765264831924,-197.01314979767645,-27785.0,28432.303733541372,0.0,-0.0,0.0,0.0,0.0,0.0,1988.3705685334996,-200.6743020748724,-30220.0,21714.85223760545,902.2704075277713,-0.0,0.0,0.0,0.0,0.0,-2615.089713014205,-49.03293211901634,-19953.0,8398.286693463506,152.5204278564206,-0.0,0.0,0.0,0.0,0.0,-1190.233426074531,-296.5736952453949,-7064.0,44105.26567628086,0.0,-0.0,0.0,0.0,0.0,0.0,-6800.676526483192,-361.58914979767644,-36943.0,24441.97762403764,0.0,-0.0,0.0,0.0,0.0,0.0,-3194.676860911264,-192.30076312637857,-21055.0
t368,19606.44910598805,0.0,-0.0,0.0,0.0,0.0,0.0,9550.645165232287,-479.0942712203365,-28678.0,34276.31918683189,0.0,-4316.052944977687,0.0,0.0,0.0,0.0,-1560.7471018760657,-52.51913997812961,-28347.0,31309.187235939735,0.0,-0.0,0.0,0.0,0.0,0.0,65.84350792266696,-412.0307438624046,-30963.0,20822.179183011445,921.4174035247349,-0.0,0.0,0.0,0.0,0.0,-1318.8678150048386,-24.728771531340723,-20400.0,8716.097502381283,0.0,-0.0,0.0,0.0,0.0,0.0,-1435.9195959038536,-161.17790647743084,-7119.0,40130.576,0.0,-0.0,0.0,0.0,0.0,0.0,-2780.0,-164.576,-37186.0,24161.444627980225,0.0,-0.0,0.0,0.0,0.0,0.0,-2520.954160370196,-159.49046761002856,-21481.0
t369,18698.05295295467,0.0,-0.0,0.0,0.0,0.0,0.0,11151.440961529108,-552.4939144837812,-29297.0,37255.934188873485,0.0,-2246.9,0.0,0.0,0.0,0.0,-5873.394465122126,-197.63972375135955,-28938.0,33621.01040140304,0.0,-1039.8181696533522,0.0,0.0,0.0,0.0,760.9203133236851,-722.1125450733684,-32620.0,19625.51689365343,974.4831063465713,-0.0,0.0,0.0,0.0,0.0,0.0,-0.0,-20600.0,8116.765980113822,0.0,-75.80207722138138,0.0,0.0,0.0,0.0,-858.9668097306673,-38.9970931617723,-7143.0,40321.576,0.0,-0.0,0.0,0.0,0.0,0.0,-2780.0,-164.576,-37377.0,24759.6,0.0,-0.0,0.0,0.0,0.0,0.0,-2400.0,-153.6,-22206.0
t370,19453.13791549271,0.0,-0.0,0.0,0.0,0.0,0.0,10825.64858197468,-537.7864974673921,-29741.0,38867.05115586805,0.0,-2818.0,0.0,0.0,0.0,0.0,-6539.980801884634,-220.07035398341793,-29289.0,34602.03656640368,0.0,-1069.1639647677912,0.0,0.0,0.0,0.0,1009.7215731766119,-763.5941748125038,-33779.0,20451.51689365343,748.4831063465713,-0.0,0.0,0.0,0.0,0.0,0.0,-0.0,-21200.0,7280.393667275855,0.0,-167.73753010123846,0.0,0.0,0.0,0.0,20.18501100365316,-11.841148178270354,-7121.0,40457.576,0.0,-0.0,0.0,0.0,0.0,0.0,-2780.0,-164.576,-37513.0,25613.776835810273,0.0,-0.0,0.0,0.0,0.0,0.0,-2535.5743642703105,-160.2024715399641,-22918.0
t371,18684.052580110063,0.0,-0.0,0.0,0.0,0.0,0.0,11867.01180781026,-585.0643879203275,-29966.0,39472.315468654524,0.0,-2802.243826096232,0.0,0.0,0.0,0.0,-6824.429586957183,-229.6420556011092,-29616.0,35715.06862478516,0.0,-2835.073106604131,0.0,0.0,0.0,0.0,1294.170358249161,-773.1658764301951,-33401.0,21073.32766443364,804.5,-0.0,0.0,0.0,0.0,0.0,-540.6897319593996,-10.137932474238744,-21327.0,7188.6219097118155,0.0,-148.87608630723116,0.0,0.0,0.0,0.0,72.43870158388665,-96.18452498847182,-7016.0,40702.576,0.0,-0.0,0.0,0.0,0.0,0.0,-2780.0,-164.576,-37758.0,26761.631574149716,0.0,-0.0,0.0,0.0,0.0,0.0,-3088.5015487267246,-187.13002542299148,-23486.0
t372,17802.526718610796,0.0,-0.0,0.0,0.0,0.0,0.0,12766.368461381666,-625.8951799924694,-29943.0,39249.92486899817,0.0,-2440.338974153749,0.0,0.0,0.0,0.0,-6839.438779900753,-230.1471149436603,-29740.0,35236.058126693846,0.0,-3548.219956767585,0.0,0.0,0.0,0.0,3442.638217845897,-866.4763877721589,-34264.0,21941.08526310166,429.4419740037899,-0.0,0.0,0.0,0.0,0.0,-883.9531161771313,-16.57412092832121,-21470.0,6958.801308985141,0.0,-0.0,0.0,0.0,0.0,0.0,118.9994470513434,-172.80075603648527,-6905.0,40964.576,0.0,-0.0,0.0,0.0,0.0,0.0,-2780.0,-164.576,-38020.0,29751.898958145215,0.0,-0.0,0.0,0.0,0.0,0.0,-5824.614230201023,-309.2847279441934,-23618.0
t373,18314.82399226464,0.0,-0.0,0.0,0.0,0.0,0.0,11778.961614289892,-580.7856065545296,-29513.0,38299.56141719628,0.0,-2485.2574725369327,0.0,0.0,0.0,0.0,-6016.837367251337,-202.46657740800748,-29595.0,35359.468419773555,0.0,-5257.772975241414,0.0,0.0,0.0,0.0,6726.407219341682,-892.1026638738256,-35936.0,22212.110773603814,0.0,-0.0,0.0,0.0,0.0,0.0,-699.9860354393268,-13.124738164487377,-21499.0,7482.845710306514,0.0,-16.393235777972222,0.0,0.0,0.0,0.0,-484.073686459971,-188.3787880685688,-6794.0,41061.575999999994,0.0,-0.0,0.0,0.0,0.0,0.0,-2780.0,-164.576,-38117.0,32599.20027429631,0.0,-0.0,0.0,0.0,0.0,0.0,-8524.47174448094,-426.7285298153697,-23648.0
t374,19399.68832578747,0.0,-0.0,0.0,0.0,0.0,0.0,9847.683238876454,-492.3715646639258,-28755.0,37060.150145374246,0.0,-4982.365695356255,0.0,0.0,0.0,0.0,-2608.0244280152697,-87.76002200271382,-29382.0,34388.070317943646,0.0,-4200.570197990049,0.0,0.0,0.0,0.0,7796.74021188279,-645.2403318363893,-37339.0,22574.428139742828,0.0,-0.0,0.0,0.0,0.0,0.0,-1339.3159653917298,-25.112174351094932,-21210.0,8497.660293124854,7.128335980856718,-0.0,0.0,0.0,0.0,0.0,-1583.4836152630367,-279.30501384267467,-6642.0,40955.576,0.0,-0.0,0.0,0.0,0.0,0.0,-2780.0,-164.576,-38011.0,33220.52502675053,0.0,-0.0,0.0,0.0,0.0,0.0,-9333.599442089208,-461.92558466132937,-23425.0
t375,21455.44,0.0,-0.0,0.0,0.0,0.0,0.0,7000.0,-362.44,-28093.0,37631.50401678258,0.0,-5587.588427115619,0.0,0.0,0.0,0.0,-3145.083528918839,-105.83206074811893,-28793.0,31873.069593241107,0.0,-2394.5661590547115,0.0,0.0,0.0,0.0,8724.687394724262,-392.19082891065483,-37811.0,21064.428325827663,0.0,-0.0,0.0,0.0,0.0,0.0,-285.08301921733766,-5.345306610325081,-20774.0,10245.371832622524,0.0,-108.57070502803353,0.0,0.0,0.0,0.0,-3550.383016945286,-251.41811064920532,-6335.0,40526.575999999994,0.0,-0.0,0.0,0.0,0.0,0.0,-2780.0,-164.576,-37582.0,30743.053401844216,0.0,-1630.3,0.0,0.0,0.0,0.0,-5964.137829642799,-312.6155722014161,-22836.0
t376,20853.60463348177,0.0,-0.0,0.0,0.0,0.0,0.0,6334.225818929733,-319.83045241150285,-26868.0,35703.33233103469,0.0,-5587.588427115619,0.0,0.0,0.0,0.0,-1953.0246252784493,-65.71927864061982,-28097.0,29614.437243740853,0.0,-2162.200975502432,0.0,0.0,0.0,0.0,10776.970663045056,-493.20693128346716,-37736.0,24652.819233230293,0.0,-862.057836021148,0.0,0.0,0.0,0.0,-3388.5024692114325,-159.25892799771435,-20243.0,12281.755054078916,0.0,-196.3,0.0,0.0,0.0,0.0,-5809.1990943364235,-273.25595974249495,-6003.0,39887.576,0.0,-0.0,0.0,0.0,0.0,0.0,-2780.0,-164.576,-36943.0,27631.273918347615,0.0,-1630.3,0.0,0.0,0.0,0.0,-3180.4702931484826,-594.5036251991309,-22226.0
t377,19979.387432541203,0.0,-0.0,0.0,0.0,0.0,0.0,5571.637358396149,-271.02479093735354,-25280.0,34046.30121111686,0.0,-5587.588427115619,0.0,0.0,0.0,0.0,-1446.0530972778354,-48.65968672339916,-26964.0,26122.235513806096,0.0,-1562.9468619970671,0.0,0.0,0.0,0.0,13403.150784299825,-612.4394361088556,-37350.0,23087.98622344535,0.0,-748.4831063465713,0.0,0.0,0.0,0.0,-2893.377518478264,-204.12559862051444,-19242.0,12864.1365446058,0.0,-129.4029524736161,0.0,0.0,0.0,0.0,-6765.61814282594,-288.11544930624467,-5681.0,38068.2890833027,0.0,-0.0,0.0,0.0,0.0,0.0,-2318.705902243653,-194.58318105905036,-35555.0,28538.324685102147,0.0,-797.3011427642707,0.0,0.0,0.0,0.0,-5551.033481870281,-681.9900604675906,-21508.0
t378,18169.593027745217,0.0,-0.0,0.0,0.0,0.0,0.0,5787.229671212377,-284.82269895759214,-23672.0,30731.93582346121,0.0,-2246.9,0.0,0.0,0.0,0.0,-2761.559220953124,-503.4766025080878,-25220.0,20634.17237143143,0.0,-0.0,0.0,0.0,0.0,0.0,16788.65032176754,-697.822693198973,-36725.0,21381.06216969928,0.0,-0.0,0.0,0.0,0.0,0.0,-3073.4582129419487,-146.60395675733093,-18161.0,10489.624131767869,0.0,-0.0,0.0,0.0,0.0,0.0,-4840.091667557805,-220.5324642100651,-5429.0,41604.309107373774,0.0,-0.0,0.0,0.0,0.0,0.0,-7747.333753454509,-407.9753539192709,-33449.0,25446.88570260768,0.0,-0.0,0.0,0.0,0.0,0.0,-4153.437138072535,-507.44856453514427,-20786.0
t379,19009.541158094933,0.0,-0.0,0.0,0.0,0.0,0.0,3535.825212227491,-257.3663703224264,-22288.0,21506.124522608286,0.0,-0.0,0.0,0.0,0.0,0.0,2256.7311793080007,-358.8557019162858,-23404.0,18016.224368565567,3420.480190930956,-0.0,0.0,0.0,0.0,0.0,15598.10493546679,-694.8094949633114,-36340.0,21084.527569894646,0.0,-0.0,0.0,0.0,0.0,0.0,-3737.720798227874,-165.80677166677265,-17181.0,10849.127382607392,132.6571861241428,-0.0,0.0,0.0,0.0,0.0,-5459.980765319982,-279.80380341155325,-5242.0,42216.78983457501,0.0,-0.0,0.0,0.0,0.0,0.0,-10227.853500000001,-572.9363345749999,-31416.0,22848.919540898813,0.0,-0.0,0.0,0.0,0.0,0.0,-1965.106263454425,-751.8132774443798,-20132.0
t380,20173.037805749762,0.0,-0.0,0.0,0.0,0.0,0.0,1553.7128866203511,-347.750692370112,-21379.0,14095.313579496058,2734.785446503941,-0.0,0.0,0.0,0.0,0.0,5260.674,-257.773026,-21833.0,17795.761731313385,3715.1945213300187,-0.0,0.0,0.0,0.0,0.0,15372.803920851748,-718.7601734951483,-36165.0,22334.52556833603,0.0,-81.62491573419634,0.0,0.0,0.0,0.0,-4800.172903952722,-185.72774864911352,-17267.0,9949.25343998903,0.0,-0.0,0.0,0.0,0.0,0.0,-4397.528659595136,-299.72478039389415,-5252.0,40802.78983457502,0.0,-0.0,0.0,0.0,0.0,0.0,-10227.853500000001,-572.9363345749999,-30002.0,23410.098053769067,0.0,-0.0,0.0,0.0,0.0,0.0,-2761.635743924242,-786.4623098448168,-19862.0
t381,21368.11478493535,0.0,-0.0,0.0,0.0,0.0,0.0,219.4770610794294,-408.59184601477807,-21179.0,13290.72234035259,3633.376685647409,-0.0,0.0,0.0,0.0,0.0,5260.674,-257.773026,-21927.0,17816.317029168633,2807.8334996755716,-0.0,0.0,0.0,0.0,0.0,17481.12343892057,-813.273967764778,-37292.0,22026.66866612635,0.0,-911.9956219123696,0.0,0.0,0.0,0.0,-4113.814515351141,-172.8585288628339,-16828.0,10583.74260880433,0.0,-0.0,0.0,0.0,0.0,0.0,-5083.887048196715,-286.8555606076145,-5213.0,40786.789834575,0.0,-0.0,0.0,0.0,0.0,0.0,-10227.853500000001,-572.9363345749999,-29986.0,22970.355363301907,1257.4990236200192,-0.0,0.0,0.0,0.0,0.0,-3535.719436452144,-820.1349504697805,-19872.0
t382,21194.147471252178,0.0,-0.0,0.0,0.0,0.0,0.0,-335.2596320315406,-433.8878392206383,-20425.0,14668.429551835437,1524.6694741645642,-0.0,0.0,0.0,0.0,0.0,5260.674,-257.773026,-21196.0,17743.776258408016,2892.9335705310787,-0.0,0.0,0.0,0.0,0.0,18035.860132031543,-838.5699609706382,-37834.0,24854.170428798603,0.0,-715.5607793668235,0.0,0.0,0.0,0.0,-7840.093894528545,-442.5157549032391,-15856.0,10976.530423425234,0.0,-0.0,0.0,0.0,0.0,0.0,-5672.715394307191,-275.81502911804307,-5028.0,36245.3798668171,0.0,-0.0,0.0,0.0,0.0,0.0,-5912.745774712121,-853.6340921049766,-29479.0,22619.05016660516,1332.8042203167715,-0.0,0.0,0.0,0.0,0.0,-3535.719436452144,-820.1349504697805,-19596.0
t383,21731.077954945107,0.0,-0.0,0.0,0.0,0.0,0.0,-1436.9529025871334,-484.12505235797335,-19810.0,12492.199026,2246.9,-0.0,0.0,0.0,0.0,0.0,5260.674,-257.773026,-19742.0,17747.48306798387,2637.1309576880676,-0.0,0.0,0.0,0.0,0.0,17635.869916804488,-823.4839424764282,-37197.0,22789.4380812114,0.0,-578.5,0.0,0.0,0.0,0.0,-6008.456555383687,-333.48152582770894,-15869.0,11444.942117194094,0.0,-156.0672777014579,0.0,0.0,0.0,0.0,-5891.155563547856,-271.71927594478063,-5126.0,36759.63856081903,0.0,-0.0,0.0,0.0,0.0,0.0,-7525.942944616313,-748.6956162027088,-28485.0,21953.847669507737,0.0,-0.0,0.0,0.0,0.0,0.0,-2034.0359506694967,-754.8117188382354,-19165.0
t384,21415.95830195032,0.0,-0.0,0.0,0.0,0.0,0.0,-1220.6946269608998,-474.26367498941704,-19721.0,12335.702121954968,2466.3969040450315,-0.0,0.0,0.0,0.0,0.0,5260.674,-257.773026,-19805.0,17714.290938580292,2381.95491173184,-0.0,0.0,0.0,0.0,0.0,16604.938430114464,-778.1842804265971,-35923.0,21607.99416413924,0.0,-804.5,0.0,0.0,0.0,0.0,-4490.583229584203,-226.9109345550375,-16086.0,11251.869138302283,0.0,-0.0,0.0,0.0,0.0,0.0,-5721.977778895265,-274.8913594070167,-5255.0,38948.94699653619,0.0,-0.0,0.0,0.0,0.0,0.0,-9212.994055068388,-638.9529414678013,-29097.0,20934.736173762674,0.0,-0.0,0.0,0.0,0.0,0.0,-1219.3627396057084,-719.3734341569606,-18996.0
t385,21001.329011153306,185.76098082392264,-0.0,0.0,0.0,0.0,0.0,-2168.779190448477,-687.3108015287544,-18331.0,14617.760807460281,0.0,-0.0,0.0,0.0,0.0,0.0,6333.299013752491,-304.05982121277134,-20647.0,16907.654943236328,0.0,-0.0,0.0,0.0,0.0,0.0,20705.548714955534,-1016.2036581918571,-36597.0,30532.150276821572,0.0,-974.4831063465713,0.0,0.0,0.0,0.0,-13294.4445,-676.2226704750001,-15587.0,6653.216411221473,0.0,-0.0,0.0,0.0,0.0,0.0,-1719.3589488678717,-259.8574623536014,-4674.0,33613.81550147529,0.0,-378.6000000002954,0.0,0.0,0.0,0.0,-3073.915500000001,-1038.300001475,-29123.0,22659.661689566536,28.138931671197497,-0.0,0.0,0.0,0.0,0.0,-6782.349589391673,-881.451031846067,-15024.0
t386,20959.06502737775,172.979361710783,-0.0,0.0,0.0,0.0,0.0,-1815.5989935848556,-718.4453955036777,-18598.0,14470.047566708537,0.0,-0.0,0.0,0.0,0.0,0.0,7623.424993730493,-347.4725604390311,-21746.0,17078.19366244059,0.0,-0.0,0.0,0.0,0.0,0.0,19415.422734977532,-1059.616397418117,-35434.0,30401.150276821572,0.0,-974.4831063465713,0.0,0.0,0.0,0.0,-13294.4445,-676.2226704750001,-15456.0,6009.707161675728,57.857091824662575,-0.0,0.0,0.0,0.0,0.0,-1114.4053845793126,-246.1588689210775,-4707.0,34936.61550143037,0.0,-11.399999955368607,0.0,0.0,0.0,0.0,-3073.915500000001,-1038.300001475,-30813.0,22300.327607561583,1286.6890319787508,-0.0,0.0,0.0,0.0,0.0,-7740.483350543855,-940.5332889964857,-14906.0
t387,20944.16280142278,0.0,-0.0,0.0,0.0,0.0,0.0,-933.9137306304938,-653.2490707922885,-19357.0,14582.778039840712,0.0,-0.0,0.0,0.0,0.0,0.0,7757.195911998022,-351.97395183873346,-21988.0,16727.054797864956,0.0,-0.0,0.0,0.0,0.0,0.0,18125.334941440582,-1011.3897393055338,-33841.0,30765.150276821576,0.0,-974.4831063465713,0.0,0.0,0.0,0.0,-13294.4445,-676.2226704750001,-15820.0,5858.805164742911,38.08802904310551,-0.0,0.0,0.0,0.0,0.0,-770.8458082148359,-237.04738557118068,-4889.0,35353.615501475004,64.6,-0.0,0.0,0.0,0.0,0.0,-3073.915500000001,-1038.300001475,-31306.0,22576.811128564346,1048.4902668746145,-0.0,0.0,0.0,0.0,0.0,-7809.411314593275,-943.8900808456924,-14872.0
t388,20655.12843941008,0.0,-0.0,0.0,0.0,0.0,0.0,409.152260625659,-397.2807000357404,-20667.0,15348.86006460646,2810.4780409935383,-0.0,0.0,0.0,0.0,0.0,5627.988,-280.3261056,-23507.0,17373.866455963573,687.3594288537804,-0.0,0.0,0.0,0.0,0.0,17002.209612460865,-791.4354972782155,-34272.0,31014.616599801677,0.0,-504.94942932667436,0.0,0.0,0.0,0.0,-13294.4445,-676.2226704750001,-16539.0,5587.353682655701,17.568548924214575,-0.0,0.0,0.0,0.0,0.0,-204.82462742004554,-191.0976041598701,-5209.0,36439.21550147501,0.0,-314.0,0.0,0.0,0.0,0.0,-3073.915500000001,-1038.300001475,-32013.0,22496.68447262588,210.69600688824903,-0.0,0.0,0.0,0.0,0.0,-6466.16524566648,-861.2152338476546,-15380.0
t389,21593.855181156847,0.0,-0.0,0.0,0.0,0.0,0.0,988.545671852472,-391.4008530093199,-22191.0,15385.082686584648,5137.255419015344,-0.0,0.0,0.0,0.0,0.0,5627.988,-280.3261056,-25870.0,17593.673615914904,1807.3605798103672,-0.0,0.0,0.0,0.0,0.0,16612.636780411496,-773.6709761367642,-35240.0,29947.53581496856,0.0,-636.057836021148,0.0,0.0,0.0,0.0,-11345.062601002219,-549.4153779451943,-17417.0,5927.751340309005,0.0,-0.0,0.0,0.0,0.0,0.0,-219.00973238378083,-191.74160792522366,-5517.0,39450.79010794299,0.0,-314.0,0.0,0.0,0.0,0.0,-5023.297398997783,-911.4927089451942,-33202.0,22561.689786811352,847.566837266163,-0.0,0.0,0.0,0.0,0.0,-6641.800719880188,-872.455904197332,-15895.0
t390,20876.332813677287,0.0,-276.6277432198344,0.0,0.0,0.0,0.0,3322.7945547452346,-302.49962520268656,-23620.0,17713.87312270553,5020.464982894472,-0.0,0.0,0.0,0.0,0.0,5627.988,-280.3261056,-28082.0,18889.445662869213,2002.6580481814185,-0.0,0.0,0.0,0.0,0.0,14618.641060246619,-682.7447712972457,-34828.0,31686.519345569446,0.0,-804.5,0.0,0.0,0.0,0.0,-12338.951495065436,-614.0678505040066,-17929.0,7231.855158267534,0.0,-0.0,0.0,0.0,0.0,0.0,-1280.9035701095581,-239.95158815797396,-5711.0,39837.15368643858,0.0,-378.6,0.0,0.0,0.0,0.0,-4029.408504934565,-976.1451815040066,-34453.0,22920.430945879754,0.0,-0.0,0.0,0.0,0.0,0.0,-5920.160044882294,-826.2709009974668,-16174.0
t391,22735.736415583982,0.0,-0.0,0.0,0.0,0.0,0.0,2620.412762448371,-562.1491780323543,-24794.0,17669.781112360284,0.0,-0.0,0.0,0.0,0.0,0.0,12619.820144916146,-515.6012572764283,-29774.0,23738.150858823297,0.0,-0.0,0.0,0.0,0.0,0.0,10488.355592635484,-1048.5064514587825,-33178.0,32297.122444105793,0.0,-653.0732949326219,0.0,0.0,0.0,0.0,-12831.914082365305,-646.135066807863,-18166.0,8473.99366793033,0.0,-129.29659688069603,0.0,0.0,0.0,0.0,-2232.9802949600785,-284.7167760895559,-5827.0,39737.1972173033,0.0,-378.6,0.0,0.0,0.0,0.0,-3113.504346657227,-979.0928706460644,-35266.0,25189.21901969514,0.0,-0.0,0.0,0.0,0.0,0.0,-7550.189776017389,-927.0292436777572,-16712.0
t392,23439.869772736885,0.0,-0.0,0.0,0.0,0.0,0.0,2351.906795792076,-106.77656852896025,-25685.0,26385.916754656417,0.0,-4790.224781157744,0.0,0.0,0.0,0.0,9692.40165147341,-417.0936249720803,-30871.0,32834.38905342115,0.0,-4279.763541186145,0.0,0.0,0.0,0.0,5969.6225833519675,-573.2480955869842,-33951.0,29127.536657660537,0.0,-181.10684219441103,0.0,0.0,0.0,0.0,-9959.71248359906,-541.717331867066,-18445.0,6890.996715442787,0.0,-153.04584474336787,0.0,0.0,0.0,0.0,-687.975592101255,-137.97527859816316,-5912.0,34998.61857095695,0.0,-0.0,0.0,0.0,0.0,0.0,1356.6086943077935,-688.227265264722,-35667.0,26492.949687572975,0.0,-0.0,0.0,0.0,0.0,0.0,-8722.851649224933,-539.0980383480452,-17231.0
t393,22892.966542693728,0.0,-683.2160801105765,0.0,0.0,0.0,0.0,4247.988306855055,-219.73876943820943,-26238.0,33775.58909155228,0.0,-6158.688427115619,0.0,0.0,0.0,0.0,4399.856217224373,-214.75688166103703,-31802.0,35960.6839419024,0.0,-5677.104053755518,0.0,0.0,0.0,0.0,5259.2936965709005,-255.87358471778234,-35287.0,26714.46093261848,0.0,-169.98310634657133,0.0,0.0,0.0,0.0,-7500.765407654012,-356.71241861789343,-18687.0,6310.417675011523,0.0,-224.17169023773533,0.0,0.0,0.0,0.0,31.138876316445476,-180.3848610902334,-5937.0,35456.509221788045,0.0,-0.0,0.0,0.0,0.0,0.0,985.452695834022,-483.961917622073,-35958.0,27413.364173505684,0.0,-1630.3,0.0,0.0,0.0,0.0,-7422.9643851467845,-359.0997883589009,-18001.0
t394,23512.562586277723,0.0,-0.0,0.0,0.0,0.0,0.0,3284.469709672101,-163.03229594982673,-26634.0,34669.673934525985,0.0,-5765.2712273656,0.0,0.0,0.0,0.0,3700.9435255937037,-181.3462327540915,-32424.0,35930.32347758416,0.0,-5677.104053755518,0.0,0.0,0.0,0.0,6891.563592442609,-299.7830162712535,-36845.0,26640.484879761218,0.0,-535.9544046433201,0.0,0.0,0.0,0.0,-6713.05839750988,-305.4720776080176,-19086.0,5876.8494144883825,0.0,-79.30463782903472,0.0,0.0,0.0,0.0,297.7365500436699,-168.2813267030174,-5927.0,36440.52717907093,0.0,-0.0,0.0,0.0,0.0,0.0,178.15437191617548,-433.6815509871091,-36185.0,27338.789824467418,0.0,-506.30972741597907,0.0,0.0,0.0,0.0,-7639.80935215838,-347.6707448930628,-18845.0
t395,23708.15759317723,0.0,-0.0,0.0,0.0,0.0,0.0,3240.7697749663384,-175.92736814356996,-26773.0,35286.98448926086,0.0,-6158.688427115619,0.0,0.0,0.0,0.0,3683.179745378291,-180.47580752353628,-32631.0,35817.53181927594,0.0,-5155.633956403194,0.0,0.0,0.0,0.0,6982.856390096453,-303.75425296919565,-37341.0,27010.468616843944,0.0,-578.5,0.0,0.0,0.0,0.0,-6987.862862213287,-284.10575463065345,-19160.0,4903.594302315851,0.0,-0.0,0.0,0.0,0.0,0.0,1141.3853680496934,-129.97967036554394,-5915.0,38557.64109942197,0.0,-0.0,0.0,0.0,0.0,0.0,-1791.084495921254,-303.5566035007165,-36463.0,27050.433924160898,0.0,-846.4630944039645,0.0,0.0,0.0,0.0,-6269.2439203562335,-510.72690940069486,-19424.0
t396,23996.190484780695,0.0,-0.0,0.0,0.0,0.0,0.0,2699.626188802541,-139.81667358323878,-26556.0,34658.89322579352,0.0,-4705.754954919059,0.0,0.0,0.0,0.0,2976.721061120441,-145.85933199490162,-32784.0,34793.13092724755,0.0,-2958.864891561222,0.0,0.0,0.0,0.0,6485.869277902427,-282.13531358875554,-38038.0,25803.795546230092,0.0,-513.4893238345064,0.0,0.0,0.0,0.0,-5849.193446232272,-222.1127761633141,-19219.0,4918.636440752929,0.0,-0.0,0.0,0.0,0.0,0.0,1061.949612896567,-133.58605364949588,-5847.0,38406.33909966722,0.0,-0.0,0.0,0.0,0.0,0.0,-1527.1876171414935,-240.15148252573215,-36639.0,26689.915415903917,0.0,-808.9437794007273,0.0,0.0,0.0,0.0,-5847.7850773482105,-416.186559154982,-19617.0
t397,24038.24126000236,0.0,-0.0,0.0,0.0,0.0,0.0,2330.938465017495,-113.17972501985476,-26256.0,33882.68460148621,0.0,-2287.696376794072,0.0,0.0,0.0,0.0,1100.9587542669487,-53.94697895908049,-32642.0,33762.018643995674,0.0,-2325.3135550962866,0.0,0.0,0.0,0.0,8362.043817146487,-363.74890604587216,-39435.0,24612.955591593323,0.0,-0.0,0.0,0.0,0.0,0.0,-5320.224060387823,-171.73153120549912,-19121.0,5027.550024392117,0.0,-0.0,0.0,0.0,0.0,0.0,898.458524663175,-141.00854905529187,-5785.0,38003.505733226026,0.0,-64.6,0.0,0.0,0.0,0.0,-1100.9587542669487,-53.94697895908049,-36784.0,26614.752901198877,0.0,-265.8845415435997,0.0,0.0,0.0,0.0,-6271.216746439335,-507.6516132159342,-19570.0
t398,24146.873283808265,0.0,-0.0,0.0,0.0,0.0,0.0,1682.5127971838801,-76.38608099214817,-25753.0,33662.82626199612,0.0,-1126.3492565285487,0.0,0.0,0.0,0.0,65.74447374597104,-3.221479213552581,-32599.0,32371.638556371465,0.0,-0.0,0.0,0.0,0.0,0.0,8940.468715147534,-398.10727151899715,-40914.0,22978.173471169222,0.0,-0.0,0.0,0.0,0.0,0.0,-3765.0692004454977,-112.10427072372582,-19101.0,5076.365149421422,0.0,-0.0,0.0,0.0,0.0,0.0,648.7317671520241,-120.09691657344638,-5605.0,37861.03333186119,0.0,-64.6,0.0,0.0,0.0,0.0,-651.5331622860672,-37.90016957512628,-37107.0,26737.67740679769,0.0,-0.0,0.0,0.0,0.0,0.0,-6920.8553904978435,-431.8220162998511,-19385.0
t399,24223.738000567224,0.0,-0.0,0.0,0.0,0.0,0.0,343.8738732796695,-15.611873846896996,-24552.0,33015.928386738095,0.0,-0.0,0.0,0.0,0.0,0.0,-215.6710557133424,-7.257331024753972,-32793.0,30119.697876584258,0.0,-0.0,0.0,0.0,0.0,0.0,11547.362138703513,-516.060015287772,-41151.0,21411.41798640746,0.0,-0.0,0.0,0.0,0.0,0.0,-2605.4331168963763,-112.98486951108251,-18693.0,5278.669780830082,0.0,-0.0,0.0,0.0,0.0,0.0,46.257047786811654,-22.926828616893516,-5302.0,38078.60436646484,0.0,-21.657220961652605,0.0,0.0,0.0,0.0,-1011.0905829901698,-59.856562513018055,-36986.0,27701.91434066119,0.0,-0.0,0.0,0.0,0.0,0.0,-8105.298304170105,-554.616036491086,-19042.0
t400,23368.56425222749,0.0,-0.0,0.0,0.0,0.0,0.0,192.92303204463724,-61.487284272132214,-23500.0,31482.0,0.0,-0.0,0.0,0.0,0.0,0.0,0.0,-0.0,-31482.0,26905.908924691135,0.0,-0.0,0.0,0.0,0.0,0.0,13680.035429860502,-639.9443545516389,-39946.0,19546.940439018013,0.0,-0.0,0.0,0.0,0.0,0.0,-1651.7688199061536,-51.17161911186,-17844.0,4861.329033489368,0.0,-0.0,0.0,0.0,0.0,0.0,181.62316409360074,-52.9521975829697,-4990.0,39662.30962817892,0.0,-0.0,0.0,0.0,0.0,0.0,-3836.0262227430603,-237.28340543585966,-35589.0,27522.724583534768,0.0,-0.0,0.0,0.0,0.0,0.0,-8566.786583349527,-554.9380001852433,-18401.0
t401,21911.999999999996,0.0,-0.0,0.0,0.0,0.0,0.0,0.0,-0.0,-21912.0,30199.751576019666,0.0,-0.0,0.0,0.0,0.0,0.0,-667.5272047593396,-167.22437126032912,-29365.0,19199.238418633548,5571.549329611324,-0.0,0.0,0.0,0.0,0.0,14860.460806678791,-666.248554923663,-38965.0,17633.79272197228,748.4831063465713,-0.0,0.0,0.0,0.0,0.0,-1214.2744802212317,-344.0013480976201,-16824.0,3958.7493250823227,176.70860144260547,-0.0,0.0,0.0,0.0,0.0,598.768992076506,-11.226918601434487,-4723.0,43373.76669484159,0.0,-0.0,0.0,0.0,0.0,0.0,-9409.727341802973,-576.0393530386228,-33388.0,22557.282367577525,0.0,-0.0,0.0,0.0,0.0,0.0,-4167.700771971751,-728.5815956057711,-17661.0
t402,22180.20155023712,0.0,-0.0,0.0,0.0,0.0,0.0,-1534.4417247331742,-168.75982550394684,-20477.0,19369.088086390115,2528.0109396098833,-0.0,0.0,0.0,0.0,0.0,5260.674,-257.773026,-26900.0,17380.500625680066,5677.104053755518,-0.0,0.0,0.0,0.0,0.0,15444.373654853789,-720.9783342893744,-37781.0,19138.190171204533,748.4831063465713,-0.0,0.0,0.0,0.0,0.0,-3758.477321080839,-166.19595647026574,-15962.0,5127.3119208362195,93.11306703212642,-0.0,0.0,0.0,0.0,0.0,-633.6651938215139,-57.75979404683253,-4529.0,41989.78983457501,0.0,-0.0,0.0,0.0,0.0,0.0,-10227.853500000001,-572.9363345749999,-31189.0,22287.848058555257,0.0,-0.0,0.0,0.0,0.0,0.0,-4550.609915218261,-745.2381433369943,-16992.0
t403,22418.240663596604,0.0,-0.0,0.0,0.0,0.0,0.0,-2445.805983652832,-527.4346799437731,-19445.0,15073.877347602654,4628.221678397349,-0.0,0.0,0.0,0.0,0.0,5260.674,-257.773026,-24705.0,17500.350740413298,503.3088503852978,-0.0,0.0,0.0,0.0,0.0,20116.801286830898,-933.4608776294889,-37187.0,20204.952978767447,709.0629137531402,-0.0,0.0,0.0,0.0,0.0,-5409.04748400839,-175.96840851220023,-15329.0,6284.456370354434,114.61061626291553,-0.0,0.0,0.0,0.0,0.0,-1736.4343031780645,-260.63268343928416,-4402.0,39939.789834575,314.0,-0.0,0.0,0.0,0.0,0.0,-10227.853500000001,-572.9363345749999,-29453.0,22649.69909545381,0.0,-0.0,0.0,0.0,0.0,0.0,-5558.33401599161,-722.3650794622001,-16369.0
t404,22335.883920739743,0.0,-32.419503658529266,0.0,0.0,0.0,0.0,-3036.4043774686434,-557.0600396125701,-18710.0,15608.199026,2246.9,-0.0,0.0,0.0,0.0,0.0,5260.674,-257.773026,-22858.0,17370.43309508202,134.30418881190997,-0.0,0.0,0.0,0.0,0.0,20737.004877468644,-961.7421613625702,-37280.0,18966.937468236254,578.5,-0.0,0.0,0.0,0.0,0.0,-3912.1065904531756,-122.330877783079,-15511.0,7123.207177611965,0.0,-0.0,0.0,0.0,0.0,0.0,-2379.7372510695177,-250.46992654244656,-4493.0,38646.189834574536,378.6000000004726,-0.0,0.0,0.0,0.0,0.0,-10227.853500000001,-572.9363345749999,-28224.0,23116.811540042945,0.0,-0.0,0.0,0.0,0.0,0.0,-6441.5771584773065,-680.2343815656324,-15995.0
t405,22092.682547202505,0.0,-0.0,0.0,0.0,0.0,0.0,-3171.4637980131047,-563.2187491893976,-18358.0,16413.448832479375,1267.650193520627,-0.0,0.0,0.0,0.0,0.0,5260.674,-257.773026,-22684.0,17694.27082005417,1459.5657528721204,-0.0,0.0,0.0,0.0,0.0,20872.064298013105,-967.9008709393976,-39058.0,18861.66891778424,804.6369037501116,-0.0,0.0,0.0,0.0,0.0,-4288.071120346085,-140.23470118827174,-15238.0,7090.201026208738,0.0,-0.0,0.0,0.0,0.0,0.0,-2378.7118738432987,-250.48915236543814,-4461.0,38712.78983457501,314.0,-0.0,0.0,0.0,0.0,0.0,-10227.853500000001,-572.9363345749999,-28226.0,22853.75698495845,0.0,-0.0,0.0,0.0,0.0,0.0,-6066.638005810617,-698.1189791478336,-16089.0
t406,22644.445719870495,0.0,-0.0,0.0,0.0,0.0,0.0,-4292.072208315592,-561.3735115549022,-17791.0,15061.16870342857,1704.9303225714311,-0.0,0.0,0.0,0.0,0.0,5260.674,-257.773026,-21769.0,17435.677190352813,1961.933023518257,-0.0,0.0,0.0,0.0,0.0,21410.859728708023,-992.4699425790859,-39816.0,16528.875823511284,732.2873011812,-0.0,0.0,0.0,0.0,0.0,-2767.822755380057,-87.34036931242534,-14406.0,7059.038045592571,0.0,-0.0,0.0,0.0,0.0,0.0,-2474.671437691104,-211.36660790146618,-4373.0,38183.54119661781,358.2486379572,-0.0,0.0,0.0,0.0,0.0,-10227.853500000001,-572.9363345749999,-27741.0,23411.046709783048,0.0,-0.0,0.0,0.0,0.0,0.0,-6909.113827321269,-657.9328824617754,-15844.0
t407,21315.092806586512,321.9542429505964,-0.0,0.0,0.0,0.0,0.0,-3710.2592287080224,-587.7878208290858,-17339.0,14889.625624301245,269.4734016987581,-0.0,0.0,0.0,0.0,0.0,5260.674,-257.773026,-20162.0,17355.845198440846,1532.7650154302205,-0.0,0.0,0.0,0.0,0.0,21410.859728708023,-992.4699425790859,-39307.0,16364.03286656912,804.5,-0.0,0.0,0.0,0.0,0.0,-2525.8771951045487,-74.65567146456885,-14568.0,7695.493431243278,0.0,-0.0,0.0,0.0,0.0,0.0,-3016.9716496746764,-238.5217815685998,-4440.0,37594.18983457501,64.6,-0.0,0.0,0.0,0.0,0.0,-10227.853500000001,-572.9363345749999,-26858.0,23294.444576745525,27.63489869622449,-0.0,0.0,0.0,0.0,0.0,-7190.572155220775,-644.507320220969,-15487.0
t408,21860.317806586507,162.7292429506001,-0.0,0.0,0.0,0.0,0.0,-3710.2592287080224,-587.7878208290858,-17725.0,15224.099026000002,0.0,-0.0,0.0,0.0,0.0,0.0,5260.674,-257.773026,-20227.0,17727.30203307709,325.308180793974,-0.0,0.0,0.0,0.0,0.0,21410.859728708023,-992.4699425790859,-38471.0,15176.490794546185,960.7006923680545,-0.0,0.0,0.0,0.0,0.0,-1046.5268113223947,-42.66467559184664,-15048.0,9147.94609469077,0.0,-0.0,0.0,0.0,0.0,0.0,-4349.407485035178,-213.53860965559042,-4585.0,38401.18983457501,64.6,-0.0,0.0,0.0,0.0,0.0,-10227.853500000001,-572.9363345749999,-27665.0,23225.986199903684,0.0,-0.0,0.0,0.0,0.0,0.0,-7337.4867036424275,-637.4994962612561,-15251.0
t409,17564.767979015916,0.0,-0.0,0.0,0.0,0.0,0.0,-1724.9183413990518,-714.8496376168599,-15125.0,9742.578089620978,0.0,-0.0,0.0,0.0,0.0,0.0,8230.316365477336,-367.8944550983124,-17605.0,17311.53906170507,0.0,-0.0,0.0,0.0,0.0,0.0,16980.265915889748,-971.8049775948145,-33320.0,25864.13889707373,0.0,-0.0,0.0,0.0,0.0,0.0,-7143.935666267758,-653.2032308059721,-18067.0,13838.672387634115,21.29971123352334,-0.0,0.0,0.0,0.0,0.0,-8725.116063547857,-324.85603531978063,-4810.0,32834.94993107647,0.0,-0.0,0.0,0.0,0.0,0.0,941.5294473409385,-779.4793784174165,-32997.0,22916.284756106877,0.0,-0.0,0.0,0.0,0.0,0.0,-8558.141657493356,-796.1430986135268,-13562.0
t410,17459.69768500162,0.0,-0.0,0.0,0.0,0.0,0.0,-1568.4488753221926,-597.2488096794276,-15294.0,9754.308406656475,0.0,-0.0,0.0,0.0,0.0,0.0,8392.027632579837,-373.33603923631154,-17773.0,17279.134245437024,0.0,-0.0,0.0,0.0,0.0,0.0,15303.24118131352,-903.3754267505442,-31679.0,26323.2782469948,0.0,-0.0,0.0,0.0,0.0,0.0,-7263.37763431307,-658.9006126817334,-18401.0,14028.173011109076,0.0,-145.20091224143835,0.0,0.0,0.0,0.0,-8725.116063547857,-324.85603531978063,-4833.0,33480.22985426005,0.0,-0.0,0.0,0.0,0.0,0.0,1292.4736286253265,-758.7034828853807,-34014.0,21441.13476133765,0.0,-0.0,0.0,0.0,0.0,0.0,-7430.799869335568,-737.3348920020895,-13273.0
t411,17662.214466996866,0.0,-0.0,0.0,0.0,0.0,0.0,-1557.213187970534,-522.0012790263276,-15583.0,9917.737753031173,0.0,-0.0,0.0,0.0,0.0,0.0,8747.562018284087,-385.2997713152596,-18280.0,17410.38539378649,0.0,-0.0,0.0,0.0,0.0,0.0,13861.050209363077,-860.4356031495664,-30411.0,26412.310696835448,0.0,-0.0,0.0,0.0,0.0,0.0,-6566.644265830339,-625.6664310051071,-19220.0,14094.929127320645,0.0,-126.9570284530073,0.0,0.0,0.0,0.0,-8725.116063547857,-324.85603531978063,-4918.0,34464.40230605067,0.0,-0.0,0.0,0.0,0.0,0.0,1686.0041688532174,-735.4064749038896,-35415.0,21241.102606522447,0.0,-0.0,0.0,0.0,0.0,0.0,-7445.642879151654,-660.4597273707979,-13135.0
t412,17661.16196399948,176.9785472750691,-0.0,0.0,0.0,0.0,0.0,-1016.1634576076367,-727.9770536669083,-16094.0,9829.606038150814,0.0,-0.0,0.0,0.0,0.0,0.0,10235.77199901608,-435.3780371668911,-19630.0,17501.555148392243,0.0,-0.0,0.0,0.0,0.0,0.0,13728.979958591557,-969.5351069837993,-30261.0,26319.933607421048,0.0,-0.0,0.0,0.0,0.0,0.0,-6219.811117587139,-609.1224898339066,-19491.0,13983.972098867638,0.0,-0.0,0.0,0.0,0.0,0.0,-8725.116063547857,-324.85603531978063,-4934.0,35859.87269290001,0.0,-0.0,0.0,0.0,0.0,0.0,1893.2640000000001,-723.1366929000001,-37030.0,24158.525859718688,0.0,-0.0,0.0,0.0,0.0,0.0,-9896.925318865005,-778.6005408536871,-13483.0
t413,17713.356927207697,1711.2866270380966,-0.0,0.0,0.0,0.0,0.0,-2389.315323482254,-672.328230763535,-16363.0,9822.333259017196,0.0,-0.0,0.0,0.0,0.0,0.0,11322.617116347912,-471.9503753651073,-20673.0,17431.56482570571,252.64450522007058,-0.0,0.0,0.0,0.0,0.0,14504.128432362557,-1112.337763288338,-31076.0,25933.35317459684,0.0,-0.0,0.0,0.0,0.0,0.0,-5763.974110023707,-587.3790645731308,-19582.0,13885.05485098921,93.91724787842811,-0.0,0.0,0.0,0.0,0.0,-8725.116063547857,-324.85603531978063,-4929.0,37475.425897383866,0.0,-0.0,0.0,0.0,0.0,0.0,1452.106411391771,-893.5323087756367,-38034.0,24823.820053507272,0.0,-0.0,0.0,0.0,0.0,0.0,-10400.446463048422,-765.3735904588524,-13658.0
t414,18015.616554976947,2781.4304945601657,-0.0,0.0,0.0,0.0,0.0,-3710.2592287080224,-587.7878208290858,-16499.0,9895.577983404542,0.0,-0.0,0.0,0.0,0.0,0.0,12032.251592068566,-495.8295754731072,-21432.0,17781.550070015433,1129.2108786864028,-0.0,0.0,0.0,0.0,0.0,13046.154307463117,-1091.9152561649537,-30865.0,24815.628562464248,0.0,-0.0,0.0,0.0,0.0,0.0,-5239.277524996893,-562.3510374673517,-19014.0,13882.479346550093,43.49275231754473,-0.0,0.0,0.0,0.0,0.0,-8725.116063547857,-324.85603531978063,-4876.0,36147.2533853488,0.0,-0.0,0.0,0.0,0.0,0.0,2954.922950035093,-901.1763353838855,-38201.0,24734.426919572255,0.0,-0.0,0.0,0.0,0.0,0.0,-10358.676032314004,-707.7508872582572,-13668.0
t415,18506.25837040161,703.8558962264993,-0.0,0.0,0.0,0.0,0.0,-2123.9097553479623,-527.2045112801447,-16559.0,10589.800214024024,0.0,-0.0,0.0,0.0,0.0,0.0,11434.929472112563,-475.72968613658776,-21549.0,18864.035056898854,0.0,-0.0,0.0,0.0,0.0,0.0,11344.815374807276,-955.8504317061323,-29253.0,23176.702992126135,0.0,-0.0,0.0,0.0,0.0,0.0,-4123.014977912904,-505.6880142132344,-18548.0,13667.67209886764,196.3,-0.0,0.0,0.0,0.0,0.0,-8725.116063547857,-324.85603531978063,-4814.0,35912.055753349465,0.0,-0.0,0.0,0.0,0.0,0.0,2762.689331186678,-783.7450845361336,-37891.0,25025.056444151072,0.0,-0.0,0.0,0.0,0.0,0.0,-10570.393381297796,-614.6630628532799,-13840.0
t416,19001.14090729814,0.0,-0.0,0.0,0.0,0.0,0.0,-1994.5877078214771,-509.5531994766594,-16497.0,11598.124197614312,0.0,-0.0,0.0,0.0,0.0,0.0,10482.399000642154,-399.52319825646555,-21681.0,21945.49780953018,0.0,-0.0,0.0,0.0,0.0,0.0,9184.305707821477,-1009.8035173516594,-30120.0,21983.173467733155,0.0,-0.0,0.0,0.0,0.0,0.0,-3528.1795012752054,-466.9939664579521,-17988.0,14053.143789105374,0.0,-224.17169023773533,0.0,0.0,0.0,0.0,-8725.116063547857,-324.85603531978063,-4779.0,34219.74562898137,0.0,-0.0,0.0,0.0,0.0,0.0,3977.9375006330515,-530.6831296144177,-37667.0,24122.137413746925,0.0,-0.0,0.0,0.0,0.0,0.0,-9396.758936452145,-534.3784772947806,-14191.0
t417,19920.494923022823,0.0,-2605.713001598615,0.0,0.0,0.0,0.0,-557.7485859068483,-444.03333551735227,-16313.0,13842.516669891102,0.0,-3041.625427368812,0.0,0.0,0.0,0.0,11147.207575922934,-432.09881844522374,-21516.0,28459.921121241023,0.0,-4012.104053755519,0.0,0.0,0.0,0.0,7747.466585906849,-944.2836533923523,-31251.0,21262.49884986155,0.0,-0.0,0.0,0.0,0.0,0.0,-3001.749176058921,-432.7496738026328,-17828.0,14065.143789105374,0.0,-224.17169023773533,0.0,0.0,0.0,0.0,-8725.116063547857,-324.85603531978063,-4791.0,33910.96831987385,0.0,-64.6,0.0,0.0,0.0,0.0,4015.230562911067,-613.5988827849208,-37248.0,26567.05457366767,0.0,-802.8007715086021,0.0,0.0,0.0,0.0,-10625.290899227224,-618.9629029318447,-14520.0
t418,20441.220925952413,0.0,-4246.9179510156755,0.0,0.0,0.0,0.0,578.8992206037396,-392.20219554046946,-16381.0,15010.539050638363,0.0,-3883.1942504355256,0.0,0.0,0.0,0.0,10749.254308120046,-412.5991083228822,-21464.0,30607.737787774728,0.0,-4012.104053755519,0.0,0.0,0.0,0.0,6610.818779396261,-892.4525134154694,-32314.0,19654.14550308475,0.0,-0.0,0.0,0.0,0.0,0.0,-1440.9272927888387,-331.21821029591393,-17882.0,13842.731330504943,0.0,-0.0,0.0,0.0,0.0,0.0,-8644.787305692706,-320.94402481223483,-4877.0,34415.53610738038,0.0,-11.399999955368607,0.0,0.0,0.0,0.0,3311.0094846687934,-524.1455920937962,-37191.0,27342.371491608603,0.0,-794.4755219390798,0.0,0.0,0.0,0.0,-11164.267194307295,-646.6287753622347,-14737.0
t419,20809.685844135736,0.0,-5465.750711473475,0.0,0.0,0.0,0.0,1635.1041194890427,-344.03925215129965,-16635.0,15792.40416591392,0.0,-2130.903390188919,0.0,0.0,0.0,0.0,8098.1965,-282.697275725,-21477.0,31697.779743270858,0.0,-4012.104053755519,0.0,0.0,0.0,0.0,5554.613880510959,-844.2895700262997,-32396.0,17917.40658572061,0.0,-0.0,0.0,0.0,0.0,0.0,591.5959853334452,-199.0025710540594,-18310.0,13556.87728484403,61.86816835062374,-0.0,0.0,0.0,0.0,0.0,-8295.797244368889,-303.9482088257649,-5019.0,34283.51709580932,0.0,-0.0,0.0,0.0,0.0,0.0,3714.720419948384,-247.2375157577133,-37751.0,26787.276015792355,0.0,-0.0,0.0,0.0,0.0,0.0,-11298.433660912942,-614.8423548794187,-14874.0
t420,20692.43592583675,0.0,-70.21169331056308,0.0,0.0,0.0,0.0,-2570.906882418951,-467.3173501072351,-17584.0,17216.62285627435,0.0,-2942.122080549348,0.0,0.0,0.0,0.0,8098.1965,-282.697275725,-22090.0,30058.93607941577,0.0,-3737.2368099507216,0.0,0.0,0.0,0.0,7824.253131290863,-968.9524007559118,-33177.0,16867.578103937885,3.8993438468088226,-0.0,0.0,0.0,0.0,0.0,2355.7658721330486,-84.2433199177452,-19143.0,13345.72649077121,118.13978061884683,-0.0,0.0,0.0,0.0,0.0,-7972.19294562402,-290.67332576603843,-5201.0,36622.17989636792,0.0,-0.0,0.0,0.0,0.0,0.0,2847.282976594503,-192.4628729624162,-39277.0,26481.797457220477,0.0,-0.0,0.0,0.0,0.0,0.0,-10582.398651975443,-641.3988052450441,-15258.0
t421,20624.380821540904,0.0,-0.0,0.0,0.0,0.0,0.0,-1902.7770962086397,-468.60372533226126,-18253.0,17608.02902172542,0.0,-2019.5282460004182,0.0,0.0,0.0,0.0,8098.1965,-282.697275725,-23404.0,28645.908791281516,0.0,-310.23508054060744,0.0,0.0,0.0,0.0,7172.631675025692,-975.3053857666011,-34533.0,16828.7088404626,930.8689936161236,-0.0,0.0,0.0,0.0,0.0,1793.2567070290393,-120.834541107761,-19432.0,13834.212506780532,21.430510983556033,-0.0,0.0,0.0,0.0,0.0,-8321.128038769255,-306.5149789948321,-5228.0,36797.26007667387,0.0,-0.0,0.0,0.0,0.0,0.0,3754.1818906143935,-249.44196728825221,-40302.0,26892.280832814908,0.0,-0.0,0.0,0.0,0.0,0.0,-10594.36163769123,-641.9191951236808,-15656.0
t422,20527.164360954193,0.0,-0.0,0.0,0.0,0.0,0.0,-1874.1051654114308,-504.05919554276124,-18149.0,16585.584620962625,0.0,-529.0838452376247,0.0,0.0,0.0,0.0,8098.1965,-282.697275725,-23872.0,27365.486348006332,0.0,-0.0,0.0,0.0,0.0,0.0,9063.823165411432,-1004.3095134177613,-35425.0,17438.540153725353,0.0,-0.0,0.0,0.0,0.0,0.0,2037.412080348006,-104.95223407336223,-19371.0,14203.972098867638,0.0,-0.0,0.0,0.0,0.0,0.0,-8725.116063547857,-324.85603531978063,-5154.0,37805.47707926448,0.0,-0.0,0.0,0.0,0.0,0.0,2575.842814520589,-174.31989378506495,-40207.0,27625.936227702223,0.0,-0.0,0.0,0.0,0.0,0.0,-11176.05333132074,-656.8828963814833,-15793.0
t423,20857.94829852029,295.27737860905324,-0.0,0.0,0.0,0.0,0.0,-2742.2348705557292,-566.9908065736087,-17844.0,15783.226355616647,0.0,-0.0,0.0,0.0,0.0,0.0,8178.657005451357,-315.88336106800705,-23646.0,24511.43283890958,0.0,-0.0,0.0,0.0,0.0,0.0,12050.0690977772,-989.5019366867784,-35572.0,18033.632145910564,395.98310634657133,-0.0,0.0,0.0,0.0,0.0,941.6183631217887,-176.23361537892765,-19195.0,13782.282454253735,174.41710504012082,-0.0,0.0,0.0,0.0,0.0,-8598.032493819828,-318.66706547402566,-5040.0,38129.03159688398,0.0,-0.0,0.0,0.0,0.0,0.0,2093.945784463299,-370.97738134725836,-39852.0,28255.43175879861,0.0,-0.0,0.0,0.0,0.0,0.0,-11924.022886438086,-692.408872360532,-15639.0
t424,18861.669183117374,2713.377866419739,-0.0,0.0,0.0,0.0,0.0,-3710.2592287080224,-587.7878208290858,-17277.0,14363.538580985474,1590.7239363071928,-0.0,0.0,0.0,0.0,0.0,7385.053988295393,-323.31650558806103,-23016.0,19344.523628103547,916.2040537555189,-0.0,0.0,0.0,0.0,0.0,15822.662110570353,-922.3897924294183,-35161.0,19540.40033575009,974.4831063465713,-0.0,0.0,0.0,0.0,0.0,-1329.8883171650778,-323.9951249315883,-18861.0,12526.352365479217,209.10591173491642,-0.0,0.0,0.0,0.0,0.0,-7624.216071506752,-271.24220570737884,-4840.0,38301.58580507247,64.6,-0.0,0.0,0.0,0.0,0.0,1149.2091905121424,-559.3949955846214,-38956.0,26068.29537357072,1630.3,-0.0,0.0,0.0,0.0,0.0,-11692.561671998037,-563.0337015726834,-15443.0
t425,18675.949499693183,2148.0975498439284,-0.0,0.0,0.0,0.0,0.0,-3710.2592287080224,-587.7878208290858,-16526.0,10779.686443028524,2483.955048623336,-0.0,0.0,0.0,0.0,0.0,9263.002864125978,-402.6443557778392,-22124.0,17818.90299251867,913.2634954582613,-0.0,0.0,0.0,0.0,0.0,17137.852560370688,-1077.0190483476126,-34793.0,22185.3913310248,0.0,-0.0,0.0,0.0,0.0,0.0,-3528.384058142624,-467.0072728821777,-18190.0,13322.380154451752,209.10591173491642,-0.0,0.0,0.0,0.0,0.0,-8557.779329800387,-316.70673638627886,-4657.0,38611.589925652836,0.0,-0.0,0.0,0.0,0.0,0.0,-111.16610495413715,-862.4238206987013,-37638.0,26247.469306853607,0.0,-0.0,0.0,0.0,0.0,0.0,-10493.266702891495,-590.2026039621148,-15164.0
t426,18693.07229919894,0.0,-0.0,0.0,0.0,0.0,0.0,-2432.5084270646757,-669.56387213426,-15591.0,9888.127138553878,2203.2912879866567,-0.0,0.0,0.0,0.0,0.0,9336.70604114396,-405.1244676844943,-21023.0,17530.126617099522,0.0,-0.0,0.0,0.0,0.0,0.0,17702.141687564064,-1117.26830466358,-34115.0,23958.925080519137,0.0,-0.0,0.0,0.0,0.0,0.0,-5887.64682733047,-593.2782531886634,-17478.0,13817.143789105372,0.0,-224.17169023773533,0.0,0.0,0.0,0.0,-8725.116063547857,-324.85603531978063,-4543.0,37657.448692900005,0.0,-0.0,0.0,0.0,0.0,0.0,-886.7359999999999,-887.7126929,-35883.0,24634.772766278635,0.0,-0.0,0.0,0.0,0.0,0.0,-9106.84041076502,-690.9323555136182,-14837.0
t427,18573.358075970176,0.0,-0.0,0.0,0.0,0.0,0.0,-2382.6000689142884,-672.7580070558848,-15518.0,10378.967774979621,0.0,-0.0,0.0,0.0,0.0,0.0,10132.950312433779,-431.9180874133967,-20080.0,17723.687013095114,380.47749502312445,-0.0,0.0,0.0,0.0,0.0,16905.897416274245,-1144.0619243924825,-33866.0,25268.259110170202,0.0,-0.0,0.0,0.0,0.0,0.0,-6415.7884992318395,-618.4706109383587,-18234.0,13828.819092672955,7.1530061946847106,-0.0,0.0,0.0,0.0,0.0,-8725.116063547857,-324.85603531978063,-4786.0,36118.4486929,0.0,-0.0,0.0,0.0,0.0,0.0,-886.7359999999999,-887.7126929,-34344.0,23913.92594519897,0.0,-0.0,0.0,0.0,0.0,0.0,-8628.607097014037,-719.3188481849382,-14566.0
t428,18876.700710444497,0.0,-0.0,0.0,0.0,0.0,0.0,-2281.4704048911244,-679.2303055533673,-15916.0,10019.210674460934,0.0,-0.0,0.0,0.0,0.0,0.0,11948.811129444888,-493.0218039058205,-21475.0,17392.525350403044,2830.603691218725,-0.0,0.0,0.0,0.0,0.0,15090.036599263134,-1205.1656408849065,-34108.0,26882.254079356662,0.0,-0.0,0.0,0.0,0.0,0.0,-7431.3415861712965,-666.9124931853709,-18784.0,13880.19643920349,57.77565966414773,-0.0,0.0,0.0,0.0,0.0,-8725.116063547857,-324.85603531978063,-4888.0,35287.58185481336,0.0,-0.0,0.0,0.0,0.0,0.0,789.5426211530339,-1003.1244759663864,-35074.0,25011.107107246593,0.0,-0.0,0.0,0.0,0.0,0.0,-9390.46229525078,-889.6448119958193,-14731.0
t429,19270.16739191028,0.0,-0.0,0.0,0.0,0.0,0.0,-2551.199765431491,-661.9676264787838,-16057.0,10054.893657307668,1709.5945798854555,-0.0,0.0,0.0,0.0,0.0,10512.19130978101,-444.679546974131,-21832.0,17249.685731084097,1864.793005627364,-0.0,0.0,0.0,0.0,0.0,16489.122648003064,-1154.6013847145189,-34449.0,27153.97174812541,0.0,-214.22557765040784,0.0,0.0,0.0,0.0,-7626.523499999999,-676.2226704750001,-18637.0,13804.178306326865,79.79379254077344,-0.0,0.0,0.0,0.0,0.0,-8725.116063547857,-324.85603531978063,-4834.0,34849.100731312355,0.0,-0.0,0.0,0.0,0.0,0.0,1337.9772709239514,-1036.0780022363022,-35151.0,25138.319735448153,0.0,-0.0,0.0,0.0,0.0,0.0,-9436.451899728676,-916.8678357194785,-14785.0
t430,19527.57739044855,0.0,-0.0,0.0,0.0,0.0,0.0,-3085.825832245885,-627.7515582026626,-15814.0,10082.997855410482,3340.6884271156187,-0.0,0.0,0.0,0.0,0.0,8108.095438375227,-363.7817209013264,-21168.0,17239.449141973375,699.7241255742474,-0.0,0.0,0.0,0.0,0.0,18930.752290332795,-1075.9255578804123,-35794.0,26712.461635908247,0.0,-630.7154654332496,0.0,0.0,0.0,0.0,-7626.523499999999,-676.2226704750001,-17779.0,13956.125009750793,0.0,-214.15291088315536,0.0,0.0,0.0,0.0,-8725.116063547857,-324.85603531978063,-4692.0,34531.90500346843,0.0,-0.0,0.0,0.0,0.0,0.0,1234.8810213516304,-1033.7860248200598,-34733.0,24476.401145054326,0.0,-0.0,0.0,0.0,0.0,0.0,-8836.263354265911,-878.1377907884171,-14762.0
t431,19502.148902633577,0.0,-0.0,0.0,0.0,0.0,0.0,-3460.368046118775,-603.7808565147976,-15438.0,10061.535616377429,571.1,-0.0,0.0,0.0,0.0,0.0,9347.864327647925,-405.4999440253527,-19575.0,17157.486419276916,2537.173960667427,-0.0,0.0,0.0,0.0,0.0,17690.983401060097,-1117.6437810044386,-36268.0,26466.22927682157,0.0,-974.4831063465713,0.0,0.0,0.0,0.0,-7626.523499999999,-676.2226704750001,-17189.0,14081.143789105372,0.0,-224.17169023773533,0.0,0.0,0.0,0.0,-8725.116063547857,-324.85603531978063,-4807.0,33550.85650147501,0.0,-0.0,0.0,0.0,0.0,0.0,1300.4435000000003,-1038.300001475,-33813.0,24249.688390222844,0.0,-320.7237054259629,0.0,0.0,0.0,0.0,-8527.283619041391,-858.6810657554923,-14543.0
t432,19543.865572361927,0.0,-0.0,0.0,0.0,0.0,0.0,-2964.338847110603,-635.5267252513206,-15944.0,9953.234657317465,465.13538115639983,-0.0,0.0,0.0,0.0,0.0,9834.505376857389,-421.87541533125113,-19831.0,17032.55565966815,2147.1212407915527,-0.0,0.0,0.0,0.0,0.0,17204.342351850635,-1134.019252310337,-35250.0,27138.22927682157,0.0,-974.4831063465713,0.0,0.0,0.0,0.0,-7626.523499999999,-676.2226704750001,-17861.0,14095.091612847675,0.0,-139.11951398003657,0.0,0.0,0.0,0.0,-8725.116063547857,-324.85603531978063,-4906.0,34412.32436594007,0.0,-0.0,0.0,0.0,0.0,0.0,1203.2863669225565,-1031.6107328626179,-34584.0,24319.89335085175,0.0,-0.0,0.0,0.0,0.0,0.0,-8926.15568497212,-883.7376658796334,-14510.0
t433,17312.385642185043,3044.9208613084893,-0.0,0.0,0.0,0.0,0.0,-1863.7208334865409,-503.58567000698633,-17990.0,10295.792432902212,0.0,-0.0,0.0,0.0,0.0,0.0,10098.982642415056,-430.77507531726667,-19964.0,17527.238492285243,0.0,-0.0,0.0,0.0,0.0,0.0,15011.93785481171,-1055.1763470969527,-31484.0,28479.22927682157,0.0,-974.4831063465713,0.0,0.0,0.0,0.0,-7626.523499999999,-676.2226704750001,-19202.0,14253.986153413853,0.0,-3.0140545462145383,0.0,0.0,0.0,0.0,-8725.116063547857,-324.85603531978063,-5201.0,37077.448692900005,0.0,-0.0,0.0,0.0,0.0,0.0,-886.7359999999999,-887.7126929,-35303.0,20703.38440730985,0.0,-0.0,0.0,0.0,0.0,0.0,-6008.824100192369,-688.5603071174803,-14006.0
t434,17648.863700333506,1706.778209388173,-0.0,0.0,0.0,0.0,0.0,-751.7615816006855,-452.8803281209913,-18151.0,10217.590443838792,0.0,-0.0,0.0,0.0,0.0,0.0,10698.353459472459,-450.9439033112482,-20465.0,17634.18362545401,0.0,-0.0,0.0,0.0,0.0,0.0,13381.996622128227,-1028.1802475822394,-29988.0,28513.154138404938,0.0,-885.4079679299371,0.0,0.0,0.0,0.0,-7626.523499999999,-676.2226704750001,-19325.0,14396.041572856017,0.0,-82.06947398837856,0.0,0.0,0.0,0.0,-8725.116063547857,-324.85603531978063,-5264.0,39017.4486929,0.0,-0.0,0.0,0.0,0.0,0.0,-886.7359999999999,-887.7126929,-37243.0,20572.31365794692,0.0,-0.0,0.0,0.0,0.0,0.0,-6090.212936452144,-692.1007214947806,-13790.0
t435,17997.964548911015,359.06329144219217,-0.0,0.0,0.0,0.0,0.0,305.63519476548936,-404.6630351186937,-18258.0,10122.624402706613,0.0,-0.0,0.0,0.0,0.0,0.0,11086.376475079825,-464.00087778643615,-20745.0,17684.443098900447,0.0,-0.0,0.0,0.0,0.0,0.0,11936.576830154685,-993.0199290551299,-28628.0,28587.710350402536,0.0,-445.9641799275331,0.0,0.0,0.0,0.0,-7626.523499999999,-676.2226704750001,-19839.0,14414.019358648155,60.95274021948206,-0.0,0.0,0.0,0.0,0.0,-8725.116063547857,-324.85603531978063,-5425.0,40073.448692900005,0.0,-0.0,0.0,0.0,0.0,0.0,-886.7359999999999,-887.7126929,-38299.0,20655.31365794692,0.0,-0.0,0.0,0.0,0.0,0.0,-6090.212936452144,-692.1007214947806,-13873.0
t436,19231.78646455886,0.0,-0.0,0.0,0.0,0.0,0.0,-157.98246419171392,-425.8040003671422,-18648.0,10338.187599745948,0.0,-0.0,0.0,0.0,0.0,0.0,11854.666228234131,-489.8538279800785,-21703.0,17650.109108539637,0.0,-0.0,0.0,0.0,0.0,0.0,11631.904735957585,-1040.0138444972206,-28242.0,28090.86816841284,855.0547101705815,-0.0,0.0,0.0,0.0,0.0,-8000.716323549983,-669.2065550334378,-20276.0,14093.292515660438,215.47064421565352,-0.0,0.0,0.0,0.0,0.0,-8350.923239997874,-317.83991987821844,-5640.0,41064.448692900005,0.0,-0.0,0.0,0.0,0.0,0.0,-886.7359999999999,-887.7126929,-39290.0,20997.313657946925,0.0,-0.0,0.0,0.0,0.0,0.0,-6090.212936452144,-692.1007214947806,-14215.0
t437,19064.567190242375,2407.832159789259,-0.0,0.0,0.0,0.0,0.0,-1910.672676005769,-505.7266740258631,-19056.0,10361.015610815244,0.0,-0.0,0.0,0.0,0.0,0.0,13355.335746452893,-540.3513572681399,-23176.0,17748.508617891126,0.0,-0.0,0.0,0.0,0.0,0.0,11883.925429552877,-1170.434047444003,-28462.0,28188.446601412437,974.4831063465713,-0.0,0.0,0.0,0.0,0.0,-7880.468506149307,-671.4612016097005,-20611.0,14332.75704580032,182.50857805271107,-0.0,0.0,0.0,0.0,0.0,-8471.17105739855,-320.0945664544811,-5724.0,42374.4486929,0.0,-0.0,0.0,0.0,0.0,0.0,-886.7359999999999,-887.7126929,-40600.0,21185.31365794692,0.0,-0.0,0.0,0.0,0.0,0.0,-6090.212936452144,-692.1007214947806,-14403.0
t438,19509.827411974464,1132.7554591861729,-0.0,0.0,0.0,0.0,0.0,-913.33480409395,-460.24806706668414,-19269.0,10588.96144441391,1019.6383573110907,-0.0,0.0,0.0,0.0,0.0,13358.8705,-540.470301725,-24427.0,18262.021580847737,0.0,-0.0,0.0,0.0,0.0,0.0,10883.05280409395,-1125.074384941684,-28020.0,28210.32415080431,974.4831063465713,-0.0,0.0,0.0,0.0,0.0,-8081.496764854737,-666.3104922961456,-20437.0,14044.500543710137,219.78874150763824,-0.0,0.0,0.0,0.0,0.0,-8249.353792480508,-315.93549273726785,-5699.0,42957.448692900005,0.0,-0.0,0.0,0.0,0.0,0.0,-886.7359999999999,-887.7126929,-41183.0,21218.111028563188,0.0,-0.0,0.0,0.0,0.0,0.0,-6111.001942664754,-691.109085898439,-14416.0
t439,19357.20008980936,0.0,-0.0,0.0,0.0,0.0,0.0,395.3709929137731,-400.57108272313195,-19352.0,11522.4644205686,465.13538115639983,-0.0,0.0,0.0,0.0,0.0,13358.8705,-540.470301725,-24806.0,19641.262444492775,0.0,-0.0,0.0,0.0,0.0,0.0,8020.1250141218625,-973.3874586146416,-26688.0,27917.15082517625,789.5795151515541,-0.0,0.0,0.0,0.0,0.0,-7886.5886909831515,-671.1416493446558,-20149.0,14265.999453107726,147.8914464879745,-0.0,0.0,0.0,0.0,0.0,-8461.968874078473,-319.92202551722966,-5632.0,41462.21675795214,0.0,-0.0,0.0,0.0,0.0,0.0,667.4859929643653,-795.7027509165096,-41334.0,21418.24864510536,0.0,-0.0,0.0,0.0,0.0,0.0,-6093.294934938376,-691.9537101669873,-14633.0
t440,20167.07963001238,0.0,-0.0,0.0,0.0,0.0,0.0,-470.0455528044913,-440.0340772078848,-19257.0,11752.599801725,0.0,-0.0,0.0,0.0,0.0,0.0,13358.8705,-540.470301725,-24571.0,22373.585205485793,0.0,-2402.064363207399,0.0,0.0,0.0,0.0,7659.763552804492,-940.2843950828848,-26691.0,28477.37674001946,0.0,-439.6305695444549,0.0,0.0,0.0,0.0,-7626.523499999999,-676.2226704750001,-19735.0,14614.679418230417,0.0,-6.707319362780746,0.0,0.0,0.0,0.0,-8725.116063547857,-324.85603531978063,-5558.0,39250.84120637103,0.0,-0.0,0.0,0.0,0.0,0.0,2638.6127478161125,-774.4539541871393,-41115.0,22389.979667050175,0.0,-0.0,0.0,0.0,0.0,0.0,-6835.561684268256,-743.4179827819198,-14811.0
t441,21328.42119001684,0.0,-3799.1469448003677,0.0,0.0,0.0,0.0,1955.170002662137,-329.4442478786066,-19155.0,16640.46803671058,0.0,-1628.942819438273,0.0,0.0,0.0,0.0,9545.068801212083,-353.59401848439205,-24203.0,26074.25062217126,0.0,-4012.104053755519,0.0,0.0,0.0,0.0,5234.547997337864,-829.6945657536065,-26467.0,28755.229276821567,0.0,-974.4831063465713,0.0,0.0,0.0,0.0,-7626.523499999999,-676.2226704750001,-19478.0,14641.055003294701,0.0,-26.0829044270634,0.0,0.0,0.0,0.0,-8725.116063547857,-324.85603531978063,-5565.0,33548.24601498649,0.0,-0.0,0.0,0.0,0.0,0.0,7743.202407035756,-676.4484220222557,-40615.0,25167.045919449607,0.0,-1203.4075408919844,0.0,0.0,0.0,0.0,-8126.3496446999825,-832.2887338576443,-15005.0
t442,22412.308991247715,0.0,-6469.0,0.0,0.0,0.0,0.0,3502.5736502986697,-258.8826415463807,-19187.0,21647.559488109564,0.0,-4394.222589560968,0.0,0.0,0.0,0.0,6817.811504316396,-262.14840286499305,-23809.0,26581.070829150933,0.0,-5677.104053755518,0.0,0.0,0.0,0.0,6435.678025824433,-666.6448012198382,-26673.0,27469.867101754942,0.0,-0.0,0.0,0.0,0.0,0.0,-7441.890245577926,-659.9768561770247,-19368.0,14526.05547690371,27.871690237735315,-0.0,0.0,0.0,0.0,0.0,-8613.170118295151,-322.7570488462924,-5618.0,34226.37483389781,0.0,-0.0,0.0,0.0,0.0,0.0,6613.823254783847,-601.1980886816627,-40239.0,24914.97510146068,0.0,-1630.3,0.0,0.0,0.0,0.0,-7314.826071350268,-741.8490301104208,-15228.0
t443,21975.539152160316,0.0,-6469.0,0.0,0.0,0.0,0.0,4288.505018974453,-223.04417113476495,-19572.0,22398.71987592899,0.0,-4582.1950980067595,0.0,0.0,0.0,0.0,6178.910129079355,-223.4349070015874,-23772.0,27384.964058361973,0.0,-4012.104053755519,0.0,0.0,0.0,0.0,5167.184541396818,-647.0445460032716,-27893.0,27730.93068604899,0.0,-0.0,0.0,0.0,0.0,0.0,-7356.584123817878,-663.3465622311128,-19711.0,14759.972098867638,0.0,-0.0,0.0,0.0,0.0,0.0,-8725.116063547857,-324.85603531978063,-5710.0,34081.098430633705,0.0,-0.0,0.0,0.0,0.0,0.0,6807.252810549375,-482.3512411830807,-40406.0,23529.570527757438,0.0,-1224.1936018722863,0.0,0.0,0.0,0.0,-6360.152312634267,-679.2246132508933,-15266.0
t444,21999.84783097179,0.0,-4736.319332827034,0.0,0.0,0.0,0.0,3340.7340300834435,-266.262528228195,-20338.0,22430.14908684115,0.0,-3911.7884271156186,0.0,0.0,0.0,0.0,5962.469399052586,-210.8300587781195,-24270.0,26750.466792081337,0.0,-1645.40752728393,0.0,0.0,0.0,0.0,5001.831084972631,-651.8903497700412,-29455.0,26912.155345930463,0.0,-0.0,0.0,0.0,0.0,0.0,-5740.877967362281,-586.2773785681808,-20585.0,15074.272098867637,0.0,-196.3,0.0,0.0,0.0,0.0,-8725.116063547857,-324.85603531978063,-5828.0,35144.425666899995,0.0,-0.0,0.0,0.0,0.0,0.0,7153.938,-465.3636669,-41833.0,23224.378633400214,0.0,-0.0,0.0,0.0,0.0,0.0,-6992.9784831985235,-559.4001502016881,-15672.0
t445,21679.897000494435,0.0,-591.2438170584469,0.0,0.0,0.0,0.0,167.31715432671172,-410.97033776270194,-20845.0,21719.870659077736,0.0,-3020.616093682582,0.0,0.0,0.0,0.0,7443.40911481849,-260.6636802136422,-25882.0,26640.98378391296,0.0,-0.0,0.0,0.0,0.0,0.0,5462.880907654159,-792.8646915671163,-31311.0,26628.24407949451,0.0,-0.0,0.0,0.0,0.0,0.0,-5044.198320100709,-553.0457593938038,-21031.0,15130.143789105372,0.0,-224.17169023773533,0.0,0.0,0.0,0.0,-8725.116063547857,-324.85603531978063,-5856.0,36382.425666899995,0.0,-0.0,0.0,0.0,0.0,0.0,7153.938,-465.3636669,-43071.0,23207.83223500515,0.0,-0.0,0.0,0.0,0.0,0.0,-6458.230793150795,-472.60144185435655,-16277.0
t446,21497.487818957976,0.0,-0.0,0.0,0.0,0.0,0.0,-342.27985745789556,-434.20796150008005,-20721.0,21917.50899024838,0.0,-0.0,0.0,0.0,0.0,0.0,4827.633992107792,-177.1429823561716,-26568.0,25038.66742381738,0.0,-0.0,0.0,0.0,0.0,0.0,8218.721493783109,-689.3889176004909,-32568.0,26846.60659743277,0.0,-0.0,0.0,0.0,0.0,0.0,-5260.254937394071,-563.3516600386972,-21023.0,15034.143789105372,0.0,-224.17169023773533,0.0,0.0,0.0,0.0,-8725.116063547857,-324.85603531978063,-5760.0,36879.9593240863,0.0,-0.0,0.0,0.0,0.0,0.0,6860.7695946746335,-479.728918760943,-43261.0,22479.55411667937,0.0,-0.0,0.0,0.0,0.0,0.0,-5579.474222165712,-454.07989451366007,-16446.0
t447,21605.443108481253,0.0,-0.0,0.0,0.0,0.0,0.0,-815.6494916614865,-455.79361681976377,-20334.0,21658.609857984666,0.0,-0.0,0.0,0.0,0.0,0.0,5194.377956657692,-216.98781464236282,-26636.0,23046.281983775185,0.0,-0.0,0.0,0.0,0.0,0.0,10765.964159535713,-691.2461433108995,-33121.0,26971.908081096415,0.0,-0.0,0.0,0.0,0.0,0.0,-5691.009431680266,-583.8986494161487,-20697.0,14677.97209886764,0.0,-0.0,0.0,0.0,0.0,0.0,-8725.116063547857,-324.85603531978063,-5628.0,38197.54166123043,0.0,-0.0,0.0,0.0,0.0,0.0,5068.9847165582105,-567.5263777886477,-42699.0,22684.402926885352,0.0,-0.0,0.0,0.0,0.0,0.0,-5797.551845862006,-502.85108102334993,-16384.0
t448,20844.82518732271,0.0,-0.0,0.0,0.0,0.0,0.0,-637.1702250599719,-447.6549622627347,-19760.0,20017.804862401234,0.0,-0.0,0.0,0.0,0.0,0.0,6288.756089407323,-302.5609518085564,-26004.0,19665.790082958334,0.0,-0.0,0.0,0.0,0.0,0.0,14534.989101045643,-709.7791840039808,-33491.0,28252.763064128427,395.98310634657133,-0.0,0.0,0.0,0.0,0.0,-7626.523499999999,-676.2226704750001,-20346.0,14671.143789105372,0.0,-224.17169023773533,0.0,0.0,0.0,0.0,-8725.116063547857,-324.85603531978063,-5397.0,41496.66049011972,0.0,-0.0,0.0,0.0,0.0,0.0,904.0383606309206,-781.6988507506495,-41619.0,21643.29557990288,0.0,-0.0,0.0,0.0,0.0,0.0,-4738.973762476056,-633.3218174268208,-16271.0
t449,22002.904406223948,1182.142643313162,-0.0,0.0,0.0,0.0,0.0,-3710.2592287080224,-587.7878208290858,-18887.0,13694.986742644283,1372.2119644612856,-0.0,0.0,0.0,0.0,0.0,10458.680190711884,-442.8788978174549,-25083.0,17467.905392306897,1332.0000000002494,-0.0,0.0,0.0,0.0,0.0,16147.287040864161,-1136.1924331712999,-33811.0,28275.7533782762,0.0,-193.00720780120173,0.0,0.0,0.0,0.0,-7626.523499999999,-676.2226704750001,-19780.0,14243.843789105373,0.0,-27.871690237735315,0.0,0.0,0.0,0.0,-8725.116063547857,-324.85603531978063,-5166.0,41906.4486929,0.0,-0.0,0.0,0.0,0.0,0.0,-886.7359999999999,-887.7126929,-40132.0,21592.102711319178,710.5001478705315,-0.0,0.0,0.0,0.0,0.0,-5657.332439320167,-673.2704198695396,-15972.0
t450,20884.14432340917,1505.9027261279407,-0.0,0.0,0.0,0.0,0.0,-3710.2592287080224,-587.7878208290858,-18092.0,10763.548362883994,3937.750159356951,-0.0,0.0,0.0,0.0,0.0,9670.042724850266,-416.34124709121147,-23955.0,17743.310679372433,916.2040537555189,-0.0,0.0,0.0,0.0,0.0,16385.182784395754,-1085.6975175237003,-33959.0,28261.229276821574,0.0,-974.4831063465713,0.0,0.0,0.0,0.0,-7626.523499999999,-676.2226704750001,-18984.0,14062.770220267319,0.0,-75.79812139967902,0.0,0.0,0.0,0.0,-8725.116063547857,-324.85603531978063,-4937.0,40041.448692900005,0.0,-0.0,0.0,0.0,0.0,0.0,-886.7359999999999,-887.7126929,-38267.0,21554.903871938324,0.0,-0.0,0.0,0.0,0.0,0.0,-5106.590716990142,-649.3131549481835,-15799.0
t451,21002.931283565616,912.1157659714918,-0.0,0.0,0.0,0.0,0.0,-3710.2592287080224,-587.7878208290858,-17617.0,13280.020667386965,454.3010222860902,-0.0,0.0,0.0,0.0,0.0,9367.850799117237,-406.1724887902951,-22696.0,17491.3193961786,0.0,-0.0,0.0,0.0,0.0,0.0,17670.996929590787,-1118.316325769381,-34044.0,28534.434910586555,0.0,-949.15224718128,0.0,0.0,0.0,0.0,-7787.070244387543,-673.2124190177335,-19125.0,13520.24341278509,224.17169023773533,-0.0,0.0,0.0,0.0,0.0,-8564.569319160313,-321.84578386251417,-4858.0,38488.448692900005,0.0,-0.0,0.0,0.0,0.0,0.0,-886.7359999999999,-887.7126929,-36714.0,21194.89783244225,1108.415825504668,-0.0,0.0,0.0,0.0,0.0,-6090.212936452144,-692.1007214947806,-15521.0
t452,20799.225205233353,897.821844303757,-0.0,0.0,0.0,0.0,0.0,-3710.2592287080224,-587.7878208290858,-17399.0,10538.04799355395,1906.6816067271707,-0.0,0.0,0.0,0.0,0.0,10320.499517896085,-438.22911817720325,-22327.0,17654.09730079388,2586.6792420024994,-0.0,0.0,0.0,0.0,0.0,15169.208850172101,-1082.9853929684562,-34327.0,27962.729070162128,28.0372122592231,-0.0,0.0,0.0,0.0,0.0,-7603.069307188725,-674.6969752326266,-19713.0,14007.972098867638,0.0,-0.0,0.0,0.0,0.0,0.0,-8725.116063547857,-324.85603531978063,-4958.0,37606.377190468906,0.0,-0.0,0.0,0.0,0.0,0.0,-910.1901928112738,-886.1869976576265,-35810.0,20658.786735119258,0.0,-0.0,0.0,0.0,0.0,0.0,-4541.073575812306,-624.7131593069477,-15493.0
t453,20669.974542669213,1118.072506867897,-0.0,0.0,0.0,0.0,0.0,-3710.2592287080224,-587.7878208290858,-17490.0,10528.41588195959,1476.6510402415024,-0.0,0.0,0.0,0.0,0.0,11097.30158555276,-464.36850775385034,-22638.0,17803.944598435777,4012.104053755519,-0.0,0.0,0.0,0.0,0.0,13749.091934463548,-1081.1405866548466,-34484.0,27825.984851490044,168.76131898495805,-0.0,0.0,0.0,0.0,0.0,-7626.523499999999,-676.2226704750001,-19692.0,13802.051915477427,156.92018339021286,-0.0,0.0,0.0,0.0,0.0,-8725.116063547857,-324.85603531978063,-4909.0,37695.448692900005,0.0,-0.0,0.0,0.0,0.0,0.0,-886.7359999999999,-887.7126929,-35921.0,20174.48769117712,0.0,-0.0,0.0,0.0,0.0,0.0,-3897.758727760429,-596.7289634166909,-15680.0
t454,20166.082313282535,1425.964736254575,-0.0,0.0,0.0,0.0,0.0,-3710.2592287080224,-587.7878208290858,-17294.0,10481.020439859678,3340.6884271156187,-0.0,0.0,0.0,0.0,0.0,8583.05525164247,-379.76411861776916,-22025.0,17562.035938809135,2094.77589541262,-0.0,0.0,0.0,0.0,0.0,16138.284525481185,-991.096359702935,-34804.0,27618.954164851395,0.0,-144.2079943763978,0.0,0.0,0.0,0.0,-7626.523499999999,-676.2226704750001,-19172.0,14017.143789105374,0.0,-224.17169023773533,0.0,0.0,0.0,0.0,-8725.116063547857,-324.85603531978063,-4743.0,37266.448692900005,0.0,-0.0,0.0,0.0,0.0,0.0,-886.7359999999999,-887.7126929,-35492.0,19964.99411046864,0.0,-0.0,0.0,0.0,0.0,0.0,-3772.704984867776,-591.2891256008606,-15601.0
t455,20100.8890699455,1356.1579795916111,-0.0,0.0,0.0,0.0,0.0,-3710.2592287080224,-587.7878208290858,-17159.0,11546.315139299659,876.4002814896203,-0.0,0.0,0.0,0.0,0.0,9037.335218720671,-395.0506395099506,-21065.0,17480.75121918319,916.2040537555189,-0.0,0.0,0.0,0.0,0.0,17414.713444188063,-1081.6687171267674,-34730.0,27078.000914904613,357.74525557038396,-0.0,0.0,0.0,0.0,0.0,-7626.523499999999,-676.2226704750001,-19133.0,14120.143789105372,0.0,-224.17169023773533,0.0,0.0,0.0,0.0,-8725.116063547857,-324.85603531978063,-4846.0,36472.448692900005,0.0,-0.0,0.0,0.0,0.0,0.0,-886.7359999999999,-887.7126929,-34698.0,19940.68883278537,1630.3,-0.0,0.0,0.0,0.0,0.0,-5503.413870652856,-666.5749621325116,-15401.0
t456,20261.57164158489,1705.475407952223,-0.0,0.0,0.0,0.0,0.0,-3710.2592287080224,-587.7878208290858,-17669.0,10400.818267311486,0.0,-0.0,0.0,0.0,0.0,0.0,11190.692856717043,-467.51112402852857,-21124.0,17641.608508052752,3145.2491533410184,-0.0,0.0,0.0,0.0,0.0,13811.189297106364,-1091.0469585001338,-33507.0,27318.763064128427,395.98310634657133,-0.0,0.0,0.0,0.0,0.0,-7626.523499999999,-676.2226704750001,-19412.0,13933.651099570763,72.32099929687502,-0.0,0.0,0.0,0.0,0.0,-8725.116063547857,-324.85603531978063,-4956.0,37190.448692900005,0.0,-0.0,0.0,0.0,0.0,0.0,-886.7359999999999,-887.7126929,-35416.0,20005.740080554835,0.0,-0.0,0.0,0.0,0.0,0.0,-4053.24736156753,-603.4927189872999,-15349.0
t457,22196.683209058665,0.0,-0.0,0.0,0.0,0.0,0.0,-3282.5200828977154,-615.1631261609455,-18299.0,11136.74645412142,0.0,-0.0,0.0,0.0,0.0,0.0,11140.060904722493,-465.80735884391186,-21811.0,17589.334408359897,0.0,-383.1700365224242,0.0,0.0,0.0,0.0,15898.78682398553,-1177.9511958229978,-31927.0,27794.168695040098,775.7779279536207,-0.0,0.0,0.0,0.0,0.0,-8247.36472549678,-664.5818974969354,-19658.0,13207.318410155058,224.17169023773533,-0.0,0.0,0.0,0.0,0.0,-8104.274838051077,-313.21526234171597,-5014.0,38840.048692899996,0.0,-64.6,0.0,0.0,0.0,0.0,-886.7359999999999,-887.7126929,-37001.0,22500.428109089084,0.0,-0.0,0.0,0.0,0.0,0.0,-6517.952082262451,-719.4760268266402,-15263.0
t458,22116.077073177697,0.0,-0.0,0.0,0.0,0.0,0.0,-2761.5733565291675,-648.5037166485325,-18706.0,11100.944933542096,0.0,-409.84538847534435,0.0,0.0,0.0,0.0,12450.814678256582,-509.91422332333394,-22632.0,17531.765914349246,0.0,-592.7409044982696,0.0,0.0,0.0,0.0,14588.033050451442,-1222.0580603024198,-30305.0,28218.470783380795,164.27538709420332,-0.0,0.0,0.0,0.0,0.0,-7626.523499999999,-676.2226704750001,-20080.0,14330.143789105372,0.0,-224.17169023773533,0.0,0.0,0.0,0.0,-8725.116063547857,-324.85603531978063,-5056.0,40738.048692899996,0.0,-64.6,0.0,0.0,0.0,0.0,-886.7359999999999,-887.7126929,-38899.0,23093.71542594522,0.0,-0.0,0.0,0.0,0.0,0.0,-7038.898808630998,-752.8166173142273,-15302.0
t459,22201.765918886267,0.0,-0.0,0.0,0.0,0.0,0.0,-2376.6255421152428,-673.1403767710237,-19152.0,11091.44060132535,0.0,-571.1,0.0,0.0,0.0,0.0,12797.230514901064,-521.5711162264208,-22796.0,17613.534082839436,0.0,-1461.4363434408904,0.0,0.0,0.0,0.0,14241.617213806958,-1233.7149532055066,-29160.0,28266.246170475,804.5,-0.0,0.0,0.0,0.0,0.0,-7626.523499999999,-676.2226704750001,-20768.0,14468.30112659455,0.0,-172.32902772691094,0.0,0.0,0.0,0.0,-8725.116063547857,-324.85603531978063,-5246.0,41941.448692900005,0.0,-0.0,0.0,0.0,0.0,0.0,-886.7359999999999,-887.7126929,-40167.0,23170.299900481637,0.0,-0.0,0.0,0.0,0.0,0.0,-7423.846623044923,-777.4532774367185,-14969.0
t460,22285.95242966048,0.0,-0.0,0.0,0.0,0.0,0.0,-1948.4060023441002,-700.5464273163768,-19637.0,11622.050155926354,0.0,-0.0,0.0,0.0,0.0,0.0,12537.790814377446,-512.840970303801,-23647.0,17845.92789295231,0.0,-0.0,0.0,0.0,0.0,0.0,14501.056914330577,-1224.984807282887,-31122.0,29781.763064128423,169.98310634657133,-0.0,0.0,0.0,0.0,0.0,-7626.523499999999,-676.2226704750001,-21649.0,14538.02776234484,0.0,-35.055663477202444,0.0,0.0,0.0,0.0,-8725.116063547857,-324.85603531978063,-5453.0,43047.4486929,0.0,-0.0,0.0,0.0,0.0,0.0,-886.7359999999999,-887.7126929,-41273.0,23858.925490798138,0.0,-0.0,0.0,0.0,0.0,0.0,-7852.066162816067,-804.8593279820716,-15202.0
t461,22658.120165732344,0.0,-0.0,0.0,0.0,0.0,0.0,-1907.9869169507926,-703.1332487815486,-20047.0,12443.15607134928,571.1,-0.0,0.0,0.0,0.0,0.0,12481.697354013273,-510.9534253625466,-24985.0,17952.420851700128,831.526035946753,-0.0,0.0,0.0,0.0,0.0,14557.15037469475,-1223.0972623416326,-32118.0,30018.857077494275,572.889092980724,-0.0,0.0,0.0,0.0,0.0,-7626.523499999999,-676.2226704750001,-22289.0,14531.446108583026,148.52599028461265,-0.0,0.0,0.0,0.0,0.0,-8725.116063547857,-324.85603531978063,-5630.0,43933.448692900005,0.0,-0.0,0.0,0.0,0.0,0.0,-886.7359999999999,-887.7126929,-42159.0,24068.931397656615,0.0,-0.0,0.0,0.0,0.0,0.0,-7892.485248209374,-807.4461494472433,-15369.0
t462,22627.114308602253,0.0,-0.0,0.0,0.0,0.0,0.0,-1634.4763858289016,-720.6379227733496,-20272.0,13035.599801725,0.0,-0.0,0.0,0.0,0.0,0.0,13358.8705,-540.470301725,-25854.0,17911.417752933823,1240.2191570622363,-0.0,0.0,0.0,0.0,0.0,13679.977228708023,-1252.614138704086,-31579.0,30664.869940125,226.0,-0.0,0.0,0.0,0.0,0.0,-7683.71969836943,-675.1502417555732,-22532.0,14430.531781541047,224.17169023773533,-0.0,0.0,0.0,0.0,0.0,-8667.919865178426,-323.7836066003538,-5663.0,44625.448692900005,0.0,-0.0,0.0,0.0,0.0,0.0,-886.7359999999999,-887.7126929,-42851.0,24279.94660277031,0.0,-0.0,0.0,0.0,0.0,0.0,-8165.995779331264,-824.9508234390444,-15289.0
t463,22599.86850139068,0.0,-0.0,0.0,0.0,0.0,0.0,-1786.9915490643978,-710.8769523262778,-20102.0,12427.297569206317,367.3022325186831,-0.0,0.0,0.0,0.0,0.0,13358.8705,-540.470301725,-25613.0,18220.586343799816,0.0,-1079.9494338037534,0.0,0.0,0.0,0.0,13679.977228708023,-1252.614138704086,-29568.0,30976.319465407618,0.0,-74.57329493262183,0.0,0.0,0.0,0.0,-7626.523499999999,-676.2226704750001,-22599.0,14529.562322463256,112.40977640437994,-0.0,0.0,0.0,0.0,0.0,-8725.116063547857,-324.85603531978063,-5592.0,44537.448692900005,0.0,-0.0,0.0,0.0,0.0,0.0,-886.7359999999999,-887.7126929,-42763.0,24182.67046908774,0.0,-0.0,0.0,0.0,0.0,0.0,-8013.480616095769,-815.1898529919725,-15354.0
t464,23460.479254312682,0.0,-0.0,0.0,0.0,0.0,0.0,-2943.62696885286,-636.8522854598162,-19880.0,12046.599801725002,0.0,-0.0,0.0,0.0,0.0,0.0,13358.8705,-540.470301725,-24865.0,21363.290332943194,0.0,-1665.0,0.0,0.0,0.0,0.0,11635.277586969998,-1131.5679199131948,-30202.0,30963.729276821574,0.0,-169.98310634657133,0.0,0.0,0.0,0.0,-7626.523499999999,-676.2226704750001,-22491.0,14802.709708350221,0.0,-205.73760948258587,0.0,0.0,0.0,0.0,-8725.116063547857,-324.85603531978063,-5547.0,41655.70283237108,0.0,-0.0,0.0,0.0,0.0,0.0,1157.9636417380243,-766.666474109109,-42047.0,22943.01038243281,0.0,-0.0,0.0,0.0,0.0,0.0,-6856.845196307306,-741.165186125511,-15345.0
t465,23850.04704953711,0.0,-0.0,0.0,0.0,0.0,0.0,-3710.2592287080224,-587.7878208290858,-19552.0,17454.309281552167,0.0,-5005.882700242115,0.0,0.0,0.0,0.0,12229.02439912035,-502.4509804303998,-24175.0,25560.432297772535,0.0,-5402.236809950721,0.0,0.0,0.0,0.0,12029.823329587674,-1050.0188174094856,-31138.0,31718.229276821567,0.0,-748.4831063465713,0.0,0.0,0.0,0.0,-7626.523499999999,-676.2226704750001,-22667.0,14798.467207948492,0.0,-144.49510908085432,0.0,0.0,0.0,0.0,-8725.116063547857,-324.85603531978063,-5604.0,39365.34194735851,0.0,-0.0,0.0,0.0,0.0,0.0,2641.296804104054,-774.6387514625642,-41232.0,22929.848520613537,0.0,-0.0,0.0,0.0,0.0,0.0,-6838.245740556198,-743.6027800573447,-15348.0
t466,22889.843339238923,0.0,-6106.846111581035,0.0,0.0,0.0,0.0,2927.1258342981155,-285.1230619560059,-19425.0,24813.721414237745,0.0,-6158.688427115619,0.0,0.0,0.0,0.0,5289.134474274518,-253.1674613966445,-23691.0,27008.607183118424,0.0,-5677.104053755518,0.0,0.0,0.0,0.0,11305.864148255183,-548.3672776180874,-32089.0,31158.746170474995,0.0,-0.0,0.0,0.0,0.0,0.0,-7626.523499999999,-676.2226704750001,-22856.0,14996.143789105374,0.0,-224.17169023773533,0.0,0.0,0.0,0.0,-8725.116063547857,-324.85603531978063,-5722.0,37517.51775370601,0.0,-0.0,0.0,0.0,0.0,0.0,3867.5819420137905,-738.0996957198075,-40647.0,23271.427297723774,0.0,-0.0,0.0,0.0,0.0,0.0,-7038.06683529375,-757.3604624300251,-15476.0
t467,22995.024947508286,0.0,-5351.831320740155,0.0,0.0,0.0,0.0,2324.413134307456,-312.60676107558004,-19655.0,25436.197907891958,0.0,-6158.688427115619,0.0,0.0,0.0,0.0,4440.994605860713,-188.50408663705082,-23530.0,28240.208041917926,0.0,-5677.104053755518,0.0,0.0,0.0,0.0,10403.396313567191,-626.500301729598,-32340.0,32189.746170475,0.0,-226.0,0.0,0.0,0.0,0.0,-7626.523499999999,-676.2226704750001,-23661.0,15051.272098867637,0.0,-196.3,0.0,0.0,0.0,0.0,-8725.116063547857,-324.85603531978063,-5805.0,35685.646355164085,0.0,-0.0,0.0,0.0,0.0,0.0,5787.286166937254,-592.9325221013421,-40880.0,23024.956645687846,0.0,-0.0,0.0,0.0,0.0,0.0,-6604.450657124758,-727.5059885630901,-15693.0
t468,24506.144155959108,0.0,-0.0,0.0,0.0,0.0,0.0,-3364.139399348802,-572.0047566103054,-20570.0,24034.476992297215,0.0,-6094.346680056171,0.0,0.0,0.0,0.0,6368.35789440571,-224.48820664675213,-24084.0,28154.45405421948,0.0,-5677.104053755518,0.0,0.0,0.0,0.0,12283.696004943093,-1014.0460054070575,-33747.0,33274.746170474995,0.0,-0.0,0.0,0.0,0.0,0.0,-7626.523499999999,-676.2226704750001,-24972.0,15154.009191941612,0.0,-146.03709307397418,0.0,0.0,0.0,0.0,-8725.116063547857,-324.85603531978063,-5958.0,35486.04513504933,0.0,-0.0,0.0,0.0,0.0,0.0,7442.162810020585,-485.2079450699173,-42443.0,23270.38274613742,0.0,-0.0,0.0,0.0,0.0,0.0,-6378.4377464727295,-711.9449996646979,-16180.0
t469,24769.17751564746,0.0,-0.0,0.0,0.0,0.0,0.0,-2648.7925742611533,-539.3849413863086,-21581.0,23570.444739017934,0.0,-4201.8179599381865,0.0,0.0,0.0,0.0,6900.711552848028,-266.3383319277724,-26003.0,26354.730240488392,0.0,-1975.2350805406074,0.0,0.0,0.0,0.0,12595.371721702133,-946.8668816499196,-36028.0,34630.24617047499,0.0,-578.5,0.0,0.0,0.0,0.0,-7626.523499999999,-676.2226704750001,-25749.0,14911.543789105375,196.3,-27.871690237735315,0.0,0.0,0.0,0.0,-8725.116063547857,-324.85603531978063,-6030.0,38804.66759289203,0.0,-0.0,0.0,0.0,0.0,0.0,5711.131319241827,-549.7989121338592,-43966.0,23522.90898889745,0.0,-0.0,0.0,0.0,0.0,0.0,-6206.782455982977,-700.1265329144785,-16616.0
t470,24301.369526169336,0.0,-0.0,0.0,0.0,0.0,0.0,-2030.192737346346,-511.17678882299333,-21760.0,23336.737680174218,0.0,-2246.9,0.0,0.0,0.0,0.0,5962.594762000821,-267.4324421750389,-26785.0,25193.801262593184,0.0,-1665.0,0.0,0.0,0.0,0.0,15042.689343991211,-815.4906065843936,-37756.0,34209.74617047499,0.0,-0.0,0.0,0.0,0.0,0.0,-7626.523499999999,-676.2226704750001,-25907.0,15231.272098867636,0.0,-196.3,0.0,0.0,0.0,0.0,-8725.116063547857,-324.85603531978063,-5985.0,41392.41139311393,0.0,-0.0,0.0,0.0,0.0,0.0,3578.303642223011,-653.7150353369483,-44317.0,23623.535870688924,0.0,-0.0,0.0,0.0,0.0,0.0,-6201.75544732084,-699.7804233680903,-16722.0
t471,23955.488695584118,0.0,-0.0,0.0,0.0,0.0,0.0,-1663.7225257667928,-718.7661698173246,-21573.0,22740.246935163857,0.0,-2246.9,0.0,0.0,0.0,0.0,6554.144330973399,-311.4912661372549,-26736.0,23135.705189832974,0.0,-1665.0,0.0,0.0,0.0,0.0,17922.23158177878,-871.9367716117548,-38521.0,34256.74617047499,0.0,-226.0,0.0,0.0,0.0,0.0,-7626.523499999999,-676.2226704750001,-25728.0,14999.484965440339,0.0,-62.512866572702215,0.0,0.0,0.0,0.0,-8725.116063547857,-324.85603531978063,-5887.0,43046.27854543956,0.0,-0.0,0.0,0.0,0.0,0.0,1675.7358159558435,-736.0143613954142,-43986.0,25520.82870987639,0.0,-0.0,0.0,0.0,0.0,0.0,-8136.749639393374,-823.0790704830193,-16561.0
t472,23454.302544765687,827.0055784204033,-0.0,0.0,0.0,0.0,0.0,-2011.820204828729,-696.4879183573606,-21573.0,19757.517069370606,0.0,-0.0,0.0,0.0,0.0,0.0,6879.937124260769,-322.4541936313749,-26315.0,19468.687426163207,0.0,-0.0,0.0,0.0,0.0,0.0,20158.910604447254,-1034.5980306104607,-38593.0,33615.660511064605,0.0,-0.0,0.0,0.0,0.0,0.0,-7636.627286588138,-676.0332244764725,-25303.0,14542.507176043235,224.17169023773533,-0.0,0.0,0.0,0.0,0.0,-8715.012276959718,-324.666589321253,-5727.0,44914.8486929,64.6,-0.0,0.0,0.0,0.0,0.0,-886.7359999999999,-887.7126929,-43205.0,25099.45277935449,0.0,-0.0,0.0,0.0,0.0,0.0,-7788.651960331437,-800.8008190230554,-16510.0
t473,23601.763597612047,0.0,-0.0,0.0,0.0,0.0,0.0,-1561.4521219504813,-725.3114756615685,-21315.0,14201.620824651156,4158.8710502556805,-0.0,0.0,0.0,0.0,0.0,7696.437558330999,-349.9294332378381,-25707.0,17641.459046084383,2581.204053755519,-0.0,0.0,0.0,0.0,0.0,19342.410170377025,-1062.073270216924,-38503.0,32978.304006496146,0.0,-57.55783602114799,0.0,0.0,0.0,0.0,-7626.523499999999,-676.2226704750001,-24618.0,14495.10192403547,123.87017483216852,-0.0,0.0,0.0,0.0,0.0,-8725.116063547857,-324.85603531978063,-5569.0,43736.4486929,0.0,-0.0,0.0,0.0,0.0,0.0,-886.7359999999999,-887.7126929,-41962.0,25267.644419536944,0.0,-0.0,0.0,0.0,0.0,0.0,-8239.020043209686,-829.6243763272632,-16199.0
t474,22981.748204142652,0.0,-0.0,0.0,0.0,0.0,0.0,-1404.3843938848831,-735.3638102577668,-20842.0,11922.002453589135,5587.588427115619,-0.0,0.0,0.0,0.0,0.0,7636.315443364458,-347.90632406921407,-24798.0,17452.441097225215,2311.0767784795216,-0.0,0.0,0.0,0.0,0.0,19402.532285343565,-1060.0501610483,-38106.0,32093.746170474995,0.0,-0.0,0.0,0.0,0.0,0.0,-7626.523499999999,-676.2226704750001,-23791.0,14510.73944827973,19.232650587908275,-0.0,0.0,0.0,0.0,0.0,-8725.116063547857,-324.85603531978063,-5480.0,41983.4486929,0.0,-0.0,0.0,0.0,0.0,0.0,-886.7359999999999,-887.7126929,-40209.0,25177.76448219874,0.0,-0.0,0.0,0.0,0.0,0.0,-8396.087771275284,-839.6767109234615,-15942.0
t475,22865.40457770388,0.0,-0.0,0.0,0.0,0.0,0.0,-1642.2651348691024,-720.1394428347767,-20503.0,11984.267642862182,1708.6767293337887,-0.0,0.0,0.0,0.0,0.0,10555.18180494027,-446.1261771362401,-23802.0,17533.33208476672,5029.2720055808495,-0.0,0.0,0.0,0.0,0.0,16483.665923767752,-1158.270014115326,-37888.0,32342.439517181778,0.0,-0.0,0.0,0.0,0.0,0.0,-7653.7269106566,-675.7126065251888,-24013.0,14357.086934023491,224.17169023773533,-0.0,0.0,0.0,0.0,0.0,-8697.912652891257,-324.3459713699694,-5559.0,40548.44869290001,0.0,-0.0,0.0,0.0,0.0,0.0,-886.7359999999999,-887.7126929,-38774.0,24529.659373791532,0.0,-0.0,0.0,0.0,0.0,0.0,-8158.207030291065,-824.4523435004714,-15547.0
t476,23293.250875533584,0.0,-0.0,0.0,0.0,0.0,0.0,-1885.6906667384417,-704.560208795139,-20703.0,11961.40111185105,4993.579023622008,-0.0,0.0,0.0,0.0,0.0,7176.451776195938,-332.4319116689933,-23799.0,17261.17979613599,1665.0,-0.0,0.0,0.0,0.0,0.0,19862.395952512088,-1044.575748648079,-37744.0,33070.746170474995,0.0,-226.0,0.0,0.0,0.0,0.0,-7626.523499999999,-676.2226704750001,-24542.0,14638.927230771313,94.04486809632505,-0.0,0.0,0.0,0.0,0.0,-8725.116063547857,-324.85603531978063,-5683.0,40086.2286928355,45.22000006449235,-0.0,0.0,0.0,0.0,0.0,-886.7359999999999,-887.7126929,-38357.0,24270.654607882556,0.0,-0.0,0.0,0.0,0.0,0.0,-7914.781498421726,-808.8731094608338,-15547.0
t477,22322.20093422853,1752.5641245004608,-0.0,0.0,0.0,0.0,0.0,-2388.3767598959303,-672.3882988330597,-21014.0,11935.013786688934,3911.7884271156186,-0.0,0.0,0.0,0.0,0.0,8725.76405608263,-384.5662698871805,-24188.0,17241.755126658998,3198.8713075818778,-0.0,0.0,0.0,0.0,0.0,18313.08367262539,-1096.7101068662664,-37657.0,33328.210533761536,0.0,-411.46436328654374,0.0,0.0,0.0,0.0,-7626.523499999999,-676.2226704750001,-24614.0,14505.860510272762,135.11158859487634,-0.0,0.0,0.0,0.0,0.0,-8725.116063547857,-324.85603531978063,-5591.0,40370.448692900005,0.0,-0.0,0.0,0.0,0.0,0.0,-886.7359999999999,-887.7126929,-38596.0,23850.79660476299,0.0,-0.0,0.0,0.0,0.0,0.0,-7412.095405264237,-776.7011994987545,-15662.0
t478,21843.70760234553,2085.9770642996023,-0.0,0.0,0.0,0.0,0.0,-2530.3848880114647,-663.2997786336655,-20736.0,12275.54345038009,3226.7232642110393,-0.0,0.0,0.0,0.0,0.0,8445.881507537508,-375.14822212863714,-23573.0,17354.90207975553,3599.423758181679,-0.0,0.0,0.0,0.0,0.0,18592.966221170514,-1087.292059107723,-38460.0,31980.746170474995,0.0,-0.0,0.0,0.0,0.0,0.0,-7626.523499999999,-676.2226704750001,-23678.0,14633.69023123605,0.0,-204.71813236841348,0.0,0.0,0.0,0.0,-8725.116063547857,-324.85603531978063,-5379.0,40096.4486929,0.0,-0.0,0.0,0.0,0.0,0.0,-886.7359999999999,-887.7126929,-38322.0,23556.69995644806,0.0,-0.0,0.0,0.0,0.0,0.0,-7270.087277148701,-767.6126792993603,-15519.0
t479,21724.010740969352,1973.8435216068287,-0.0,0.0,0.0,0.0,0.0,-2508.130182809594,-664.7240797665853,-20525.0,11369.506030657743,2818.0,-0.0,0.0,0.0,0.0,0.0,8379.405265941177,-372.9112965989206,-22194.0,17398.030323856026,3755.5823469551374,-0.0,0.0,0.0,0.0,0.0,18659.442462766845,-1085.0551335780065,-38728.0,32210.729276821567,0.0,-169.98310634657133,0.0,0.0,0.0,0.0,-7626.523499999999,-676.2226704750001,-23738.0,14576.525796520287,0.0,-77.55369765264848,0.0,0.0,0.0,0.0,-8725.116063547857,-324.85603531978063,-5449.0,39146.4486929,0.0,-0.0,0.0,0.0,0.0,0.0,-886.7359999999999,-887.7126929,-37372.0,23473.37896278285,0.0,-0.0,0.0,0.0,0.0,0.0,-7292.341982350572,-769.0369804322801,-15412.0
t480,21367.703783646586,3100.485534365508,-0.0,0.0,0.0,0.0,0.0,-2910.197549728304,-638.9917682837878,-20919.0,14055.345480268701,0.0,-0.0,0.0,0.0,0.0,0.0,8704.505437089352,-383.8509173580568,-22376.0,17144.906714185207,3050.74574853327,-0.0,0.0,0.0,0.0,0.0,18334.34229161867,-1095.9947543371427,-37434.0,32655.72927682157,0.0,-395.98310634657133,0.0,0.0,0.0,0.0,-7626.523499999999,-676.2226704750001,-23957.0,14640.519956645616,0.0,-113.54785777797645,0.0,0.0,0.0,0.0,-8725.116063547857,-324.85603531978063,-5477.0,39883.448692900005,0.0,-0.0,0.0,0.0,0.0,0.0,-886.7359999999999,-887.7126929,-38109.0,23130.579284381343,0.0,-0.0,0.0,0.0,0.0,0.0,-6890.274615431863,-743.3046689494826,-15497.0
t481,19679.802660990696,1062.7962209945247,-0.0,0.0,0.0,0.0,0.0,493.49762625744097,-396.09650824266066,-20840.0,14758.960466788096,2600.3776388119068,-0.0,0.0,0.0,0.0,0.0,5627.988,-280.3261056,-22707.0,16073.414863639235,2827.260892610873,-0.0,0.0,0.0,0.0,0.0,17207.10287374256,-800.7786299926606,-35307.0,33443.34222232808,804.5,-0.0,0.0,0.0,0.0,0.0,-10751.214103151724,-544.6281191763627,-22952.0,9525.028082660174,0.0,-0.0,0.0,0.0,0.0,0.0,-3505.6350178262646,-297.39306483390914,-5722.0,42461.24830673179,378.6,-0.0,0.0,0.0,0.0,0.0,-2699.025014205876,-769.8232925259077,-39371.0,20927.757266749588,1630.3,-0.0,0.0,0.0,0.0,0.0,-6372.714364816137,-678.3429019334542,-15507.0
t482,18495.433735677598,1134.6199603645687,-0.0,0.0,0.0,0.0,0.0,1831.0504054684739,-335.10410151063763,-21126.0,14749.14406914223,3636.1940364577686,-0.0,0.0,0.0,0.0,0.0,5627.988,-280.3261056,-23733.0,15864.978388415318,5677.104053755518,-0.0,0.0,0.0,0.0,0.0,12794.283692606043,-562.366134776879,-33774.0,35919.12187128003,974.4831063465713,-0.0,0.0,0.0,0.0,0.0,-12922.759824168892,-659.8451534577143,-23311.0,9288.370978706715,0.0,-0.0,0.0,0.0,0.0,0.0,-3225.673921982585,-321.6970567241294,-5741.0,40670.85997187476,314.0,-0.0,0.0,0.0,0.0,0.0,1690.0581826036196,-709.9181544783655,-41965.0,21188.01721289597,961.185954641709,-0.0,0.0,0.0,0.0,0.0,-5794.94653452666,-679.256633011022,-15675.0
t483,18056.076868013482,1246.734325847,-0.0,0.0,0.0,0.0,0.0,1733.5719782382503,-303.3831720987358,-20733.0,14735.083713240036,4291.254392359962,-0.0,0.0,0.0,0.0,0.0,5627.988,-280.3261056,-24374.0,15829.135673320026,4504.033475421855,-0.0,0.0,0.0,0.0,0.0,12420.298746844795,-545.4678955866729,-32208.0,34356.61845225903,748.4831063465713,-0.0,0.0,0.0,0.0,0.0,-11108.1005613404,-534.000997265193,-23463.0,8761.25202679594,13.327867367414795,-0.0,0.0,0.0,0.0,0.0,-2659.7670888929115,-306.8128052704461,-5808.0,43750.994958349795,314.0,-0.0,0.0,0.0,0.0,0.0,-293.0799386596,-580.915019690193,-43191.0,21427.043504308527,415.90372506499057,-0.0,0.0,0.0,0.0,0.0,-5720.911136190134,-676.0360931833832,-15446.0
t484,18246.173840017895,1215.655612621906,-0.0,0.0,0.0,0.0,0.0,1032.2797912871758,-216.10924392697663,-20278.0,14757.945691812596,4882.392413787405,-0.0,0.0,0.0,0.0,0.0,5627.988,-280.3261056,-24988.0,16043.731064074887,1917.995148499936,-0.0,0.0,0.0,0.0,0.0,12002.278528203633,-526.0047407784551,-29438.0,33277.596354478,702.3994737109708,-0.0,0.0,0.0,0.0,0.0,-10012.611767438771,-477.38406075020333,-23490.0,7691.093435906479,57.32750908769391,-0.0,0.0,0.0,0.0,0.0,-1632.6390395265532,-239.7819054676201,-5876.0,44403.899146197444,378.6,-0.0,0.0,0.0,0.0,0.0,-1072.2704706106624,-530.2286755867765,-43180.0,21738.304304978432,277.4672960920591,-0.0,0.0,0.0,0.0,0.0,-5945.025041914822,-682.7465591556717,-15388.0
t485,18078.295498727104,1112.564141618228,-0.0,0.0,0.0,0.0,0.0,908.3983944794178,-44.25803482474828,-20055.0,14712.74967848438,5587.588427115619,-0.0,0.0,0.0,0.0,0.0,5627.988,-280.3261056,-25648.0,15912.578618115062,4284.40139767551,-0.0,0.0,0.0,0.0,0.0,10196.643597976368,-443.62361376694236,-29950.0,32735.665800453193,578.5,-0.0,0.0,0.0,0.0,0.0,-8720.985767632532,-434.1800328206647,-24159.0,6588.69338853631,133.2122694885781,-0.0,0.0,0.0,0.0,0.0,-596.6031254764364,-136.30253254845024,-5989.0,44951.64140463319,358.2486379572,-0.0,0.0,0.0,0.0,0.0,-1482.3361387137215,-503.5539038766724,-43324.0,22062.37148517975,0.0,-0.0,0.0,0.0,0.0,0.0,-5933.104960633098,-685.266524546652,-15444.0
t486,18845.18609217141,954.8139078285878,-0.0,0.0,0.0,0.0,0.0,0.0,-0.0,-19800.0,14782.684755897222,5793.395849695406,-0.0,0.0,0.0,0.0,0.0,5960.432248985744,-291.5128545783703,-26245.0,16142.988010424322,3882.988609289782,-0.0,0.0,0.0,0.0,0.0,9988.156251014256,-460.1328707283703,-29554.0,31584.070594488483,924.1540460263687,-0.0,0.0,0.0,0.0,0.0,-8352.51750495029,-440.70713556456695,-23715.0,5567.264605063364,217.7583907469434,-0.0,0.0,0.0,0.0,0.0,168.69023853499675,-57.71323434530488,-5896.0,44951.575172146266,314.0,-0.0,0.0,0.0,0.0,0.0,-1192.144288407149,-522.430883739115,-43551.0,22443.224591447408,0.0,-0.0,0.0,0.0,0.0,0.0,-6572.616945177559,-668.6076462698529,-15202.0
t487,19687.115830146337,918.9507871392141,-0.0,0.0,0.0,0.0,0.0,-1447.0797793473098,-65.98683793823733,-19093.0,17010.527395781675,2150.3963040110325,-0.0,0.0,0.0,0.0,0.0,7205.485186120239,-333.40888591294606,-26033.0,16897.832646774106,1665.0,-0.0,0.0,0.0,0.0,0.0,10190.183093227071,-568.0157400011833,-28185.0,33150.20201688214,775.6342913151667,-0.0,0.0,0.0,0.0,0.0,-10576.695176960247,-603.1411312370634,-22746.0,5040.868828109983,209.10591173491642,-0.0,0.0,0.0,0.0,0.0,523.5945876776883,-14.569327522587521,-5759.0,42525.02410069608,378.6,-0.0,0.0,0.0,0.0,0.0,1415.4294550552668,-692.0535557513451,-43627.0,22862.210783983133,164.35899757644063,-0.0,0.0,0.0,0.0,0.0,-7310.917365772708,-632.6524157868691,-15083.0
t488,20674.677681048197,916.0991774802787,-0.0,0.0,0.0,0.0,0.0,-2546.08975905413,-392.6870994743474,-18652.0,13228.12440557202,0.0,-741.5246038470183,0.0,0.0,0.0,0.0,13358.8705,-540.470301725,-25305.0,20565.859858696294,0.0,-539.458906535882,0.0,0.0,0.0,0.0,9230.883714313117,-1026.2846664735287,-28231.0,33603.87366695033,578.5,-0.0,0.0,0.0,0.0,0.0,-11606.024981017421,-590.3486859329109,-21986.0,5815.684891545991,195.88020205791278,-0.0,0.0,0.0,0.0,0.0,-205.43957100526404,-191.125522598639,-5615.0,42915.6089924592,314.0,-0.0,0.0,0.0,0.0,0.0,530.0161568632848,-765.6251493224815,-42994.0,24543.57107703283,0.0,-0.0,0.0,0.0,0.0,0.0,-8762.216060099589,-563.3550169332497,-15218.0
t489,18827.894026808448,0.0,-3567.9302156448953,0.0,0.0,0.0,0.0,2925.8707195018283,-132.834530665383,-18053.0,20919.34996441147,0.0,-2246.9,0.0,0.0,0.0,0.0,6252.904584248488,-301.35454865996167,-24624.0,25469.759242533153,0.0,-5402.236809950721,0.0,0.0,0.0,0.0,8687.60050380799,-426.12293639041843,-28329.0,32753.480599114126,0.0,-578.4999999989136,0.0,0.0,0.0,0.0,-10288.774729386952,-481.2058697282607,-21405.0,5874.881509542212,0.0,-0.0,0.0,0.0,0.0,0.0,-91.91021950182812,-185.971290040383,-5597.0,43938.97110477955,0.0,-0.0,0.0,0.0,0.0,0.0,-1083.4710252735977,-529.5000795059525,-42326.0,22270.20946317369,0.0,-0.0,0.0,0.0,0.0,0.0,-6402.2198333959295,-583.989629777765,-15284.0
t490,19335.88425028094,0.0,-4312.866324908651,0.0,0.0,0.0,0.0,2881.816545807365,-130.83447117965437,-17774.0,28209.806134862843,0.0,-4615.567055262846,0.0,0.0,0.0,0.0,367.314,-22.553079600000004,-23939.0,28319.1635610047,0.0,-5677.104053755518,0.0,0.0,0.0,0.0,6090.894399112201,-264.95390636138075,-28468.0,31040.03268339475,0.0,-0.0,0.0,0.0,0.0,0.0,-9436.060928354538,-463.97175504021106,-21140.0,5845.827276362021,0.0,-0.0,0.0,0.0,0.0,0.0,-47.85604580736481,-183.97123055465437,-5614.0,37032.380567590066,0.0,-314.0,0.0,0.0,0.0,0.0,5528.230849146951,-359.61141673700916,-41887.0,22816.369384794198,0.0,-1630.3,0.0,0.0,0.0,0.0,-5384.338819904614,-338.73056488958264,-15463.0
t491,18130.52052956939,0.0,-3068.139102274563,0.0,0.0,0.0,0.0,3031.236719783334,-137.6181470781634,-17956.0,28477.25932501569,0.0,-5219.020245415688,0.0,0.0,0.0,0.0,367.314,-22.553079600000004,-23603.0,28727.829610131972,0.0,-5506.765431492225,0.0,0.0,0.0,0.0,6496.535098128861,-282.5992767686054,-29435.0,29770.798398122304,0.0,-0.0,0.0,0.0,0.0,0.0,-7932.455388456086,-344.34300966621464,-21494.0,6103.0311262364985,0.0,-0.0,0.0,0.0,0.0,0.0,-197.276219783334,-190.7549064531634,-5715.0,39772.61855569462,0.0,-335.6572209616526,0.0,0.0,0.0,0.0,2767.034242758462,-179.99557749143793,-42024.0,21995.051481599618,0.0,-1630.3,0.0,0.0,0.0,0.0,-4532.388452431236,-416.3630291683821,-15416.0
t492,18746.052650005106,0.0,-4170.212650005105,0.0,0.0,0.0,0.0,4600.0,-208.84,-18967.0,28741.173897546505,0.0,-5089.934817946505,0.0,0.0,0.0,0.0,367.314,-22.553079600000004,-23996.0,28798.580497295578,0.0,-5340.172142851342,0.0,0.0,0.0,0.0,7711.021061741521,-335.42941618575617,-30834.0,31033.97428734271,0.0,-0.0,0.0,0.0,0.0,0.0,-8353.145416157979,-364.82887118472837,-22316.0,8102.748421880853,0.0,-0.0,0.0,0.0,0.0,0.0,-1982.8366082862167,-257.91181359463343,-5862.0,40938.59878894591,0.0,-0.0,0.0,0.0,0.0,0.0,2429.436024444196,-158.03481339009494,-43210.0,21921.79494449155,0.0,-797.3011427642707,0.0,0.0,0.0,0.0,-4771.789061741521,-515.7047399857562,-15837.0
t493,20015.344390734634,0.0,-4305.504390734632,0.0,0.0,0.0,0.0,4600.0,-208.84,-20101.0,29092.10626551269,0.0,-6158.688427115619,0.0,0.0,0.0,0.0,2776.1691432207463,-140.58698161781658,-25569.0,27312.990299918354,0.0,-2482.5056137080774,0.0,0.0,0.0,0.0,7575.0290787137765,-329.51376492404927,-32076.0,29272.508046308405,0.0,-578.5,0.0,0.0,0.0,0.0,-5823.926349195908,-282.08169711249315,-22588.0,9952.905632826134,0.0,-0.0,0.0,0.0,0.0,0.0,-3749.11147294383,-224.7941598823032,-5979.0,45716.80251612901,0.0,-314.0,0.0,0.0,0.0,0.0,-742.3633210810085,-226.43919504800652,-44434.0,21529.586167437825,0.0,-0.0,0.0,0.0,0.0,0.0,-4635.7970787137765,-509.7890887240493,-16384.0
t494,18574.47481903732,0.0,-2714.6348190373187,0.0,0.0,0.0,0.0,4600.0,-208.84,-20251.0,26765.01298939068,0.0,-5319.913963390683,0.0,0.0,0.0,0.0,5260.674,-257.773026,-26448.0,25558.34973391445,0.0,-1665.0,0.0,0.0,0.0,0.0,9116.915075626008,-400.26480954045945,-32610.0,31437.564741449452,0.0,-0.0,0.0,0.0,0.0,0.0,-8345.819272164104,-453.7454692853468,-22638.0,11522.152521706523,0.0,-90.83271720601944,0.0,0.0,0.0,0.0,-5204.730050180077,-284.5897543204265,-5942.0,46590.95588479052,0.0,-314.0,0.0,0.0,0.0,0.0,-1142.15769029464,-554.798194495886,-44580.0,21454.87597088624,0.0,-0.0,0.0,0.0,0.0,0.0,-4284.882062987186,-606.993907899055,-16563.0
t495,17040.495909818706,0.0,-1363.6559098187074,0.0,0.0,0.0,0.0,4600.0,-208.84,-20068.0,27547.314096193666,0.0,-3463.1996853363717,0.0,0.0,0.0,0.0,2543.5179696558353,-124.63238051313593,-26503.0,22202.01514489955,0.0,-1665.0,0.0,0.0,0.0,0.0,12519.216785259227,-588.2319301587763,-32468.0,29285.010417375324,0.0,-0.0,0.0,0.0,0.0,0.0,-6521.470224465935,-368.5401929093845,-22395.0,12052.486421338399,0.0,-95.10130074614517,0.0,0.0,0.0,0.0,-5911.288354811285,-272.0967657809699,-5774.0,46845.709793312795,0.0,-378.6,0.0,0.0,0.0,0.0,-2088.4609539264707,-499.6488393863311,-43879.0,22326.772672014926,0.0,-0.0,0.0,0.0,0.0,0.0,-5141.51522171137,-644.2574503035569,-16541.0
t496,18396.78871354212,0.0,-0.0,0.0,0.0,0.0,0.0,1699.322194393536,-341.1109079356548,-19755.0,24241.58176056895,0.0,-2246.9,0.0,0.0,0.0,0.0,4358.451067122378,-288.132827691332,-26065.0,17661.6515928929,0.0,-1665.0,0.0,0.0,0.0,0.0,16903.50123848409,-776.1528313769868,-32124.0,30419.686449317243,0.0,-578.5,0.0,0.0,0.0,0.0,-7594.165787160158,-432.0206621570866,-21815.0,11554.590651318971,126.5565796374849,-0.0,0.0,0.0,0.0,0.0,-5791.560548479138,-273.5866824773191,-5616.0,48190.8112957302,0.0,-0.0,0.0,0.0,0.0,0.0,-4767.073169899565,-757.7381258306286,-42666.0,22105.980724762,0.0,-0.0,0.0,0.0,0.0,0.0,-4808.474994461139,-732.5057303008612,-16565.0
t497,20848.16447893658,1406.7848361672363,-0.0,0.0,0.0,0.0,0.0,-2422.7616491852723,-670.1876659185418,-19162.0,15580.367095483658,0.0,-51.292257102865086,0.0,0.0,0.0,0.0,10064.541285268497,-429.6161236492849,-25164.0,15929.453517188838,0.0,-0.0,0.0,0.0,0.0,0.0,16974.306443439527,-1141.7599606283707,-31762.0,30904.509421685634,0.0,-0.0,0.0,0.0,0.0,0.0,-9275.199424800641,-645.309996884988,-20984.0,12728.896164762318,31.487335714667097,-0.0,0.0,0.0,0.0,0.0,-7076.440138747215,-293.9433617297686,-5390.0,45211.215501474995,0.0,-314.0,0.0,0.0,0.0,0.0,-3073.915500000001,-1038.300001475,-40785.0,22422.618891134127,0.0,-0.0,0.0,0.0,0.0,0.0,-5190.531015974895,-925.0878751592365,-16307.0
t498,19660.268704727274,1567.8850818992905,-0.0,0.0,0.0,0.0,0.0,-1987.082665769406,-698.0711208571573,-18543.0,13531.78978608511,0.0,-0.0,0.0,0.0,0.0,0.0,10922.703495953738,-458.4932820388433,-23996.0,16318.492886263643,0.0,-0.0,0.0,0.0,0.0,0.0,16116.144232754285,-1170.637119017929,-31264.0,29278.237062257213,0.0,-578.5,0.0,0.0,0.0,0.0,-7797.724408822636,-673.0126534345756,-20229.0,14152.561173004578,0.0,-0.0,0.0,0.0,0.0,0.0,-8553.91515472522,-321.6460182793562,-5277.0,42876.215501475,0.0,-314.0,0.0,0.0,0.0,0.0,-3073.915500000001,-1038.300001475,-38450.0,22672.1813294886,0.0,-0.0,0.0,0.0,0.0,0.0,-5626.209999390761,-952.971330097852,-16093.0
t499,19929.594650353483,737.7066916454169,-0.0,0.0,0.0,0.0,0.0,-1671.0009941586525,-718.3003478402455,-18278.0,12477.006506403808,0.0,-0.0,0.0,0.0,0.0,0.0,11025.961404249178,-461.9679106529848,-23041.0,16153.22542317322,0.0,-0.0,0.0,0.0,0.0,0.0,16012.886324458847,-1174.1117476320705,-30992.0,29753.31778319054,0.0,-804.5,0.0,0.0,0.0,0.0,-8253.348073468065,-664.4697097224738,-20031.0,13853.566254884783,0.0,-224.17169023773533,0.0,0.0,0.0,0.0,-8098.291490079791,-313.1030745672544,-5218.0,40695.21550147501,0.0,-0.0,0.0,0.0,0.0,0.0,-3073.915500000001,-1038.300001475,-36583.0,22785.49222808245,0.0,-0.0,0.0,0.0,0.0,0.0,-5942.291671001514,-973.2005570809403,-15870.0
t500,19549.970352057844,1321.1384240810003,-0.0,0.0,0.0,0.0,0.0,-1708.1884237953461,-715.9203523434971,-18447.0,11858.831686838525,0.0,-0.0,0.0,0.0,0.0,0.0,11090.301259959098,-464.1329467976237,-22485.0,16286.730315027782,0.0,-0.0,0.0,0.0,0.0,0.0,15948.546468748924,-1176.2767837767096,-31059.0,30183.396270699657,0.0,-862.057836021148,0.0,0.0,0.0,0.0,-8339.483769251985,-662.8546654265253,-20319.0,13883.381434049763,0.0,-205.73760948258587,0.0,0.0,0.0,0.0,-8012.155794295872,-311.4880302713059,-5354.0,40094.81550147501,0.0,-378.6,0.0,0.0,0.0,0.0,-3073.915500000001,-1038.300001475,-35604.0,22609.924802949008,0.0,-0.0,0.0,0.0,0.0,0.0,-5905.104241364821,-970.8205615841919,-15734.0
t501,19804.656394558548,1496.0474359470318,-0.0,0.0,0.0,0.0,0.0,-1828.4822852982675,-708.2215452073101,-18764.0,12766.301731432932,0.0,-0.0,0.0,0.0,0.0,0.0,10675.88614680713,-450.18787824005994,-22992.0,16303.370133318249,0.0,-0.0,0.0,0.0,0.0,0.0,16362.961581900894,-1162.3317152191457,-31504.0,31435.79371485178,0.0,-974.4831063465713,0.0,0.0,0.0,0.0,-9408.499997355628,-642.810611149582,-20410.0,12789.755232424326,0.0,-224.17169023773533,0.0,0.0,0.0,0.0,-6943.13956619223,-291.44397599436263,-5331.0,39917.81550147501,0.0,-64.6,0.0,0.0,0.0,0.0,-3073.915500000001,-1038.300001475,-35741.0,22612.932134309893,0.0,-0.0,0.0,0.0,0.0,0.0,-5784.8103798618995,-963.1217544480048,-15865.0
t502,19727.812026540498,1651.5890203528288,-0.0,0.0,0.0,0.0,0.0,-1855.936576310817,-706.464470582507,-18817.0,13395.928429273517,0.0,-0.0,0.0,0.0,0.0,0.0,9634.206943784844,-415.1353730583601,-22615.0,16299.63842511427,0.0,-0.0,0.0,0.0,0.0,0.0,17404.640784923176,-1127.2792100374459,-32577.0,31424.053017446575,0.0,-748.4831063465713,0.0,0.0,0.0,0.0,-10460.484,-623.0859111,-19592.0,11448.746529730372,0.0,-27.871690237735315,0.0,0.0,0.0,0.0,-5891.155563547856,-271.71927594478063,-5258.0,39860.21550147502,0.0,-314.0,0.0,0.0,0.0,0.0,-3073.915500000001,-1038.300001475,-35434.0,22548.720768672545,0.0,-0.0,0.0,0.0,0.0,0.0,-5757.35608884935,-961.3646798232018,-15830.0
t503,19671.837117297142,1662.2754259256396,-0.0,0.0,0.0,0.0,0.0,-1654.7736450388716,-719.3388981839115,-18960.0,12639.984532722317,0.0,-0.0,0.0,0.0,0.0,0.0,9210.906790166795,-400.8913228891127,-21450.0,16149.09422132697,0.0,-0.0,0.0,0.0,0.0,0.0,17827.94093854123,-1113.0351598681984,-32864.0,31642.053017446575,0.0,-974.4831063465713,0.0,0.0,0.0,0.0,-10460.484,-623.0859111,-19584.0,11782.174839492636,0.0,-196.3,0.0,0.0,0.0,0.0,-5891.155563547856,-271.71927594478063,-5423.0,39161.21550147501,0.0,-314.0,0.0,0.0,0.0,0.0,-3073.915500000001,-1038.300001475,-34735.0,22604.758127545894,0.0,-0.0,0.0,0.0,0.0,0.0,-5958.519020121295,-974.2391074246062,-15672.0
t504,19658.04784252014,1537.7858620395468,-0.0,0.0,0.0,0.0,0.0,-509.9404213462967,-704.8932832133912,-19981.0,13491.486864754497,0.0,-0.0,0.0,0.0,0.0,0.0,8897.870796963318,-390.3576617178157,-21999.0,16091.348836698227,0.0,-0.0,0.0,0.0,0.0,0.0,17340.65812438298,-1066.0069610812068,-32366.0,31598.96866714674,0.0,-823.0564012791933,0.0,0.0,0.0,0.0,-10045.03671823444,-630.8755476331042,-20100.0,12218.34395994613,0.0,-94.23220215482849,0.0,0.0,0.0,0.0,-6306.602845313416,-279.50891247788485,-5538.0,39629.81550147442,0.0,-64.59999999940818,0.0,0.0,0.0,0.0,-3073.915500000001,-1038.300001475,-35453.0,22905.32146652192,0.0,-0.0,0.0,0.0,0.0,0.0,-6303.033436452144,-996.2880300697806,-15606.0
t505,19845.06911459505,1251.5779349420545,-0.0,0.0,0.0,0.0,0.0,-1310.2592287080224,-741.3878208290859,-19045.0,11482.064838252594,4190.273267347406,-0.0,0.0,0.0,0.0,0.0,5627.988,-280.3261056,-21020.0,16713.61867426632,1753.9915396047484,-0.0,0.0,0.0,0.0,0.0,21410.859728708023,-992.4699425790859,-38886.0,31510.646749520427,0.0,-0.0,0.0,0.0,0.0,0.0,-3884.6703989990856,-370.9763505213457,-27255.0,14437.20297263197,0.0,-0.0,0.0,0.0,0.0,0.0,-7987.1831788993495,-311.0197937326211,-6139.0,45551.28945685559,0.0,-0.0,0.0,0.0,0.0,0.0,-7050.074267702724,-712.2151891528752,-37789.0,23029.273950512987,0.0,-0.0,0.0,0.0,0.0,0.0,-6806.66065439884,-961.6132961141506,-15261.0
t506,17501.828064044137,3900.8189854929733,-0.0,0.0,0.0,0.0,0.0,-1310.2592287080224,-741.3878208290859,-19351.0,12335.168201331446,2246.9,-0.0,0.0,0.0,0.0,0.0,8256.714552769241,-368.782754100685,-22470.0,16937.451456028117,2067.3419591128786,-0.0,0.0,0.0,0.0,0.0,18782.133175938783,-1080.9265910797708,-36706.0,31877.129558741824,0.0,-0.0,0.0,0.0,0.0,0.0,-3752.5707448852863,-272.55881385653583,-27852.0,13390.396869246619,69.81728858469148,-0.0,0.0,0.0,0.0,0.0,-6915.292317745325,-290.92184008598315,-6254.0,49353.8402327491,0.0,-0.0,0.0,0.0,0.0,0.0,-8038.767822352916,-619.0724103961792,-40696.0,23178.74771539209,0.0,-0.0,0.0,0.0,0.0,0.0,-7021.957615016474,-946.7901003756266,-15210.0
t507,16593.69974892224,0.0,-0.0,0.0,0.0,0.0,0.0,3113.9443870292284,-539.6441359514672,-19168.0,14294.815741198841,3225.9944643842246,-0.0,0.0,0.0,0.0,0.0,5773.409327693833,-285.2195332768975,-23009.0,16800.38490010143,1665.0,-0.0,0.0,0.0,0.0,0.0,16841.234785276938,-795.6196853783647,-34511.0,32345.351943146947,0.0,-0.0,0.0,0.0,0.0,0.0,-3936.688716358081,-251.66322678886684,-28157.0,13190.122912558436,58.46332453511968,-0.0,0.0,0.0,0.0,0.0,-6523.019512113175,-283.56672498038034,-6442.0,50188.35001734462,0.0,-0.0,0.0,0.0,0.0,0.0,-7942.759698565165,-584.5903187794546,-41661.0,23375.969053684545,0.0,-0.0,0.0,0.0,0.0,0.0,-7326.12057296358,-925.8484807209682,-15124.0
t508,15671.920584933088,97.3,-0.0,0.0,0.0,0.0,0.0,3645.198369421301,-515.4189543543887,-18899.0,11670.400015166553,2814.9311421845105,-0.0,0.0,0.0,0.0,0.0,9125.692711801043,-398.0238691521051,-23213.0,16783.34045823827,1938.1609626405696,-0.0,0.0,0.0,0.0,0.0,12957.697418777658,-884.1988396564936,-30795.0,32272.784664106723,0.0,-0.0,0.0,0.0,0.0,0.0,-3623.974261940756,-172.81040216596827,-28476.0,12644.642763334365,88.38563659231205,-0.0,0.0,0.0,0.0,0.0,-5771.057281187642,-273.97111873903464,-6688.0,50451.65858248963,0.0,-0.0,0.0,0.0,0.0,0.0,-8369.263673222436,-471.39490926719924,-41611.0,23944.203573239432,0.0,-0.0,0.0,0.0,0.0,0.0,-7964.293283649167,-881.9102895902656,-15098.0
t509,14848.438894469708,97.3,-0.0,0.0,0.0,0.0,0.0,4362.9505599945405,-482.6894544642489,-18826.0,11715.274968635988,2712.0353811564,-0.0,0.0,0.0,0.0,0.0,10056.018998921314,-429.32934871370225,-24054.0,16757.416682038194,3563.73919620561,-0.0,0.0,0.0,0.0,0.0,11309.618941084145,-882.7748193279511,-30748.0,33234.715059678594,0.0,-0.0,0.0,0.0,0.0,0.0,-4176.677843414573,-174.03721626402324,-28884.0,11955.87982891283,214.17813922925853,-0.0,0.0,0.0,0.0,0.0,-5021.023720133284,-288.03424800880384,-6861.0,49819.023025999995,0.0,-0.0,0.0,0.0,0.0,0.0,-8040.674,-422.349026,-41356.0,24212.913657946923,0.0,-0.0,0.0,0.0,0.0,0.0,-8490.212936452144,-845.7007214947806,-14877.0
t510,14790.436978176553,2382.1504053197395,-0.0,0.0,0.0,0.0,0.0,1792.3227013233627,-599.9100848196547,-18365.0,14464.388418066143,771.6660766791363,-0.0,0.0,0.0,0.0,0.0,9874.155134945642,-423.20962969092085,-24687.0,16951.76506692958,0.0,-0.0,0.0,0.0,0.0,0.0,14062.110663730997,-993.8757306605754,-30020.0,32816.67290239837,0.0,-0.0,0.0,0.0,0.0,0.0,-4028.415603139502,-171.25729925886566,-28617.0,12174.176055594351,184.36423581764956,-0.0,0.0,0.0,0.0,0.0,-5169.285960408355,-285.25433100364626,-6904.0,49539.023026,0.0,-0.0,0.0,0.0,0.0,0.0,-8040.674,-422.349026,-41076.0,23902.91365794693,0.0,-0.0,0.0,0.0,0.0,0.0,-8490.212936452144,-845.7007214947806,-14567.0
t511,15192.263098951486,97.3,-0.0,0.0,0.0,0.0,0.0,3221.190609265985,-534.7537082174711,-17976.0,12669.127812218947,0.0,-0.0,0.0,0.0,0.0,0.0,12362.8255778766,-506.9533900955476,-24525.0,17340.760342372923,2010.1304592326815,-0.0,0.0,0.0,0.0,0.0,10144.572312857415,-1012.4631144630188,-28483.0,32510.36751871679,0.0,-0.0,0.0,0.0,0.0,0.0,-4184.189459648379,-174.1780590684071,-28152.0,12013.299692010418,170.3875027022482,-0.0,0.0,0.0,0.0,0.0,-5013.512103899478,-288.17509081318775,-6882.0,48891.023025999995,0.0,-0.0,0.0,0.0,0.0,0.0,-8040.674,-422.349026,-40428.0,23847.913657946923,0.0,-0.0,0.0,0.0,0.0,0.0,-8490.212936452144,-845.7007214947806,-14512.0
t512,16380.947453160119,0.0,-0.0,0.0,0.0,0.0,0.0,1592.0548458682874,-346.0022990284061,-17627.0,13929.694380275343,0.0,-2246.9,0.0,0.0,0.0,0.0,12770.890390774206,-520.6847710495521,-23933.0,21799.93303144667,0.0,-1478.533208576231,0.0,0.0,0.0,0.0,8965.643263357506,-991.0430862279582,-28296.0,33428.22412653366,0.0,-0.0,0.0,0.0,0.0,0.0,-5210.405510527542,-314.8186160061183,-27903.0,12333.511745078511,27.871690237735315,-0.0,0.0,0.0,0.0,0.0,-5220.953067342392,-258.4303679738547,-6882.0,43908.6861676476,0.0,-0.0,0.0,0.0,0.0,0.0,-3741.688109468517,-701.9980581790729,-39465.0,24277.043022746686,0.0,-0.0,0.0,0.0,0.0,0.0,-9155.54181266155,-545.5012100851401,-14576.0
t513,16684.130318918895,0.0,-1829.9891993649217,0.0,0.0,0.0,0.0,2620.8452550241223,-118.98637457809515,-17356.0,22350.299296240675,0.0,-2246.9,0.0,0.0,0.0,0.0,3517.145617280824,-128.54491352149972,-23492.0,25656.74026945399,0.0,-3669.3519988203934,0.0,0.0,0.0,0.0,6857.941702707398,-541.3299733409874,-28304.0,28793.673840470186,0.0,-974.4831063465713,0.0,0.0,0.0,0.0,108.25327991773747,-230.44401404135118,-27697.0,12547.800579214952,0.0,-27.871690237735315,0.0,0.0,0.0,0.0,-5454.805755024123,-172.12313395309516,-6893.0,36366.200034584086,0.0,-378.6,0.0,0.0,0.0,0.0,2725.7072200822627,-177.30725466635118,-38536.0,25666.978539007716,0.0,-0.0,0.0,0.0,0.0,0.0,-10375.087319988223,-457.8912190194876,-14834.0
t514,18311.866230195796,0.0,-3851.096626636708,0.0,0.0,0.0,0.0,2823.4133631268705,-128.18296668595994,-17156.0,29711.529216003746,0.0,-6158.688427115619,0.0,0.0,0.0,0.0,-671.9168626197593,-32.923926268368206,-22848.0,28357.53948944414,0.0,-5677.104053755518,0.0,0.0,0.0,0.0,6393.690082918323,-278.125518606947,-28796.0,28941.31933102455,0.0,-974.4831063465713,0.0,0.0,0.0,0.0,-172.15185651188585,-248.68436816609818,-27546.0,12876.565279425567,0.0,-27.871690237735315,0.0,0.0,0.0,0.0,-5657.373863126871,-181.31972606095994,-7010.0,32691.450124502826,0.0,-378.6,0.0,0.0,0.0,0.0,5865.208719131645,-379.05884363446637,-37799.0,25579.88241010027,0.0,-1630.3,0.0,0.0,0.0,0.0,-8580.869582918323,-428.71282718194703,-14940.0
t515,18432.593646567664,0.0,-4286.5181851050065,0.0,0.0,0.0,0.0,3269.353172572116,-148.42863403477406,-17267.0,31044.97121649161,0.0,-6158.688427115619,0.0,0.0,0.0,0.0,-2245.2648135138147,-110.01797586217693,-22531.0,28934.049882739764,0.0,-5677.104053755518,0.0,0.0,0.0,0.0,7316.313822285162,-318.2596512694045,-30255.0,29009.368609563306,0.0,-974.4831063465713,0.0,0.0,0.0,0.0,-85.81720418453096,-243.06829903220373,-27706.0,13707.252833591767,0.0,-193.37376760987792,0.0,0.0,0.0,0.0,-6103.313672572116,-201.56539340977406,-7209.0,32668.92771252407,0.0,-378.6,0.0,0.0,0.0,0.0,5761.701794181146,-341.0295067052215,-37711.0,25088.61274122321,0.0,-1630.3,0.0,0.0,0.0,0.0,-7912.973098767962,-359.3396424552453,-15186.0
t516,19700.088316007208,0.0,-4849.508122377538,0.0,0.0,0.0,0.0,3182.9245824118248,-144.50477604149685,-17889.0,31333.18359910548,0.0,-6158.688427115619,0.0,0.0,0.0,0.0,-2401.9327790774905,-100.56239291237577,-22672.0,28195.597078765302,0.0,-5677.104053755518,0.0,0.0,0.0,0.0,10002.627575117953,-424.12060012773844,-32097.0,28467.120394150537,0.0,-915.2823642539934,0.0,0.0,0.0,0.0,943.2870381704715,-176.12506806701083,-28319.0,13766.826617828323,0.0,-196.3,0.0,0.0,0.0,0.0,-6016.885082411825,-197.64153541649685,-7356.0,35927.09891810068,0.0,-378.6,0.0,0.0,0.0,0.0,3176.494627719965,-185.99354582064223,-38539.0,25780.380549039164,0.0,-797.3011427642707,0.0,0.0,0.0,0.0,-8886.515961930898,-386.56344434399404,-15710.0
t517,19536.132016845793,0.0,-3002.8772403853995,0.0,0.0,0.0,0.0,2843.856299538661,-129.11107599905523,-19248.0,30605.01480450815,0.0,-5765.2712273656,0.0,0.0,0.0,0.0,-998.1556398612128,-33.58793728132981,-23808.0,28129.416054547026,0.0,-3708.119891670936,0.0,0.0,0.0,0.0,10452.558289672006,-444.85445254809935,-34429.0,30893.986177750234,0.0,-769.8318730463478,0.0,0.0,0.0,0.0,-702.0031123457934,-283.15119235809385,-29139.0,14154.875901685475,0.0,-224.17169023773533,0.0,0.0,0.0,0.0,-6207.653336713282,-208.05087473445926,-7515.0,37919.708041598955,0.0,-335.6572209616526,0.0,0.0,0.0,0.0,3535.9636123457935,-230.01443298309385,-40890.0,25999.635667263352,0.0,-0.0,0.0,0.0,0.0,0.0,-8924.566112636174,-437.0695546271736,-16638.0
t518,21271.230112631798,0.0,-3741.742318932616,0.0,0.0,0.0,0.0,2156.4133734557117,-97.90116715488932,-19588.0,31029.557319967887,0.0,-3378.0876857552557,0.0,0.0,0.0,0.0,-2473.8285184513625,-99.64111576126851,-25078.0,27229.204740036806,0.0,-1665.0,0.0,0.0,0.0,0.0,11274.385536046213,-476.5902760830229,-36362.0,31157.29983050228,0.0,-578.5,0.0,0.0,0.0,0.0,-1066.911356839848,-306.8884736624321,-29205.0,14190.746639478239,0.0,-196.3,0.0,0.0,0.0,0.0,-6281.529437003568,-213.91720247466992,-7499.0,37692.026854468655,0.0,-314.0,0.0,0.0,0.0,0.0,4969.066392043766,-306.0932465124241,-42041.0,26286.765957742442,0.0,-0.0,0.0,0.0,0.0,0.0,-8577.595989250913,-492.169968491527,-17217.0
t519,21020.43670347131,0.0,-1941.2117196216832,0.0,0.0,0.0,0.0,628.6270178415839,-182.85200169120932,-19525.0,31018.6120457484,0.0,-2246.9,0.0,0.0,0.0,0.0,-3534.927890478006,-131.7841552703896,-25105.0,25660.05839313385,0.0,-1665.0,0.0,0.0,0.0,0.0,14032.325155715109,-587.3835488489648,-37440.0,30669.42575722773,0.0,-578.5,0.0,0.0,0.0,0.0,-993.7935940357088,-302.13216319202286,-28795.0,14132.62136684004,0.0,-106.59604402753638,0.0,0.0,0.0,0.0,-6449.483027336708,-221.5422954757945,-7355.0,37717.128997092695,0.0,-314.0,0.0,0.0,0.0,0.0,4663.83433871354,-289.96333580623656,-41777.0,26303.70286039718,0.0,-0.0,0.0,0.0,0.0,0.0,-8346.58200041981,-482.1208599773741,-17475.0
t520,20983.540662534608,0.0,-97.3,0.0,0.0,0.0,0.0,-1080.3755380017255,-467.86512453287867,-19338.0,29952.87186807978,0.0,-2246.9,0.0,0.0,0.0,0.0,-3037.75152912473,-102.22033895504717,-24566.0,22818.53911432449,0.0,-1665.0,0.0,0.0,0.0,0.0,17767.347435173488,-754.8865494979718,-38166.0,29720.4406242822,0.0,-0.0,0.0,0.0,0.0,0.0,-1471.7172198200394,-160.72340446216242,-28088.0,14335.165217768923,0.0,-0.0,0.0,0.0,0.0,0.0,-6846.532621978565,-289.6325957903564,-7199.0,39685.003690531004,0.0,-0.0,0.0,0.0,0.0,0.0,1558.3681581571166,-101.37184868812042,-41142.0,25039.297282288837,0.0,-0.0,0.0,0.0,0.0,0.0,-6889.338684405546,-497.9585978832928,-17652.0
t521,22006.346861095473,0.0,-0.0,0.0,0.0,0.0,0.0,-2655.9743974858297,-563.3724636096432,-18787.0,23002.247255095,0.0,-2045.893504983532,0.0,0.0,0.0,0.0,2922.916579934331,-231.27033004581375,-23648.0,18142.58422273922,0.0,-0.0,0.0,0.0,0.0,0.0,21582.64739150228,-988.2316142415007,-38737.0,28913.280281999854,0.0,-0.0,0.0,0.0,0.0,0.0,-1511.201228638287,-178.07905336156557,-27224.0,14176.698257638458,0.0,-0.0,0.0,0.0,0.0,0.0,-6843.129470930256,-289.5687867082006,-7044.0,44129.15342952209,0.0,-0.0,0.0,0.0,0.0,0.0,-3882.6237419055574,-499.52968761653153,-39747.0,27834.829686317036,0.0,-0.0,0.0,0.0,0.0,0.0,-9612.635132476682,-548.194553840351,-17674.0
t522,22218.001851727706,0.0,-0.0,0.0,0.0,0.0,0.0,-3279.6553848945555,-615.3464668331477,-18323.0,13900.158310977833,1465.5447176895464,-0.0,0.0,0.0,0.0,0.0,7462.349335885156,-342.0523645525355,-22486.0,17796.49375495324,2581.204053755519,-0.0,0.0,0.0,0.0,0.0,19576.49839282287,-1054.1962015316212,-38900.0,27856.707391893353,347.1000000006087,-0.0,0.0,0.0,0.0,0.0,-1631.5511327264455,-188.25625916751906,-26384.0,14250.321562419025,0.0,-0.0,0.0,0.0,0.0,0.0,-7049.87627316885,-293.44528925017426,-6907.0,44256.32970413467,314.0,-0.0,0.0,0.0,0.0,0.0,-6113.6262200488445,-547.7034840858227,-37909.0,27150.251628944472,0.0,-0.0,0.0,0.0,0.0,0.0,-8964.138717869328,-603.1129110751452,-17583.0
t523,22446.91333324211,0.0,-0.0,0.0,0.0,0.0,0.0,-3421.6548309569507,-606.2585022851545,-18419.0,12737.011733371297,3240.3263722287056,-0.0,0.0,0.0,0.0,0.0,5627.988,-280.3261056,-21325.0,17746.065986155896,739.5442277151687,-0.0,0.0,0.0,0.0,0.0,21410.859728708023,-992.4699425790859,-38904.0,26459.427986669216,0.0,-0.0,0.0,0.0,0.0,0.0,117.50799689784685,-98.93598356705914,-26478.0,14514.36874080165,0.0,-0.0,0.0,0.0,0.0,0.0,-7329.677184464679,-298.6915563369711,-6886.0,43927.40736922998,358.2486379572,-0.0,0.0,0.0,0.0,0.0,-7524.745855379622,-455.9101518075555,-36305.0,26784.529590922775,0.0,-0.0,0.0,0.0,0.0,0.0,-8880.277854804617,-591.2517361181623,-17313.0
t524,22799.99842965583,134.04861988128488,-0.0,0.0,0.0,0.0,0.0,-3710.2592287080224,-587.7878208290858,-18636.0,12713.838316260704,2879.4997893392965,-0.0,0.0,0.0,0.0,0.0,5627.988,-280.3261056,-20941.0,17596.177273984944,1028.3341451835422,-0.0,0.0,0.0,0.0,0.0,21242.641009108003,-985.152428276485,-38882.0,25077.81300263315,578.5,-0.0,0.0,0.0,0.0,0.0,1171.482870755355,-42.795873388503445,-26785.0,14660.678059087824,0.0,-0.0,0.0,0.0,0.0,0.0,-7376.115779101414,-299.5622799864098,-6985.0,43778.423026000004,378.6,-0.0,0.0,0.0,0.0,0.0,-8040.674,-422.349026,-35694.0,26573.72296574434,368.3537386486368,-0.0,0.0,0.0,0.0,0.0,-8915.062872053923,-542.013832339054,-17485.0
t525,20976.112081145282,3250.49570857553,-0.0,0.0,0.0,0.0,0.0,-4556.2269012239485,-549.3808884968628,-19121.0,12667.721407369056,2474.1566548713595,-0.0,0.0,0.0,0.0,0.0,6563.942926641056,-311.8209888814716,-21394.0,17515.68178565407,1858.3782381395235,-0.0,0.0,0.0,0.0,0.0,20474.904802066965,-1023.9648258605573,-38825.0,23765.812868571946,849.204704705935,-0.0,0.0,0.0,0.0,0.0,2320.4916450671244,-43.509218345008584,-26892.0,14617.356765272174,13.144332784444636,-0.0,0.0,0.0,0.0,0.0,-7365.6795360990545,-276.82156195756613,-6988.0,45832.10228618782,314.0,-0.0,0.0,0.0,0.0,0.0,-9489.96928014954,-522.1330060382958,-36134.0,26086.62611363568,0.0,-0.0,0.0,0.0,0.0,0.0,-7947.463656302605,-634.1624573330763,-17505.0
t526,20938.817182310057,97.3,-0.0,0.0,0.0,0.0,0.0,-1369.402579471549,-374.71460283850564,-19292.0,12571.893600626967,2246.9,-0.0,0.0,0.0,0.0,0.0,6471.931193432025,-308.72479405898764,-20982.0,17285.02876018105,4639.218237295661,-0.0,0.0,0.0,0.0,0.0,17057.59664663956,-860.8436441162518,-38121.0,22950.693153028427,974.4831063465713,-0.0,0.0,0.0,0.0,0.0,2833.9605,-53.136759375000004,-26706.0,14674.460628398912,0.0,-0.0,0.0,0.0,0.0,0.0,-7556.652824147889,-271.8078042510221,-6846.0,45890.24317792007,64.6,-0.0,0.0,0.0,0.0,0.0,-9553.34664061381,-526.4965373062607,-35875.0,25387.985355985038,435.626928454338,-0.0,0.0,0.0,0.0,0.0,-7884.086295838335,-638.5259886010414,-17301.0
t527,20038.833362177666,3411.5989790266126,-0.0,0.0,0.0,0.0,0.0,-3331.7140056504836,-448.71833555379624,-19670.0,14265.329423144938,222.00868245506354,-0.0,0.0,0.0,0.0,0.0,5627.988,-280.3261056,-19835.0,17154.403515090475,1665.0,-0.0,0.0,0.0,0.0,0.0,19693.766999014595,-914.1705141050655,-37599.0,21964.021854862633,974.4831063465713,-0.0,0.0,0.0,0.0,0.0,5225.180670239899,-208.68563144910544,-27955.0,14538.654535430482,0.0,-0.0,0.0,0.0,0.0,0.0,-7386.568556911969,-264.0859785185113,-6888.0,46833.83239800051,314.0,-0.0,0.0,0.0,0.0,0.0,-11188.820146463408,-630.0122515370939,-35329.0,24889.365465378054,1422.9603256083487,-0.0,0.0,0.0,0.0,0.0,-8639.832960228638,-586.4928307577691,-17086.0
t528,20033.796848384973,5301.396278714122,-0.0,0.0,0.0,0.0,0.0,-4049.8118868456295,-471.38124025346565,-20814.0,11625.994276469108,3251.343829130894,-0.0,0.0,0.0,0.0,0.0,5627.988,-280.3261056,-20225.0,17000.79378878214,0.0,-0.0,0.0,0.0,0.0,0.0,20301.06972984898,-941.8635186311135,-36360.0,22866.46978578234,974.4831063465713,-0.0,0.0,0.0,0.0,0.0,3265.238501225827,-81.19139335474003,-27025.0,14506.829285243339,0.0,-0.0,0.0,0.0,0.0,0.0,-7275.773406551207,-259.05587869213275,-6972.0,46588.54885887062,253.0000000003314,-0.0,0.0,0.0,0.0,0.0,-9891.415160383212,-548.1336984877261,-36402.0,24358.129312433644,1222.2749806638758,-0.0,0.0,0.0,0.0,0.0,-7977.295777294759,-632.1085158027665,-16971.0
t529,26082.485607623006,2510.18944037292,-0.0,0.0,0.0,0.0,0.0,-6057.220485373562,-542.4545626223647,-21993.0,13114.796958385685,2371.3178932585975,-0.0,0.0,0.0,0.0,0.0,5921.073583852349,-290.18843549663154,-21117.0,16729.572742819233,536.9970986791682,-0.0,0.0,0.0,0.0,0.0,18353.0933265326,-838.6631680309914,-34781.0,22377.789759298474,804.5,-0.0,0.0,0.0,0.0,0.0,5902.366734126722,-233.65649342519853,-28851.0,14450.92551625775,0.0,-187.4747993212677,0.0,0.0,0.0,0.0,-6937.741487374952,-243.70922956153078,-7082.0,45812.8254781337,378.6,-0.0,0.0,0.0,0.0,0.0,-7244.682327633923,-386.7431504997767,-38560.0,26936.721229223986,400.8166448572529,-0.0,0.0,0.0,0.0,0.0,-9936.889344129235,-622.6485299520052,-16778.0
t530,26676.072892099488,2296.806624579306,-0.0,0.0,0.0,0.0,0.0,-5929.04135651165,-522.8381601671391,-22521.0,13913.26247653391,2246.9,-0.0,0.0,0.0,0.0,0.0,6764.404028422508,-318.5665049564174,-22606.0,17058.30586023268,333.0000000022457,-0.0,0.0,0.0,0.0,0.0,16604.098463918614,-827.404324153543,-33168.0,20090.832759715053,862.0141078788834,-0.0,0.0,0.0,0.0,0.0,7734.852325438398,-350.6991930323325,-28337.0,14380.716931960907,0.0,-188.3254984129926,0.0,0.0,0.0,0.0,-6833.418469019713,-238.9729645282029,-7120.0,50488.264095830265,314.0,-0.0,0.0,0.0,0.0,0.0,-8937.324927027143,-496.93916880311565,-41368.0,26585.548225717685,0.0,-0.0,0.0,0.0,0.0,0.0,-9403.570065221014,-574.9781604966682,-16607.0
t531,26296.27164995641,2360.0329507822253,-0.0,0.0,0.0,0.0,0.0,-5824.503468391165,-491.80113234747114,-22340.0,13862.07596019446,2849.6776624234503,-0.0,0.0,0.0,0.0,0.0,6981.104865506379,-325.8584881242897,-23367.0,16794.21436092311,1665.0,-0.0,0.0,0.0,0.0,0.0,13921.202456488238,-727.4168174113423,-31653.0,19416.7443804596,796.2744426158714,-0.0,0.0,0.0,0.0,0.0,8267.180311968052,-349.1991350435218,-28131.0,14054.869480465142,27.871690237735315,-0.0,0.0,0.0,0.0,0.0,-6610.8718238647125,-228.8693468381659,-7243.0,49843.46096943658,314.0,-0.0,0.0,0.0,0.0,0.0,-7387.347811968051,-396.11315746852176,-42374.0,26410.855743541484,0.0,-0.0,0.0,0.0,0.0,0.0,-9346.764529738739,-546.0912138027475,-16518.0
t532,26660.515537538027,2286.698536956741,-0.0,0.0,0.0,0.0,0.0,-6114.582531617785,-478.6315428769826,-22354.0,13820.716900165222,2857.124693702974,-0.0,0.0,0.0,0.0,0.0,7263.520169226267,-335.3617630944639,-23606.0,16721.76504173482,1665.0,-0.0,0.0,0.0,0.0,0.0,13199.025415056225,-717.7904567910392,-30868.0,20939.68723748258,578.5,-0.0,0.0,0.0,0.0,0.0,6945.004351320844,-263.1915888034209,-28200.0,14096.621873790118,19.17064421565353,-196.3,0.0,0.0,0.0,0.0,-6320.7927606380945,-215.6997573676774,-7383.0,48401.08121727307,200.19624527619348,-0.0,0.0,0.0,0.0,0.0,-6065.171851320843,-310.1056112284209,-42226.0,26146.964370238886,0.0,-0.0,0.0,0.0,0.0,0.0,-8907.002792026615,-526.9615782122701,-16713.0
t533,27126.30584796053,2176.514249969461,-0.0,0.0,0.0,0.0,0.0,-6341.4901614472665,-468.3299364827242,-22493.0,13747.463343146706,2179.5829885296907,-0.0,0.0,0.0,0.0,0.0,8818.645395274592,-387.6917269509901,-24358.0,16797.053220615246,2482.586855846594,-0.0,0.0,0.0,0.0,0.0,12333.476932528887,-800.1170089907283,-30813.0,22335.11869363192,748.4831063465713,-0.0,0.0,0.0,0.0,0.0,5271.8209005003755,-169.4227004788679,-28186.0,13754.411591544296,27.871690237735315,-0.0,0.0,0.0,0.0,0.0,-6093.885130808612,-205.39815097341892,-7483.0,47665.447026,0.0,-0.0,0.0,0.0,0.0,0.0,-5260.674,-257.773026,-42147.0,25922.415799507282,0.0,-0.0,0.0,0.0,0.0,0.0,-8727.893936047976,-515.5218634593009,-16679.0
t534,26805.53559609294,2195.678095904462,-0.0,0.0,0.0,0.0,0.0,-6161.018370400878,-453.1953215965247,-22387.0,15694.894692333653,571.1,-0.0,0.0,0.0,0.0,0.0,8960.469412807312,-392.46410514096607,-24834.0,17283.39079550203,1737.6562165679024,-0.0,0.0,0.0,0.0,0.0,11951.87363727933,-793.9206493492594,-30179.0,21040.79140538677,804.5,-0.0,0.0,0.0,0.0,0.0,6260.516056170697,-233.80746155746652,-27872.0,13648.086395834165,27.871690237735315,-0.0,0.0,0.0,0.0,0.0,-6018.004897682413,-201.95318838948947,-7456.0,48194.82603688389,183.93646422764004,-0.0,0.0,0.0,0.0,0.0,-6253.411876260765,-322.35062485076276,-41803.0,25628.473902071248,0.0,-0.0,0.0,0.0,0.0,0.0,-8740.423961913286,-516.0499401579619,-16372.0
t535,27132.484895187066,2006.9815522018532,-0.0,0.0,0.0,0.0,0.0,-6498.253569638056,-461.2128777508623,-22180.0,14112.501959246883,0.0,-0.0,0.0,0.0,0.0,0.0,10984.055828791963,-460.5577880388496,-24636.0,18535.424949273747,0.0,-0.0,0.0,0.0,0.0,0.0,10969.416861576414,-907.8418108501608,-28597.0,21623.438833887656,913.8823669043229,-0.0,0.0,0.0,0.0,0.0,4867.831190520859,-150.152391312845,-27255.0,13537.402814859379,0.0,-0.0,0.0,0.0,0.0,0.0,-5937.121722617822,-198.28109224155705,-7402.0,46316.1797355035,118.26729049649785,-0.0,0.0,0.0,0.0,0.0,-5260.674,-257.773026,-40916.0,25821.36488369821,0.0,-0.0,0.0,0.0,0.0,0.0,-9125.25458863336,-531.110295064851,-16165.0
t536,22854.565267817816,0.0,-97.3,0.0,0.0,0.0,0.0,-812.4648538294018,-280.80041398841166,-21664.0,14349.681232074981,0.0,-2246.9,0.0,0.0,0.0,0.0,12272.454695215583,-487.23592729056355,-23888.0,24904.671330874837,0.0,-1665.0,0.0,0.0,0.0,0.0,5937.373211428519,-862.0445423033467,-28315.0,22103.71958695389,0.0,-0.0,0.0,0.0,0.0,0.0,4768.704459278711,-145.42404623259452,-26727.0,14485.494051620506,0.0,-83.1602141828328,0.0,0.0,0.0,0.0,-6803.709653149955,-237.62418428771588,-7361.0,44165.79684678114,0.0,-0.0,0.0,0.0,0.0,0.0,-4174.258195215582,-204.53865156556355,-39787.0,27732.52738728811,0.0,-0.0,0.0,0.0,0.0,0.0,-11188.099663727873,-620.4277235602453,-15924.0
t537,23954.231220486374,0.0,-6083.2238718613635,0.0,0.0,0.0,0.0,3412.940133432841,-154.94748205785098,-21129.0,25271.30547171716,0.0,-3760.4641760809486,0.0,0.0,0.0,0.0,1930.306480947674,-75.14777658388923,-23366.0,30954.47832354909,0.0,-5677.104053755518,0.0,0.0,0.0,0.0,3027.240160937305,-261.6144307308754,-28043.0,22337.018542570866,0.0,-974.4831063465713,0.0,0.0,0.0,0.0,5060.822647590788,-159.3580838150806,-26264.0,14994.421264064847,0.0,-27.871690237735315,0.0,0.0,0.0,0.0,-7348.802701671058,-261.7468721560521,-7356.0,36989.40495865729,0.0,-378.6,0.0,0.0,0.0,0.0,2278.168923807105,-155.97388246438058,-38733.0,25477.634291004808,0.0,-797.3011427642705,0.0,0.0,0.0,0.0,-8360.675645044656,-536.6575031958873,-15783.0
t538,24218.909353869392,0.0,-6566.3,0.0,0.0,0.0,0.0,3277.1743621732776,-148.7837160426668,-20781.0,33016.30473924452,0.0,-6158.688427115619,0.0,0.0,0.0,0.0,-3750.0683549507526,-258.54795717815216,-22849.0,34086.55971532772,0.0,-5677.104053755518,0.0,0.0,0.0,0.0,478.8444826121886,-338.3001441843908,-28550.0,21063.835609921574,0.0,-974.4831063465713,0.0,0.0,0.0,0.0,6140.5064999999995,-210.85900357500003,-26019.0,14951.869503782227,0.0,-27.871690237735315,0.0,0.0,0.0,0.0,-7232.468395074531,-256.5294184699579,-7435.0,29310.939538460614,0.0,-378.6,0.0,0.0,0.0,0.0,9498.876944915246,-537.2164833758469,-37894.0,26340.419556509798,0.0,-1630.3,0.0,0.0,0.0,0.0,-8412.865539675427,-545.2540168343767,-15752.0
t539,24198.168425495413,0.0,-6566.3,0.0,0.0,0.0,0.0,3444.5124392463745,-156.38086474178542,-20920.0,33906.19272832766,0.0,-6158.688427115619,0.0,0.0,0.0,0.0,-4825.075596960955,-236.42870425108683,-22686.0,33115.20410713799,0.0,-5677.104053755518,0.0,0.0,0.0,0.0,2604.9383615062625,-148.038414888736,-29895.0,21152.835609921574,0.0,-974.4831063465713,0.0,0.0,0.0,0.0,6140.5064999999995,-210.85900357500003,-26108.0,14319.778419587637,0.0,-27.871690237735315,0.0,0.0,0.0,0.0,-6533.9474943972655,-221.95923495263384,-7536.0,31247.26978372929,0.0,-378.6,0.0,0.0,0.0,0.0,7350.362167683581,-407.03195141286625,-37812.0,26319.370016990797,0.0,-1630.3,0.0,0.0,0.0,0.0,-8181.296377077997,-448.77363991280504,-16059.0
t540,24604.43438779582,0.0,-3995.2195405625084,0.0,0.0,0.0,0.0,1153.8033716928933,-83.0182189261983,-21680.0,33344.125837478045,0.0,-6158.688427115619,0.0,0.0,0.0,0.0,-4127.204395007077,-202.23301535534682,-22856.0,32317.394986855303,0.0,-5402.236809950721,0.0,0.0,0.0,0.0,4843.229270497073,-211.38744740165362,-31547.0,21528.703850314225,0.0,-974.4831063465713,0.0,0.0,0.0,0.0,6228.352651780683,-216.57339574833344,-26566.0,13653.42829137853,0.0,-224.17169023773533,0.0,0.0,0.0,0.0,-5615.573785255485,-183.68281588530695,-7630.0,33029.5969728773,0.0,-378.6,0.0,0.0,0.0,0.0,6226.537743226395,-358.53471610368024,-38519.0,25681.369694695244,0.0,-0.0,0.0,0.0,0.0,0.0,-8709.144856934481,-567.2248377607623,-16405.0
t541,24527.22360216263,0.0,-97.3,0.0,0.0,0.0,0.0,-1107.3296132762478,-109.59398888638114,-23213.0,32120.35912013477,0.0,-5382.894737039906,0.0,0.0,0.0,0.0,-2689.6705272591626,-131.79385583569896,-23916.0,31738.167592005673,0.0,-1975.2350805406074,0.0,0.0,0.0,0.0,4389.8614901928895,-236.79400165795732,-33916.0,21758.999387749456,0.0,-710.6311309537699,0.0,0.0,0.0,0.0,6649.6077853942115,-243.97604218989346,-27454.0,12711.502538656121,0.0,-9.437609482585849,0.0,0.0,0.0,0.0,-4774.563959382848,-145.50096979068923,-7782.0,36260.3233027965,0.0,-335.6572209616526,0.0,0.0,0.0,0.0,4778.1264834952635,-339.79256533010687,-40363.0,25097.61107282186,0.0,-0.0,0.0,0.0,0.0,0.0,-7246.031659164106,-503.57941365775093,-17348.0
t542,26657.220638227514,0.0,-97.3,0.0,0.0,0.0,0.0,-2798.8944722281035,-167.02616599940893,-23594.0,31615.813527496914,0.0,-2246.9,0.0,0.0,0.0,0.0,-3904.5886820752294,-191.32484542168623,-25273.0,28817.955974077217,0.0,-1665.0,0.0,0.0,0.0,0.0,9318.171308014624,-412.12728209183376,-36059.0,22245.714978520497,0.0,-578.5,0.0,0.0,0.0,0.0,6038.792255596453,-206.00723411695083,-27500.0,12383.716524252199,0.0,-0.0,0.0,0.0,0.0,0.0,-4558.045492842443,-135.67103140975487,-7690.0,37971.85804342649,0.0,-314.0,0.0,0.0,0.0,0.0,3914.12325751417,-191.98130094065726,-41380.0,26356.720492367574,0.0,-0.0,0.0,0.0,0.0,0.0,-8009.558173979471,-481.16231838810154,-17866.0
t543,26091.932839239584,0.0,-97.3,0.0,0.0,0.0,0.0,-2305.9814973894026,-114.65134185017915,-23574.0,31452.434016907195,0.0,-2246.9,0.0,0.0,0.0,0.0,-3677.7768266891035,-123.75719021808833,-25404.0,24748.93939273153,0.0,-1665.0,0.0,0.0,0.0,0.0,14940.451923469554,-662.3913162010763,-37362.0,22216.77266718708,0.0,-0.0,0.0,0.0,0.0,0.0,5269.588953200474,-171.3616203875522,-27315.0,11881.251014846373,0.0,-0.0,0.0,0.0,0.0,0.0,-4229.496124748102,-120.75489009827179,-7531.0,44425.1342715128,0.0,-314.0,0.0,0.0,0.0,0.0,-2897.8895559014154,-172.24471561138708,-41041.0,25506.477932199254,0.0,-0.0,0.0,0.0,0.0,0.0,-7098.896871942006,-437.58106025724567,-17970.0
t544,29848.410185653294,0.0,-0.0,0.0,0.0,0.0,0.0,-6156.666206630921,-280.74397902237,-23411.0,29690.64273096568,0.0,-2246.9,0.0,0.0,0.0,0.0,-2437.7136661013697,-82.02906486431108,-24924.0,20696.648562719398,0.0,-1665.0,0.0,0.0,0.0,0.0,20100.27700648555,-906.9255692049478,-38225.0,21415.748310441253,638.9422563479566,-0.0,0.0,0.0,0.0,0.0,4750.090445543386,-177.78101233259724,-26627.0,10534.009734727832,0.0,-0.0,0.0,0.0,0.0,0.0,-3150.4594752577736,-68.55025947005358,-7315.0,45166.35019850099,0.0,-0.0,0.0,0.0,0.0,0.0,-4696.1299455433855,-289.2202529575972,-40181.0,26801.388183908803,0.0,-0.0,0.0,0.0,0.0,0.0,-8409.398158495485,-394.99002541332027,-17997.0
t545,29148.64061579905,1677.3358517129589,-0.0,0.0,0.0,0.0,0.0,-7602.915229100756,-411.0612384112558,-22812.0,21632.862479653926,0.0,-677.5729312987432,0.0,0.0,0.0,0.0,3486.122421006571,-293.41196936175965,-24148.0,16897.25569581552,0.0,-0.0,0.0,0.0,0.0,0.0,22894.126162252338,-1042.381858067852,-38749.0,25829.506091900348,395.98310634657133,-0.0,0.0,0.0,0.0,0.0,-533.0621344344007,-25.427063812520913,-25667.0,8988.294586091504,102.3819782277155,-0.0,0.0,0.0,0.0,0.0,-1852.7803943147956,-87.89617000442658,-7150.0,48938.82063183221,358.2486379572,-0.0,0.0,0.0,0.0,0.0,-9896.186217478828,-555.8830523105822,-38845.0,24401.45033050778,659.8172138447158,-0.0,0.0,0.0,0.0,0.0,-6495.3046079301275,-677.9629364223663,-17888.0
t546,28060.447283281712,787.4085128868201,-0.0,0.0,0.0,0.0,0.0,-6216.868014200816,-473.98778196771303,-22157.0,14168.962614534767,2807.3979186104966,-0.0,0.0,0.0,0.0,0.0,6424.777540492302,-307.138073637566,-23094.0,16788.007668645416,2581.204053755519,-0.0,0.0,0.0,0.0,0.0,20614.070188215723,-1019.2819106166519,-38964.0,27251.9447232214,395.98310634657133,-0.0,0.0,0.0,0.0,0.0,-2637.1364222277093,-125.79140734026174,-24885.0,9415.663022835473,70.45042130074302,-0.0,0.0,0.0,0.0,0.0,-2406.809988694661,-110.30345544155622,-6969.0,46044.24217391168,0.0,-0.0,0.0,0.0,0.0,0.0,-8729.469572729267,-469.77260118241,-36845.0,24657.11931575411,820.4220932770609,-0.0,0.0,0.0,0.0,0.0,-7048.56373085557,-659.9776781756007,-17769.0
t547,27466.85508625284,0.0,-0.0,0.0,0.0,0.0,0.0,-5293.967626692232,-515.8874595606028,-21657.0,13105.135417037807,992.9213006657908,-0.0,0.0,0.0,0.0,0.0,8314.676454386507,-370.733172090106,-22042.0,16682.80573474767,4760.9,-0.0,0.0,0.0,0.0,0.0,18724.171274321518,-1082.877009069192,-39085.0,29589.43458322326,0.0,-0.0,0.0,0.0,0.0,0.0,-4660.328909470685,-183.10567375257534,-24746.0,9522.324969426554,0.0,-0.0,0.0,0.0,0.0,0.0,-2384.8250924663007,-197.49987696025448,-6940.0,43600.423026000004,64.6,-0.0,0.0,0.0,0.0,0.0,-8040.674,-422.349026,-35202.0,24763.450354304965,0.0,-0.0,0.0,0.0,0.0,0.0,-6659.052100078805,-664.3982542261622,-17440.0
t548,26124.050123729558,0.0,-0.0,0.0,0.0,0.0,0.0,-3896.72798440931,-579.3221393202474,-21648.0,13131.52197594431,2311.1436933523164,-0.0,0.0,0.0,0.0,0.0,6548.640389199951,-311.3060584965784,-21680.0,16678.342555967596,3095.9,-0.0,0.0,0.0,0.0,0.0,20490.207339508073,-1023.4498954756641,-39241.0,31157.27399014676,0.0,-0.0,0.0,0.0,0.0,0.0,-5998.08538252443,-208.18860762233305,-24951.0,9798.976584246828,0.0,-27.871690237735315,0.0,0.0,0.0,0.0,-2437.422728868126,-285.68216514096474,-7048.0,42964.023026,0.0,-0.0,0.0,0.0,0.0,0.0,-8040.674,-422.349026,-34501.0,24702.000561683628,0.0,-0.0,0.0,0.0,0.0,0.0,-6665.937632906158,-664.0629287774701,-17372.0
t549,27245.975499036333,0.0,-0.0,0.0,0.0,0.0,0.0,-4884.498124056048,-534.4773749802855,-21827.0,13137.426956830943,3864.9111487690593,-0.0,0.0,0.0,0.0,0.0,5627.988,-280.3261056,-22350.0,16512.17742221309,2289.4327916579796,-0.0,0.0,0.0,0.0,0.0,21410.859728708023,-992.4699425790859,-39220.0,32244.92946518723,0.0,-888.5639616122262,0.0,0.0,0.0,0.0,-6140.5064999999995,-210.85900357500003,-25005.0,8748.230574040514,0.0,-0.0,0.0,0.0,0.0,0.0,-1482.2017259090935,-252.02884813142134,-7014.0,43198.023026,0.0,-0.0,0.0,0.0,0.0,0.0,-8040.674,-422.349026,-34735.0,24630.551358898098,0.0,-0.0,0.0,0.0,0.0,0.0,-6490.967378742882,-672.5839801552216,-17467.0
t550,27445.740517591017,125.17570988403622,-0.0,0.0,0.0,0.0,0.0,-5272.032932812297,-516.8832946627517,-21782.0,13957.291798456125,2246.9,-0.0,0.0,0.0,0.0,0.0,6141.410990783748,-297.6027892398732,-22048.0,16314.726058143466,2461.583830151223,-0.0,0.0,0.0,0.0,0.0,20897.436737924276,-1009.7466262189589,-38664.0,32091.669972466494,0.0,-829.8581063467075,0.0,0.0,0.0,0.0,-6762.492662663526,-251.31920345626236,-24248.0,8018.539620102998,182.08497274212908,-0.0,0.0,0.0,0.0,0.0,-1001.7165098661029,-229.90808297902333,-6969.0,42212.49706321774,0.0,-0.0,0.0,0.0,0.0,0.0,-7418.687837336474,-462.80922588126236,-34331.0,24524.975081349978,0.0,-0.0,0.0,0.0,0.0,0.0,-6583.917786029622,-668.0572953203574,-17273.0
t551,27345.101641610723,0.0,-0.0,0.0,0.0,0.0,0.0,-5198.898021996953,-520.2036196137684,-21626.0,12345.015218543926,3126.0868264335513,-0.0,0.0,0.0,0.0,0.0,5773.10732594042,-285.20937091789517,-20959.0,16205.612805129378,1665.0,-0.0,0.0,0.0,0.0,0.0,21265.740402767602,-997.353207896981,-38139.0,33944.02992080177,0.0,-974.4831063465713,0.0,0.0,0.0,0.0,-8358.412993479362,-355.1338209758325,-24256.0,7284.493264870752,196.3,-0.0,0.0,0.0,0.0,0.0,-277.40070671106923,-194.39255815968255,-7009.0,39921.79134992148,64.6,-0.0,0.0,0.0,0.0,0.0,-5822.767506520638,-566.6238434008325,-33597.0,24250.174493022307,712.4154525276917,-0.0,0.0,0.0,0.0,0.0,-7381.3685000000005,-629.22144555,-16952.0
t552,26634.72378045401,1598.4653867015322,-0.0,0.0,0.0,0.0,0.0,-5574.015899165214,-503.17326799032935,-22156.0,14012.478312827416,2221.8597927725837,-0.0,0.0,0.0,0.0,0.0,5627.988,-280.3261056,-21582.0,16194.654608506753,384.95560536430844,-0.0,0.0,0.0,0.0,0.0,21410.859728708023,-992.4699425790859,-36998.0,34939.91875950017,0.0,-599.256196538847,0.0,0.0,0.0,0.0,-9366.925033764917,-420.7375291964079,-24553.0,6989.34503607905,196.3,-0.0,0.0,0.0,0.0,0.0,97.71717045719197,-177.3622065362435,-7106.0,39981.4830178565,0.0,-0.0,0.0,0.0,0.0,0.0,-4814.255466235083,-632.2275516214079,-34535.0,24030.84537668152,855.7445688684779,-0.0,0.0,0.0,0.0,0.0,-7381.3685000000005,-629.22144555,-16876.0
t553,13060.095222528289,44.74477747171022,-0.0,0.0,0.0,0.0,0.0,4600.0,-208.84,-17496.0,12190.95924183492,1875.7432059832913,-0.0,0.0,0.0,0.0,0.0,3870.8385413648607,-304.54098918307244,-17633.0,17486.650072542412,2581.204053755519,-0.0,0.0,0.0,0.0,0.0,14490.43595863514,-660.2900849330724,-33898.0,26411.132439234312,0.0,-974.4831063465713,0.0,0.0,0.0,0.0,-9722.730544497063,-636.9187883906801,-15077.0,12190.63286252399,0.0,-224.17169023773533,0.0,0.0,0.0,0.0,-6628.909019050795,-285.5521532354607,-5052.0,30038.970523410087,0.0,-0.0,0.0,0.0,0.0,0.0,-1852.7479104739523,-954.2226129361317,-27232.0,20537.944587909104,0.0,-0.0,0.0,0.0,0.0,0.0,-4756.887025978191,-736.0575619309122,-15045.0
t554,12907.632958789867,497.20704121013387,-0.0,0.0,0.0,0.0,0.0,4600.0,-208.84,-17796.0,12136.42678895827,2246.9,-0.0,0.0,0.0,0.0,0.0,3443.5910773876367,-318.9178663459061,-17508.0,17480.418053053418,460.56548643012087,-0.0,0.0,0.0,0.0,0.0,14917.683422612365,-674.666962095906,-32184.0,27843.60088669639,0.0,-974.4831063465713,0.0,0.0,0.0,0.0,-11019.549393128656,-633.5683872211623,-15216.0,11150.463612722879,0.0,-224.17169023773533,0.0,0.0,0.0,0.0,-5332.090170419201,-282.2017520659429,-5312.0,31423.37055208402,0.0,-0.0,0.0,0.0,0.0,0.0,-2540.777127552061,-1001.5934245319594,-27881.0,19391.286182426822,0.0,-0.0,0.0,0.0,0.0,0.0,-4068.857808900084,-783.42837352674,-14539.0
t555,14438.927032663267,0.0,-0.0,0.0,0.0,0.0,0.0,4246.052952693893,-224.97998535715848,-18460.0,10833.143684032426,1967.9553419675758,-0.0,0.0,0.0,0.0,0.0,5260.674,-257.773026,-17804.0,17270.372143274846,692.7424165262073,-0.0,0.0,0.0,0.0,0.0,13454.547547306107,-629.6621071071585,-30788.0,28958.15507847881,0.0,-974.4831063465713,0.0,0.0,0.0,0.0,-11714.081115123672,-646.5908570085688,-15623.0,10752.95436051527,0.0,-224.17169023773533,0.0,0.0,0.0,0.0,-4637.558448424186,-295.22422185334943,-5596.0,33004.215501475,0.0,-0.0,0.0,0.0,0.0,0.0,-3073.915500000001,-1038.300001475,-28892.0,18694.939814645983,652.9145722759367,-0.0,0.0,0.0,0.0,0.0,-3535.719436452144,-820.1349504697805,-14992.0
t556,13641.227338784,1375.6126612159997,-0.0,0.0,0.0,0.0,0.0,4600.0,-208.84,-19408.0,13235.359009419315,2195.486227154588,-0.0,0.0,0.0,0.0,0.0,3536.931717240939,-315.7769538148424,-18652.0,17295.906288452334,0.0,-0.0,0.0,0.0,0.0,0.0,13874.292577169359,-630.1988656216903,-30540.0,27874.468737744955,0.0,-0.0,0.0,0.0,0.0,0.0,-10745.757631771314,-515.7111059736397,-16613.0,9402.962688429701,0.0,-0.0,0.0,0.0,0.0,0.0,-3171.2450911270307,-322.7175973026711,-5909.0,36512.47921564027,0.0,-0.0,0.0,0.0,0.0,0.0,-5508.552340649513,-879.9268749907492,-30124.0,18951.47699738907,0.0,-0.0,0.0,0.0,0.0,0.0,-2585.6692308624406,-778.8077665266285,-15587.0
t557,13821.067228391927,2209.7727716080744,-0.0,0.0,0.0,0.0,0.0,4600.0,-208.84,-20422.0,12334.651933636955,2630.4470923630474,-0.0,0.0,0.0,0.0,0.0,5260.674,-257.773026,-19968.0,17995.78910189282,2575.601599425112,-0.0,0.0,0.0,0.0,0.0,11182.702873687476,-530.0935750054052,-31224.0,27683.7229585807,0.0,-0.0,0.0,0.0,0.0,0.0,-9973.526034299513,-460.1969242811833,-17250.0,8440.612069641966,224.17169023773533,-0.0,0.0,0.0,0.0,0.0,-2205.4096730759056,-283.3740868037966,-6176.0,38800.10822098168,0.0,-0.0,0.0,0.0,0.0,0.0,-6394.833965700488,-822.2742552811833,-31583.0,19254.831655820773,0.0,-0.0,0.0,0.0,0.0,0.0,-2469.6072006115705,-695.2244552092018,-16090.0
t558,15937.541217602437,0.0,-0.0,0.0,0.0,0.0,0.0,5566.915796089454,-293.4570136918951,-21211.0,14133.040821438472,831.0872495910754,-0.0,0.0,0.0,0.0,0.0,6283.24751732856,-302.3755883581061,-20945.0,22294.965782655552,0.0,-0.0,0.0,0.0,0.0,0.0,8683.986920132094,-471.9527027876445,-30507.0,28690.628508011887,0.0,-0.0,0.0,0.0,0.0,0.0,-10458.860572050033,-491.7679359618546,-17740.0,6868.073352649917,224.17169023773533,-0.0,0.0,0.0,0.0,0.0,-543.7597826790252,-206.48526020862775,-6342.0,36884.577886336825,0.0,-0.0,0.0,0.0,0.0,0.0,-3722.3199279499677,-703.2579583868546,-32459.0,22742.921007558893,0.0,-0.0,0.0,0.0,0.0,0.0,-5809.2099508710835,-605.7110566878058,-16328.0
t559,16982.111126319774,0.0,-0.0,0.0,0.0,0.0,0.0,5133.7802638370285,-277.8913901568074,-21838.0,23947.393144757603,0.0,-2246.9,0.0,0.0,0.0,0.0,-183.32428264654735,-6.168862111056318,-21511.0,29223.15072834011,0.0,-1665.0,0.0,0.0,0.0,0.0,1358.3255201724332,-136.47624851254596,-28780.0,23234.62783434712,0.0,-0.0,0.0,0.0,0.0,0.0,-5013.526646977419,-170.10118736970412,-18051.0,5381.7146413772825,224.17169023773533,-0.0,0.0,0.0,0.0,0.0,989.0111291945504,-136.89746080956743,-6458.0,32183.508366179263,0.0,-0.0,0.0,0.0,0.0,0.0,749.2289788980543,-48.73734507731843,-32884.0,20182.098743074734,0.0,-0.0,0.0,0.0,0.0,0.0,-3033.4949624781,-311.6037805966354,-16837.0
t560,17891.74544545568,0.0,-0.0,0.0,0.0,0.0,0.0,4753.872331751391,-260.617777207072,-22385.0,33103.28647409837,0.0,-4255.235061930847,0.0,0.0,0.0,0.0,-6626.32425508395,-303.727157083575,-21918.0,33464.92526502983,0.0,-4941.104738448865,0.0,0.0,0.0,0.0,605.7835272900093,-80.60405387097867,-29049.0,23284.806181676475,0.0,-0.0,0.0,0.0,0.0,0.0,-4766.929771209309,-178.87641046716556,-18339.0,5391.549717752117,0.0,-0.0,0.0,0.0,0.0,0.0,1239.9548960425502,-125.50461379466824,-6506.0,26424.869405882855,0.0,-0.0,0.0,0.0,0.0,0.0,7193.643271209309,-383.5126770921656,-33235.0,20373.54475210797,0.0,-358.9447521079691,0.0,0.0,0.0,0.0,-2400.0,-153.6,-17461.0
t561,18366.427560610267,0.0,-3841.3540867533434,0.0,0.0,0.0,0.0,8927.893378007935,-450.9668518648556,-23002.0,35987.330194062466,0.0,-5587.588427115619,0.0,0.0,0.0,0.0,-7898.21547046568,-346.5262964811701,-22155.0,35180.990660999036,0.0,-2581.204053755519,0.0,0.0,0.0,0.0,-2364.921046011009,-316.86556123250716,-29918.0,22558.33203341133,0.0,-0.0,0.0,0.0,0.0,0.0,-3826.6226041606733,-117.70942925065177,-18614.0,5350.861682019766,0.0,-0.0,0.0,0.0,0.0,0.0,1308.529638468753,-122.39132048851863,-6537.0,27431.009591714977,0.0,-0.0,0.0,0.0,0.0,0.0,6253.336104160673,-322.3456958756518,-33362.0,21051.865569908994,0.0,-241.2655699089928,0.0,0.0,0.0,0.0,-2400.0,-153.6,-18257.0
t562,18069.24609893122,0.0,-0.0,0.0,0.0,0.0,0.0,5593.688042518901,-273.9341414501197,-23389.0,38331.02271217721,0.0,-4297.855312457719,0.0,0.0,0.0,0.0,-11031.215647288245,-451.9517524312495,-22550.0,36314.995773397895,0.0,-5677.104053755518,0.0,0.0,0.0,0.0,1381.4304761909116,-394.3221958332879,-31625.0,20170.429292924986,0.0,-0.0,0.0,0.0,0.0,0.0,-1433.5502261840375,-26.8790667409507,-18710.0,5286.929365799855,0.0,-0.0,0.0,0.0,0.0,0.0,1256.0100260281722,-34.939391828026984,-6508.0,28597.099026,0.0,-0.0,0.0,0.0,0.0,0.0,5260.674,-257.773026,-33600.0,21609.067018226706,0.0,-1630.3,0.0,0.0,0.0,0.0,-1027.0366712657024,-65.73034696100495,-18886.0
t563,18282.993414613327,0.0,-997.0766806508104,0.0,0.0,0.0,0.0,6485.864269467989,-325.78100343050414,-23446.0,39379.007105241435,0.0,-6158.688427115619,0.0,0.0,0.0,0.0,-9837.534302932148,-411.78437519366685,-22971.0,36155.623466649005,0.0,-3458.089684353162,0.0,0.0,0.0,0.0,-277.17827399432645,-375.35550830151413,-32045.0,18476.79755151799,317.20244848201065,-0.0,0.0,0.0,0.0,0.0,0.0,-0.0,-18794.0,5794.863867349594,0.0,-0.0,0.0,0.0,0.0,0.0,666.5995297491908,-32.46339709878559,-6429.0,28850.099026,0.0,-0.0,0.0,0.0,0.0,0.0,5260.674,-257.773026,-33853.0,22059.32546371215,0.0,-0.0,0.0,0.0,0.0,0.0,-2298.425222290704,-136.90024142144244,-19624.0
t564,20242.193665345505,0.0,-3098.101492335289,0.0,0.0,0.0,0.0,6254.273136619475,-317.365309629688,-23081.0,39068.27985903135,0.0,-3061.6158597426047,0.0,0.0,0.0,0.0,-12075.569731909978,-487.0942673787707,-23444.0,35494.78194489387,0.0,-4511.009494297095,0.0,0.0,0.0,0.0,2309.016867020934,-434.7893176177111,-32858.0,17682.774023276463,974.4831063465713,-0.0,0.0,0.0,0.0,0.0,142.4131163077359,-2.6702459307700477,-18797.0,6475.083362238505,0.0,-0.0,0.0,0.0,0.0,0.0,-142.4131163077359,-2.6702459307700477,-6330.0,29148.099026,0.0,-0.0,0.0,0.0,0.0,0.0,5260.674,-257.773026,-34151.0,23074.083870353046,0.0,-1157.7923652318673,0.0,0.0,0.0,0.0,-1748.3942717304317,-111.89723339074763,-20056.0
t565,19798.377068180605,0.0,-617.117914751301,0.0,0.0,0.0,0.0,3261.961071773978,-191.22022520328233,-22252.0,38328.047829954514,0.0,-5016.50363828778,0.0,0.0,0.0,0.0,-9209.88037127339,-390.6638203933496,-23711.0,35435.91205893726,0.0,-4756.2276358173185,0.0,0.0,0.0,0.0,3949.2063712733907,-132.89079439334958,-34496.0,17604.95290767995,974.4831063465713,-0.0,0.0,0.0,0.0,0.0,175.86138697934092,-3.297401005862642,-18752.0,7390.899839070836,0.0,-36.62066096897764,0.0,0.0,0.0,0.0,-1119.1561929068844,-46.12298519497311,-6189.0,29264.099026,0.0,-0.0,0.0,0.0,0.0,0.0,5260.674,-257.773026,-34267.0,22949.06090686061,0.0,-0.0,0.0,0.0,0.0,0.0,-2318.6662658464347,-148.39464101417184,-20482.0
t566,20746.438756263,0.0,-2688.874601051726,0.0,0.0,0.0,0.0,3695.868263973106,-212.43241918437903,-21541.0,37300.493701915584,0.0,-3735.7374678175224,0.0,0.0,0.0,0.0,-9459.686439508598,-399.0697945894643,-23706.0,33561.32872041127,0.0,-1814.0443913304075,0.0,0.0,0.0,0.0,4199.012439508598,-141.2967685894643,-35805.0,17634.4553778014,131.9882606018496,-0.0,0.0,0.0,0.0,0.0,635.4714513087876,-11.915089712039766,-18390.0,8029.087224178313,0.0,-0.0,0.0,0.0,0.0,0.0,-1931.3397152818939,-70.7475088964188,-6027.0,29042.099026,0.0,-0.0,0.0,0.0,0.0,0.0,5260.674,-257.773026,-34045.0,23667.19845551544,0.0,-669.5984555154411,0.0,0.0,0.0,0.0,-2400.0,-153.6,-20444.0
t567,20078.079176764393,0.0,-4176.5730258725935,0.0,0.0,0.0,0.0,5270.196214004433,-269.702364896242,-20902.0,35887.63919446815,0.0,-2246.9,0.0,0.0,0.0,0.0,-9956.006720907242,-393.7324735609094,-23291.0,31961.244832762084,0.0,-1665.0,0.0,0.0,0.0,0.0,6131.065522055076,-206.3103548171533,-36221.0,19902.128158889373,0.0,-0.0,0.0,0.0,0.0,0.0,-1604.0521805049054,-30.075978384466975,-18268.0,8004.883343748575,0.0,-0.0,0.0,0.0,0.0,0.0,-2029.8291528306725,-195.05419091790222,-5780.0,29975.480919891594,0.0,-0.0,0.0,0.0,0.0,0.0,3824.9411988521656,-187.42211874375613,-33613.0,21715.03903303166,0.0,-0.0,0.0,0.0,0.0,0.0,-1636.3148806688555,-104.72415236280675,-19974.0
t568,18137.73182994644,0.0,-2388.8918299464303,0.0,0.0,0.0,0.0,4600.0,-208.84,-20140.0,34634.379276561,0.0,-2246.9,0.0,0.0,0.0,0.0,-8999.188105754054,-322.2911708069487,-23066.0,28914.134396770696,0.0,-1032.258183506747,0.0,0.0,0.0,0.0,8334.526496718288,-286.4027099822456,-35930.0,20787.844266144373,0.0,-0.0,0.0,0.0,0.0,0.0,-2865.380949442621,-73.46331670174965,-17849.0,8181.177938232697,0.0,-0.0,0.0,0.0,0.0,0.0,-2416.3953510651686,-249.7825871675281,-5515.0,31881.841368927897,0.0,-0.0,0.0,0.0,0.0,0.0,1268.305605754054,-62.146974681948656,-33088.0,19482.646939601967,0.0,-0.0,0.0,0.0,0.0,0.0,78.13230378950061,-58.779243391467126,-19502.0
t569,16708.3717813163,0.0,-1060.2514376193878,0.0,0.0,0.0,0.0,4214.20454253413,-191.32488623104953,-19671.0,32554.28966109719,0.0,-2132.262964972205,0.0,0.0,0.0,0.0,-7730.8825,-260.144196125,-22431.0,24543.802311053347,0.0,-0.0,0.0,0.0,0.0,0.0,11478.648565649983,-448.4508767033284,-35574.0,22916.079776539646,0.0,-0.0,0.0,0.0,0.0,0.0,-5327.465295548118,-195.61448099152722,-17393.0,7699.5023700085885,0.0,-0.0,0.0,0.0,0.0,0.0,-2193.2852469860118,-229.21712302257674,-5277.0,33923.43726372798,0.0,-0.0,0.0,0.0,0.0,0.0,-1610.1182625830647,-95.31900114491744,-32218.0,18037.811726700333,0.0,-0.0,0.0,0.0,0.0,0.0,1168.8981969330814,-250.709923633411,-18956.0
t570,15550.111132275382,0.0,-0.0,0.0,0.0,0.0,0.0,3578.3175858116088,-255.42871808699064,-18873.0,28587.58125891115,0.0,-0.0,0.0,0.0,0.0,0.0,-6781.938822593224,-306.642436317932,-21499.0,19263.235754417226,0.0,-0.0,0.0,0.0,0.0,0.0,16321.3869169133,-679.6226713305242,-34905.0,23132.365503575,0.0,-0.0,0.0,0.0,0.0,0.0,-6140.5064999999995,-210.85900357500003,-16781.0,7685.893142876375,185.2246416121642,-0.0,0.0,0.0,0.0,0.0,-2500.3787057914933,-297.7390786970457,-5073.0,36260.558211195494,0.0,-0.0,0.0,0.0,0.0,0.0,-5144.053649428836,-308.50456176665085,-30808.0,18229.055467125658,0.0,-0.0,0.0,0.0,0.0,0.0,667.1731750886449,-499.22864221429813,-18397.0
t571,14786.366365136832,0.0,-0.0,0.0,0.0,0.0,0.0,3644.064302661791,-252.43066779862232,-18178.0,19601.359172763176,2520.139487183794,-0.0,0.0,0.0,0.0,0.0,-1268.0345898969335,-477.46407005003186,-20376.0,17768.017816091753,1665.0,-0.0,0.0,0.0,0.0,0.0,15890.56755803677,-672.5853741285249,-34651.0,22580.972897539632,0.0,-0.0,0.0,0.0,0.0,0.0,-6003.3515442059515,-232.62135333368133,-16345.0,8994.35238158824,0.0,-0.0,0.0,0.0,0.0,0.0,-3719.922485428725,-312.4298961595143,-4962.0,39678.405857407124,0.0,-0.0,0.0,0.0,0.0,0.0,-9702.281033913181,-607.1248234939476,-29369.0,17343.958698253427,0.0,-0.0,0.0,0.0,0.0,0.0,1158.9577927462294,-615.9164909996513,-17887.0
t572,14321.944411673834,0.0,-0.0,0.0,0.0,0.0,0.0,3680.8106238773594,-250.7550355511924,-17752.0,14458.312666256148,3528.14740202677,-0.0,0.0,0.0,0.0,0.0,1985.521828294959,-367.98189657787464,-19604.0,17641.386900346944,2389.302691331025,-0.0,0.0,0.0,0.0,0.0,15666.101889305375,-694.7914809833468,-35002.0,21396.023033271154,0.0,-0.0,0.0,0.0,0.0,0.0,-4827.9279955247075,-253.0950377464457,-16315.0,11031.72506543722,0.0,-0.0,0.0,0.0,0.0,0.0,-5813.550698268451,-273.1743671687695,-4945.0,37989.930406652165,0.0,-0.0,0.0,0.0,0.0,0.0,-8784.076369754699,-666.8540368974568,-28539.0,18686.859681503898,1630.3,-0.0,0.0,0.0,0.0,0.0,-1906.8792779298383,-749.2804035740603,-17661.0
t573,12581.87465371985,1510.1076306314064,-0.0,0.0,0.0,0.0,0.0,3756.3291083098184,-247.3113926610723,-17601.0,12473.557168745932,4223.774886457586,-0.0,0.0,0.0,0.0,0.0,3043.0635620340367,-332.3956172375547,-19408.0,17641.737819584465,5677.104053755518,-0.0,0.0,0.0,0.0,0.0,13948.491764473172,-630.3336378131677,-36637.0,24002.172856215813,0.0,-0.0,0.0,0.0,0.0,0.0,-7548.173194807852,-510.99966140796175,-15943.0,12038.5612193228,0.0,-94.23220215482843,0.0,0.0,0.0,0.0,-6814.300768627939,-289.02824854003217,-4841.0,34179.985879299784,0.0,-0.0,0.0,0.0,0.0,0.0,-5063.0811001120655,-908.9047791877101,-28208.0,19648.181853903498,0.0,-0.0,0.0,0.0,0.0,0.0,-1322.3293712691714,-723.8524826343213,-17602.0
t574,10895.303680314366,1883.5363196856333,-0.0,0.0,0.0,0.0,0.0,4600.0,-208.84,-17170.0,12414.911287119336,5587.588427115619,-0.0,0.0,0.0,0.0,0.0,1177.6665136797242,-395.1662279146773,-18785.0,17545.4307268581,4127.340668185453,-0.0,0.0,0.0,0.0,0.0,16328.967047795291,-713.7384428388405,-37288.0,24643.196554805687,0.0,-0.0,0.0,0.0,0.0,0.0,-8864.417775523563,-628.7787792821237,-15150.0,12340.564092307632,0.0,-196.3,0.0,0.0,0.0,0.0,-7198.040719685277,-296.22337262235726,-4650.0,31983.58534131857,0.0,-0.0,0.0,0.0,0.0,0.0,-3363.096568339017,-1019.4887729795469,-27601.0,19523.03516647184,1166.0014010992627,-0.0,0.0,0.0,0.0,0.0,-2681.0784979271593,-782.9580696439438,-17225.0
t575,11074.010590416805,6469.0,-0.0,0.0,0.0,0.0,0.0,-457.54647132441187,-439.46411909239316,-16646.0,12277.476768097631,2531.1237752483903,-0.0,0.0,0.0,0.0,0.0,3072.7946236675657,-331.39516701358644,-17550.0,17379.942793156268,1665.0,-0.0,0.0,0.0,0.0,0.0,18674.096646708458,-845.0394398647247,-36874.0,23278.973909638713,0.0,-0.0,0.0,0.0,0.0,0.0,-7757.3473512058645,-559.6265584328464,-14962.0,12236.503444866894,0.0,-9.437609482585849,0.0,0.0,0.0,0.0,-7232.201939883238,-296.863895501069,-4698.0,31948.70180171032,0.0,-0.0,0.0,0.0,0.0,0.0,-4436.005772458755,-949.696029251558,-26563.0,19337.195743982284,0.0,-0.0,0.0,0.0,0.0,0.0,-1863.7897355037549,-747.4060084785257,-16726.0
t576,10054.816283770808,2048.0237162291915,-0.0,0.0,0.0,0.0,0.0,4600.0,-208.84,-16494.0,12188.342264478568,3469.8028503660944,-0.0,0.0,0.0,0.0,0.0,2067.0919472310165,-365.2370620756763,-17360.0,17085.151326848114,4651.162029421539,-0.0,0.0,0.0,0.0,0.0,14627.157198651928,-648.4705549215844,-35715.0,23513.396110359576,0.0,-0.0,0.0,0.0,0.0,0.0,-7989.279364180624,-572.1167461789483,-14952.0,12289.494436163044,0.0,-0.0,0.0,0.0,0.0,0.0,-7201.211609359298,-296.28282680374514,-4792.0,31817.831375702925,0.0,-0.0,0.0,0.0,0.0,0.0,-4235.064090007935,-962.7672856949838,-26620.0,19043.31342990078,0.0,-0.0,0.0,0.0,0.0,0.0,-1868.6940823350888,-747.6193475656887,-16427.0
t577,19786.49679071552,606.550258821595,-0.0,0.0,0.0,0.0,0.0,-3710.2592287080224,-587.7878208290858,-16095.0,9471.483987099167,2381.4916998655062,-0.0,0.0,0.0,0.0,0.0,7725.94672989634,-350.92241686101187,-19228.0,16527.961201272898,916.2040537555189,-0.0,0.0,0.0,0.0,0.0,19312.90099881168,-1063.0662538400977,-35694.0,25204.853347050364,319.490708745164,-0.0,0.0,0.0,0.0,0.0,-7891.378460068097,-455.9655957274298,-17177.0,10510.502183997885,0.0,-0.0,0.0,0.0,0.0,0.0,-5502.700661769702,-252.80152222818447,-4755.0,35240.43391745934,0.0,-0.0,0.0,0.0,0.0,0.0,-3455.841539931902,-720.5923775274298,-31064.0,20124.85080600848,0.0,-0.0,0.0,0.0,0.0,0.0,-6478.667838230299,-673.1829677781844,-12973.0
t578,17874.163718231877,222.64441194462216,-0.0,0.0,0.0,0.0,0.0,-1584.9350900693325,-490.8730401071616,-16021.0,9451.727374137894,2818.0,-0.0,0.0,0.0,0.0,0.0,8447.474450522179,-375.20182466007134,-20342.0,16795.38174137008,1665.0,-0.0,0.0,0.0,0.0,0.0,16466.049139547154,-990.4308809172329,-33936.0,25848.62587417093,0.0,-0.0,0.0,0.0,0.0,0.0,-8275.993503868891,-378.6323703020398,-17194.0,7950.948890964944,0.0,-0.0,0.0,0.0,0.0,0.0,-2945.5721477792927,-277.3767431856507,-4728.0,38655.45195241638,45.22000006449235,-0.0,0.0,0.0,0.0,0.0,-5281.862220205225,-601.80973227565,-32817.0,20525.46939705585,0.0,-0.0,0.0,0.0,0.0,0.0,-6825.160628146592,-656.308768909261,-13044.0
t579,18502.994693411027,0.0,-0.0,0.0,0.0,0.0,0.0,-2004.0117572790978,-509.98293613192686,-15989.0,9821.024129907242,1230.5849733733985,-0.0,0.0,0.0,0.0,0.0,9932.566053830767,-425.1751571114053,-20559.0,16528.309288509383,1665.0,-0.0,0.0,0.0,0.0,0.0,14908.837776303131,-1038.147064812516,-32064.0,26970.95506462141,0.0,-0.0,0.0,0.0,0.0,0.0,-9296.780441173098,-416.17462344830994,-17258.0,7188.934720726364,0.0,-0.0,0.0,0.0,0.0,0.0,-2104.4760989809897,-278.4586217453742,-4806.0,38703.06470470022,0.0,-0.0,0.0,0.0,0.0,0.0,-4884.400058826903,-627.66464587331,-33191.0,20261.071737213373,0.0,-0.0,0.0,0.0,0.0,0.0,-6551.73547387381,-624.336263339558,-13085.0
t580,17956.867111911026,1792.3586548035532,-0.0,0.0,0.0,0.0,0.0,-2768.387305580123,-544.8384611344536,-16436.0,11408.84328032595,0.0,-0.0,0.0,0.0,0.0,0.0,10049.25858030119,-429.101860627135,-21029.0,16437.915508469217,0.0,-0.0,0.0,0.0,0.0,0.0,15543.444987080755,-1076.360495549968,-30905.0,26327.806405730025,0.0,-0.0,0.0,0.0,0.0,0.0,-8645.967184620462,-373.8392211095611,-17308.0,7312.866099025462,0.0,-0.0,0.0,0.0,0.0,0.0,-2004.2867009635374,-273.57939806192434,-5035.0,39544.5425589141,0.0,-0.0,0.0,0.0,0.0,0.0,-5535.213315379538,-585.3292435345611,-33424.0,19952.293276139106,572.4440265744852,-0.0,0.0,0.0,0.0,0.0,-6638.849060838283,-618.8882418753034,-13267.0
t581,18709.26668898,97.3,-0.0,0.0,0.0,0.0,0.0,-1236.8674666498146,-422.6992223301821,-17147.0,10037.401482711839,1916.1497415015951,-0.0,0.0,0.0,0.0,0.0,10682.871718514583,-450.42294272801576,-22186.0,16491.478986123355,4164.879137724198,-0.0,0.0,0.0,0.0,0.0,11760.922748567355,-956.2808724149127,-31461.0,27411.876171192755,141.35101664187096,-0.0,0.0,0.0,0.0,0.0,-9929.870083174144,-457.35710466047806,-17166.0,6448.004547605217,224.17169023773533,-0.0,0.0,0.0,0.0,0.0,-1191.2929708895663,-235.8832669533863,-5245.0,39061.15754391134,0.0,-0.0,0.0,0.0,0.0,0.0,-4251.310416825856,-668.8471270854781,-34141.0,20009.38417387766,0.0,-0.0,0.0,0.0,0.0,0.0,-5834.453529542556,-561.9306443351012,-13613.0
t582,19580.00928801968,2505.6144473583063,-0.0,0.0,0.0,0.0,0.0,-3766.7765599639533,-503.847175414036,-17815.0,10687.209853434186,571.1,-0.0,0.0,0.0,0.0,0.0,12375.055058690758,-507.364912124944,-23126.0,17860.985951261304,630.1814419459373,-0.0,0.0,0.0,0.0,0.0,13769.56455379715,-1178.7319470043924,-31082.0,30140.490392786225,0.0,-0.0,0.0,0.0,0.0,0.0,-12591.964074021149,-630.5263187650756,-16918.0,6117.935278345804,224.17169023773533,-0.0,0.0,0.0,0.0,0.0,-815.2940525239528,-218.81291605958748,-5308.0,36842.632767168936,64.6,-0.0,0.0,0.0,0.0,0.0,-1589.2164259788524,-842.0163411900755,-34476.0,20457.70257193761,1137.887373612387,-0.0,0.0,0.0,0.0,0.0,-7381.3685000000005,-629.22144555,-13585.0
t583,19241.261902870978,0.0,-0.0,0.0,0.0,0.0,0.0,-717.987908335951,-369.2739945350282,-18154.0,11965.00119309352,0.0,-0.0,0.0,0.0,0.0,0.0,11953.167192328328,-493.16838542184826,-23425.0,21319.661929602393,0.0,-0.0,0.0,0.0,0.0,0.0,9131.098790142738,-905.7607197451317,-29545.0,29927.291871044912,0.0,-0.0,0.0,0.0,0.0,0.0,-12633.090291812508,-633.2015792324037,-16661.0,6407.246347061216,0.0,-0.0,0.0,0.0,0.0,0.0,-864.2125320319647,-221.0338150292512,-5322.0,34921.31773124057,0.0,-0.0,0.0,0.0,0.0,0.0,512.3932497093574,-722.7109809499102,-34711.0,21769.589945549997,0.0,-0.0,0.0,0.0,0.0,0.0,-7381.3685000000005,-629.22144555,-13759.0
t584,20660.830730201367,0.0,-6185.9907302013635,0.0,0.0,0.0,0.0,4600.0,-208.84,-18866.0,19738.752399027697,0.0,-2246.9,0.0,0.0,0.0,0.0,6064.321289174008,-266.1736882016983,-23290.0,30272.43543428335,0.0,-4333.061875062067,0.0,0.0,0.0,0.0,4482.19144635019,-373.56500557147336,-30048.0,29486.267525035626,0.0,-974.4831063465713,0.0,0.0,0.0,0.0,-11410.42927447175,-586.3551442173025,-16515.0,7426.200342336542,0.0,-90.18408296154183,0.0,0.0,0.0,0.0,-1766.0394999999999,-261.97675937500003,-5308.0,31157.32225802193,0.0,-0.0,0.0,0.0,0.0,0.0,3771.7677510753774,-631.0900090973065,-34298.0,20019.890248837208,0.0,-0.0,0.0,0.0,0.0,0.0,-5741.8117121278265,-386.07853670938397,-13892.0
t585,20079.629407559045,0.0,-6566.3,0.0,0.0,0.0,0.0,6010.17242032365,-317.50182788269376,-19206.0,29074.531278251543,0.0,-6097.292198651538,0.0,0.0,0.0,0.0,367.314,-22.553079600000004,-23322.0,34353.67261329717,0.0,-5677.104053755518,0.0,0.0,0.0,0.0,2317.2309884562014,-100.79954799784475,-30893.0,26393.049615204487,0.0,-974.4831063465713,0.0,0.0,0.0,0.0,-8458.817480368125,-443.7490284897913,-16516.0,7039.2215551448935,0.0,-224.17169023773533,0.0,0.0,0.0,0.0,-1310.020182566518,-207.02968234063997,-5298.0,27602.951273539795,0.0,-64.6,0.0,0.0,0.0,0.0,6893.890134283716,-451.2414078235121,-33981.0,21954.64274151843,0.0,-1630.3,0.0,0.0,0.0,0.0,-5819.769880128924,-327.5728613895117,-14177.0
t586,21480.6576118452,0.0,-6566.3,0.0,0.0,0.0,0.0,4910.7965286435965,-250.1541404887977,-19575.0,31718.307684575462,0.0,-6158.688427115619,0.0,0.0,0.0,0.0,-2186.3271883679854,-90.29206909185822,-23283.0,34180.15510488716,0.0,-5677.104053755518,0.0,0.0,0.0,0.0,4473.752359782005,-183.80341091364397,-32793.0,22913.925552280765,0.0,-685.2331063462982,0.0,0.0,0.0,0.0,-5496.366196032548,-226.32624990191724,-16506.0,6359.114065732516,0.0,-224.17169023773533,0.0,0.0,0.0,0.0,-614.2565615264784,-209.68581396830214,-5311.0,30222.37249792662,0.0,-64.6,0.0,0.0,0.0,0.0,3751.7971750732972,-226.56967299991396,-33683.0,21361.192727762165,0.0,-1630.3,0.0,0.0,0.0,0.0,-4839.396117571888,-240.49661019027803,-14651.0
t587,18665.967813548472,0.0,-2782.214176717859,0.0,0.0,0.0,0.0,4178.971677319697,-189.72531415031426,-19873.0,31061.41673614623,0.0,-5905.469574612324,0.0,0.0,0.0,0.0,-1629.1270367473621,-54.82012478654873,-23472.0,33084.93922789015,0.0,-5677.104053755518,0.0,0.0,0.0,0.0,6170.536251493371,-252.3714256280001,-33326.0,20397.315124025696,0.0,-226.0,0.0,0.0,0.0,0.0,-3402.2135065731154,-90.10161745258114,-16679.0,6946.873250845012,0.0,-0.0,0.0,0.0,0.0,0.0,-1345.0111773196968,-242.86207352531426,-5359.0,33235.71185150447,0.0,-0.0,0.0,0.0,0.0,0.0,568.2530065731152,-36.96485807758114,-33767.0,20595.261658351737,0.0,-797.3011427642707,0.0,0.0,0.0,0.0,-4541.40921474601,-197.5513008414514,-15059.0
t588,18333.270293749345,0.0,-1207.5385055046522,0.0,0.0,0.0,0.0,2871.640699513206,-130.37248775789956,-19867.0,30092.93699554658,0.0,-5620.589030388077,0.0,0.0,0.0,0.0,-808.1535966318293,-27.194368526661055,-23637.0,31586.304911859286,0.0,-3044.4100154292623,0.0,0.0,0.0,0.0,5458.593612799943,-229.48850922997403,-33771.0,20677.78762258649,0.0,-59.942371953768046,0.0,0.0,0.0,0.0,-3538.790948727279,-157.05430190544405,-16922.0,7056.020765527918,0.0,-224.17169023773533,0.0,0.0,0.0,0.0,-1291.8556172396545,-159.99345805052866,-5380.0,32279.42746515909,0.0,-0.0,0.0,0.0,0.0,0.0,1959.0058664537273,-127.43333161281495,-34111.0,20166.734156871426,0.0,-0.0,0.0,0.0,0.0,0.0,-4650.440016168114,-202.29414070331296,-15314.0
t589,17712.21303847876,0.0,-97.3,0.0,0.0,0.0,0.0,2640.9878080046446,-119.90084648341087,-20136.0,29842.887365022645,0.0,-3837.3849637001535,0.0,0.0,0.0,0.0,-2092.1031309655004,-70.39927035698909,-23843.0,30667.64672047791,0.0,-1665.0,0.0,0.0,0.0,0.0,6416.880359312163,-258.5270797900689,-35161.0,20489.41095822122,0.0,-0.0,0.0,0.0,0.0,0.0,-2949.814356356228,-166.59660186499568,-17373.0,7759.848986594067,0.0,-181.9140384381372,0.0,0.0,0.0,0.0,-2094.7929480483385,-130.14200010759163,-5353.0,32452.735951840892,0.0,-0.0,0.0,0.0,0.0,0.0,2403.619496399922,-156.35544824081492,-34700.0,20018.905037779743,0.0,-0.0,0.0,0.0,0.0,0.0,-4324.777228346663,-188.12780943307982,-15506.0
t590,16056.535881429847,0.0,-97.3,0.0,0.0,0.0,0.0,3951.146153959926,-179.38203538978064,-19731.0,29259.77554646622,0.0,-2246.9,0.0,0.0,0.0,0.0,-2106.9758104447515,-70.89973602146588,-24835.0,28704.76309457935,0.0,-1665.0,0.0,0.0,0.0,0.0,9744.36298346866,-403.12607804800587,-36381.0,20627.48909245751,0.0,-0.0,0.0,0.0,0.0,0.0,-3177.805217764231,-153.6838746932757,-17296.0,9458.399879587441,0.0,-27.871690237735315,0.0,0.0,0.0,0.0,-3951.146153959926,-179.38203538978064,-5300.0,34918.69775791086,0.0,-0.0,0.0,0.0,0.0,0.0,121.18534904448879,-7.883106955343996,-35032.0,20663.79441406864,0.0,-0.0,0.0,0.0,0.0,0.0,-4580.767304304167,-478.02710976447173,-15605.0
t591,17060.285272196077,0.0,-0.0,0.0,0.0,0.0,0.0,2597.8526470963297,-300.13791929240733,-19358.0,28165.914519705984,0.0,-2246.9,0.0,0.0,0.0,0.0,-822.3426882464868,-27.67183145949428,-25069.0,25829.95279046937,0.0,-1274.7487507604787,0.0,0.0,0.0,0.0,12726.503287248264,-549.7073269571692,-36732.0,19364.387977946586,0.0,-0.0,0.0,0.0,0.0,0.0,-2415.8115906015114,-117.57638734507728,-16831.0,10126.095232783146,0.0,-0.0,0.0,0.0,0.0,0.0,-4806.212675486931,-218.88255729621358,-5101.0,34440.78581994862,0.0,-0.0,0.0,0.0,0.0,0.0,134.995646880991,-8.781466829608464,-34567.0,23474.559680907605,0.0,-0.0,0.0,0.0,0.0,0.0,-7414.984626890656,-549.57505401695,-15510.0
t592,16939.1501581045,0.0,-0.0,0.0,0.0,0.0,0.0,1745.5446005521133,-130.69475865661425,-18554.0,24351.88287006026,0.0,-0.0,0.0,0.0,0.0,0.0,444.9396178974903,-419.82248795774944,-24377.0,19413.866761825902,0.0,-0.0,0.0,0.0,0.0,0.0,17366.99581155434,-752.8625733802476,-36028.0,18271.789389244437,974.4831063465713,-0.0,0.0,0.0,0.0,0.0,-2723.367849184893,-129.9046464061194,-16393.0,7299.811326798329,0.0,-0.0,0.0,0.0,0.0,0.0,-2310.896620239457,-104.91470655887136,-4884.0,42058.023025999995,0.0,-0.0,0.0,0.0,0.0,0.0,-8040.674,-422.349026,-33595.0,22142.90326631047,0.0,-0.0,0.0,0.0,0.0,0.0,-6482.541560579595,-530.3617057308746,-15130.0
t593,16617.658318339225,3765.8855443573625,-0.0,0.0,0.0,0.0,0.0,-2102.677182344792,-445.866680351798,-17835.0,14981.580857081268,3032.757248518733,-0.0,0.0,0.0,0.0,0.0,5627.988,-280.3261056,-23362.0,15684.983721885674,2581.204053755519,-0.0,0.0,0.0,0.0,0.0,18198.589037274804,-847.7768129159981,-35617.0,21150.36123350297,974.4831063465713,-0.0,0.0,0.0,0.0,0.0,-6057.540940514888,-209.30339933465413,-15858.0,5798.0068509190605,224.17169023773533,-0.0,0.0,0.0,0.0,0.0,-1094.9896840661622,-226.18885709063377,-4701.0,40678.023026,0.0,-0.0,0.0,0.0,0.0,0.0,-8040.674,-422.349026,-32215.0,20297.61238866915,1630.3,-0.0,0.0,0.0,0.0,0.0,-6530.695230348962,-592.2171583201798,-14805.0
t594,16638.717501213516,97.3,-0.0,0.0,0.0,0.0,0.0,663.3344479595316,-388.35194917304534,-17011.0,11903.211559518955,3779.9888500528423,-0.0,0.0,0.0,0.0,0.0,6797.479070552289,-319.67948012408453,-22161.0,16060.008793058627,4760.9,-0.0,0.0,0.0,0.0,0.0,14778.07678065214,-784.9855737107622,-34814.0,21702.365503575,0.0,-0.0,0.0,0.0,0.0,0.0,-6140.5064999999995,-210.85900357500003,-15351.0,6831.54016154037,2.5072414840917947,-0.0,0.0,0.0,0.0,0.0,-2057.8590324205793,-276.1883706038823,-4500.0,39344.023026,0.0,-0.0,0.0,0.0,0.0,0.0,-8040.674,-422.349026,-30881.0,21155.8819517859,0.0,-0.0,0.0,0.0,0.0,0.0,-5999.850766743381,-596.0311850425145,-14560.0
t595,16473.83600795249,3669.211041584621,-0.0,0.0,0.0,0.0,0.0,-3710.2592287080224,-587.7878208290858,-15845.0,9675.484846396648,3909.1045674831985,-0.0,0.0,0.0,0.0,0.0,7524.556212055833,-344.1456259356788,-20765.0,15921.997946262574,0.0,-0.0,0.0,0.0,0.0,0.0,19514.29151665219,-1056.2894629147647,-34380.0,23136.143270941902,0.0,-0.0,0.0,0.0,0.0,0.0,-8581.497784321771,-369.6454866201312,-14185.0,6909.701763609824,0.0,-0.0,0.0,0.0,0.0,0.0,-2426.557764741894,-294.1439988679303,-4189.0,35569.818224723385,0.0,-0.0,0.0,0.0,0.0,0.0,-5599.682715678229,-581.1355090451311,-29389.0,21560.238920301035,0.0,-0.0,0.0,0.0,0.0,0.0,-6720.850235258106,-661.3886850429302,-14178.0
t596,16632.179981166995,97.3,-0.0,0.0,0.0,0.0,0.0,-1176.2432872675872,-472.236693899402,-15081.0,9688.051497690876,176.96005064819474,-0.0,0.0,0.0,0.0,0.0,8755.557262959517,-385.5688112985878,-18235.0,16070.976865928038,3312.9101311118816,-0.0,0.0,0.0,0.0,0.0,15749.274524308072,-982.1615213479897,-34151.0,25171.85944248611,0.0,-0.0,0.0,0.0,0.0,0.0,-10357.673711784526,-485.1857307015834,-14329.0,6126.426421088838,151.5898382861616,-0.0,0.0,0.0,0.0,0.0,-1766.0394999999999,-261.97675937500003,-4250.0,32220.3722720483,0.0,-0.0,0.0,0.0,0.0,0.0,-4044.4823513966867,-711.8899206516098,-27464.0,21443.828549893813,0.0,-0.0,0.0,0.0,0.0,0.0,-7160.392936818789,-644.4356130750265,-13639.0
t597,17828.477368836357,1441.569680700751,-0.0,0.0,0.0,0.0,0.0,-3710.2592287080224,-587.7878208290858,-14972.0,9125.62013357151,3012.5735597184002,-0.0,0.0,0.0,0.0,0.0,6461.168951322077,-308.36264461198795,-18291.0,15991.827704205129,0.0,-0.0,0.0,0.0,0.0,0.0,20577.678777385947,-1020.5064815910738,-35549.0,26719.841781260675,0.0,-0.0,0.0,0.0,0.0,0.0,-11907.819093479811,-586.0226877808617,-14226.0,6768.839669779481,0.0,-0.0,0.0,0.0,0.0,0.0,-2248.373256464652,-285.46641331482857,-4235.0,30643.35732577748,0.0,-0.0,0.0,0.0,0.0,0.0,-2352.4026275066963,-802.9546982707826,-27488.0,20923.562036915264,108.58457318832734,-0.0,0.0,0.0,0.0,0.0,-6819.993522548842,-658.1530875547496,-13554.0
t598,15897.77884512203,3060.268204415078,-0.0,0.0,0.0,0.0,0.0,-3710.2592287080224,-587.7878208290858,-14660.0,10352.438105600002,2246.9,-0.0,0.0,0.0,0.0,0.0,5627.988,-280.3261056,-17947.0,16015.790350984944,949.8198628861227,-0.0,0.0,0.0,0.0,0.0,21410.859728708023,-992.4699425790859,-37384.0,25798.642200298407,0.0,-0.0,0.0,0.0,0.0,0.0,-11445.968395912556,-569.6738043858497,-13783.0,7799.282902813762,0.0,-0.0,0.0,0.0,0.0,0.0,-3352.972698142631,-319.3102046711286,-4127.0,30345.144126952175,0.0,-0.0,0.0,0.0,0.0,0.0,-2439.4344694926704,-786.7096574595017,-27119.0,20377.31365794692,0.0,-0.0,0.0,0.0,0.0,0.0,-6090.212936452144,-692.1007214947806,-13595.0
t599,15690.892324905306,58.3800000001025,-0.0,0.0,0.0,0.0,0.0,-1068.9291554183346,-467.3431694870761,-14213.0,9929.506256635173,1606.8318489648325,-0.0,0.0,0.0,0.0,0.0,5627.988,-280.3261056,-16884.0,15980.5788643649,3368.916771453837,-0.0,0.0,0.0,0.0,0.0,18769.529655418337,-872.0252912370761,-37247.0,25806.742134014235,0.0,-0.0,0.0,0.0,0.0,0.0,-11271.264408081104,-572.4777259331339,-13963.0,8147.5584569509165,0.0,-0.0,0.0,0.0,0.0,0.0,-3658.986001721899,-313.57245522901735,-4175.0,29570.37648219375,0.0,-0.0,0.0,0.0,0.0,0.0,-2308.1251537448543,-795.2513284488972,-26467.0,20148.31365794692,0.0,-0.0,0.0,0.0,0.0,0.0,-6090.212936452144,-692.1007214947806,-13366.0
t600,16092.982381570799,2529.0646679663105,-0.0,0.0,0.0,0.0,0.0,-3710.2592287080224,-587.7878208290858,-14324.0,9958.142935764121,1624.9030333523733,-0.0,0.0,0.0,0.0,0.0,5642.777813715016,-280.8237828315103,-16945.0,16072.89770481759,0.0,-0.0,0.0,0.0,0.0,0.0,21396.069914993008,-992.9676198105961,-36476.0,26323.128460293658,0.0,-0.0,0.0,0.0,0.0,0.0,-11473.421224067442,-600.7072362262155,-14249.0,8553.136734200882,0.0,-0.0,0.0,0.0,0.0,0.0,-3984.670870256895,-307.46586394398616,-4261.0,29444.870899250538,0.0,-0.0,0.0,0.0,0.0,0.0,-1780.2834692235201,-829.58743002701,-26835.0,20020.313657946925,0.0,-0.0,0.0,0.0,0.0,0.0,-6090.212936452144,-692.1007214947806,-13238.0
