I must not fear. Fear is the mind-killer.

Loading GenX
  Loading requirement: gurobi/12.0.0 julia/1.11.3

libgomp: Invalid value for environment variable OMP_NUM_THREADS: invalid
Set parameter LicenseID to value 197246
Set parameter GURO_PAR_SPECIAL
Set parameter TokenServer to value "license.rc.princeton.edu"
Set parameter FeasibilityTol to value 1e-06
Set parameter PreDual to value -1
Set parameter Method to value 2
Set parameter Crossover to value 1
Set parameter TimeLimit to value 1e+100
Set parameter OutputFlag to value 1
Set parameter NumericFocus to value 0
Set parameter MIPGap to value 0.001
Set parameter OptimalityTol to value 0.0001
Set parameter AggFill to value -1
Set parameter BarConvTol to value 1e-08
Set parameter Presolve to value -1
Set parameter LicenseID to value 197246
Set parameter GURO_PAR_SPECIAL
Set parameter TokenServer to value "license.rc.princeton.edu"
Set parameter FeasibilityTol to value 1e-06
Set parameter PreDual to value -1
Set parameter Method to value 2
Set parameter Crossover to value 1
Set parameter TimeLimit to value 1e+100
Set parameter OutputFlag to value 1
Set parameter NumericFocus to value 0
Set parameter MIPGap to value 0.001
Set parameter OptimalityTol to value 0.0001
Set parameter AggFill to value -1
Set parameter BarConvTol to value 1e-08
Set parameter Presolve to value -1
Set parameter LicenseID to value 197246
Set parameter GURO_PAR_SPECIAL
Set parameter TokenServer to value "license.rc.princeton.edu"
Set parameter FeasibilityTol to value 1e-06
Set parameter PreDual to value -1
Set parameter Method to value 2
Set parameter Crossover to value 1
Set parameter TimeLimit to value 1e+100
Set parameter OutputFlag to value 1
Set parameter NumericFocus to value 0
Set parameter MIPGap to value 0.001
Set parameter OptimalityTol to value 0.0001
Set parameter AggFill to value -1
Set parameter BarConvTol to value 1e-08
Set parameter Presolve to value -1
Set parameter LicenseID to value 197246
Set parameter GURO_PAR_SPECIAL
Set parameter TokenServer to value "license.rc.princeton.edu"
Set parameter FeasibilityTol to value 1e-06
Set parameter PreDual to value -1
Set parameter Method to value 2
Set parameter Crossover to value 1
Set parameter TimeLimit to value 1e+100
Set parameter OutputFlag to value 1
Set parameter NumericFocus to value 0
Set parameter MIPGap to value 0.001
Set parameter OptimalityTol to value 0.0001
Set parameter AggFill to value -1
Set parameter BarConvTol to value 1e-08
Set parameter Presolve to value -1
Set parameter LicenseID to value 197246
Set parameter GURO_PAR_SPECIAL
Set parameter TokenServer to value "license.rc.princeton.edu"
Set parameter FeasibilityTol to value 1e-06
Set parameter PreDual to value -1
Set parameter Method to value 2
Set parameter Crossover to value 1
Set parameter TimeLimit to value 1e+100
Set parameter OutputFlag to value 1
Set parameter NumericFocus to value 0
Set parameter MIPGap to value 0.001
Set parameter OptimalityTol to value 0.0001
Set parameter AggFill to value -1
Set parameter BarConvTol to value 1e-08
Set parameter Presolve to value -1
Set parameter LicenseID to value 197246
Set parameter GURO_PAR_SPECIAL
Set parameter TokenServer to value "license.rc.princeton.edu"
Set parameter FeasibilityTol to value 1e-06
Set parameter PreDual to value -1
Set parameter Method to value 2
Set parameter Crossover to value 1
Set parameter TimeLimit to value 1e+100
Set parameter OutputFlag to value 1
Set parameter NumericFocus to value 0
Set parameter MIPGap to value 0.001
Set parameter OptimalityTol to value 0.0001
Set parameter AggFill to value -1
Set parameter BarConvTol to value 1e-08
Set parameter Presolve to value -1
Set parameter LicenseID to value 197246
Set parameter GURO_PAR_SPECIAL
Set parameter TokenServer to value "license.rc.princeton.edu"
Set parameter FeasibilityTol to value 1e-06
Set parameter PreDual to value -1
Set parameter Method to value 2
Set parameter Crossover to value 1
Set parameter TimeLimit to value 1e+100
Set parameter OutputFlag to value 1
Set parameter NumericFocus to value 0
Set parameter MIPGap to value 0.001
Set parameter OptimalityTol to value 0.0001
Set parameter AggFill to value -1
Set parameter BarConvTol to value 1e-08
Set parameter Presolve to value -1
Set parameter LicenseID to value 197246
Set parameter GURO_PAR_SPECIAL
Set parameter TokenServer to value "license.rc.princeton.edu"
Set parameter FeasibilityTol to value 1e-06
Set parameter PreDual to value -1
Set parameter Method to value 2
Set parameter Crossover to value 1
Set parameter TimeLimit to value 1e+100
Set parameter OutputFlag to value 1
Set parameter NumericFocus to value 0
Set parameter MIPGap to value 0.001
Set parameter OptimalityTol to value 0.0001
Set parameter AggFill to value -1
Set parameter BarConvTol to value 1e-08
Set parameter Presolve to value -1
Set parameter LicenseID to value 197246
Set parameter GURO_PAR_SPECIAL
Set parameter TokenServer to value "license.rc.princeton.edu"
Set parameter FeasibilityTol to value 1e-06
Set parameter PreDual to value -1
Set parameter Method to value 2
Set parameter Crossover to value 1
Set parameter TimeLimit to value 1e+100
Set parameter OutputFlag to value 1
Set parameter NumericFocus to value 0
Set parameter MIPGap to value 0.001
Set parameter OptimalityTol to value 0.0001
Set parameter AggFill to value -1
Set parameter BarConvTol to value 1e-08
Set parameter Presolve to value -1
Set parameter LicenseID to value 197246
Set parameter GURO_PAR_SPECIAL
Set parameter TokenServer to value "license.rc.princeton.edu"
Set parameter FeasibilityTol to value 1e-06
Set parameter PreDual to value -1
Set parameter Method to value 2
Set parameter Crossover to value 1
Set parameter TimeLimit to value 1e+100
Set parameter OutputFlag to value 1
Set parameter NumericFocus to value 0
Set parameter MIPGap to value 0.001
Set parameter OptimalityTol to value 0.0001
Set parameter AggFill to value -1
Set parameter BarConvTol to value 1e-08
Set parameter Presolve to value -1
Set parameter LicenseID to value 197246
Set parameter GURO_PAR_SPECIAL
Set parameter TokenServer to value "license.rc.princeton.edu"
Set parameter FeasibilityTol to value 1e-06
Set parameter PreDual to value -1
Set parameter Method to value 2
Set parameter Crossover to value 1
Set parameter TimeLimit to value 1e+100
Set parameter OutputFlag to value 1
Set parameter NumericFocus to value 0
Set parameter MIPGap to value 0.001
Set parameter OptimalityTol to value 0.0001
Set parameter AggFill to value -1
Set parameter BarConvTol to value 1e-08
Set parameter Presolve to value -1
Set parameter LicenseID to value 197246
Set parameter GURO_PAR_SPECIAL
Set parameter TokenServer to value "license.rc.princeton.edu"
Set parameter FeasibilityTol to value 1e-06
Set parameter PreDual to value -1
Set parameter Method to value 2
Set parameter Crossover to value 1
Set parameter TimeLimit to value 1e+100
Set parameter OutputFlag to value 1
Set parameter NumericFocus to value 0
Set parameter MIPGap to value 0.001
Set parameter OptimalityTol to value 0.0001
Set parameter AggFill to value -1
Set parameter BarConvTol to value 1e-08
Set parameter Presolve to value -1
Set parameter LicenseID to value 197246
Set parameter GURO_PAR_SPECIAL
Set parameter TokenServer to value "license.rc.princeton.edu"
Set parameter FeasibilityTol to value 1e-06
Set parameter PreDual to value -1
Set parameter Method to value 2
Set parameter Crossover to value 1
Set parameter TimeLimit to value 1e+100
Set parameter OutputFlag to value 1
Set parameter NumericFocus to value 0
Set parameter MIPGap to value 0.001
Set parameter OptimalityTol to value 0.0001
Set parameter AggFill to value -1
Set parameter BarConvTol to value 1e-08
Set parameter Presolve to value -1
Set parameter LicenseID to value 197246
Set parameter GURO_PAR_SPECIAL
Set parameter TokenServer to value "license.rc.princeton.edu"
Set parameter FeasibilityTol to value 1e-06
Set parameter PreDual to value -1
Set parameter Method to value 2
Set parameter Crossover to value 1
Set parameter TimeLimit to value 1e+100
Set parameter OutputFlag to value 1
Set parameter NumericFocus to value 0
Set parameter MIPGap to value 0.001
Set parameter OptimalityTol to value 0.0001
Set parameter AggFill to value -1
Set parameter BarConvTol to value 1e-08
Set parameter Presolve to value -1
Set parameter LicenseID to value 197246
Set parameter GURO_PAR_SPECIAL
Set parameter TokenServer to value "license.rc.princeton.edu"
Set parameter FeasibilityTol to value 1e-06
Set parameter PreDual to value -1
Set parameter Method to value 2
Set parameter Crossover to value 1
Set parameter TimeLimit to value 1e+100
Set parameter OutputFlag to value 1
Set parameter NumericFocus to value 0
Set parameter MIPGap to value 0.001
Set parameter OptimalityTol to value 0.0001
Set parameter AggFill to value -1
Set parameter BarConvTol to value 1e-08
Set parameter Presolve to value -1
Set parameter LicenseID to value 197246
Set parameter GURO_PAR_SPECIAL
Set parameter TokenServer to value "license.rc.princeton.edu"
Set parameter FeasibilityTol to value 1e-06
Set parameter PreDual to value -1
Set parameter Method to value 2
Set parameter Crossover to value 1
Set parameter TimeLimit to value 1e+100
Set parameter OutputFlag to value 1
Set parameter NumericFocus to value 0
Set parameter MIPGap to value 0.001
Set parameter OptimalityTol to value 0.0001
Set parameter AggFill to value -1
Set parameter BarConvTol to value 1e-08
Set parameter Presolve to value -1
Set parameter LicenseID to value 197246
Set parameter GURO_PAR_SPECIAL
Set parameter TokenServer to value "license.rc.princeton.edu"
Set parameter FeasibilityTol to value 1e-06
Set parameter PreDual to value -1
Set parameter Method to value 2
Set parameter Crossover to value 1
Set parameter TimeLimit to value 1e+100
Set parameter OutputFlag to value 1
Set parameter NumericFocus to value 0
Set parameter MIPGap to value 0.001
Set parameter OptimalityTol to value 0.0001
Set parameter AggFill to value -1
Set parameter BarConvTol to value 1e-08
Set parameter Presolve to value -1
Set parameter LicenseID to value 197246
Set parameter GURO_PAR_SPECIAL
Set parameter TokenServer to value "license.rc.princeton.edu"
Set parameter FeasibilityTol to value 1e-06
Set parameter PreDual to value -1
Set parameter Method to value 2
Set parameter Crossover to value 1
Set parameter TimeLimit to value 1e+100
Set parameter OutputFlag to value 1
Set parameter NumericFocus to value 0
Set parameter MIPGap to value 0.001
Set parameter OptimalityTol to value 0.0001
Set parameter AggFill to value -1
Set parameter BarConvTol to value 1e-08
Set parameter Presolve to value -1
Set parameter FeasibilityTol to value 1e-06
Set parameter PreDual to value -1
Set parameter Method to value 2
Set parameter Crossover to value 1
Set parameter TimeLimit to value 1e+100
Set parameter OutputFlag to value 1
Set parameter NumericFocus to value 0
Set parameter MIPGap to value 0.001
Set parameter OptimalityTol to value 0.0001
Set parameter AggFill to value -1
Set parameter BarConvTol to value 1e-08
Set parameter Presolve to value -1
Gurobi Optimizer version 12.0.3 build v12.0.3rc0 (linux64 - "Red Hat Enterprise Linux 9.6 (Plow)")

CPU model: AMD EPYC 9654 96-Core Processor, instruction set [SSE2|AVX|AVX2|AVX512]
Thread count: 192 physical cores, 192 logical processors, using up to 32 threads

Non-default parameters:
MIPGap  0.001
OptimalityTol  0.0001
Method  2
Crossover  1

Optimize a model with 13211974 rows, 11875553 columns and 60371035 nonzeros
Model fingerprint: 0x51fcab14
Coefficient statistics:
  Matrix range     [2e-08, 7e+04]
  Objective range  [6e-03, 5e+09]
  Bounds range     [0e+00, 0e+00]
  RHS range        [3e+00, 8e+08]
Warning: Model contains large matrix coefficient range
Warning: Model contains large objective coefficients
         Consider reformulating model or setting NumericFocus parameter
         to avoid numerical issues.
Presolve removed 3141868 rows and 5497711 columns (presolve time = 6s)...
Presolve removed 5018128 rows and 6303525 columns (presolve time = 15s)...
Presolve removed 5018128 rows and 6303525 columns (presolve time = 20s)...
Presolve removed 5018128 rows and 6303525 columns (presolve time = 26s)...
Presolve removed 5019658 rows and 6303525 columns (presolve time = 30s)...
Presolve removed 5019658 rows and 6303525 columns
Presolve time: 34.57s
Presolved: 8192316 rows, 5572028 columns, 52418575 nonzeros

Elapsed ordering time = 5s
Ordering time: 8.72s

Barrier statistics:
 Dense cols : 3546
 AA' NZ     : 1.061e+08
 Factor NZ  : 2.400e+08 (roughly 8.0 GB of memory)
 Factor Ops : 2.207e+10 (roughly 1 second per iteration)
 Threads    : 32

                  Objective                Residual
Iter       Primal          Dual         Primal    Dual     Compl     Time
   0   6.45109009e+15 -2.11367448e+16  7.97e+08 4.78e+06  7.00e+12    58s
   1   5.09655277e+15 -3.34791922e+16  6.56e+08 3.74e+07  5.59e+12    60s
   2   4.06271807e+15 -5.88267618e+16  5.43e+08 3.12e+07  4.67e+12    64s
   3   3.45150163e+15 -1.01735892e+17  4.82e+08 2.37e+07  3.91e+12    69s
   4   2.80872053e+15 -1.69494088e+17  4.07e+08 1.29e+07  2.91e+12    71s
   5   2.37615640e+15 -2.18471597e+17  3.43e+08 5.17e+06  2.26e+12    76s
   6   1.04741611e+15 -2.22615435e+17  1.09e+08 1.15e+06  7.74e+11    82s
   7   6.19153704e+14 -1.90084084e+17  1.97e+07 4.98e+05  1.67e+11    88s
   8   6.12342085e+14 -1.49635501e+17  9.97e+06 2.83e+05  9.04e+10    92s
   9   6.07799112e+14 -1.19547366e+17  5.51e+06 1.83e+05  5.50e+10    95s
  10   5.94511450e+14 -9.42157620e+16  3.01e+06 1.18e+05  3.33e+10    98s
  11   5.77782319e+14 -5.95450185e+16  1.22e+06 5.59e+04  1.55e+10   100s
  12   5.29535968e+14 -2.43922846e+16  3.09e+05 1.41e+04  4.39e+09   103s
  13   4.18362624e+14 -8.92487806e+15  8.20e+04 3.75e+03  1.27e+09   105s
  14   3.03178063e+14 -4.28705505e+15  2.30e+04 1.54e+03  5.33e+08   108s
  15   2.00014641e+14 -2.45423493e+15  3.69e+03 8.15e+02  2.79e+08   111s
  16   1.68424077e+14 -1.98280142e+15  2.00e+03 6.51e+02  2.21e+08   114s
  17   1.50935880e+14 -1.21224321e+15  1.44e+03 3.98e+02  1.37e+08   116s
  18   9.93429651e+13 -7.37549532e+14  4.06e+02 2.40e+02  7.97e+07   119s
  19   7.99619928e+13 -4.88490809e+14  2.24e+02 1.58e+02  5.25e+07   121s
  20   5.28032546e+13 -3.57746094e+14  6.44e+01 1.13e+02  3.63e+07   123s
  21   3.13676636e+13 -1.52236414e+14  1.61e+01 4.57e+01  1.53e+07   125s
  22   1.94900730e+13 -7.71906439e+13  5.67e+00 2.12e+01  7.78e+06   129s
  23   1.47321683e+13 -3.74591817e+13  3.57e+00 8.27e+00  4.11e+06   131s
  24   1.06790799e+13 -2.08824773e+13  2.32e+00 3.66e+00  2.44e+06   133s
  25   7.98922928e+12 -1.80200202e+13  1.60e+00 3.20e+00  2.00e+06   135s
  26   6.52970714e+12 -1.40526398e+13  1.27e+00 2.87e+00  1.57e+06   138s
  27   5.43050638e+12 -1.23691033e+13  1.04e+00 2.58e+00  1.36e+06   141s
  28   5.05313860e+12 -8.22718677e+12  9.62e-01 1.66e+00  1.01e+06   145s
  29   3.97989027e+12 -5.61147257e+12  7.51e-01 4.47e-01  7.24e+05   150s
  30   2.97570094e+12 -3.48065858e+12  5.50e-01 1.40e-01  4.85e+05   156s
  31   2.06058823e+12 -2.48743724e+12  3.53e-01 4.02e-07  3.41e+05   161s
  32   1.87926670e+12 -1.55859910e+12  3.13e-01 3.51e-07  2.57e+05   166s
  33   1.42185305e+12 -1.19630063e+12  2.06e-01 3.97e-07  1.96e+05   170s
  34   1.18811167e+12 -8.05798242e+11  1.51e-01 3.96e-07  1.49e+05   175s
  35   1.03611044e+12 -5.27175177e+11  1.13e-01 4.43e-07  1.17e+05   181s
  36   9.25954399e+11 -3.17857515e+11  8.59e-02 4.31e-07  9.29e+04   185s
  37   8.49091276e+11 -1.46363374e+11  6.72e-02 5.41e-07  7.43e+04   190s
  38   8.13595011e+11 -8.33259278e+09  5.93e-02 5.33e-07  6.14e+04   195s
  39   7.87745967e+11  5.75166255e+10  5.38e-02 6.28e-07  5.45e+04   201s
  40   7.61122917e+11  8.33788161e+10  4.83e-02 7.97e-07  5.06e+04   206s
  41   7.34815652e+11  1.49439386e+11  4.31e-02 7.10e-07  4.37e+04   212s
  42   7.21105353e+11  1.72295016e+11  4.05e-02 7.32e-07  4.10e+04   219s
  43   7.11450633e+11  1.76005506e+11  3.86e-02 7.26e-07  4.00e+04   223s
  44   6.96330130e+11  2.23920378e+11  3.57e-02 8.09e-07  3.53e+04   229s
  45   6.84450167e+11  2.59129676e+11  3.33e-02 6.43e-07  3.17e+04   234s
  46   6.63746166e+11  2.84433776e+11  2.94e-02 7.76e-07  2.83e+04   239s
  47   6.49080689e+11  3.00745907e+11  2.66e-02 7.42e-07  2.60e+04   244s
  48   6.35522966e+11  3.30209918e+11  2.42e-02 7.49e-07  2.28e+04   251s
  49   6.31821701e+11  3.38563592e+11  2.35e-02 8.27e-07  2.19e+04   254s
  50   6.30031106e+11  3.47517924e+11  2.32e-02 7.17e-07  2.11e+04   260s
  51   6.10153153e+11  3.62221705e+11  1.94e-02 7.40e-07  1.85e+04   266s
  52   6.01362474e+11  3.88915409e+11  1.79e-02 8.77e-07  1.59e+04   271s
  53   5.88965037e+11  4.03845226e+11  1.57e-02 7.11e-07  1.38e+04   277s
  54   5.84026883e+11  4.10398610e+11  1.48e-02 7.62e-07  1.30e+04   282s
  55   5.70945449e+11  4.18702900e+11  1.24e-02 7.62e-07  1.14e+04   287s
  56   5.61899461e+11  4.32317294e+11  1.08e-02 6.59e-07  9.67e+03   291s
  57   5.54586412e+11  4.40318185e+11  9.52e-03 6.97e-07  8.53e+03   298s
  58   5.47645028e+11  4.48653064e+11  8.30e-03 6.17e-07  7.39e+03   302s
  59   5.40689919e+11  4.56806074e+11  7.08e-03 7.75e-07  6.26e+03   308s
  60   5.35105048e+11  4.60583096e+11  6.13e-03 6.73e-07  5.56e+03   312s
  61   5.31856549e+11  4.64325597e+11  5.56e-03 6.54e-07  5.04e+03   317s
  62   5.27528027e+11  4.67686589e+11  4.81e-03 9.72e-07  4.46e+03   322s
  63   5.25608878e+11  4.73452897e+11  4.49e-03 6.12e-07  3.89e+03   327s
  64   5.22003395e+11  4.75838054e+11  3.89e-03 7.66e-07  3.44e+03   334s
  65   5.18797674e+11  4.78439885e+11  3.37e-03 7.49e-07  3.01e+03   339s
  66   5.15833114e+11  4.80877282e+11  2.89e-03 7.11e-07  2.61e+03   344s
  67   5.14616366e+11  4.82215152e+11  2.69e-03 8.35e-07  2.42e+03   350s
  68   5.13813519e+11  4.83833592e+11  2.55e-03 7.41e-07  2.24e+03   355s
  69   5.10883705e+11  4.86055520e+11  2.07e-03 6.84e-07  1.85e+03   359s
  70   5.09485057e+11  4.87373841e+11  1.84e-03 7.10e-07  1.65e+03   364s
  71   5.07634155e+11  4.88198854e+11  1.55e-03 8.30e-07  1.45e+03   369s
  72   5.06866130e+11  4.89657826e+11  1.42e-03 7.80e-07  1.28e+03   375s
  73   5.06023521e+11  4.91004376e+11  1.29e-03 6.07e-07  1.12e+03   379s
  74   5.05275999e+11  4.91325332e+11  1.18e-03 6.42e-07  1.04e+03   385s
  75   5.04393411e+11  4.92610591e+11  1.05e-03 6.89e-07  8.79e+02   390s
  76   5.03417054e+11  4.93015065e+11  9.05e-04 6.90e-07  7.76e+02   395s
  77   5.02805325e+11  4.93446829e+11  2.33e-03 7.88e-07  6.98e+02   401s
  78   5.02681384e+11  4.93693076e+11  2.94e-03 5.88e-07  6.71e+02   405s
  79   5.02115724e+11  4.93972781e+11  6.12e-03 6.46e-07  6.08e+02   410s
  80   5.01642424e+11  4.94510143e+11  8.62e-03 6.31e-07  5.32e+02   416s
  81   5.01158212e+11  4.94760951e+11  1.15e-02 6.58e-07  4.77e+02   423s
  82   5.00695058e+11  4.95039165e+11  1.46e-02 6.98e-07  4.22e+02   429s
  83   5.00211258e+11  4.95225949e+11  1.81e-02 7.03e-07  3.72e+02   433s
  84   5.00046449e+11  4.95351798e+11  1.91e-02 7.58e-07  3.50e+02   439s
  85   4.99835769e+11  4.95488067e+11  2.06e-02 6.46e-07  3.24e+02   443s
  86   4.99505182e+11  4.95642398e+11  2.32e-02 8.58e-07  2.88e+02   448s
  87   4.99286642e+11  4.95745930e+11  2.47e-02 7.38e-07  2.64e+02   453s
  88   4.99117806e+11  4.95871043e+11  2.63e-02 8.22e-07  2.42e+02   457s
  89   4.98936950e+11  4.95982629e+11  2.75e-02 6.46e-07  2.20e+02   461s
  90   4.98789553e+11  4.96147712e+11  2.83e-02 5.62e-07  1.97e+02   467s
  91   4.98682648e+11  4.96200499e+11  2.90e-02 6.58e-07  1.85e+02   472s
  92   4.98635162e+11  4.96223768e+11  2.91e-02 8.09e-07  1.80e+02   476s
  93   4.98581853e+11  4.96264948e+11  2.92e-02 7.95e-07  1.73e+02   481s
  94   4.98476509e+11  4.96311550e+11  2.84e-02 6.98e-07  1.62e+02   487s
  95   4.98403775e+11  4.96373842e+11  2.69e-02 6.54e-07  1.51e+02   493s
  96   4.98292129e+11  4.96415159e+11  2.57e-02 7.98e-07  1.40e+02   497s
  97   4.98215722e+11  4.96439519e+11  2.52e-02 6.76e-07  1.33e+02   503s
  98   4.98177700e+11  4.96472816e+11  2.50e-02 9.15e-07  1.27e+02   508s
  99   4.98124125e+11  4.96498437e+11  2.52e-02 8.50e-07  1.21e+02   513s
 100   4.98054221e+11  4.96529911e+11  2.56e-02 7.11e-07  1.14e+02   519s
 101   4.98026406e+11  4.96532826e+11  2.58e-02 6.89e-07  1.11e+02   524s
 102   4.97909179e+11  4.96556492e+11  2.69e-02 8.16e-07  1.01e+02   529s
 103   4.97849045e+11  4.96581746e+11  2.72e-02 8.59e-07  9.46e+01   534s
 104   4.97768901e+11  4.96620717e+11  2.67e-02 7.91e-07  8.57e+01   540s
 105   4.97721390e+11  4.96641764e+11  2.61e-02 8.23e-07  8.06e+01   546s
 106   4.97645292e+11  4.96658888e+11  2.47e-02 1.01e-06  7.36e+01   550s
 107   4.97611825e+11  4.96681704e+11  2.37e-02 9.87e-07  6.94e+01   556s
 108   4.97553115e+11  4.96707864e+11  2.23e-02 9.71e-07  6.31e+01   561s
 109   4.97535461e+11  4.96715646e+11  2.21e-02 9.15e-07  6.12e+01   566s
 110   4.97459702e+11  4.96745413e+11  2.06e-02 8.42e-07  5.33e+01   572s
 111   4.97412343e+11  4.96775267e+11  2.02e-02 7.09e-07  4.76e+01   577s
 112   4.97362645e+11  4.96804911e+11  2.03e-02 7.26e-07  4.16e+01   581s
 113   4.97314385e+11  4.96813019e+11  2.00e-02 7.21e-07  3.74e+01   586s
 114   4.97298588e+11  4.96822526e+11  1.93e-02 6.55e-07  3.55e+01   594s
 115   4.97258632e+11  4.96828748e+11  1.67e-02 8.03e-07  3.21e+01   604s
 116   4.97228847e+11  4.96843405e+11  1.47e-02 7.97e-07  2.88e+01   609s
 117   4.97199604e+11  4.96857519e+11  1.32e-02 6.48e-07  2.55e+01   615s
 118   4.97164600e+11  4.96863125e+11  1.24e-02 6.32e-07  2.25e+01   623s
 119   4.97139478e+11  4.96872537e+11  1.19e-02 7.46e-07  1.99e+01   628s
 120   4.97117177e+11  4.96879176e+11  1.06e-02 7.40e-07  1.78e+01   637s
 121   4.97103404e+11  4.96883249e+11  9.90e-03 7.83e-07  1.64e+01   649s
 122   4.97084531e+11  4.96888538e+11  8.90e-03 7.84e-07  1.46e+01   658s
 123   4.97068467e+11  4.96892370e+11  8.13e-03 8.32e-07  1.31e+01   670s
 124   4.97057124e+11  4.96894005e+11  7.61e-03 1.00e-06  1.22e+01   681s
 125   4.97047039e+11  4.96894645e+11  7.15e-03 7.91e-07  1.14e+01   691s
 126   4.97042499e+11  4.96897517e+11  6.94e-03 7.75e-07  1.08e+01   698s
 127   4.97035845e+11  4.96898905e+11  6.62e-03 8.26e-07  1.02e+01   708s
 128   4.97031317e+11  4.96899226e+11  6.39e-03 9.77e-07  9.86e+00   716s
 129   4.97018133e+11  4.96902063e+11  5.72e-03 8.63e-07  8.67e+00   726s
 130   4.97002789e+11  4.96904388e+11  4.99e-03 8.37e-07  7.35e+00   734s
 131   4.96997571e+11  4.96906791e+11  4.70e-03 7.15e-07  6.78e+00   744s
 132   4.96990580e+11  4.96909170e+11  4.31e-03 8.51e-07  6.08e+00   754s
 133   4.96984555e+11  4.96911577e+11  3.96e-03 6.65e-07  5.45e+00   762s
 134   4.96978256e+11  4.96912686e+11  3.58e-03 8.58e-07  4.90e+00   771s
 135   4.96972565e+11  4.96913816e+11  3.22e-03 6.26e-07  4.39e+00   776s
 136   4.96965053e+11  4.96915081e+11  2.74e-03 7.00e-07  3.73e+00   785s
 137   4.96961119e+11  4.96915942e+11  2.49e-03 7.90e-07  3.37e+00   795s
 138   4.96957596e+11  4.96916231e+11  2.28e-03 8.10e-07  3.09e+00   807s
 139   4.96955850e+11  4.96917388e+11  2.18e-03 6.20e-07  2.87e+00   817s
 140   4.96954412e+11  4.96917625e+11  2.08e-03 6.97e-07  2.75e+00   831s
 141   4.96952178e+11  4.96917902e+11  1.93e-03 7.53e-07  2.56e+00   846s
 142   4.96949950e+11  4.96918518e+11  1.78e-03 8.13e-07  2.35e+00   856s
 143   4.96946961e+11  4.96918921e+11  1.57e-03 8.68e-07  2.09e+00   867s
 144   4.96945887e+11  4.96919709e+11  1.50e-03 7.91e-07  1.96e+00   877s
 145   4.96941694e+11  4.96920604e+11  1.23e-03 6.92e-07  1.58e+00   890s
 146   4.96937944e+11  4.96921055e+11  9.90e-04 7.93e-07  1.26e+00   909s
 147   4.96935581e+11  4.96921538e+11  8.24e-04 7.59e-07  1.05e+00   920s
 148   4.96933038e+11  4.96921928e+11  6.47e-04 6.41e-07  8.30e-01   934s
 149   4.96931526e+11  4.96922394e+11  5.43e-04 5.86e-07  6.82e-01   947s
 150   4.96930896e+11  4.96922446e+11  5.02e-04 1.37e-06  6.31e-01   964s
 151   4.96929958e+11  4.96922530e+11  4.42e-04 2.26e-06  5.55e-01   987s
 152   4.96929433e+11  4.96922630e+11  4.06e-04 9.01e-07  5.08e-01  1007s
 153   4.96927104e+11  4.96922742e+11  2.55e-04 7.42e-07  3.26e-01  1026s
 154   4.96926783e+11  4.96922896e+11  2.33e-04 1.07e-06  2.90e-01  1043s
 155   4.96926463e+11  4.96922914e+11  2.12e-04 6.63e-07  2.65e-01  1059s
 156   4.96925727e+11  4.96922997e+11  1.60e-04 1.01e-06  2.04e-01  1072s
 157   4.96925114e+11  4.96923134e+11  1.19e-04 1.94e-06  1.48e-01  1086s
 158   4.96924526e+11  4.96923186e+11  7.90e-05 3.64e-06  1.00e-01  1101s
 159   4.96924184e+11  4.96923250e+11  5.62e-05 9.83e-07  6.98e-02  1119s
 160   4.96923901e+11  4.96923283e+11  3.16e-05 3.84e-06  4.61e-02  1132s
 161   4.96923812e+11  4.96923287e+11  4.20e-05 2.62e-06  3.92e-02  1144s
 162   4.96923719e+11  4.96923302e+11  3.18e-05 1.58e-06  3.11e-02  1152s
 163   4.96923607e+11  4.96923305e+11  4.67e-04 1.67e-06  2.27e-02  1155s
 164   4.96923562e+11  4.96923313e+11  4.08e-04 7.96e-06  1.86e-02  1159s
 165   4.96923548e+11  4.96923314e+11  3.84e-04 5.75e-06  1.75e-02  1163s
 166   4.96923474e+11  4.96923315e+11  2.68e-04 2.25e-06  1.20e-02  1167s
 167   4.96923465e+11  4.96923318e+11  2.54e-04 1.91e-06  1.12e-02  1171s
 168   4.96923410e+11  4.96923318e+11  6.73e-04 9.39e-06  7.38e-03  1174s
 169   4.96923385e+11  4.96923321e+11  4.14e-04 4.22e-06  5.03e-03  1178s
 170   4.96923353e+11  4.96923322e+11  2.00e-04 1.76e-05  2.49e-03  1181s
 171   4.96923345e+11  4.96923323e+11  1.90e-04 2.16e-05  1.73e-03  1186s
 172   4.96923333e+11  4.96923324e+11  3.64e-04 2.50e-05  7.14e-04  1190s
 173   4.96923331e+11  4.96923324e+11  2.86e-04 3.08e-05  5.53e-04  1193s
 174   4.96923327e+11  4.96923325e+11  1.47e-04 1.10e-05  1.86e-04  1198s
 175   4.96923327e+11  4.96923325e+11  1.34e-04 2.49e-05  1.70e-04  1202s

Barrier solved model in 175 iterations and 1201.99 seconds (1589.35 work units)
Optimal objective 4.96923327e+11

Crossover log...

 5684371 variables added to crossover basis                     1207s

 2111524 DPushes remaining with DInf 3.4248288e-03              1210s
 1152307 DPushes remaining with DInf 0.0000000e+00              1256s
  798101 DPushes remaining with DInf 0.0000000e+00              1290s
  596945 DPushes remaining with DInf 0.0000000e+00              1315s
  463776 DPushes remaining with DInf 0.0000000e+00              1334s
  377759 DPushes remaining with DInf 0.0000000e+00              1347s
  325514 DPushes remaining with DInf 0.0000000e+00              1356s
  296342 DPushes remaining with DInf 0.0000000e+00              1363s
  275243 DPushes remaining with DInf 0.0000000e+00              1369s
  259533 DPushes remaining with DInf 0.0000000e+00              1374s
  249149 DPushes remaining with DInf 0.0000000e+00              1379s
  234853 DPushes remaining with DInf 0.0000000e+00              1383s
  227601 DPushes remaining with DInf 0.0000000e+00              1387s
  221289 DPushes remaining with DInf 0.0000000e+00              1391s
  211906 DPushes remaining with DInf 0.0000000e+00              1398s
  207390 DPushes remaining with DInf 0.0000000e+00              1401s
  203582 DPushes remaining with DInf 0.0000000e+00              1409s
  201961 DPushes remaining with DInf 0.0000000e+00              1414s
  200100 DPushes remaining with DInf 0.0000000e+00              1422s
  197656 DPushes remaining with DInf 0.0000000e+00              1428s
  195573 DPushes remaining with DInf 0.0000000e+00              1434s
  193755 DPushes remaining with DInf 0.0000000e+00              1439s
  191656 DPushes remaining with DInf 0.0000000e+00              1442s
  189600 DPushes remaining with DInf 0.0000000e+00              1446s
  185340 DPushes remaining with DInf 0.0000000e+00              1453s
  182718 DPushes remaining with DInf 0.0000000e+00              1456s
  180991 DPushes remaining with DInf 0.0000000e+00              1460s
  177289 DPushes remaining with DInf 0.0000000e+00              1468s
  175500 DPushes remaining with DInf 0.0000000e+00              1472s
  173731 DPushes remaining with DInf 0.0000000e+00              1476s
  172001 DPushes remaining with DInf 0.0000000e+00              1483s
  170273 DPushes remaining with DInf 0.0000000e+00              1489s
  168535 DPushes remaining with DInf 0.0000000e+00              1494s
  166849 DPushes remaining with DInf 0.0000000e+00              1498s
  165175 DPushes remaining with DInf 0.0000000e+00              1502s
  163505 DPushes remaining with DInf 0.0000000e+00              1507s
  161602 DPushes remaining with DInf 0.0000000e+00              1513s
  159749 DPushes remaining with DInf 5.9882436e-04              1520s
  158114 DPushes remaining with DInf 0.0000000e+00              1527s
  155722 DPushes remaining with DInf 0.0000000e+00              1532s
  153858 DPushes remaining with DInf 0.0000000e+00              1538s
  152139 DPushes remaining with DInf 0.0000000e+00              1542s
  150214 DPushes remaining with DInf 0.0000000e+00              1545s
  148075 DPushes remaining with DInf 0.0000000e+00              1550s
  144023 DPushes remaining with DInf 0.0000000e+00              1562s
  142296 DPushes remaining with DInf 0.0000000e+00              1567s
  140638 DPushes remaining with DInf 0.0000000e+00              1576s
  138919 DPushes remaining with DInf 0.0000000e+00              1585s
  137138 DPushes remaining with DInf 0.0000000e+00              1591s
  135404 DPushes remaining with DInf 0.0000000e+00              1595s
  133561 DPushes remaining with DInf 0.0000000e+00              1602s
  131688 DPushes remaining with DInf 0.0000000e+00              1608s
  129527 DPushes remaining with DInf 0.0000000e+00              1615s
  125829 DPushes remaining with DInf 1.0729324e-04              1622s
  124105 DPushes remaining with DInf 1.0729324e-04              1630s
  122391 DPushes remaining with DInf 1.0729324e-04              1636s
  120612 DPushes remaining with DInf 1.0729324e-04              1644s
  118954 DPushes remaining with DInf 1.0729324e-04              1650s
  117150 DPushes remaining with DInf 1.0729324e-04              1657s
  115502 DPushes remaining with DInf 1.0729324e-04              1662s
  113913 DPushes remaining with DInf 1.0729324e-04              1666s
  110319 DPushes remaining with DInf 0.0000000e+00              1677s
  108559 DPushes remaining with DInf 0.0000000e+00              1681s
  106797 DPushes remaining with DInf 0.0000000e+00              1686s
  104956 DPushes remaining with DInf 0.0000000e+00              1694s
  102285 DPushes remaining with DInf 0.0000000e+00              1701s
  100033 DPushes remaining with DInf 0.0000000e+00              1709s
   98156 DPushes remaining with DInf 0.0000000e+00              1715s
   96166 DPushes remaining with DInf 0.0000000e+00              1721s
   94173 DPushes remaining with DInf 0.0000000e+00              1728s
   92288 DPushes remaining with DInf 0.0000000e+00              1736s
   90223 DPushes remaining with DInf 0.0000000e+00              1743s
   88235 DPushes remaining with DInf 0.0000000e+00              1749s
   86335 DPushes remaining with DInf 0.0000000e+00              1756s
   84315 DPushes remaining with DInf 0.0000000e+00              1763s
   81420 DPushes remaining with DInf 0.0000000e+00              1770s
   78941 DPushes remaining with DInf 0.0000000e+00              1780s
   76232 DPushes remaining with DInf 0.0000000e+00              1787s
   73600 DPushes remaining with DInf 0.0000000e+00              1793s
   71366 DPushes remaining with DInf 0.0000000e+00              1803s
   69743 DPushes remaining with DInf 0.0000000e+00              1811s
   67908 DPushes remaining with DInf 0.0000000e+00              1818s
   65869 DPushes remaining with DInf 0.0000000e+00              1823s
   63957 DPushes remaining with DInf 0.0000000e+00              1828s
   61807 DPushes remaining with DInf 0.0000000e+00              1831s
   59935 DPushes remaining with DInf 0.0000000e+00              1838s
   57886 DPushes remaining with DInf 0.0000000e+00              1845s
   53240 DPushes remaining with DInf 0.0000000e+00              1853s
   51246 DPushes remaining with DInf 0.0000000e+00              1858s
   48983 DPushes remaining with DInf 0.0000000e+00              1862s
   47360 DPushes remaining with DInf 0.0000000e+00              1866s
   45777 DPushes remaining with DInf 0.0000000e+00              1871s
   41645 DPushes remaining with DInf 0.0000000e+00              1878s
   40323 DPushes remaining with DInf 0.0000000e+00              1882s
   38980 DPushes remaining with DInf 0.0000000e+00              1887s
   37250 DPushes remaining with DInf 0.0000000e+00              1891s
   33886 DPushes remaining with DInf 0.0000000e+00              1899s
   32540 DPushes remaining with DInf 0.0000000e+00              1904s
   31206 DPushes remaining with DInf 0.0000000e+00              1909s
   29894 DPushes remaining with DInf 0.0000000e+00              1914s
   28583 DPushes remaining with DInf 0.0000000e+00              1919s
   27155 DPushes remaining with DInf 0.0000000e+00              1924s
   25817 DPushes remaining with DInf 0.0000000e+00              1929s
   24479 DPushes remaining with DInf 0.0000000e+00              1937s
   23149 DPushes remaining with DInf 0.0000000e+00              1944s
   21842 DPushes remaining with DInf 0.0000000e+00              1949s
   20539 DPushes remaining with DInf 0.0000000e+00              1954s
   19232 DPushes remaining with DInf 0.0000000e+00              1959s
   17725 DPushes remaining with DInf 0.0000000e+00              1964s
   16395 DPushes remaining with DInf 0.0000000e+00              1973s
   15072 DPushes remaining with DInf 0.0000000e+00              1990s
   13741 DPushes remaining with DInf 0.0000000e+00              2005s
   12372 DPushes remaining with DInf 0.0000000e+00              2013s
   10929 DPushes remaining with DInf 0.0000000e+00              2022s
    9620 DPushes remaining with DInf 0.0000000e+00              2029s
    8300 DPushes remaining with DInf 0.0000000e+00              2035s
    6960 DPushes remaining with DInf 0.0000000e+00              2043s
    5655 DPushes remaining with DInf 0.0000000e+00              2052s
    4287 DPushes remaining with DInf 0.0000000e+00              2063s
    2882 DPushes remaining with DInf 0.0000000e+00              2078s
    1215 DPushes remaining with DInf 0.0000000e+00              2086s
       0 DPushes remaining with DInf 0.0000000e+00              2094s
Warning: Markowitz tolerance tightened to 0.5

 2617577 PPushes remaining with PInf 3.1176456e+01              2096s
 1749747 PPushes remaining with PInf 2.3490894e+01              2435s
 1533387 PPushes remaining with PInf 2.0501609e+01              2506s
 1413740 PPushes remaining with PInf 1.8121357e+01              2555s
 1325989 PPushes remaining with PInf 1.8083942e+01              2592s
 1256928 PPushes remaining with PInf 1.8352253e+01              2626s
 1202023 PPushes remaining with PInf 1.7585269e+01              2656s
 1146528 PPushes remaining with PInf 1.7401766e+01              2695s
 1101990 PPushes remaining with PInf 1.7282265e+01              2724s
 1062335 PPushes remaining with PInf 1.7098174e+01              2752s
 1027676 PPushes remaining with PInf 1.6981716e+01              2770s
  996876 PPushes remaining with PInf 1.6755044e+01              2789s
  965433 PPushes remaining with PInf 1.6662619e+01              2811s
  938029 PPushes remaining with PInf 1.6424100e+01              2833s
  915247 PPushes remaining with PInf 1.6245652e+01              2847s
  894224 PPushes remaining with PInf 1.6207745e+01              2863s
  872948 PPushes remaining with PInf 1.6024797e+01              2879s
  848071 PPushes remaining with PInf 1.6173026e+01              2898s
  830151 PPushes remaining with PInf 1.6047115e+01              2915s
  811519 PPushes remaining with PInf 1.6017155e+01              2931s
  793583 PPushes remaining with PInf 1.5977994e+01              2945s
  775427 PPushes remaining with PInf 1.6099698e+01              2959s
  757684 PPushes remaining with PInf 1.6177333e+01              2971s
  745237 PPushes remaining with PInf 1.5954152e+01              2979s
  723903 PPushes remaining with PInf 1.5867878e+01              2990s
  711778 PPushes remaining with PInf 1.5761412e+01              3001s
  701088 PPushes remaining with PInf 1.5571239e+01              3009s
  685830 PPushes remaining with PInf 1.5487518e+01              3016s
  674748 PPushes remaining with PInf 1.4859454e+01              3026s
  665493 PPushes remaining with PInf 1.4753194e+01              3034s
  654344 PPushes remaining with PInf 1.4666209e+01              3042s
  640625 PPushes remaining with PInf 1.4901085e+01              3053s
  628871 PPushes remaining with PInf 1.4692503e+01              3081s
  617708 PPushes remaining with PInf 1.4551591e+01              3088s
  610201 PPushes remaining with PInf 1.4210767e+01              3096s
  599912 PPushes remaining with PInf 1.3056531e+01              3105s
  590093 PPushes remaining with PInf 1.3073935e+01              3113s
  577355 PPushes remaining with PInf 1.3032351e+01              3123s
  567036 PPushes remaining with PInf 1.2871627e+01              3131s
  554699 PPushes remaining with PInf 1.5594889e+01              3139s
  541211 PPushes remaining with PInf 1.3876930e+01              3151s
  532494 PPushes remaining with PInf 1.3518180e+01              3162s
  522705 PPushes remaining with PInf 1.2878383e+01              3172s
  512998 PPushes remaining with PInf 1.2665514e+01              3185s
  497349 PPushes remaining with PInf 1.2545651e+01              3197s
  487888 PPushes remaining with PInf 1.1749572e+01              3210s
  481150 PPushes remaining with PInf 1.1594114e+01              3222s
  467253 PPushes remaining with PInf 1.1314816e+01              3234s
  459692 PPushes remaining with PInf 1.1066846e+01              3245s
  453659 PPushes remaining with PInf 1.0568145e+01              3256s
  443292 PPushes remaining with PInf 1.0094931e+01              3271s
  431825 PPushes remaining with PInf 1.0013579e+01              3281s
  420257 PPushes remaining with PInf 9.8727432e+00              3294s
  411303 PPushes remaining with PInf 9.4916679e+00              3302s
  400358 PPushes remaining with PInf 9.3416597e+00              3308s
  391320 PPushes remaining with PInf 9.1843084e+00              3314s
  387255 PPushes remaining with PInf 9.0733783e+00              3323s
  383009 PPushes remaining with PInf 8.7726549e+00              3328s
  376992 PPushes remaining with PInf 8.6279411e+00              3336s
  365783 PPushes remaining with PInf 8.5333189e+00              3345s
  359251 PPushes remaining with PInf 8.4913232e+00              3353s
  353722 PPushes remaining with PInf 8.4462051e+00              3366s
  345066 PPushes remaining with PInf 8.4076855e+00              3373s
  334586 PPushes remaining with PInf 8.5171574e+00              3380s
  329321 PPushes remaining with PInf 8.4700114e+00              3386s
  322648 PPushes remaining with PInf 8.3886726e+00              3391s
  315706 PPushes remaining with PInf 8.3563963e+00              3395s
  308802 PPushes remaining with PInf 8.2964908e+00              3401s
  303012 PPushes remaining with PInf 8.2763947e+00              3406s
  298812 PPushes remaining with PInf 8.2721804e+00              3413s
  290367 PPushes remaining with PInf 8.2518112e+00              3419s
  285182 PPushes remaining with PInf 8.2121286e+00              3424s
  280861 PPushes remaining with PInf 8.3530649e+00              3429s
  274247 PPushes remaining with PInf 8.3782568e+00              3437s
  267978 PPushes remaining with PInf 8.2967025e+00              3442s
  261917 PPushes remaining with PInf 8.3081342e+00              3448s
  256608 PPushes remaining with PInf 8.3293285e+00              3453s
  247754 PPushes remaining with PInf 8.3659975e+00              3458s
  241961 PPushes remaining with PInf 8.3712641e+00              3466s
  233858 PPushes remaining with PInf 8.3836775e+00              3478s
  231395 PPushes remaining with PInf 8.3630688e+00              3482s
  229646 PPushes remaining with PInf 7.6607258e+00              3489s
  218273 PPushes remaining with PInf 7.1965490e+00              3526s
  214404 PPushes remaining with PInf 6.7907162e+00              3533s
  206750 PPushes remaining with PInf 6.8458691e+00              3585s
  199094 PPushes remaining with PInf 7.1231245e+00              3600s
  183044 PPushes remaining with PInf 7.9293556e+00              3637s
  179041 PPushes remaining with PInf 6.0346993e+00              3643s
  162893 PPushes remaining with PInf 5.8884533e+00              3773s
  158477 PPushes remaining with PInf 5.8869054e+00              3788s
  122682 PPushes remaining with PInf 5.3343581e+00              4050s
  119635 PPushes remaining with PInf 5.2163497e+00              4075s
  116547 PPushes remaining with PInf 5.1728827e+00              4097s
  102495 PPushes remaining with PInf 5.0973177e+00              4139s
   93235 PPushes remaining with PInf 4.9968478e+00              4189s
   69079 PPushes remaining with PInf 1.1812681e+02              4394s
   58514 PPushes remaining with PInf 2.7291103e+01              4484s
   15560 PPushes remaining with PInf 2.5939015e+01              4623s
       0 PPushes remaining with PInf 2.2902042e+01              4752s

  Push phase complete: Pinf 2.2902042e+01, Dinf 4.0916809e+08   4753s

Iteration    Objective       Primal Inf.    Dual Inf.      Time
 4020230    4.9692333e+11   0.000000e+00   4.091681e+08   4755s
 4021400    4.9692333e+11   0.000000e+00   1.074236e+06   4777s
 4022692    4.9692333e+11   0.000000e+00   8.525791e+05   4797s
 4023912    4.9692333e+11   0.000000e+00   7.460029e+05   4820s
 4025204    4.9692333e+11   0.000000e+00   6.590010e+05   4838s
 4026496    4.9692333e+11   0.000000e+00   5.550217e+05   4855s
 4027788    4.9692333e+11   0.000000e+00   4.498536e+05   4863s
 4029080    4.9692333e+11   0.000000e+00   3.772723e+05   4868s
 4030469    4.9692333e+11   0.000000e+00   3.247614e+05   4873s
 4031981    4.9692333e+11   0.000000e+00   2.852241e+05   4878s
 4033590    4.9692333e+11   0.000000e+00   2.507283e+05   4883s
 4034882    4.9692333e+11   0.000000e+00   2.287680e+05   4890s
 4036174    4.9692333e+11   0.000000e+00   2.046541e+05   4898s
 4037466    4.9692333e+11   0.000000e+00   1.906782e+05   4907s
 4038758    4.9692333e+11   0.000000e+00   1.753608e+05   4913s
 4040050    4.9692333e+11   0.000000e+00   1.589870e+05   4919s
 4041342    4.9692333e+11   0.000000e+00   1.470567e+05   4927s
 4042634    4.9692333e+11   0.000000e+00   1.346589e+05   4934s
 4043926    4.9692333e+11   0.000000e+00   1.228119e+05   4940s
 4045218    4.9692333e+11   0.000000e+00   1.074210e+05   4947s
 4046510    4.9692333e+11   0.000000e+00   9.867450e+04   4954s
 4047802    4.9692333e+11   0.000000e+00   8.989809e+04   4960s
 4049094    4.9692333e+11   0.000000e+00   8.241502e+04   4966s
 4050386    4.9692333e+11   0.000000e+00   7.716963e+04   4974s
 4051678    4.9692333e+11   0.000000e+00   7.099545e+04   4986s
 4052970    4.9692333e+11   0.000000e+00   6.610177e+04   4994s
 4054262    4.9692333e+11   0.000000e+00   6.222949e+04   5000s
 4055554    4.9692333e+11   0.000000e+00   5.758608e+04   5011s
 4056846    4.9692333e+11   0.000000e+00   5.392358e+04   5019s
 4058138    4.9692333e+11   0.000000e+00   4.967200e+04   5025s
 4059430    4.9692333e+11   0.000000e+00   4.550228e+04   5033s
 4060722    4.9692333e+11   0.000000e+00   4.210221e+04   5040s
 4062014    4.9692333e+11   0.000000e+00   3.894283e+04   5048s
 4063306    4.9692333e+11   0.000000e+00   3.702914e+04   5057s
 4064598    4.9692333e+11   0.000000e+00   3.239548e+04   5066s
 4065890    4.9692333e+11   0.000000e+00   3.037166e+04   5079s
 4067182    4.9692333e+11   0.000000e+00   2.800760e+04   5087s
 4068474    4.9692333e+11   0.000000e+00   2.552318e+04   5095s
 4069766    4.9692333e+11   0.000000e+00   2.359415e+04   5103s
 4071058    4.9692333e+11   0.000000e+00   2.118815e+04   5110s
 4072350    4.9692333e+11   0.000000e+00   1.949516e+04   5119s
 4073642    4.9692333e+11   0.000000e+00   1.816130e+04   5125s
 4074934    4.9692333e+11   0.000000e+00   1.654465e+04   5134s
 4076226    4.9692333e+11   0.000000e+00   1.462994e+04   5143s
 4077518    4.9692333e+11   0.000000e+00   1.294969e+04   5151s
 4078810    4.9692333e+11   0.000000e+00   1.169900e+04   5159s
 4080102    4.9692333e+11   0.000000e+00   1.024005e+04   5168s
 4081394    4.9692333e+11   0.000000e+00   8.949960e+03   5177s
 4082686    4.9692332e+11   0.000000e+00   7.709130e+03   5186s
 4083978    4.9692332e+11   0.000000e+00   6.753376e+03   5195s
 4085270    4.9692332e+11   0.000000e+00   5.823558e+03   5202s
 4086562    4.9692332e+11   0.000000e+00   5.144478e+03   5209s
 4089063    4.9692332e+11   0.000000e+00   4.192926e+03   5216s
 4090355    4.9692332e+11   0.000000e+00   3.644097e+03   5225s
 4091647    4.9692332e+11   0.000000e+00   3.053426e+03   5233s
 4092939    4.9692332e+11   0.000000e+00   2.512106e+03   5242s
 4094231    4.9692332e+11   0.000000e+00   2.570602e+03   5253s
 4095526    4.9692332e+11   0.000000e+00   1.766033e+03   5261s
 4096686    4.9692332e+11   0.000000e+00   1.557838e+03   5277s
 4097978    4.9692332e+11   0.000000e+00   1.061990e+03   5291s
 4099270    4.9692332e+11   0.000000e+00   3.939758e+02   5307s
 4100562    4.9692332e+11   0.000000e+00   1.664937e+02   5316s
 4101895    4.9692332e+11   0.000000e+00   5.239554e+01   5322s
 4103325    4.9692332e+11   0.000000e+00   7.649681e+00   5330s
 4104070    4.9692332e+11   0.000000e+00   0.000000e+00   5334s
 4104070    4.9692332e+11   0.000000e+00   0.000000e+00   5342s

Solved in 4104070 iterations and 5342.25 seconds (4143.90 work units)
Optimal objective  4.969233249e+11

User-callback calls 4853069, time in user-callback 2.54 sec
  ____           __  __   _ _
 / ___| ___ _ __ \ \/ /  (_) |
| |  _ / _ \ '_ \ \  /   | | |
| |_| |  __/ | | |/  \ _ | | |
 \____|\___|_| |_/_/\_(_)/ |_|
                       |__/
 Version: 0.4.1-dev.19

Configuring Settings
Configuring Multistage Settings
Configuring Solver
Reading Input CSV Files
Network.csv Successfully Read!
Demand (load) data Successfully Read!
Fuels_data.csv Successfully Read!

Summary of resources loaded into the model:
-------------------------------------------------------
	Resource type 		Number of resources
=======================================================
	Thermal        		64
	VRE            		125
	Hydro          		6
	Storage        		26
	Must_run       		26
=======================================================
Total number of resources: 247
-------------------------------------------------------
Generators_variability.csv Successfully Read!
Validating time basis
Capacity_reserve_margin.csv Successfully Read!
Energy_share_requirement.csv Successfully Read!
CO2_cap.csv Successfully Read!
CSV Files Successfully Read In From /home/gm1710/GenX/example_systems/AZ/regionalization_high_ghg/inputs/inputs_p1
Discharge Module
Non-served Energy Module
Investment Discharge Module
Unit Commitment Module
Fuel Module
Investment Transmission Module
Transmission Module
CO2 Module
Dispatchable Resources Module
Must-Run Resources Module
Storage Resources Module
Storage Investment Module
Storage Core Resources Module
Storage Resources with Symmetric Charge/Discharge Capacity Module
Hydro Reservoir Core Resources Module
Thermal (Unit Commitment) Resources Module
CO2 Policies Module
Energy Share Requirement Policies Module
Capacity Reserve Margin Policies Module
Reading Input CSV Files
Network.csv Successfully Read!
Demand (load) data Successfully Read!
Fuels_data.csv Successfully Read!

Summary of resources loaded into the model:
-------------------------------------------------------
	Resource type 		Number of resources
=======================================================
	Thermal        		64
	VRE            		125
	Hydro          		6
	Storage        		26
	Must_run       		26
=======================================================
Total number of resources: 247
-------------------------------------------------------
Generators_variability.csv Successfully Read!
Validating time basis
Capacity_reserve_margin.csv Successfully Read!
Energy_share_requirement.csv Successfully Read!
CO2_cap.csv Successfully Read!
CSV Files Successfully Read In From /home/gm1710/GenX/example_systems/AZ/regionalization_high_ghg/inputs/inputs_p2
Discharge Module
Non-served Energy Module
Investment Discharge Module
Unit Commitment Module
Fuel Module
Investment Transmission Module
Transmission Module
CO2 Module
Dispatchable Resources Module
Must-Run Resources Module
Storage Resources Module
Storage Investment Module
Storage Core Resources Module
Storage Resources with Symmetric Charge/Discharge Capacity Module
Hydro Reservoir Core Resources Module
Thermal (Unit Commitment) Resources Module
CO2 Policies Module
Energy Share Requirement Policies Module
Capacity Reserve Margin Policies Module
Reading Input CSV Files
Network.csv Successfully Read!
Demand (load) data Successfully Read!
Fuels_data.csv Successfully Read!

Summary of resources loaded into the model:
-------------------------------------------------------
	Resource type 		Number of resources
=======================================================
	Thermal        		64
	VRE            		125
	Hydro          		6
	Storage        		26
	Must_run       		26
=======================================================
Total number of resources: 247
-------------------------------------------------------
Generators_variability.csv Successfully Read!
Validating time basis
Capacity_reserve_margin.csv Successfully Read!
Energy_share_requirement.csv Successfully Read!
CO2_cap.csv Successfully Read!
CSV Files Successfully Read In From /home/gm1710/GenX/example_systems/AZ/regionalization_high_ghg/inputs/inputs_p3
Discharge Module
Non-served Energy Module
Investment Discharge Module
Unit Commitment Module
Fuel Module
Investment Transmission Module
Transmission Module
CO2 Module
Dispatchable Resources Module
Must-Run Resources Module
Storage Resources Module
Storage Investment Module
Storage Core Resources Module
Storage Resources with Symmetric Charge/Discharge Capacity Module
Hydro Reservoir Core Resources Module
Thermal (Unit Commitment) Resources Module
CO2 Policies Module
Energy Share Requirement Policies Module
Capacity Reserve Margin Policies Module
Reading Input CSV Files
Network.csv Successfully Read!
Demand (load) data Successfully Read!
Fuels_data.csv Successfully Read!

Summary of resources loaded into the model:
-------------------------------------------------------
	Resource type 		Number of resources
=======================================================
	Thermal        		64
	VRE            		125
	Hydro          		6
	Storage        		26
	Must_run       		26
=======================================================
Total number of resources: 247
-------------------------------------------------------
Generators_variability.csv Successfully Read!
Validating time basis
Capacity_reserve_margin.csv Successfully Read!
Energy_share_requirement.csv Successfully Read!
CO2_cap.csv Successfully Read!
CSV Files Successfully Read In From /home/gm1710/GenX/example_systems/AZ/regionalization_high_ghg/inputs/inputs_p4
Discharge Module
Non-served Energy Module
Investment Discharge Module
Unit Commitment Module
Fuel Module
Investment Transmission Module
Transmission Module
CO2 Module
Dispatchable Resources Module
Must-Run Resources Module
Storage Resources Module
Storage Investment Module
Storage Core Resources Module
Storage Resources with Symmetric Charge/Discharge Capacity Module
Hydro Reservoir Core Resources Module
Thermal (Unit Commitment) Resources Module
CO2 Policies Module
Energy Share Requirement Policies Module
Capacity Reserve Margin Policies Module
Reading Input CSV Files
Network.csv Successfully Read!
Demand (load) data Successfully Read!
Fuels_data.csv Successfully Read!

Summary of resources loaded into the model:
-------------------------------------------------------
	Resource type 		Number of resources
=======================================================
	Thermal        		64
	VRE            		125
	Hydro          		6
	Storage        		26
	Must_run       		26
=======================================================
Total number of resources: 247
-------------------------------------------------------
Generators_variability.csv Successfully Read!
Validating time basis
Capacity_reserve_margin.csv Successfully Read!
Energy_share_requirement.csv Successfully Read!
CO2_cap.csv Successfully Read!
CSV Files Successfully Read In From /home/gm1710/GenX/example_systems/AZ/regionalization_high_ghg/inputs/inputs_p5
Discharge Module
Non-served Energy Module
Investment Discharge Module
Unit Commitment Module
Fuel Module
Investment Transmission Module
Transmission Module
CO2 Module
Dispatchable Resources Module
Must-Run Resources Module
Storage Resources Module
Storage Investment Module
Storage Core Resources Module
Storage Resources with Symmetric Charge/Discharge Capacity Module
Hydro Reservoir Core Resources Module
Thermal (Unit Commitment) Resources Module
CO2 Policies Module
Energy Share Requirement Policies Module
Capacity Reserve Margin Policies Module
Reading Input CSV Files
Network.csv Successfully Read!
Demand (load) data Successfully Read!
Fuels_data.csv Successfully Read!

Summary of resources loaded into the model:
-------------------------------------------------------
	Resource type 		Number of resources
=======================================================
	Thermal        		64
	VRE            		125
	Hydro          		6
	Storage        		26
	Must_run       		26
=======================================================
Total number of resources: 247
-------------------------------------------------------
Generators_variability.csv Successfully Read!
Validating time basis
Capacity_reserve_margin.csv Successfully Read!
Energy_share_requirement.csv Successfully Read!
CO2_cap.csv Successfully Read!
CSV Files Successfully Read In From /home/gm1710/GenX/example_systems/AZ/regionalization_high_ghg/inputs/inputs_p6
Discharge Module
Non-served Energy Module
Investment Discharge Module
Unit Commitment Module
Fuel Module
Investment Transmission Module
Transmission Module
CO2 Module
Dispatchable Resources Module
Must-Run Resources Module
Storage Resources Module
Storage Investment Module
Storage Core Resources Module
Storage Resources with Symmetric Charge/Discharge Capacity Module
Hydro Reservoir Core Resources Module
Thermal (Unit Commitment) Resources Module
CO2 Policies Module
Energy Share Requirement Policies Module
Capacity Reserve Margin Policies Module
Reading Input CSV Files
Network.csv Successfully Read!
Demand (load) data Successfully Read!
Fuels_data.csv Successfully Read!

Summary of resources loaded into the model:
-------------------------------------------------------
	Resource type 		Number of resources
=======================================================
	Thermal        		64
	VRE            		125
	Hydro          		6
	Storage        		26
	Must_run       		26
=======================================================
Total number of resources: 247
-------------------------------------------------------
Generators_variability.csv Successfully Read!
Validating time basis
Capacity_reserve_margin.csv Successfully Read!
Energy_share_requirement.csv Successfully Read!
CO2_cap.csv Successfully Read!
CSV Files Successfully Read In From /home/gm1710/GenX/example_systems/AZ/regionalization_high_ghg/inputs/inputs_p7
Discharge Module
Non-served Energy Module
Investment Discharge Module
Unit Commitment Module
Fuel Module
Investment Transmission Module
Transmission Module
CO2 Module
Dispatchable Resources Module
Must-Run Resources Module
Storage Resources Module
Storage Investment Module
Storage Core Resources Module
Storage Resources with Symmetric Charge/Discharge Capacity Module
Hydro Reservoir Core Resources Module
Thermal (Unit Commitment) Resources Module
CO2 Policies Module
Energy Share Requirement Policies Module
Capacity Reserve Margin Policies Module
Reading Input CSV Files
Network.csv Successfully Read!
Demand (load) data Successfully Read!
Fuels_data.csv Successfully Read!

Summary of resources loaded into the model:
-------------------------------------------------------
	Resource type 		Number of resources
=======================================================
	Thermal        		64
	VRE            		125
	Hydro          		6
	Storage        		26
	Must_run       		26
=======================================================
Total number of resources: 247
-------------------------------------------------------
Generators_variability.csv Successfully Read!
Validating time basis
Capacity_reserve_margin.csv Successfully Read!
Energy_share_requirement.csv Successfully Read!
CO2_cap.csv Successfully Read!
CSV Files Successfully Read In From /home/gm1710/GenX/example_systems/AZ/regionalization_high_ghg/inputs/inputs_p8
Discharge Module
Non-served Energy Module
Investment Discharge Module
Unit Commitment Module
Fuel Module
Investment Transmission Module
Transmission Module
CO2 Module
Dispatchable Resources Module
Must-Run Resources Module
Storage Resources Module
Storage Investment Module
Storage Core Resources Module
Storage Resources with Symmetric Charge/Discharge Capacity Module
Hydro Reservoir Core Resources Module
Thermal (Unit Commitment) Resources Module
CO2 Policies Module
Energy Share Requirement Policies Module
Capacity Reserve Margin Policies Module
Reading Input CSV Files
Network.csv Successfully Read!
Demand (load) data Successfully Read!
Fuels_data.csv Successfully Read!

Summary of resources loaded into the model:
-------------------------------------------------------
	Resource type 		Number of resources
=======================================================
	Thermal        		64
	VRE            		125
	Hydro          		6
	Storage        		26
	Must_run       		26
=======================================================
Total number of resources: 247
-------------------------------------------------------
Generators_variability.csv Successfully Read!
Validating time basis
Capacity_reserve_margin.csv Successfully Read!
Energy_share_requirement.csv Successfully Read!
CO2_cap.csv Successfully Read!
CSV Files Successfully Read In From /home/gm1710/GenX/example_systems/AZ/regionalization_high_ghg/inputs/inputs_p9
Discharge Module
Non-served Energy Module
Investment Discharge Module
Unit Commitment Module
Fuel Module
Investment Transmission Module
Transmission Module
CO2 Module
Dispatchable Resources Module
Must-Run Resources Module
Storage Resources Module
Storage Investment Module
Storage Core Resources Module
Storage Resources with Symmetric Charge/Discharge Capacity Module
Hydro Reservoir Core Resources Module
Thermal (Unit Commitment) Resources Module
CO2 Policies Module
Energy Share Requirement Policies Module
Capacity Reserve Margin Policies Module
Reading Input CSV Files
Network.csv Successfully Read!
Demand (load) data Successfully Read!
Fuels_data.csv Successfully Read!

Summary of resources loaded into the model:
-------------------------------------------------------
	Resource type 		Number of resources
=======================================================
	Thermal        		64
	VRE            		125
	Hydro          		6
	Storage        		26
	Must_run       		26
=======================================================
Total number of resources: 247
-------------------------------------------------------
Generators_variability.csv Successfully Read!
Validating time basis
Capacity_reserve_margin.csv Successfully Read!
Energy_share_requirement.csv Successfully Read!
CO2_cap.csv Successfully Read!
CSV Files Successfully Read In From /home/gm1710/GenX/example_systems/AZ/regionalization_high_ghg/inputs/inputs_p10
Discharge Module
Non-served Energy Module
Investment Discharge Module
Unit Commitment Module
Fuel Module
Investment Transmission Module
Transmission Module
CO2 Module
Dispatchable Resources Module
Must-Run Resources Module
Storage Resources Module
Storage Investment Module
Storage Core Resources Module
Storage Resources with Symmetric Charge/Discharge Capacity Module
Hydro Reservoir Core Resources Module
Thermal (Unit Commitment) Resources Module
CO2 Policies Module
Energy Share Requirement Policies Module
Capacity Reserve Margin Policies Module
Reading Input CSV Files
Network.csv Successfully Read!
Demand (load) data Successfully Read!
Fuels_data.csv Successfully Read!

Summary of resources loaded into the model:
-------------------------------------------------------
	Resource type 		Number of resources
=======================================================
	Thermal        		64
	VRE            		125
	Hydro          		6
	Storage        		26
	Must_run       		26
=======================================================
Total number of resources: 247
-------------------------------------------------------
Generators_variability.csv Successfully Read!
Validating time basis
Capacity_reserve_margin.csv Successfully Read!
Energy_share_requirement.csv Successfully Read!
CO2_cap.csv Successfully Read!
CSV Files Successfully Read In From /home/gm1710/GenX/example_systems/AZ/regionalization_high_ghg/inputs/inputs_p11
Discharge Module
Non-served Energy Module
Investment Discharge Module
Unit Commitment Module
Fuel Module
Investment Transmission Module
Transmission Module
CO2 Module
Dispatchable Resources Module
Must-Run Resources Module
Storage Resources Module
Storage Investment Module
Storage Core Resources Module
Storage Resources with Symmetric Charge/Discharge Capacity Module
Hydro Reservoir Core Resources Module
Thermal (Unit Commitment) Resources Module
CO2 Policies Module
Energy Share Requirement Policies Module
Capacity Reserve Margin Policies Module
Reading Input CSV Files
Network.csv Successfully Read!
Demand (load) data Successfully Read!
Fuels_data.csv Successfully Read!

Summary of resources loaded into the model:
-------------------------------------------------------
	Resource type 		Number of resources
=======================================================
	Thermal        		64
	VRE            		125
	Hydro          		6
	Storage        		26
	Must_run       		26
=======================================================
Total number of resources: 247
-------------------------------------------------------
Generators_variability.csv Successfully Read!
Validating time basis
Capacity_reserve_margin.csv Successfully Read!
Energy_share_requirement.csv Successfully Read!
CO2_cap.csv Successfully Read!
CSV Files Successfully Read In From /home/gm1710/GenX/example_systems/AZ/regionalization_high_ghg/inputs/inputs_p12
Discharge Module
Non-served Energy Module
Investment Discharge Module
Unit Commitment Module
Fuel Module
Investment Transmission Module
Transmission Module
CO2 Module
Dispatchable Resources Module
Must-Run Resources Module
Storage Resources Module
Storage Investment Module
Storage Core Resources Module
Storage Resources with Symmetric Charge/Discharge Capacity Module
Hydro Reservoir Core Resources Module
Thermal (Unit Commitment) Resources Module
CO2 Policies Module
Energy Share Requirement Policies Module
Capacity Reserve Margin Policies Module
Reading Input CSV Files
Network.csv Successfully Read!
Demand (load) data Successfully Read!
Fuels_data.csv Successfully Read!

Summary of resources loaded into the model:
-------------------------------------------------------
	Resource type 		Number of resources
=======================================================
	Thermal        		64
	VRE            		125
	Hydro          		6
	Storage        		26
	Must_run       		26
=======================================================
Total number of resources: 247
-------------------------------------------------------
Generators_variability.csv Successfully Read!
Validating time basis
Capacity_reserve_margin.csv Successfully Read!
Energy_share_requirement.csv Successfully Read!
CO2_cap.csv Successfully Read!
CSV Files Successfully Read In From /home/gm1710/GenX/example_systems/AZ/regionalization_high_ghg/inputs/inputs_p13
Discharge Module
Non-served Energy Module
Investment Discharge Module
Unit Commitment Module
Fuel Module
Investment Transmission Module
Transmission Module
CO2 Module
Dispatchable Resources Module
Must-Run Resources Module
Storage Resources Module
Storage Investment Module
Storage Core Resources Module
Storage Resources with Symmetric Charge/Discharge Capacity Module
Hydro Reservoir Core Resources Module
Thermal (Unit Commitment) Resources Module
CO2 Policies Module
Energy Share Requirement Policies Module
Capacity Reserve Margin Policies Module
Reading Input CSV Files
Network.csv Successfully Read!
Demand (load) data Successfully Read!
Fuels_data.csv Successfully Read!

Summary of resources loaded into the model:
-------------------------------------------------------
	Resource type 		Number of resources
=======================================================
	Thermal        		64
	VRE            		125
	Hydro          		6
	Storage        		26
	Must_run       		26
=======================================================
Total number of resources: 247
-------------------------------------------------------
Generators_variability.csv Successfully Read!
Validating time basis
Capacity_reserve_margin.csv Successfully Read!
Energy_share_requirement.csv Successfully Read!
CO2_cap.csv Successfully Read!
CSV Files Successfully Read In From /home/gm1710/GenX/example_systems/AZ/regionalization_high_ghg/inputs/inputs_p14
Discharge Module
Non-served Energy Module
Investment Discharge Module
Unit Commitment Module
Fuel Module
Investment Transmission Module
Transmission Module
CO2 Module
Dispatchable Resources Module
Must-Run Resources Module
Storage Resources Module
Storage Investment Module
Storage Core Resources Module
Storage Resources with Symmetric Charge/Discharge Capacity Module
Hydro Reservoir Core Resources Module
Thermal (Unit Commitment) Resources Module
CO2 Policies Module
Energy Share Requirement Policies Module
Capacity Reserve Margin Policies Module
Reading Input CSV Files
Network.csv Successfully Read!
Demand (load) data Successfully Read!
Fuels_data.csv Successfully Read!

Summary of resources loaded into the model:
-------------------------------------------------------
	Resource type 		Number of resources
=======================================================
	Thermal        		64
	VRE            		125
	Hydro          		6
	Storage        		26
	Must_run       		26
=======================================================
Total number of resources: 247
-------------------------------------------------------
Generators_variability.csv Successfully Read!
Validating time basis
Capacity_reserve_margin.csv Successfully Read!
Energy_share_requirement.csv Successfully Read!
CO2_cap.csv Successfully Read!
CSV Files Successfully Read In From /home/gm1710/GenX/example_systems/AZ/regionalization_high_ghg/inputs/inputs_p15
Discharge Module
Non-served Energy Module
Investment Discharge Module
Unit Commitment Module
Fuel Module
Investment Transmission Module
Transmission Module
CO2 Module
Dispatchable Resources Module
Must-Run Resources Module
Storage Resources Module
Storage Investment Module
Storage Core Resources Module
Storage Resources with Symmetric Charge/Discharge Capacity Module
Hydro Reservoir Core Resources Module
Thermal (Unit Commitment) Resources Module
CO2 Policies Module
Energy Share Requirement Policies Module
Capacity Reserve Margin Policies Module
Reading Input CSV Files
Network.csv Successfully Read!
Demand (load) data Successfully Read!
Fuels_data.csv Successfully Read!

Summary of resources loaded into the model:
-------------------------------------------------------
	Resource type 		Number of resources
=======================================================
	Thermal        		64
	VRE            		125
	Hydro          		6
	Storage        		26
	Must_run       		26
=======================================================
Total number of resources: 247
-------------------------------------------------------
Generators_variability.csv Successfully Read!
Validating time basis
Capacity_reserve_margin.csv Successfully Read!
Energy_share_requirement.csv Successfully Read!
CO2_cap.csv Successfully Read!
CSV Files Successfully Read In From /home/gm1710/GenX/example_systems/AZ/regionalization_high_ghg/inputs/inputs_p16
Discharge Module
Non-served Energy Module
Investment Discharge Module
Unit Commitment Module
Fuel Module
Investment Transmission Module
Transmission Module
CO2 Module
Dispatchable Resources Module
Must-Run Resources Module
Storage Resources Module
Storage Investment Module
Storage Core Resources Module
Storage Resources with Symmetric Charge/Discharge Capacity Module
Hydro Reservoir Core Resources Module
Thermal (Unit Commitment) Resources Module
CO2 Policies Module
Energy Share Requirement Policies Module
Capacity Reserve Margin Policies Module
Reading Input CSV Files
Network.csv Successfully Read!
Demand (load) data Successfully Read!
Fuels_data.csv Successfully Read!

Summary of resources loaded into the model:
-------------------------------------------------------
	Resource type 		Number of resources
=======================================================
	Thermal        		64
	VRE            		125
	Hydro          		6
	Storage        		26
	Must_run       		26
=======================================================
Total number of resources: 247
-------------------------------------------------------
Generators_variability.csv Successfully Read!
Validating time basis
Capacity_reserve_margin.csv Successfully Read!
Energy_share_requirement.csv Successfully Read!
CO2_cap.csv Successfully Read!
CSV Files Successfully Read In From /home/gm1710/GenX/example_systems/AZ/regionalization_high_ghg/inputs/inputs_p17
Discharge Module
Non-served Energy Module
Investment Discharge Module
Unit Commitment Module
Fuel Module
Investment Transmission Module
Transmission Module
CO2 Module
Dispatchable Resources Module
Must-Run Resources Module
Storage Resources Module
Storage Investment Module
Storage Core Resources Module
Storage Resources with Symmetric Charge/Discharge Capacity Module
Hydro Reservoir Core Resources Module
Thermal (Unit Commitment) Resources Module
CO2 Policies Module
Energy Share Requirement Policies Module
Capacity Reserve Margin Policies Module
Linking stages according to edge input.
Solving Model
Time elapsed for writing costs is
1.603340998
Time elapsed for writing capacity is
0.892689759
Time elapsed for writing power is
1.654625967
Time elapsed for writing charge is
0.269367455
Time elapsed for writing storage is
0.295244375
Time elapsed for writing curtailment is
0.5517724
Time elapsed for writing nse is
0.859364293
Time elapsed for writing power balance is
0.796598191
Time elapsed for writing transmission flows is
0.199101248
Time elapsed for writing transmission losses is
0.174992365
Time elapsed for writing network expansion is
0.136355835
Time elapsed for writing emissions is
0.563325744
Time elapsed for writing reliability is
0.248813749
Time elapsed for writing storage duals is
1.066400808
Time elapsed for writing commitment is
0.23400596
Time elapsed for writing startup is
0.043427052
Time elapsed for writing shutdown is
0.045487192
Time elapsed for writing fuel consumption is
1.304719557
Time elapsed for writing co2 is
0.209666056
Time elapsed for writing price is
0.113210458
Time elapsed for writing energy revenue is
0.567385813
Time elapsed for writing charging cost is
0.273155552
Time elapsed for writing subsidy is
0.285685231
Time elapsed for writing time weights is
0.084344483
Time elapsed for writing esr prices is
0.177948929
Time elapsed for writing esr revenue is
0.430003303
Time elapsed for writing reserve margin is
1.437409105
Time elapsed for writing reserve margin with weights is
0.251529972
Time elapsed for writing virtual discharge is
0.167599291
Time elapsed for writing reserve revenue is
1.296291618
Time elapsed for writing capacity value is
2.37442183
Time elapsed for writing co2 cap is
0.101909754
Time elapsed for writing net revenue is
3.403520994
Wrote outputs to /home/gm1710/GenX/example_systems/AZ/regionalization_high_ghg/results/results_p1
Time elapsed for writing costs is
0.706149209
Time elapsed for writing capacity is
0.003160205
Time elapsed for writing power is
0.156450209
Time elapsed for writing charge is
0.019116599
Time elapsed for writing storage is
0.022303424
Time elapsed for writing curtailment is
0.171977431
Time elapsed for writing nse is
0.074993779
Time elapsed for writing power balance is
0.209107124
Time elapsed for writing transmission flows is
0.009376794
Time elapsed for writing transmission losses is
0.014510718
Time elapsed for writing network expansion is
0.000352291
Time elapsed for writing emissions is
0.072250077
Time elapsed for writing reliability is
0.007322914
Time elapsed for writing storage duals is
0.062061289
Time elapsed for writing commitment is
0.045413562
Time elapsed for writing startup is
0.046366746
Time elapsed for writing shutdown is
0.047449821
Time elapsed for writing fuel consumption is
0.597382333
Time elapsed for writing co2 is
0.160645198
Time elapsed for writing price is
0.007790116
Time elapsed for writing energy revenue is
0.166838667
Time elapsed for writing charging cost is
0.02380667
Time elapsed for writing subsidy is
0.00202532
Time elapsed for writing time weights is
0.000492542
Time elapsed for writing esr prices is
0.000337632
Time elapsed for writing esr revenue is
0.001556337
Time elapsed for writing reserve margin is
0.005499426
Time elapsed for writing reserve margin with weights is
0.003964178
Time elapsed for writing virtual discharge is
0.045520462
Time elapsed for writing reserve revenue is
0.278188716
Time elapsed for writing capacity value is
0.177533777
Time elapsed for writing co2 cap is
0.000572803
Time elapsed for writing net revenue is
0.203285547
Wrote outputs to /home/gm1710/GenX/example_systems/AZ/regionalization_high_ghg/results/results_p2
Time elapsed for writing costs is
0.842881806
Time elapsed for writing capacity is
0.003033454
Time elapsed for writing power is
0.172185052
Time elapsed for writing charge is
0.02356332
Time elapsed for writing storage is
0.031407356
Time elapsed for writing curtailment is
0.188602759
Time elapsed for writing nse is
0.076383626
Time elapsed for writing power balance is
0.236958473
Time elapsed for writing transmission flows is
0.011288583
Time elapsed for writing transmission losses is
0.015777413
Time elapsed for writing network expansion is
0.000354562
Time elapsed for writing emissions is
0.064183149
Time elapsed for writing reliability is
0.007567915
Time elapsed for writing storage duals is
0.061241465
Time elapsed for writing commitment is
0.04507161
Time elapsed for writing startup is
0.041510673
Time elapsed for writing shutdown is
0.044755489
Time elapsed for writing fuel consumption is
0.469300816
Time elapsed for writing co2 is
0.149513146
Time elapsed for writing price is
0.009278574
Time elapsed for writing energy revenue is
0.109236838
Time elapsed for writing charging cost is
0.018728068
Time elapsed for writing subsidy is
0.001737628
Time elapsed for writing time weights is
0.000462762
Time elapsed for writing esr prices is
0.000274821
Time elapsed for writing esr revenue is
0.000995485
Time elapsed for writing reserve margin is
0.005827717
Time elapsed for writing reserve margin with weights is
0.002659853
Time elapsed for writing virtual discharge is
0.03452128
Time elapsed for writing reserve revenue is
0.205325507
Time elapsed for writing capacity value is
0.118992944
Time elapsed for writing co2 cap is
0.000610803
Time elapsed for writing net revenue is
0.15881126
Wrote outputs to /home/gm1710/GenX/example_systems/AZ/regionalization_high_ghg/results/results_p3
Time elapsed for writing costs is
0.691429101
Time elapsed for writing capacity is
0.002906013
Time elapsed for writing power is
0.175143066
Time elapsed for writing charge is
0.021294479
Time elapsed for writing storage is
0.027597029
Time elapsed for writing curtailment is
0.187908855
Time elapsed for writing nse is
0.073300282
Time elapsed for writing power balance is
0.216472948
Time elapsed for writing transmission flows is
0.010461259
Time elapsed for writing transmission losses is
0.015430092
Time elapsed for writing network expansion is
0.000360431
Time elapsed for writing emissions is
0.062696892
Time elapsed for writing reliability is
0.00852166
Time elapsed for writing storage duals is
0.059307586
Time elapsed for writing commitment is
0.050358754
Time elapsed for writing startup is
0.049060499
Time elapsed for writing shutdown is
0.062943983
Time elapsed for writing fuel consumption is
0.484521067
Time elapsed for writing co2 is
0.134069064
Time elapsed for writing price is
0.007150634
Time elapsed for writing energy revenue is
0.123077533
Time elapsed for writing charging cost is
0.016596137
Time elapsed for writing subsidy is
0.001904439
Time elapsed for writing time weights is
0.000466563
Time elapsed for writing esr prices is
0.000293621
Time elapsed for writing esr revenue is
0.000979915
Time elapsed for writing reserve margin is
0.005799207
Time elapsed for writing reserve margin with weights is
0.002761672
Time elapsed for writing virtual discharge is
0.031176885
Time elapsed for writing reserve revenue is
0.197188158
Time elapsed for writing capacity value is
0.125191043
Time elapsed for writing co2 cap is
0.000572782
Time elapsed for writing net revenue is
1.480891348
Wrote outputs to /home/gm1710/GenX/example_systems/AZ/regionalization_high_ghg/results/results_p4
Time elapsed for writing costs is
0.677135484
Time elapsed for writing capacity is
0.002841894
Time elapsed for writing power is
0.164713827
Time elapsed for writing charge is
0.02146498
Time elapsed for writing storage is
0.028541933
Time elapsed for writing curtailment is
0.182243239
Time elapsed for writing nse is
0.064803712
Time elapsed for writing power balance is
0.19960418
Time elapsed for writing transmission flows is
0.008812931
Time elapsed for writing transmission losses is
0.013302842
Time elapsed for writing network expansion is
0.001475567
Time elapsed for writing emissions is
0.056097201
Time elapsed for writing reliability is
0.007356444
Time elapsed for writing storage duals is
0.058475353
Time elapsed for writing commitment is
0.043463252
Time elapsed for writing startup is
0.042183867
Time elapsed for writing shutdown is
┌ Warning: WriteIntermittentOutputs is not supported for non-myopic multistage models. Setting WriteIntermittentOutputs to 0 in the multistage settings.
└ @ GenX ~/GenX/src/configure_settings/configure_settings.jl:220
[ Info: Hydro.csv Successfully Read.
[ Info: Thermal.csv Successfully Read.
[ Info: Vre.csv Successfully Read.
[ Info: Storage.csv Successfully Read.
[ Info: Must_run.csv Successfully Read.
[ Info: Resource_energy_share_requirement.csv Successfully Read.
[ Info: Resource_capacity_reserve_margin.csv Successfully Read.
[ Info: Resource_minimum_capacity_requirement.csv Successfully Read.
[ Info: Multistage data successfully read.
[ Info: Using the CO2 module to determine the CO2 emissions of CCS-equipped plants
[ Info: Hydro.csv Successfully Read.
[ Info: Thermal.csv Successfully Read.
[ Info: Vre.csv Successfully Read.
[ Info: Storage.csv Successfully Read.
[ Info: Must_run.csv Successfully Read.
[ Info: Resource_energy_share_requirement.csv Successfully Read.
[ Info: Resource_capacity_reserve_margin.csv Successfully Read.
[ Info: Resource_minimum_capacity_requirement.csv Successfully Read.
[ Info: Multistage data successfully read.
[ Info: Using the CO2 module to determine the CO2 emissions of CCS-equipped plants
[ Info: Hydro.csv Successfully Read.
[ Info: Thermal.csv Successfully Read.
[ Info: Vre.csv Successfully Read.
[ Info: Storage.csv Successfully Read.
[ Info: Must_run.csv Successfully Read.
[ Info: Resource_energy_share_requirement.csv Successfully Read.
[ Info: Resource_capacity_reserve_margin.csv Successfully Read.
[ Info: Resource_minimum_capacity_requirement.csv Successfully Read.
[ Info: Multistage data successfully read.
[ Info: Using the CO2 module to determine the CO2 emissions of CCS-equipped plants
[ Info: Hydro.csv Successfully Read.
[ Info: Thermal.csv Successfully Read.
[ Info: Vre.csv Successfully Read.
[ Info: Storage.csv Successfully Read.
[ Info: Must_run.csv Successfully Read.
[ Info: Resource_energy_share_requirement.csv Successfully Read.
[ Info: Resource_capacity_reserve_margin.csv Successfully Read.
[ Info: Resource_minimum_capacity_requirement.csv Successfully Read.
[ Info: Multistage data successfully read.
[ Info: Using the CO2 module to determine the CO2 emissions of CCS-equipped plants
[ Info: Hydro.csv Successfully Read.
[ Info: Thermal.csv Successfully Read.
[ Info: Vre.csv Successfully Read.
[ Info: Storage.csv Successfully Read.
[ Info: Must_run.csv Successfully Read.
[ Info: Resource_energy_share_requirement.csv Successfully Read.
[ Info: Resource_capacity_reserve_margin.csv Successfully Read.
[ Info: Resource_minimum_capacity_requirement.csv Successfully Read.
[ Info: Multistage data successfully read.
[ Info: Using the CO2 module to determine the CO2 emissions of CCS-equipped plants
[ Info: Hydro.csv Successfully Read.
[ Info: Thermal.csv Successfully Read.
[ Info: Vre.csv Successfully Read.
[ Info: Storage.csv Successfully Read.
[ Info: Must_run.csv Successfully Read.
[ Info: Resource_energy_share_requirement.csv Successfully Read.
[ Info: Resource_capacity_reserve_margin.csv Successfully Read.
[ Info: Resource_minimum_capacity_requirement.csv Successfully Read.
[ Info: Multistage data successfully read.
[ Info: Using the CO2 module to determine the CO2 emissions of CCS-equipped plants
[ Info: Hydro.csv Successfully Read.
[ Info: Thermal.csv Successfully Read.
[ Info: Vre.csv Successfully Read.
[ Info: Storage.csv Successfully Read.
[ Info: Must_run.csv Successfully Read.
[ Info: Resource_energy_share_requirement.csv Successfully Read.
[ Info: Resource_capacity_reserve_margin.csv Successfully Read.
[ Info: Resource_minimum_capacity_requirement.csv Successfully Read.
[ Info: Multistage data successfully read.
[ Info: Using the CO2 module to determine the CO2 emissions of CCS-equipped plants
[ Info: Hydro.csv Successfully Read.
[ Info: Thermal.csv Successfully Read.
[ Info: Vre.csv Successfully Read.
[ Info: Storage.csv Successfully Read.
[ Info: Must_run.csv Successfully Read.
[ Info: Resource_energy_share_requirement.csv Successfully Read.
[ Info: Resource_capacity_reserve_margin.csv Successfully Read.
[ Info: Resource_minimum_capacity_requirement.csv Successfully Read.
[ Info: Multistage data successfully read.
[ Info: Using the CO2 module to determine the CO2 emissions of CCS-equipped plants
[ Info: Hydro.csv Successfully Read.
[ Info: Thermal.csv Successfully Read.
[ Info: Vre.csv Successfully Read.
[ Info: Storage.csv Successfully Read.
[ Info: Must_run.csv Successfully Read.
[ Info: Resource_energy_share_requirement.csv Successfully Read.
[ Info: Resource_capacity_reserve_margin.csv Successfully Read.
[ Info: Resource_minimum_capacity_requirement.csv Successfully Read.
[ Info: Multistage data successfully read.
[ Info: Using the CO2 module to determine the CO2 emissions of CCS-equipped plants
[ Info: Hydro.csv Successfully Read.
[ Info: Thermal.csv Successfully Read.
[ Info: Vre.csv Successfully Read.
[ Info: Storage.csv Successfully Read.
[ Info: Must_run.csv Successfully Read.
[ Info: Resource_energy_share_requirement.csv Successfully Read.
[ Info: Resource_capacity_reserve_margin.csv Successfully Read.
[ Info: Resource_minimum_capacity_requirement.csv Successfully Read.
[ Info: Multistage data successfully read.
[ Info: Using the CO2 module to determine the CO2 emissions of CCS-equipped plants
[ Info: Hydro.csv Successfully Read.
[ Info: Thermal.csv Successfully Read.
[ Info: Vre.csv Successfully Read.
[ Info: Storage.csv Successfully Read.
[ Info: Must_run.csv Successfully Read.
[ Info: Resource_energy_share_requirement.csv Successfully Read.
[ Info: Resource_capacity_reserve_margin.csv Successfully Read.
[ Info: Resource_minimum_capacity_requirement.csv Successfully Read.
[ Info: Multistage data successfully read.
[ Info: Using the CO2 module to determine the CO2 emissions of CCS-equipped plants
[ Info: Hydro.csv Successfully Read.
[ Info: Thermal.csv Successfully Read.
[ Info: Vre.csv Successfully Read.
[ Info: Storage.csv Successfully Read.
[ Info: Must_run.csv Successfully Read.
[ Info: Resource_energy_share_requirement.csv Successfully Read.
[ Info: Resource_capacity_reserve_margin.csv Successfully Read.
[ Info: Resource_minimum_capacity_requirement.csv Successfully Read.
[ Info: Multistage data successfully read.
[ Info: Using the CO2 module to determine the CO2 emissions of CCS-equipped plants
[ Info: Hydro.csv Successfully Read.
[ Info: Thermal.csv Successfully Read.
[ Info: Vre.csv Successfully Read.
[ Info: Storage.csv Successfully Read.
[ Info: Must_run.csv Successfully Read.
[ Info: Resource_energy_share_requirement.csv Successfully Read.
[ Info: Resource_capacity_reserve_margin.csv Successfully Read.
[ Info: Resource_minimum_capacity_requirement.csv Successfully Read.
[ Info: Multistage data successfully read.
[ Info: Using the CO2 module to determine the CO2 emissions of CCS-equipped plants
[ Info: Hydro.csv Successfully Read.
[ Info: Thermal.csv Successfully Read.
[ Info: Vre.csv Successfully Read.
[ Info: Storage.csv Successfully Read.
[ Info: Must_run.csv Successfully Read.
[ Info: Resource_energy_share_requirement.csv Successfully Read.
[ Info: Resource_capacity_reserve_margin.csv Successfully Read.
[ Info: Resource_minimum_capacity_requirement.csv Successfully Read.
[ Info: Multistage data successfully read.
[ Info: Using the CO2 module to determine the CO2 emissions of CCS-equipped plants
[ Info: Hydro.csv Successfully Read.
[ Info: Thermal.csv Successfully Read.
[ Info: Vre.csv Successfully Read.
[ Info: Storage.csv Successfully Read.
[ Info: Must_run.csv Successfully Read.
[ Info: Resource_energy_share_requirement.csv Successfully Read.
[ Info: Resource_capacity_reserve_margin.csv Successfully Read.
[ Info: Resource_minimum_capacity_requirement.csv Successfully Read.
[ Info: Multistage data successfully read.
[ Info: Using the CO2 module to determine the CO2 emissions of CCS-equipped plants
[ Info: Hydro.csv Successfully Read.
[ Info: Thermal.csv Successfully Read.
[ Info: Vre.csv Successfully Read.
[ Info: Storage.csv Successfully Read.
[ Info: Must_run.csv Successfully Read.
[ Info: Resource_energy_share_requirement.csv Successfully Read.
[ Info: Resource_capacity_reserve_margin.csv Successfully Read.
[ Info: Resource_minimum_capacity_requirement.csv Successfully Read.
[ Info: Multistage data successfully read.
[ Info: Using the CO2 module to determine the CO2 emissions of CCS-equipped plants
[ Info: Hydro.csv Successfully Read.
[ Info: Thermal.csv Successfully Read.
[ Info: Vre.csv Successfully Read.
[ Info: Storage.csv Successfully Read.
[ Info: Must_run.csv Successfully Read.
[ Info: Resource_energy_share_requirement.csv Successfully Read.
[ Info: Resource_capacity_reserve_margin.csv Successfully Read.
[ Info: Resource_minimum_capacity_requirement.csv Successfully Read.
[ Info: Multistage data successfully read.
[ Info: Using the CO2 module to determine the CO2 emissions of CCS-equipped plants
┌ Warning: The cost calculation of the multi-stage GenX is approximate currently, and we will be refining it more in one of the future releases.
└ @ GenX ~/GenX/src/multi_stage/write_multi_stage_costs.jl:58
0.043946584
Time elapsed for writing fuel consumption is
0.425513392
Time elapsed for writing co2 is
0.125300174
Time elapsed for writing price is
0.00859909
Time elapsed for writing energy revenue is
0.114413403
Time elapsed for writing charging cost is
0.016338276
Time elapsed for writing subsidy is
0.001706398
Time elapsed for writing time weights is
0.000468482
Time elapsed for writing esr prices is
0.000307602
Time elapsed for writing esr revenue is
0.000897584
Time elapsed for writing reserve margin is
0.005358105
Time elapsed for writing reserve margin with weights is
0.002802363
Time elapsed for writing virtual discharge is
0.030251561
Time elapsed for writing reserve revenue is
0.194912368
Time elapsed for writing capacity value is
0.120716252
Time elapsed for writing co2 cap is
0.000588612
Time elapsed for writing net revenue is
0.174231892
Wrote outputs to /home/gm1710/GenX/example_systems/AZ/regionalization_high_ghg/results/results_p5
Time elapsed for writing costs is
0.697375808
Time elapsed for writing capacity is
0.003339026
Time elapsed for writing power is
0.165855102
Time elapsed for writing charge is
0.022396305
Time elapsed for writing storage is
0.027197296
Time elapsed for writing curtailment is
0.210202409
Time elapsed for writing nse is
0.090008619
Time elapsed for writing power balance is
0.256267454
Time elapsed for writing transmission flows is
0.011310912
Time elapsed for writing transmission losses is
0.017925584
Time elapsed for writing network expansion is
0.000356681
Time elapsed for writing emissions is
0.069435474
Time elapsed for writing reliability is
0.009557025
Time elapsed for writing storage duals is
0.090780332
Time elapsed for writing commitment is
0.071913146
Time elapsed for writing startup is
0.054380203
Time elapsed for writing shutdown is
0.053236898
Time elapsed for writing fuel consumption is
0.527614788
Time elapsed for writing co2 is
0.189542172
Time elapsed for writing price is
0.01087406
Time elapsed for writing energy revenue is
0.136511806
Time elapsed for writing charging cost is
0.020594846
Time elapsed for writing subsidy is
0.00212151
Time elapsed for writing time weights is
0.000521123
Time elapsed for writing esr prices is
0.000304921
Time elapsed for writing esr revenue is
0.000966284
Time elapsed for writing reserve margin is
0.006026128
Time elapsed for writing reserve margin with weights is
0.003347195
Time elapsed for writing virtual discharge is
0.039711345
Time elapsed for writing reserve revenue is
0.209792287
Time elapsed for writing capacity value is
0.120337571
Time elapsed for writing co2 cap is
0.000580413
Time elapsed for writing net revenue is
0.182848112
Wrote outputs to /home/gm1710/GenX/example_systems/AZ/regionalization_high_ghg/results/results_p6
Time elapsed for writing costs is
0.687710884
Time elapsed for writing capacity is
0.002527282
Time elapsed for writing power is
0.170849645
Time elapsed for writing charge is
0.021913933
Time elapsed for writing storage is
0.027158596
Time elapsed for writing curtailment is
0.196967198
Time elapsed for writing nse is
0.074495537
Time elapsed for writing power balance is
0.226829686
Time elapsed for writing transmission flows is
0.010984921
Time elapsed for writing transmission losses is
0.015808044
Time elapsed for writing network expansion is
0.000399392
Time elapsed for writing emissions is
0.067103993
Time elapsed for writing reliability is
0.008178458
Time elapsed for writing storage duals is
0.066181608
Time elapsed for writing commitment is
0.053147748
Time elapsed for writing startup is
0.047445801
Time elapsed for writing shutdown is
0.04947431
Time elapsed for writing fuel consumption is
0.468070611
Time elapsed for writing co2 is
0.1439321
Time elapsed for writing price is
0.009239483
Time elapsed for writing energy revenue is
0.125010343
Time elapsed for writing charging cost is
0.017630232
Time elapsed for writing subsidy is
0.001834718
Time elapsed for writing time weights is
0.000556453
Time elapsed for writing esr prices is
0.000348052
Time elapsed for writing esr revenue is
0.001263526
Time elapsed for writing reserve margin is
0.005640086
Time elapsed for writing reserve margin with weights is
0.002865053
Time elapsed for writing virtual discharge is
0.033630557
Time elapsed for writing reserve revenue is
0.220119185
Time elapsed for writing capacity value is
0.142927146
Time elapsed for writing co2 cap is
0.000605073
Time elapsed for writing net revenue is
1.224576354
Wrote outputs to /home/gm1710/GenX/example_systems/AZ/regionalization_high_ghg/results/results_p7
Time elapsed for writing costs is
0.854803612
Time elapsed for writing capacity is
0.003711117
Time elapsed for writing power is
0.176901785
Time elapsed for writing charge is
0.021998202
Time elapsed for writing storage is
0.026370743
Time elapsed for writing curtailment is
0.173724929
Time elapsed for writing nse is
0.082714816
Time elapsed for writing power balance is
0.231590228
Time elapsed for writing transmission flows is
0.010140848
Time elapsed for writing transmission losses is
0.015573072
Time elapsed for writing network expansion is
0.000354782
Time elapsed for writing emissions is
0.064267819
Time elapsed for writing reliability is
0.008415069
Time elapsed for writing storage duals is
0.062885193
Time elapsed for writing commitment is
0.055334388
Time elapsed for writing startup is
0.053341049
Time elapsed for writing shutdown is
0.063295595
Time elapsed for writing fuel consumption is
0.576902857
Time elapsed for writing co2 is
0.156140877
Time elapsed for writing price is
0.010297838
Time elapsed for writing energy revenue is
0.164119935
Time elapsed for writing charging cost is
0.025505639
Time elapsed for writing subsidy is
0.002034369
Time elapsed for writing time weights is
0.000519703
Time elapsed for writing esr prices is
0.000304141
Time elapsed for writing esr revenue is
0.001071945
Time elapsed for writing reserve margin is
0.006056748
Time elapsed for writing reserve margin with weights is
0.003593217
Time elapsed for writing virtual discharge is
0.046088955
Time elapsed for writing reserve revenue is
0.322689233
Time elapsed for writing capacity value is
0.184220658
Time elapsed for writing co2 cap is
0.000605903
Time elapsed for writing net revenue is
0.238983003
Wrote outputs to /home/gm1710/GenX/example_systems/AZ/regionalization_high_ghg/results/results_p8
Time elapsed for writing costs is
0.941346675
Time elapsed for writing capacity is
0.003193015
Time elapsed for writing power is
0.19538652
Time elapsed for writing charge is
0.024584454
Time elapsed for writing storage is
0.029581268
Time elapsed for writing curtailment is
0.220287756
Time elapsed for writing nse is
0.079078059
Time elapsed for writing power balance is
0.269214584
Time elapsed for writing transmission flows is
0.0128898
Time elapsed for writing transmission losses is
0.017933124
Time elapsed for writing network expansion is
0.000388121
Time elapsed for writing emissions is
0.068935142
Time elapsed for writing reliability is
0.009639955
Time elapsed for writing storage duals is
0.067648815
Time elapsed for writing commitment is
0.049864762
Time elapsed for writing startup is
0.046269906
Time elapsed for writing shutdown is
0.047082809
Time elapsed for writing fuel consumption is
0.475084373
Time elapsed for writing co2 is
0.146547433
Time elapsed for writing price is
0.008896441
Time elapsed for writing energy revenue is
0.124313729
Time elapsed for writing charging cost is
0.01920226
Time elapsed for writing subsidy is
0.001759128
Time elapsed for writing time weights is
0.000488002
Time elapsed for writing esr prices is
0.000299602
Time elapsed for writing esr revenue is
0.000997285
Time elapsed for writing reserve margin is
0.005445365
Time elapsed for writing reserve margin with weights is
0.002831923
Time elapsed for writing virtual discharge is
0.035322525
Time elapsed for writing reserve revenue is
0.229963621
Time elapsed for writing capacity value is
0.119757348
Time elapsed for writing co2 cap is
0.000565933
Time elapsed for writing net revenue is
0.179374045
Wrote outputs to /home/gm1710/GenX/example_systems/AZ/regionalization_high_ghg/results/results_p9
Time elapsed for writing costs is
0.720203565
Time elapsed for writing capacity is
0.002824543
Time elapsed for writing power is
0.170284114
Time elapsed for writing charge is
0.022776696
Time elapsed for writing storage is
0.027502858
Time elapsed for writing curtailment is
0.190395597
Time elapsed for writing nse is
0.076590107
Time elapsed for writing power balance is
0.228681735
Time elapsed for writing transmission flows is
0.010232868
Time elapsed for writing transmission losses is
0.015341591
Time elapsed for writing network expansion is
0.000383392
Time elapsed for writing emissions is
0.06218071
Time elapsed for writing reliability is
0.00865407
Time elapsed for writing storage duals is
0.069489534
Time elapsed for writing commitment is
0.049780932
Time elapsed for writing startup is
0.046402256
Time elapsed for writing shutdown is
0.048715737
Time elapsed for writing fuel consumption is
0.495393818
Time elapsed for writing co2 is
0.128155747
Time elapsed for writing price is
0.009439724
Time elapsed for writing energy revenue is
0.124814231
Time elapsed for writing charging cost is
0.019154349
Time elapsed for writing subsidy is
0.001853279
Time elapsed for writing time weights is
0.000541343
Time elapsed for writing esr prices is
0.000317141
Time elapsed for writing esr revenue is
0.001007545
Time elapsed for writing reserve margin is
0.005312105
Time elapsed for writing reserve margin with weights is
0.002778923
Time elapsed for writing virtual discharge is
0.035379694
Time elapsed for writing reserve revenue is
0.225378209
Time elapsed for writing capacity value is
0.135600702
Time elapsed for writing co2 cap is
0.000715114
Time elapsed for writing net revenue is
1.389952324
Wrote outputs to /home/gm1710/GenX/example_systems/AZ/regionalization_high_ghg/results/results_p10
Time elapsed for writing costs is
0.743399963
Time elapsed for writing capacity is
0.004487351
Time elapsed for writing power is
0.217766734
Time elapsed for writing charge is
0.024871636
Time elapsed for writing storage is
0.026509224
Time elapsed for writing curtailment is
0.217234742
Time elapsed for writing nse is
0.071294732
Time elapsed for writing power balance is
0.21692381
Time elapsed for writing transmission flows is
0.008876752
Time elapsed for writing transmission losses is
0.013906994
Time elapsed for writing network expansion is
0.000320642
Time elapsed for writing emissions is
0.065033783
Time elapsed for writing reliability is
0.009300313
Time elapsed for writing storage duals is
0.071706234
Time elapsed for writing commitment is
0.050014233
Time elapsed for writing startup is
0.046634108
Time elapsed for writing shutdown is
0.047121079
Time elapsed for writing fuel consumption is
0.498919304
Time elapsed for writing co2 is
0.129399343
Time elapsed for writing price is
0.011479454
Time elapsed for writing energy revenue is
0.126498489
Time elapsed for writing charging cost is
0.019559711
Time elapsed for writing subsidy is
0.001716138
Time elapsed for writing time weights is
0.000442302
Time elapsed for writing esr prices is
0.000291752
Time elapsed for writing esr revenue is
0.001168215
Time elapsed for writing reserve margin is
0.005270715
Time elapsed for writing reserve margin with weights is
0.002810203
Time elapsed for writing virtual discharge is
0.035250384
Time elapsed for writing reserve revenue is
0.232296022
Time elapsed for writing capacity value is
0.128646349
Time elapsed for writing co2 cap is
0.000718193
Time elapsed for writing net revenue is
0.192276846
Wrote outputs to /home/gm1710/GenX/example_systems/AZ/regionalization_high_ghg/results/results_p11
Time elapsed for writing costs is
0.755899661
Time elapsed for writing capacity is
0.003187345
Time elapsed for writing power is
0.180753532
Time elapsed for writing charge is
0.023388229
Time elapsed for writing storage is
0.028300102
Time elapsed for writing curtailment is
0.213509995
Time elapsed for writing nse is
0.090062029
Time elapsed for writing power balance is
0.262710554
Time elapsed for writing transmission flows is
0.011418343
Time elapsed for writing transmission losses is
0.017475002
Time elapsed for writing network expansion is
0.000320831
Time elapsed for writing emissions is
0.071795115
Time elapsed for writing reliability is
0.009875126
Time elapsed for writing storage duals is
0.077656372
Time elapsed for writing commitment is
0.058614623
Time elapsed for writing startup is
0.056947905
Time elapsed for writing shutdown is
0.057088466
Time elapsed for writing fuel consumption is
0.594871421
Time elapsed for writing co2 is
0.15238017
Time elapsed for writing price is
0.011996746
Time elapsed for writing energy revenue is
0.145547698
Time elapsed for writing charging cost is
0.022262334
Time elapsed for writing subsidy is
0.002075429
Time elapsed for writing time weights is
0.000646923
Time elapsed for writing esr prices is
0.000541342
Time elapsed for writing esr revenue is
0.001088575
Time elapsed for writing reserve margin is
0.005914198
Time elapsed for writing reserve margin with weights is
0.003332025
Time elapsed for writing virtual discharge is
0.04079404
Time elapsed for writing reserve revenue is
0.224289275
Time elapsed for writing capacity value is
0.133249551
Time elapsed for writing co2 cap is
0.000622283
Time elapsed for writing net revenue is
0.186976891
Wrote outputs to /home/gm1710/GenX/example_systems/AZ/regionalization_high_ghg/results/results_p12
Time elapsed for writing costs is
0.750404636
Time elapsed for writing capacity is
0.002904303
Time elapsed for writing power is
0.179376926
Time elapsed for writing charge is
0.023378809
Time elapsed for writing storage is
0.028271532
Time elapsed for writing curtailment is
0.19963824
Time elapsed for writing nse is
0.0794541
Time elapsed for writing power balance is
0.231575658
Time elapsed for writing transmission flows is
0.011390194
Time elapsed for writing transmission losses is
0.016760318
Time elapsed for writing network expansion is
0.000346851
Time elapsed for writing emissions is
0.06861279
Time elapsed for writing reliability is
0.009550185
Time elapsed for writing storage duals is
0.069874665
Time elapsed for writing commitment is
0.052194373
Time elapsed for writing startup is
0.047050589
Time elapsed for writing shutdown is
0.0514091
Time elapsed for writing fuel consumption is
0.516170164
Time elapsed for writing co2 is
0.130408968
Time elapsed for writing price is
0.009374694
Time elapsed for writing energy revenue is
0.12888764
Time elapsed for writing charging cost is
0.019860913
Time elapsed for writing subsidy is
0.001797988
Time elapsed for writing time weights is
0.000496512
Time elapsed for writing esr prices is
0.000335242
Time elapsed for writing esr revenue is
0.000936024
Time elapsed for writing reserve margin is
0.005554176
Time elapsed for writing reserve margin with weights is
0.002789563
Time elapsed for writing virtual discharge is
0.036258659
Time elapsed for writing reserve revenue is
0.23403249
Time elapsed for writing capacity value is
0.138576216
Time elapsed for writing co2 cap is
0.000572903
Time elapsed for writing net revenue is
0.201505028
Wrote outputs to /home/gm1710/GenX/example_systems/AZ/regionalization_high_ghg/results/results_p13
Time elapsed for writing costs is
1.799135191
Time elapsed for writing capacity is
0.003883068
Time elapsed for writing power is
0.18242575
Time elapsed for writing charge is
0.022573565
Time elapsed for writing storage is
0.027542308
Time elapsed for writing curtailment is
0.191105751
Time elapsed for writing nse is
0.087328427
Time elapsed for writing power balance is
0.258646734
Time elapsed for writing transmission flows is
0.010834791
Time elapsed for writing transmission losses is
0.016601997
Time elapsed for writing network expansion is
0.000336342
Time elapsed for writing emissions is
0.070387018
Time elapsed for writing reliability is
0.01072977
Time elapsed for writing storage duals is
0.068308288
Time elapsed for writing commitment is
0.054118442
Time elapsed for writing startup is
0.055601209
Time elapsed for writing shutdown is
0.057059046
Time elapsed for writing fuel consumption is
0.616263491
Time elapsed for writing co2 is
0.179489446
Time elapsed for writing price is
0.011015881
Time elapsed for writing energy revenue is
0.156167068
Time elapsed for writing charging cost is
0.027295907
Time elapsed for writing subsidy is
0.002282111
Time elapsed for writing time weights is
0.000655123
Time elapsed for writing esr prices is
0.000416672
Time elapsed for writing esr revenue is
0.001192175
Time elapsed for writing reserve margin is
0.00627495
Time elapsed for writing reserve margin with weights is
0.003659397
Time elapsed for writing virtual discharge is
0.053529519
Time elapsed for writing reserve revenue is
0.339403701
Time elapsed for writing capacity value is
0.181393625
Time elapsed for writing co2 cap is
0.000630373
Time elapsed for writing net revenue is
0.258787816
Wrote outputs to /home/gm1710/GenX/example_systems/AZ/regionalization_high_ghg/results/results_p14
Time elapsed for writing costs is
0.928729467
Time elapsed for writing capacity is
0.003170514
Time elapsed for writing power is
0.208623722
Time elapsed for writing charge is
0.024169963
Time elapsed for writing storage is
0.029252426
Time elapsed for writing curtailment is
0.218756909
Time elapsed for writing nse is
0.082333004
Time elapsed for writing power balance is
0.269096243
Time elapsed for writing transmission flows is
0.014017856
Time elapsed for writing transmission losses is
0.018949958
Time elapsed for writing network expansion is
0.000356472
Time elapsed for writing emissions is
0.078582326
Time elapsed for writing reliability is
0.01071454
Time elapsed for writing storage duals is
0.070670439
Time elapsed for writing commitment is
0.062771622
Time elapsed for writing startup is
0.053457919
Time elapsed for writing shutdown is
0.048871658
Time elapsed for writing fuel consumption is
0.504013328
Time elapsed for writing co2 is
0.131408692
Time elapsed for writing price is
0.009435544
Time elapsed for writing energy revenue is
0.131769464
Time elapsed for writing charging cost is
0.019922233
Time elapsed for writing subsidy is
0.001828338
Time elapsed for writing time weights is
0.000547563
Time elapsed for writing esr prices is
0.000261401
Time elapsed for writing esr revenue is
0.000882894
Time elapsed for writing reserve margin is
0.005582015
Time elapsed for writing reserve margin with weights is
0.002866803
Time elapsed for writing virtual discharge is
0.035184244
Time elapsed for writing reserve revenue is
0.232511713
Time elapsed for writing capacity value is
0.118361861
Time elapsed for writing co2 cap is
0.000518942
Time elapsed for writing net revenue is
0.180028398
Wrote outputs to /home/gm1710/GenX/example_systems/AZ/regionalization_high_ghg/results/results_p15
Time elapsed for writing costs is
0.73615922
Time elapsed for writing capacity is
0.002814763
Time elapsed for writing power is
0.18681752
Time elapsed for writing charge is
0.022443625
Time elapsed for writing storage is
0.028172371
Time elapsed for writing curtailment is
0.19329176
Time elapsed for writing nse is
0.084299233
Time elapsed for writing power balance is
0.236355481
Time elapsed for writing transmission flows is
0.010829911
Time elapsed for writing transmission losses is
0.015838303
Time elapsed for writing network expansion is
0.000316382
Time elapsed for writing emissions is
0.062917113
Time elapsed for writing reliability is
0.009761196
Time elapsed for writing storage duals is
0.069293642
Time elapsed for writing commitment is
0.050811917
Time elapsed for writing startup is
0.049887883
Time elapsed for writing shutdown is
0.049699481
Time elapsed for writing fuel consumption is
0.505572125
Time elapsed for writing co2 is
0.123969708
Time elapsed for writing price is
0.012675709
Time elapsed for writing energy revenue is
0.130037766
Time elapsed for writing charging cost is
0.019205109
Time elapsed for writing subsidy is
0.001758278
Time elapsed for writing time weights is
0.000412412
Time elapsed for writing esr prices is
0.000261752
Time elapsed for writing esr revenue is
0.000974034
Time elapsed for writing reserve margin is
0.008008797
Time elapsed for writing reserve margin with weights is
0.003619976
Time elapsed for writing virtual discharge is
0.035230005
Time elapsed for writing reserve revenue is
0.226944447
Time elapsed for writing capacity value is
0.125035892
Time elapsed for writing co2 cap is
0.000549343
Time elapsed for writing net revenue is
0.168832306
Wrote outputs to /home/gm1710/GenX/example_systems/AZ/regionalization_high_ghg/results/results_p16
Time elapsed for writing costs is
2.047531698
Time elapsed for writing capacity is
0.002663832
Time elapsed for writing power is
0.25542758
Time elapsed for writing charge is
0.022880287
Time elapsed for writing storage is
0.027170406
Time elapsed for writing curtailment is
0.214197108
Time elapsed for writing nse is
0.07716179
Time elapsed for writing power balance is
0.225312129
Time elapsed for writing transmission flows is
0.010159998
Time elapsed for writing transmission losses is
0.014706288
Time elapsed for writing network expansion is
0.000322192
Time elapsed for writing emissions is
0.063787787
Time elapsed for writing reliability is
0.009143513
Time elapsed for writing storage duals is
0.057486847
Time elapsed for writing commitment is
0.045155581
Time elapsed for writing startup is
0.044902079
Time elapsed for writing shutdown is
0.046094305
Time elapsed for writing fuel consumption is
0.513713743
Time elapsed for writing co2 is
0.153038833
Time elapsed for writing price is
0.009674635
Time elapsed for writing energy revenue is
0.129861895
Time elapsed for writing charging cost is
0.020569706
Time elapsed for writing subsidy is
0.001942799
Time elapsed for writing time weights is
0.000411992
Time elapsed for writing esr prices is
0.000259511
Time elapsed for writing esr revenue is
0.001133715
Time elapsed for writing reserve margin is
0.005497486
Time elapsed for writing reserve margin with weights is
0.002826653
Time elapsed for writing virtual discharge is
0.036683331
Time elapsed for writing reserve revenue is
0.23611988
Time elapsed for writing capacity value is
0.128678919
Time elapsed for writing co2 cap is
0.000554673
Time elapsed for writing net revenue is
0.183524305
Wrote outputs to /home/gm1710/GenX/example_systems/AZ/regionalization_high_ghg/results/results_p17
