I must not fear. Fear is the mind-killer.

Loading GenX
  Loading requirement: gurobi/12.0.0 julia/1.11.3

libgomp: Invalid value for environment variable OMP_NUM_THREADS: invalid
Set parameter LicenseID to value 197246
Set parameter GURO_PAR_SPECIAL
Set parameter TokenServer to value "license.rc.princeton.edu"
Set parameter FeasibilityTol to value 1e-06
Set parameter PreDual to value -1
Set parameter Method to value 2
Set parameter Crossover to value 1
Set parameter TimeLimit to value 1e+100
Set parameter OutputFlag to value 1
Set parameter NumericFocus to value 0
Set parameter MIPGap to value 0.001
Set parameter OptimalityTol to value 0.0001
Set parameter AggFill to value -1
Set parameter BarConvTol to value 1e-12
Set parameter Presolve to value -1
Set parameter LicenseID to value 197246
Set parameter GURO_PAR_SPECIAL
Set parameter TokenServer to value "license.rc.princeton.edu"
Set parameter FeasibilityTol to value 1e-06
Set parameter PreDual to value -1
Set parameter Method to value 2
Set parameter Crossover to value 1
Set parameter TimeLimit to value 1e+100
Set parameter OutputFlag to value 1
Set parameter NumericFocus to value 0
Set parameter MIPGap to value 0.001
Set parameter OptimalityTol to value 0.0001
Set parameter AggFill to value -1
Set parameter BarConvTol to value 1e-12
Set parameter Presolve to value -1
Set parameter LicenseID to value 197246
Set parameter GURO_PAR_SPECIAL
Set parameter TokenServer to value "license.rc.princeton.edu"
Set parameter FeasibilityTol to value 1e-06
Set parameter PreDual to value -1
Set parameter Method to value 2
Set parameter Crossover to value 1
Set parameter TimeLimit to value 1e+100
Set parameter OutputFlag to value 1
Set parameter NumericFocus to value 0
Set parameter MIPGap to value 0.001
Set parameter OptimalityTol to value 0.0001
Set parameter AggFill to value -1
Set parameter BarConvTol to value 1e-12
Set parameter Presolve to value -1
Set parameter LicenseID to value 197246
Set parameter GURO_PAR_SPECIAL
Set parameter TokenServer to value "license.rc.princeton.edu"
Set parameter FeasibilityTol to value 1e-06
Set parameter PreDual to value -1
Set parameter Method to value 2
Set parameter Crossover to value 1
Set parameter TimeLimit to value 1e+100
Set parameter OutputFlag to value 1
Set parameter NumericFocus to value 0
Set parameter MIPGap to value 0.001
Set parameter OptimalityTol to value 0.0001
Set parameter AggFill to value -1
Set parameter BarConvTol to value 1e-12
Set parameter Presolve to value -1
Set parameter LicenseID to value 197246
Set parameter GURO_PAR_SPECIAL
Set parameter TokenServer to value "license.rc.princeton.edu"
Set parameter FeasibilityTol to value 1e-06
Set parameter PreDual to value -1
Set parameter Method to value 2
Set parameter Crossover to value 1
Set parameter TimeLimit to value 1e+100
Set parameter OutputFlag to value 1
Set parameter NumericFocus to value 0
Set parameter MIPGap to value 0.001
Set parameter OptimalityTol to value 0.0001
Set parameter AggFill to value -1
Set parameter BarConvTol to value 1e-12
Set parameter Presolve to value -1
Set parameter LicenseID to value 197246
Set parameter GURO_PAR_SPECIAL
Set parameter TokenServer to value "license.rc.princeton.edu"
Set parameter FeasibilityTol to value 1e-06
Set parameter PreDual to value -1
Set parameter Method to value 2
Set parameter Crossover to value 1
Set parameter TimeLimit to value 1e+100
Set parameter OutputFlag to value 1
Set parameter NumericFocus to value 0
Set parameter MIPGap to value 0.001
Set parameter OptimalityTol to value 0.0001
Set parameter AggFill to value -1
Set parameter BarConvTol to value 1e-12
Set parameter Presolve to value -1
Set parameter LicenseID to value 197246
Set parameter GURO_PAR_SPECIAL
Set parameter TokenServer to value "license.rc.princeton.edu"
Set parameter FeasibilityTol to value 1e-06
Set parameter PreDual to value -1
Set parameter Method to value 2
Set parameter Crossover to value 1
Set parameter TimeLimit to value 1e+100
Set parameter OutputFlag to value 1
Set parameter NumericFocus to value 0
Set parameter MIPGap to value 0.001
Set parameter OptimalityTol to value 0.0001
Set parameter AggFill to value -1
Set parameter BarConvTol to value 1e-12
Set parameter Presolve to value -1
Set parameter LicenseID to value 197246
Set parameter GURO_PAR_SPECIAL
Set parameter TokenServer to value "license.rc.princeton.edu"
Set parameter FeasibilityTol to value 1e-06
Set parameter PreDual to value -1
Set parameter Method to value 2
Set parameter Crossover to value 1
Set parameter TimeLimit to value 1e+100
Set parameter OutputFlag to value 1
Set parameter NumericFocus to value 0
Set parameter MIPGap to value 0.001
Set parameter OptimalityTol to value 0.0001
Set parameter AggFill to value -1
Set parameter BarConvTol to value 1e-12
Set parameter Presolve to value -1
Set parameter LicenseID to value 197246
Set parameter GURO_PAR_SPECIAL
Set parameter TokenServer to value "license.rc.princeton.edu"
Set parameter FeasibilityTol to value 1e-06
Set parameter PreDual to value -1
Set parameter Method to value 2
Set parameter Crossover to value 1
Set parameter TimeLimit to value 1e+100
Set parameter OutputFlag to value 1
Set parameter NumericFocus to value 0
Set parameter MIPGap to value 0.001
Set parameter OptimalityTol to value 0.0001
Set parameter AggFill to value -1
Set parameter BarConvTol to value 1e-12
Set parameter Presolve to value -1
Set parameter LicenseID to value 197246
Set parameter GURO_PAR_SPECIAL
Set parameter TokenServer to value "license.rc.princeton.edu"
Set parameter FeasibilityTol to value 1e-06
Set parameter PreDual to value -1
Set parameter Method to value 2
Set parameter Crossover to value 1
Set parameter TimeLimit to value 1e+100
Set parameter OutputFlag to value 1
Set parameter NumericFocus to value 0
Set parameter MIPGap to value 0.001
Set parameter OptimalityTol to value 0.0001
Set parameter AggFill to value -1
Set parameter BarConvTol to value 1e-12
Set parameter Presolve to value -1
Set parameter LicenseID to value 197246
Set parameter GURO_PAR_SPECIAL
Set parameter TokenServer to value "license.rc.princeton.edu"
Set parameter FeasibilityTol to value 1e-06
Set parameter PreDual to value -1
Set parameter Method to value 2
Set parameter Crossover to value 1
Set parameter TimeLimit to value 1e+100
Set parameter OutputFlag to value 1
Set parameter NumericFocus to value 0
Set parameter MIPGap to value 0.001
Set parameter OptimalityTol to value 0.0001
Set parameter AggFill to value -1
Set parameter BarConvTol to value 1e-12
Set parameter Presolve to value -1
Set parameter LicenseID to value 197246
Set parameter GURO_PAR_SPECIAL
Set parameter TokenServer to value "license.rc.princeton.edu"
Set parameter FeasibilityTol to value 1e-06
Set parameter PreDual to value -1
Set parameter Method to value 2
Set parameter Crossover to value 1
Set parameter TimeLimit to value 1e+100
Set parameter OutputFlag to value 1
Set parameter NumericFocus to value 0
Set parameter MIPGap to value 0.001
Set parameter OptimalityTol to value 0.0001
Set parameter AggFill to value -1
Set parameter BarConvTol to value 1e-12
Set parameter Presolve to value -1
Set parameter LicenseID to value 197246
Set parameter GURO_PAR_SPECIAL
Set parameter TokenServer to value "license.rc.princeton.edu"
Set parameter FeasibilityTol to value 1e-06
Set parameter PreDual to value -1
Set parameter Method to value 2
Set parameter Crossover to value 1
Set parameter TimeLimit to value 1e+100
Set parameter OutputFlag to value 1
Set parameter NumericFocus to value 0
Set parameter MIPGap to value 0.001
Set parameter OptimalityTol to value 0.0001
Set parameter AggFill to value -1
Set parameter BarConvTol to value 1e-12
Set parameter Presolve to value -1
Set parameter LicenseID to value 197246
Set parameter GURO_PAR_SPECIAL
Set parameter TokenServer to value "license.rc.princeton.edu"
Set parameter FeasibilityTol to value 1e-06
Set parameter PreDual to value -1
Set parameter Method to value 2
Set parameter Crossover to value 1
Set parameter TimeLimit to value 1e+100
Set parameter OutputFlag to value 1
Set parameter NumericFocus to value 0
Set parameter MIPGap to value 0.001
Set parameter OptimalityTol to value 0.0001
Set parameter AggFill to value -1
Set parameter BarConvTol to value 1e-12
Set parameter Presolve to value -1
Set parameter LicenseID to value 197246
Set parameter GURO_PAR_SPECIAL
Set parameter TokenServer to value "license.rc.princeton.edu"
Set parameter FeasibilityTol to value 1e-06
Set parameter PreDual to value -1
Set parameter Method to value 2
Set parameter Crossover to value 1
Set parameter TimeLimit to value 1e+100
Set parameter OutputFlag to value 1
Set parameter NumericFocus to value 0
Set parameter MIPGap to value 0.001
Set parameter OptimalityTol to value 0.0001
Set parameter AggFill to value -1
Set parameter BarConvTol to value 1e-12
Set parameter Presolve to value -1
Set parameter LicenseID to value 197246
Set parameter GURO_PAR_SPECIAL
Set parameter TokenServer to value "license.rc.princeton.edu"
Set parameter FeasibilityTol to value 1e-06
Set parameter PreDual to value -1
Set parameter Method to value 2
Set parameter Crossover to value 1
Set parameter TimeLimit to value 1e+100
Set parameter OutputFlag to value 1
Set parameter NumericFocus to value 0
Set parameter MIPGap to value 0.001
Set parameter OptimalityTol to value 0.0001
Set parameter AggFill to value -1
Set parameter BarConvTol to value 1e-12
Set parameter Presolve to value -1
Set parameter LicenseID to value 197246
Set parameter GURO_PAR_SPECIAL
Set parameter TokenServer to value "license.rc.princeton.edu"
Set parameter FeasibilityTol to value 1e-06
Set parameter PreDual to value -1
Set parameter Method to value 2
Set parameter Crossover to value 1
Set parameter TimeLimit to value 1e+100
Set parameter OutputFlag to value 1
Set parameter NumericFocus to value 0
Set parameter MIPGap to value 0.001
Set parameter OptimalityTol to value 0.0001
Set parameter AggFill to value -1
Set parameter BarConvTol to value 1e-12
Set parameter Presolve to value -1
Set parameter LicenseID to value 197246
Set parameter GURO_PAR_SPECIAL
Set parameter TokenServer to value "license.rc.princeton.edu"
Set parameter FeasibilityTol to value 1e-06
Set parameter PreDual to value -1
Set parameter Method to value 2
Set parameter Crossover to value 1
Set parameter TimeLimit to value 1e+100
Set parameter OutputFlag to value 1
Set parameter NumericFocus to value 0
Set parameter MIPGap to value 0.001
Set parameter OptimalityTol to value 0.0001
Set parameter AggFill to value -1
Set parameter BarConvTol to value 1e-12
Set parameter Presolve to value -1
Set parameter FeasibilityTol to value 1e-06
Set parameter PreDual to value -1
Set parameter Method to value 2
Set parameter Crossover to value 1
Set parameter TimeLimit to value 1e+100
Set parameter OutputFlag to value 1
Set parameter NumericFocus to value 0
Set parameter MIPGap to value 0.001
Set parameter OptimalityTol to value 0.0001
Set parameter AggFill to value -1
Set parameter BarConvTol to value 1e-12
Set parameter Presolve to value -1
Gurobi Optimizer version 12.0.3 build v12.0.3rc0 (linux64 - "Red Hat Enterprise Linux 9.6 (Plow)")

CPU model: AMD EPYC 9654 96-Core Processor, instruction set [SSE2|AVX|AVX2|AVX512]
Thread count: 192 physical cores, 192 logical processors, using up to 32 threads

Non-default parameters:
MIPGap  0.001
OptimalityTol  0.0001
Method  2
BarConvTol  1e-12
Crossover  1

Optimize a model with 13211464 rows, 11875298 columns and 59421670 nonzeros
Model fingerprint: 0x31fd1d86
Coefficient statistics:
  Matrix range     [2e-08, 7e+04]
  Objective range  [6e-03, 5e+09]
  Bounds range     [0e+00, 0e+00]
  RHS range        [3e+00, 8e+08]
Warning: Model contains large matrix coefficient range
Warning: Model contains large objective coefficients
         Consider reformulating model or setting NumericFocus parameter
         to avoid numerical issues.
Presolve removed 3488158 rows and 5497711 columns (presolve time = 5s)...
Presolve removed 4416429 rows and 6160000 columns (presolve time = 11s)...
Presolve removed 5221618 rows and 6160725 columns (presolve time = 18s)...
Presolve removed 5221618 rows and 6160725 columns (presolve time = 20s)...
Presolve removed 5221618 rows and 6160725 columns (presolve time = 26s)...
Presolve removed 5223148 rows and 6160725 columns (presolve time = 30s)...
Presolve removed 5223148 rows and 6160725 columns
Presolve time: 33.89s
Presolved: 7988316 rows, 5714573 columns, 51612775 nonzeros

Elapsed ordering time = 5s
Ordering time: 8.29s

Barrier statistics:
 Dense cols : 3291
 AA' NZ     : 1.040e+08
 Factor NZ  : 2.313e+08 (roughly 7.0 GB of memory)
 Factor Ops : 1.774e+10 (roughly 1 second per iteration)
 Threads    : 32

                  Objective                Residual
Iter       Primal          Dual         Primal    Dual     Compl     Time
   0   5.35309623e+15 -2.64773406e+16  6.61e+08 4.78e+06  5.59e+12    56s
   1   4.29628344e+15 -3.78784804e+16  5.46e+08 3.74e+07  4.48e+12    60s
   2   3.31044294e+15 -8.12701164e+16  4.43e+08 2.71e+07  3.52e+12    63s
   3   2.52583272e+15 -1.11554649e+17  3.54e+08 2.09e+07  2.79e+12    68s
   4   2.04969237e+15 -1.28567940e+17  2.92e+08 1.69e+07  2.30e+12    72s
   5   1.76932358e+15 -1.77809153e+17  2.53e+08 6.06e+06  1.70e+12    78s
   6   7.78925252e+14 -1.84079196e+17  8.27e+07 8.97e+05  5.65e+11    84s
   7   4.67873783e+14 -1.55430658e+17  1.16e+07 4.38e+05  1.05e+11    91s
   8   4.83384964e+14 -1.12708113e+17  6.62e+06 1.98e+05  5.69e+10    96s
   9   4.79871180e+14 -7.40983007e+16  3.16e+06 8.50e+04  2.71e+10   101s
  10   4.58212545e+14 -3.44599264e+16  1.18e+06 2.27e+04  9.14e+09   104s
  11   3.85891188e+14 -1.59539117e+16  2.42e+05 6.98e+03  2.56e+09   107s
  12   2.80703426e+14 -5.95548936e+15  6.15e+04 1.91e+03  7.44e+08   110s
  13   1.85292545e+14 -3.64925845e+15  1.27e+04 1.11e+03  3.90e+08   114s
  14   1.58029642e+14 -3.01976021e+15  6.28e+03 9.05e+02  3.12e+08   116s
  15   1.18291423e+14 -1.72897171e+15  1.09e+03 4.96e+02  1.72e+08   119s
  16   8.69938625e+13 -9.70881390e+14  2.86e+02 2.72e+02  9.46e+07   122s
  17   5.76933917e+13 -5.47117953e+14  7.29e+01 1.49e+02  5.17e+07   125s
  18   3.52927228e+13 -2.43392342e+14  1.50e+01 6.26e+01  2.27e+07   128s
  19   2.29727105e+13 -1.22681989e+14  6.38e+00 2.90e+01  1.15e+07   130s
  20   1.53424387e+13 -9.10435115e+13  2.98e+00 2.04e+01  8.23e+06   133s
  21   1.12422182e+13 -4.60801092e+13  1.77e+00 8.82e+00  4.37e+06   136s
  22   7.50218433e+12 -2.59290862e+13  9.83e-01 3.95e+00  2.52e+06   139s
  23   5.86887257e+12 -1.75057481e+13  7.11e-01 2.36e+00  1.75e+06   142s
  24   4.41104057e+12 -1.22367713e+13  4.94e-01 1.52e+00  1.24e+06   145s
  25   3.92290640e+12 -8.87235143e+12  4.27e-01 1.04e+00  9.49e+05   148s
  26   3.56858354e+12 -8.07713061e+12  3.79e-01 9.34e-01  8.63e+05   150s
  27   2.78380824e+12 -6.04433100e+12  2.79e-01 6.50e-01  6.52e+05   155s
  28   2.29011332e+12 -4.56320013e+12  2.15e-01 4.47e-01  5.05e+05   162s
  29   1.78436004e+12 -3.46683650e+12  1.49e-01 3.19e-01  3.86e+05   168s
  30   1.55546304e+12 -1.95924312e+12  1.19e-01 1.46e-01  2.58e+05   174s
  31   1.35745243e+12 -1.24501593e+12  9.45e-02 7.41e-02  1.91e+05   181s
  32   1.13748182e+12 -8.49842821e+11  6.72e-02 4.39e-02  1.46e+05   188s
  33   1.03584874e+12 -4.30015221e+11  5.49e-02 8.59e-03  1.08e+05   194s
  34   9.22169662e+11 -1.93529030e+11  4.13e-02 8.01e-07  8.18e+04   201s
  35   8.58570660e+11 -9.91768873e+10  3.40e-02 8.18e-07  7.02e+04   207s
  36   8.22161936e+11  2.89195681e+10  3.01e-02 7.31e-07  5.82e+04   212s
  37   7.84606198e+11  1.15885205e+11  2.58e-02 8.03e-07  4.90e+04   218s
  38   7.53104394e+11  1.91551105e+11  2.21e-02 7.37e-07  4.12e+04   222s
  39   7.37061900e+11  2.71293274e+11  2.04e-02 8.76e-07  3.41e+04   227s
  40   6.99751473e+11  2.99262202e+11  1.62e-02 9.32e-07  2.94e+04   233s
  41   6.86492544e+11  3.47906148e+11  1.47e-02 3.28e-05  2.48e+04   237s
  42   6.80214818e+11  3.79871254e+11  1.39e-02 1.12e-03  2.20e+04   242s
  43   6.63185706e+11  3.85862002e+11  1.21e-02 1.29e-03  2.03e+04   247s
  44   6.56709896e+11  4.09549523e+11  1.14e-02 1.75e-03  1.81e+04   252s
  45   6.38456545e+11  4.33625572e+11  9.40e-03 9.18e-04  1.50e+04   257s
  46   6.21642920e+11  4.58699804e+11  7.54e-03 4.75e-04  1.19e+04   264s
  47   6.14890353e+11  4.77495820e+11  6.86e-03 2.63e-04  1.01e+04   270s
  48   6.06031508e+11  4.91590714e+11  5.89e-03 1.10e-04  8.39e+03   277s
  49   5.93539598e+11  5.05214727e+11  4.51e-03 6.97e-07  6.47e+03   284s
  50   5.88464972e+11  5.11582977e+11  3.96e-03 6.89e-07  5.63e+03   291s
  51   5.80540504e+11  5.20239869e+11  3.11e-03 8.17e-07  4.42e+03   297s
  52   5.75421377e+11  5.25999373e+11  2.57e-03 8.17e-07  3.62e+03   304s
  53   5.70383439e+11  5.29106499e+11  2.05e-03 8.69e-07  3.02e+03   310s
  54   5.67526890e+11  5.32800829e+11  1.75e-03 7.54e-07  2.54e+03   317s
  55   5.63580644e+11  5.35675818e+11  1.55e-03 7.52e-07  2.04e+03   325s
  56   5.60637954e+11  5.38626645e+11  1.71e-03 7.64e-07  1.61e+03   330s
  57   5.58643056e+11  5.40454936e+11  1.62e-03 9.36e-07  1.33e+03   336s
  58   5.56936705e+11  5.42515952e+11  1.43e-03 8.28e-07  1.06e+03   343s
  59   5.55910912e+11  5.44055493e+11  1.29e-03 7.05e-07  8.69e+02   349s
  60   5.55172113e+11  5.45055331e+11  1.17e-03 8.45e-07  7.41e+02   357s
  61   5.53785442e+11  5.45885133e+11  9.39e-04 7.63e-07  5.79e+02   363s
  62   5.52613067e+11  5.46427612e+11  7.08e-04 7.77e-07  4.53e+02   369s
  63   5.52073717e+11  5.46860726e+11  5.74e-04 7.61e-07  3.82e+02   376s
  64   5.51436358e+11  5.47123345e+11  6.30e-04 7.98e-07  3.16e+02   382s
  65   5.51106421e+11  5.47586586e+11  9.45e-04 7.75e-07  2.58e+02   387s
  66   5.50794454e+11  5.47979517e+11  1.31e-03 7.24e-07  2.06e+02   393s
  67   5.50490754e+11  5.48186749e+11  1.72e-03 7.89e-07  1.69e+02   400s
  68   5.50148061e+11  5.48306064e+11  2.39e-03 8.14e-07  1.35e+02   406s
  69   5.49991645e+11  5.48422519e+11  2.67e-03 8.56e-07  1.15e+02   411s
  70   5.49840836e+11  5.48486188e+11  2.98e-03 1.01e-06  9.93e+01   417s
  71   5.49676234e+11  5.48559671e+11  3.44e-03 7.91e-07  8.18e+01   423s
  72   5.49566621e+11  5.48684975e+11  3.70e-03 7.74e-07  6.46e+01   428s
  73   5.49507505e+11  5.48722437e+11  3.79e-03 7.34e-07  5.75e+01   434s
  74   5.49430524e+11  5.48744038e+11  3.92e-03 8.45e-07  5.03e+01   438s
  75   5.49350371e+11  5.48770896e+11  4.10e-03 1.03e-06  4.25e+01   444s
  76   5.49298499e+11  5.48793124e+11  4.21e-03 8.37e-07  3.70e+01   451s
  77   5.49247721e+11  5.48826511e+11  4.15e-03 7.88e-07  3.09e+01   456s
  78   5.49223931e+11  5.48852594e+11  4.22e-03 8.88e-07  2.72e+01   463s
  79   5.49182066e+11  5.48875031e+11  4.34e-03 9.78e-07  2.25e+01   470s
  80   5.49174327e+11  5.48879810e+11  4.37e-03 9.08e-07  2.16e+01   475s
  81   5.49145828e+11  5.48887349e+11  4.45e-03 8.87e-07  1.89e+01   480s
  82   5.49115812e+11  5.48899731e+11  3.57e-03 1.00e-06  1.58e+01   488s
  83   5.49104828e+11  5.48905823e+11  3.34e-03 8.59e-07  1.46e+01   498s
  84   5.49087020e+11  5.48910024e+11  2.93e-03 9.75e-07  1.30e+01   506s
  85   5.49070013e+11  5.48911386e+11  2.52e-03 1.08e-06  1.16e+01   521s
  86   5.49049617e+11  5.48925561e+11  2.01e-03 8.37e-07  9.09e+00   530s
  87   5.49039376e+11  5.48930925e+11  1.84e-03 7.96e-07  7.95e+00   538s
  88   5.49023138e+11  5.48934978e+11  1.44e-03 9.29e-07  6.46e+00   550s
  89   5.49019009e+11  5.48939979e+11  1.31e-03 9.05e-07  5.79e+00   562s
  90   5.49013854e+11  5.48942322e+11  1.22e-03 7.63e-07  5.24e+00   574s
  91   5.49007321e+11  5.48945432e+11  1.08e-03 9.44e-07  4.54e+00   584s
  92   5.48998613e+11  5.48947572e+11  8.67e-04 7.37e-07  3.74e+00   596s
  93   5.48993169e+11  5.48947851e+11  7.53e-04 8.86e-07  3.32e+00   616s
  94   5.48992455e+11  5.48950070e+11  7.37e-04 8.66e-07  3.11e+00   631s
  95   5.48989403e+11  5.48951464e+11  6.41e-04 8.43e-07  2.78e+00   645s
  96   5.48986626e+11  5.48952422e+11  5.47e-04 8.57e-07  2.51e+00   659s
  97   5.48981928e+11  5.48953902e+11  4.41e-04 1.01e-06  2.05e+00   678s
  98   5.48979729e+11  5.48955092e+11  3.92e-04 8.80e-07  1.81e+00   697s
  99   5.48977506e+11  5.48956620e+11  3.36e-04 8.25e-07  1.53e+00   715s
 100   5.48975721e+11  5.48957943e+11  2.92e-04 7.85e-07  1.30e+00   734s
 101   5.48974105e+11  5.48958139e+11  2.58e-04 7.94e-07  1.17e+00   757s
 102   5.48973387e+11  5.48958418e+11  2.43e-04 1.19e-06  1.10e+00   781s
 103   5.48972997e+11  5.48958908e+11  2.35e-04 1.40e-06  1.03e+00   797s
 104   5.48972147e+11  5.48959314e+11  2.21e-04 8.65e-07  9.41e-01   823s
 105   5.48971287e+11  5.48959627e+11  2.02e-04 1.76e-06  8.55e-01   847s
 106   5.48970800e+11  5.48959971e+11  1.89e-04 9.24e-07  7.94e-01   863s
 107   5.48970012e+11  5.48960381e+11  1.72e-04 9.83e-07  7.06e-01   884s
 108   5.48969316e+11  5.48960481e+11  1.58e-04 1.28e-06  6.48e-01   902s
 109   5.48968695e+11  5.48960801e+11  1.44e-04 1.94e-06  5.79e-01   923s
 110   5.48967426e+11  5.48960985e+11  1.16e-04 2.47e-06  4.72e-01   946s
 111   5.48967134e+11  5.48961107e+11  1.10e-04 7.96e-07  4.42e-01   968s
 112   5.48966857e+11  5.48961240e+11  1.04e-04 8.75e-07  4.12e-01   995s
 113   5.48966567e+11  5.48961326e+11  9.74e-05 9.24e-07  3.84e-01  1015s
 114   5.48965329e+11  5.48961426e+11  8.10e-05 4.05e-06  2.86e-01  1040s
 115   5.48964990e+11  5.48961534e+11  7.04e-05 1.13e-06  2.53e-01  1064s
 116   5.48964659e+11  5.48961565e+11  5.44e-05 8.34e-07  2.27e-01  1089s
 117   5.48964530e+11  5.48961626e+11  5.15e-05 1.13e-06  2.13e-01  1115s
 118   5.48964127e+11  5.48961666e+11  8.54e-05 3.07e-06  1.80e-01  1140s
 119   5.48963918e+11  5.48961695e+11  1.35e-04 9.84e-07  1.63e-01  1155s
 120   5.48963661e+11  5.48961775e+11  6.33e-05 1.34e-06  1.38e-01  1175s
 121   5.48963471e+11  5.48961829e+11  1.00e-03 1.19e-06  1.20e-01  1188s
 122   5.48963387e+11  5.48961854e+11  1.19e-03 1.73e-06  1.12e-01  1210s
 123   5.48963236e+11  5.48961882e+11  1.02e-03 1.33e-06  9.93e-02  1225s
 124   5.48963184e+11  5.48961921e+11  9.55e-04 4.77e-06  9.26e-02  1246s
 125   5.48963095e+11  5.48961945e+11  7.25e-04 1.13e-06  8.43e-02  1261s
 126   5.48962937e+11  5.48961982e+11  5.51e-04 1.18e-05  7.00e-02  1275s
 127   5.48962839e+11  5.48962008e+11  4.65e-04 7.93e-06  6.09e-02  1292s
 128   5.48962793e+11  5.48962025e+11  4.28e-04 1.40e-06  5.63e-02  1308s
 129   5.48962738e+11  5.48962034e+11  3.83e-04 5.78e-06  5.16e-02  1331s
 130   5.48962682e+11  5.48962052e+11  1.87e-04 2.47e-06  4.62e-02  1361s
 131   5.48962682e+11  5.48962057e+11  1.87e-04 1.00e-06  4.58e-02  1372s
 132   5.48962651e+11  5.48962077e+11  7.61e-05 3.61e-06  4.20e-02  1393s
 133   5.48962623e+11  5.48962080e+11  7.11e-05 1.16e-06  3.98e-02  1412s
 134   5.48962585e+11  5.48962086e+11  6.41e-05 1.08e-05  3.66e-02  1436s
 135   5.48962567e+11  5.48962107e+11  6.08e-05 9.42e-06  3.37e-02  1450s
 136   5.48962540e+11  5.48962116e+11  5.59e-05 1.54e-05  3.11e-02  1468s
 137   5.48962516e+11  5.48962130e+11  5.15e-05 2.44e-06  2.83e-02  1489s
 138   5.48962506e+11  5.48962134e+11  1.79e-04 2.09e-06  2.71e-02  1503s
 139   5.48962446e+11  5.48962144e+11  1.41e-04 7.03e-06  2.21e-02  1528s
 140   5.48962423e+11  5.48962150e+11  1.27e-04 9.60e-06  1.98e-02  1547s
 141   5.48962418e+11  5.48962150e+11  9.49e-05 8.40e-07  1.95e-02  1561s
 142   5.48962398e+11  5.48962159e+11  8.47e-05 1.43e-05  1.74e-02  1575s
 143   5.48962374e+11  5.48962170e+11  7.36e-05 1.72e-06  1.49e-02  1602s
 144   5.48962357e+11  5.48962177e+11  6.45e-05 4.14e-06  1.31e-02  1627s
 145   5.48962350e+11  5.48962182e+11  6.47e-05 3.84e-06  1.22e-02  1637s
 146   5.48962315e+11  5.48962186e+11  8.60e-04 5.26e-06  9.47e-03  1647s
 147   5.48962311e+11  5.48962187e+11  7.63e-04 5.05e-06  9.04e-03  1655s
 148   5.48962309e+11  5.48962189e+11  7.61e-04 1.49e-05  8.76e-03  1668s
 149   5.48962306e+11  5.48962194e+11  8.70e-04 4.15e-05  8.19e-03  1679s
 150   5.48962302e+11  5.48962199e+11  9.36e-04 5.08e-06  7.52e-03  1689s
 151   5.48962294e+11  5.48962201e+11  9.83e-04 1.49e-05  6.81e-03  1699s
 152   5.48962291e+11  5.48962202e+11  9.62e-04 2.21e-05  6.53e-03  1706s
 153   5.48962291e+11  5.48962202e+11  9.76e-04 2.22e-05  6.48e-03  1713s
 154   5.48962283e+11  5.48962204e+11  8.53e-04 2.09e-05  5.74e-03  1725s
 155   5.48962281e+11  5.48962210e+11  8.18e-04 3.10e-05  5.13e-03  1736s
 156   5.48962276e+11  5.48962211e+11  7.29e-04 3.03e-05  4.72e-03  1745s
 157   5.48962275e+11  5.48962211e+11  7.20e-04 3.02e-05  4.68e-03  1759s
 158   5.48962274e+11  5.48962212e+11  6.94e-04 2.82e-05  4.48e-03  1767s
 159   5.48962271e+11  5.48962213e+11  6.54e-04 2.67e-05  4.23e-03  1774s
 160   5.48962263e+11  5.48962216e+11  1.16e-03 4.38e-05  3.53e-03  1783s
 161   5.48962262e+11  5.48962217e+11  1.10e-03 4.33e-05  3.39e-03  1793s
 162   5.48962259e+11  5.48962218e+11  9.82e-04 3.85e-05  3.03e-03  1805s
 163   5.48962259e+11  5.48962219e+11  9.69e-04 3.73e-05  2.95e-03  1817s
 164   5.48962258e+11  5.48962222e+11  7.45e-04 3.10e-05  2.30e-03  1827s
 165   5.48962264e+11  5.48962224e+11  8.07e-04 2.54e-05  1.88e-03  1835s
 166   5.48962264e+11  5.48962225e+11  1.17e-03 2.19e-05  1.35e-03  1840s
 167   5.48962262e+11  5.48962227e+11  1.09e-03 1.53e-05  1.07e-03  1850s
 168   5.48962257e+11  5.48962228e+11  9.18e-04 2.04e-05  9.36e-04  1860s
 169   5.48962257e+11  5.48962228e+11  9.10e-04 2.74e-05  9.12e-04  1865s
 170   5.48962255e+11  5.48962228e+11  8.60e-04 2.04e-05  7.99e-04  1874s
 171   5.48962253e+11  5.48962229e+11  8.15e-04 3.82e-05  7.22e-04  1881s
 172   5.48962252e+11  5.48962229e+11  7.53e-04 2.35e-05  6.41e-04  1890s
 173   5.48962249e+11  5.48962230e+11  6.61e-04 1.26e-05  5.76e-04  1896s
 174   5.48962247e+11  5.48962230e+11  6.15e-04 3.73e-05  4.96e-04  1905s
 175   5.48962244e+11  5.48962230e+11  4.88e-04 3.27e-05  4.47e-04  1915s
 176   5.48962244e+11  5.48962230e+11  5.25e-04 3.39e-05  4.19e-04  1919s
 177   5.48962243e+11  5.48962231e+11  5.98e-04 3.12e-05  3.81e-04  1927s
 178   5.48962242e+11  5.48962231e+11  5.34e-04 3.29e-05  3.44e-04  1932s
 179   5.48962242e+11  5.48962231e+11  4.96e-04 1.83e-05  3.36e-04  1941s
 180   5.48962241e+11  5.48962231e+11  4.50e-04 2.86e-05  3.12e-04  1948s
 181   5.48962240e+11  5.48962231e+11  5.79e-04 2.31e-05  2.62e-04  1954s
 182   5.48962239e+11  5.48962231e+11  7.25e-04 1.28e-05  2.32e-04  1960s
 183   5.48962238e+11  5.48962231e+11  8.20e-04 2.66e-05  2.09e-04  1968s
 184   5.48962238e+11  5.48962231e+11  8.21e-04 1.78e-05  2.07e-04  1974s
 185   5.48962238e+11  5.48962232e+11  8.14e-04 1.98e-05  1.92e-04  1979s
 186   5.48962238e+11  5.48962232e+11  8.14e-04 1.61e-05  1.92e-04  1984s
 187   5.48962237e+11  5.48962232e+11  9.92e-04 2.15e-05  1.78e-04  1992s
 188   5.48962237e+11  5.48962232e+11  9.21e-04 4.23e-05  1.72e-04  1997s
 189   5.48962237e+11  5.48962232e+11  8.35e-04 1.41e-05  1.59e-04  2006s
 190   5.48962236e+11  5.48962232e+11  1.09e-03 3.15e-05  1.43e-04  2016s
 191   5.48962236e+11  5.48962232e+11  1.08e-03 1.81e-05  1.42e-04  2022s
 192   5.48962236e+11  5.48962232e+11  1.04e-03 2.05e-05  1.37e-04  2027s
 193   5.48962236e+11  5.48962232e+11  7.32e-04 4.52e-05  1.26e-04  2034s
 194   5.48962236e+11  5.48962232e+11  6.69e-04 2.74e-05  1.13e-04  2040s
 195   5.48962236e+11  5.48962232e+11  6.66e-04 9.82e-06  1.12e-04  2047s
 196   5.48962236e+11  5.48962232e+11  6.63e-04 2.46e-05  1.11e-04  2053s
 197   5.48962236e+11  5.48962232e+11  6.43e-04 9.56e-06  1.00e-04  2059s
 198   5.48962236e+11  5.48962232e+11  6.35e-04 1.71e-05  9.84e-05  2065s
 199   5.48962235e+11  5.48962233e+11  6.03e-04 2.06e-05  8.52e-05  2073s
 200   5.48962235e+11  5.48962233e+11  5.42e-04 2.85e-05  7.72e-05  2079s
 201   5.48962235e+11  5.48962233e+11  4.97e-04 3.85e-05  6.61e-05  2086s
 202   5.48962235e+11  5.48962233e+11  1.50e-03 4.82e-05  5.40e-05  2091s
 203   5.48962235e+11  5.48962233e+11  1.44e-03 2.37e-05  5.19e-05  2099s
 204   5.48962235e+11  5.48962233e+11  1.44e-03 2.80e-05  5.19e-05  2106s
 205   5.48962235e+11  5.48962233e+11  1.44e-03 2.80e-05  5.19e-05  2113s
 206   5.48962234e+11  5.48962233e+11  1.34e-03 6.33e-05  4.50e-05  2118s
 207   5.48962234e+11  5.48962233e+11  1.34e-03 6.32e-05  4.50e-05  2125s
 208   5.48962234e+11  5.48962233e+11  1.34e-03 2.70e-05  4.32e-05  2131s
 209   5.48962234e+11  5.48962233e+11  1.34e-03 2.71e-05  4.32e-05  2138s
 210   5.48962234e+11  5.48962233e+11  1.34e-03 2.70e-05  4.32e-05  2145s
 211   5.48962234e+11  5.48962233e+11  1.34e-03 2.70e-05  4.32e-05  2153s
 212   5.48962234e+11  5.48962233e+11  1.34e-03 2.94e-05  4.32e-05  2160s
 213   5.48962234e+11  5.48962233e+11  1.34e-03 2.94e-05  4.32e-05  2166s
 214   5.48962234e+11  5.48962233e+11  1.34e-03 2.94e-05  4.32e-05  2172s
 215   5.48962234e+11  5.48962233e+11  1.34e-03 2.94e-05  4.32e-05  2178s
 216   5.48962234e+11  5.48962233e+11  1.34e-03 2.94e-05  4.32e-05  2185s

Barrier performed 216 iterations in 2185.32 seconds (2449.72 work units)
Sub-optimal termination - objective 5.48962241e+11

Crossover log...

 1960610 DPushes remaining with DInf 6.7007609e-02              2191s
 1111690 DPushes remaining with DInf 1.6015212e-02              2206s
  778298 DPushes remaining with DInf 1.6015212e-02              2216s
  585073 DPushes remaining with DInf 1.6015212e-02              2223s
  451004 DPushes remaining with DInf 1.6015212e-02              2229s
  355161 DPushes remaining with DInf 1.6036773e-02              2234s
  291133 DPushes remaining with DInf 1.6094063e-02              2238s
  244374 DPushes remaining with DInf 1.6094063e-02              2242s
  213971 DPushes remaining with DInf 1.6094063e-02              2245s
  181591 DPushes remaining with DInf 1.3262522e-02              2251s
  166385 DPushes remaining with DInf 1.3262522e-02              2256s
  157024 DPushes remaining with DInf 5.6141764e-01              2261s
  150849 DPushes remaining with DInf 1.1085204e+00              2267s
  147061 DPushes remaining with DInf 1.1085204e+00              2272s
  144702 DPushes remaining with DInf 1.1085204e+00              2276s
  140368 DPushes remaining with DInf 1.1085265e+00              2282s
  136145 DPushes remaining with DInf 1.1085265e+00              2285s
  123115 DPushes remaining with DInf 1.1054393e+00              2292s
  118458 DPushes remaining with DInf 1.1054393e+00              2295s
  106972 DPushes remaining with DInf 1.1054393e+00              2302s
  104756 DPushes remaining with DInf 1.1054393e+00              2306s
   98184 DPushes remaining with DInf 1.1054393e+00              2312s
   96300 DPushes remaining with DInf 1.1054393e+00              2317s
   94416 DPushes remaining with DInf 1.1054393e+00              2322s
   92697 DPushes remaining with DInf 1.1054393e+00              2329s
   91040 DPushes remaining with DInf 1.1054393e+00              2336s
   89365 DPushes remaining with DInf 1.1054393e+00              2342s
   87896 DPushes remaining with DInf 1.1054393e+00              2350s
   86306 DPushes remaining with DInf 1.1054393e+00              2356s
   84815 DPushes remaining with DInf 1.1054393e+00              2371s
   83257 DPushes remaining with DInf 1.1054393e+00              2384s
   81391 DPushes remaining with DInf 1.1054393e+00              2396s
   79507 DPushes remaining with DInf 1.1054393e+00              2406s
   77388 DPushes remaining with DInf 1.1054393e+00              2416s
   75037 DPushes remaining with DInf 1.1054393e+00              2426s
   72901 DPushes remaining with DInf 1.1054393e+00              2431s
   70357 DPushes remaining with DInf 1.1054393e+00              2435s
   67905 DPushes remaining with DInf 1.1054393e+00              2440s
   65678 DPushes remaining with DInf 1.1054393e+00              2445s
   63543 DPushes remaining with DInf 1.1054393e+00              2451s
   61497 DPushes remaining with DInf 1.1054393e+00              2457s
   59495 DPushes remaining with DInf 1.1054393e+00              2468s
   56898 DPushes remaining with DInf 1.1054393e+00              2478s
   55216 DPushes remaining with DInf 1.1054393e+00              2483s
   52984 DPushes remaining with DInf 1.1054393e+00              2488s
   49758 DPushes remaining with DInf 1.1054393e+00              2495s
   46006 DPushes remaining with DInf 1.1054393e+00              2499s
   43386 DPushes remaining with DInf 1.1054393e+00              2504s
   41413 DPushes remaining with DInf 1.1054393e+00              2510s
   38346 DPushes remaining with DInf 1.1054393e+00              2516s
   36626 DPushes remaining with DInf 1.1054393e+00              2520s
   32958 DPushes remaining with DInf 1.1054393e+00              2529s
   31378 DPushes remaining with DInf 1.1054393e+00              2533s
   30006 DPushes remaining with DInf 1.1054393e+00              2538s
   28691 DPushes remaining with DInf 1.1054393e+00              2543s
   27390 DPushes remaining with DInf 1.1054393e+00              2546s
   21015 DPushes remaining with DInf 1.1054393e+00              2554s
   19457 DPushes remaining with DInf 1.1054393e+00              2559s
   18172 DPushes remaining with DInf 1.1054393e+00              2563s
   14464 DPushes remaining with DInf 1.1054393e+00              2567s
   13120 DPushes remaining with DInf 1.1054393e+00              2574s
   11608 DPushes remaining with DInf 1.1054393e+00              2579s
   10277 DPushes remaining with DInf 1.1054393e+00              2591s
    8841 DPushes remaining with DInf 1.1054393e+00              2607s
    7478 DPushes remaining with DInf 1.1054393e+00              2621s
    6065 DPushes remaining with DInf 1.1054393e+00              2630s
    4672 DPushes remaining with DInf 1.1054393e+00              2642s
    3098 DPushes remaining with DInf 1.1054393e+00              2665s
    1456 DPushes remaining with DInf 1.1054393e+00              2680s
      98 DPushes remaining with DInf 1.1054393e+00              2693s
       0 DPushes remaining with DInf 1.1054393e+00              2696s
Warning: Markowitz tolerance tightened to 0.5

 2835684 PPushes remaining with PInf 1.0395547e+03              2697s
 1975313 PPushes remaining with PInf 7.3132059e+02              2991s
 1720352 PPushes remaining with PInf 6.2237902e+02              3090s
 1577525 PPushes remaining with PInf 5.8722859e+02              3347s
 1464048 PPushes remaining with PInf 5.5057147e+02              3439s
 1387609 PPushes remaining with PInf 5.2163242e+02              3493s
 1317294 PPushes remaining with PInf 5.0855810e+02              3543s
 1258247 PPushes remaining with PInf 4.7023152e+02              3581s
 1210055 PPushes remaining with PInf 4.4764181e+02              3619s
 1162333 PPushes remaining with PInf 4.4498602e+02              3676s
 1121025 PPushes remaining with PInf 2.7415550e+02              3781s
 1088825 PPushes remaining with PInf 2.3913317e+02              3814s
 1050494 PPushes remaining with PInf 2.3794310e+02              3839s
 1015790 PPushes remaining with PInf 2.3730188e+02              3879s
  985646 PPushes remaining with PInf 2.3620202e+02              3906s
  947813 PPushes remaining with PInf 2.3396071e+02              3948s
  918108 PPushes remaining with PInf 2.2876300e+02              3971s
  892106 PPushes remaining with PInf 2.2845894e+02              3992s
  870036 PPushes remaining with PInf 2.2755805e+02              4009s
  845362 PPushes remaining with PInf 2.2701513e+02              4045s
  822348 PPushes remaining with PInf 1.3996161e+02              4107s
  799023 PPushes remaining with PInf 1.3732258e+02              4139s
  776293 PPushes remaining with PInf 1.3666867e+02              4170s
  756002 PPushes remaining with PInf 1.2357282e+02              4187s
  730743 PPushes remaining with PInf 1.2329693e+02              4216s
  705694 PPushes remaining with PInf 1.2308087e+02              4256s
  683941 PPushes remaining with PInf 1.2239520e+02              4267s
  667050 PPushes remaining with PInf 1.2215894e+02              4288s
  652869 PPushes remaining with PInf 1.2122152e+02              4298s
  637275 PPushes remaining with PInf 1.2088122e+02              4307s
  624692 PPushes remaining with PInf 1.1879926e+02              4316s
  608083 PPushes remaining with PInf 1.1569003e+02              4325s
  590997 PPushes remaining with PInf 1.1384413e+02              4334s
  571701 PPushes remaining with PInf 1.1182985e+02              4343s
  556937 PPushes remaining with PInf 1.1136969e+02              4352s
  542049 PPushes remaining with PInf 1.1118756e+02              4361s
  528218 PPushes remaining with PInf 1.1095845e+02              4368s
  507271 PPushes remaining with PInf 1.1065601e+02              4376s
  492500 PPushes remaining with PInf 1.1030466e+02              4384s
  478944 PPushes remaining with PInf 1.0684562e+02              4455s
  466532 PPushes remaining with PInf 1.0543032e+02              4520s
  448098 PPushes remaining with PInf 7.3351150e+01              4534s
  431806 PPushes remaining with PInf 7.3093136e+01              4550s
  424463 PPushes remaining with PInf 7.2995741e+01              4556s
  416966 PPushes remaining with PInf 6.9079078e+01              4567s
  409701 PPushes remaining with PInf 6.8193691e+01              4575s
  404276 PPushes remaining with PInf 6.4180713e+01              4598s
  392440 PPushes remaining with PInf 6.4065962e+01              4606s
  382466 PPushes remaining with PInf 6.2170181e+01              4621s
  375911 PPushes remaining with PInf 6.1823492e+01              4627s
  364905 PPushes remaining with PInf 5.6793947e+01              4635s
  360184 PPushes remaining with PInf 5.6675179e+01              4641s
  350908 PPushes remaining with PInf 5.6596629e+01              4647s
  345122 PPushes remaining with PInf 5.6199894e+01              4653s
  338567 PPushes remaining with PInf 5.6159574e+01              4657s
  332287 PPushes remaining with PInf 5.6107232e+01              4661s
  326220 PPushes remaining with PInf 5.6065990e+01              4665s
  319549 PPushes remaining with PInf 5.5861604e+01              4674s
  317314 PPushes remaining with PInf 5.4968486e+01              4677s
  304606 PPushes remaining with PInf 5.3058924e+01              4702s
  300089 PPushes remaining with PInf 5.2428764e+01              4708s
  295246 PPushes remaining with PInf 2.0405625e+01              4732s
  270268 PPushes remaining with PInf 1.1416549e+01              4916s
  253915 PPushes remaining with PInf 9.4200619e+00              4994s
  246625 PPushes remaining with PInf 3.2617879e+01              5060s
  233593 PPushes remaining with PInf 4.2066729e+02              5109s
  230045 PPushes remaining with PInf 4.1555339e+02              5117s
  223213 PPushes remaining with PInf 4.1577056e+02              5179s
  209711 PPushes remaining with PInf 4.1499281e+02              5311s
  205199 PPushes remaining with PInf 4.1494964e+02              5316s
  178016 PPushes remaining with PInf 4.1499790e+02              5570s
  175455 PPushes remaining with PInf 4.1488027e+02              5581s
  170288 PPushes remaining with PInf 4.1485330e+02              5626s
  165995 PPushes remaining with PInf 4.1482236e+02              5647s
  155701 PPushes remaining with PInf 4.1463602e+02              5770s
  141374 PPushes remaining with PInf 4.1475418e+02              5975s
  118797 PPushes remaining with PInf 4.1441065e+02              6225s
   94343 PPushes remaining with PInf 4.0458474e+02              6481s
   50905 PPushes remaining with PInf 4.0448047e+02              7131s
   45598 PPushes remaining with PInf 4.0447460e+02              7205s
   23126 PPushes remaining with PInf 4.0254727e+02              7501s
       0 PPushes remaining with PInf 4.0220261e+02              7940s

  Push phase complete: Pinf 4.0220261e+02, Dinf 9.4453346e+07   7941s

Iteration    Objective       Primal Inf.    Dual Inf.      Time
 4242410    5.4896224e+11   0.000000e+00   9.445335e+07   7943s
 4243687    5.4896224e+11   0.000000e+00   9.902616e+05   7960s
 4244964    5.4896224e+11   0.000000e+00   7.545204e+05   7974s
 4246241    5.4896224e+11   0.000000e+00   6.225414e+05   7986s
 4247518    5.4896224e+11   0.000000e+00   5.299871e+05   7998s
 4248795    5.4896224e+11   0.000000e+00   4.238528e+05   8010s
 4250072    5.4896224e+11   0.000000e+00   3.450209e+05   8022s
 4251349    5.4896224e+11   0.000000e+00   2.917021e+05   8032s
 4252626    5.4896224e+11   0.000000e+00   2.492784e+05   8043s
 4253903    5.4896224e+11   0.000000e+00   2.158352e+05   8054s
 4255180    5.4896224e+11   0.000000e+00   1.880934e+05   8064s
 4256457    5.4896224e+11   0.000000e+00   1.667066e+05   8075s
 4257734    5.4896224e+11   0.000000e+00   1.588258e+05   8086s
 4259011    5.4896224e+11   0.000000e+00   1.426665e+05   8095s
 4260288    5.4896224e+11   0.000000e+00   1.198048e+05   8105s
 4261565    5.4896224e+11   0.000000e+00   1.067702e+05   8116s
 4262842    5.4896224e+11   0.000000e+00   9.578920e+04   8126s
 4264119    5.4896224e+11   0.000000e+00   8.516388e+04   8137s
 4265396    5.4896224e+11   0.000000e+00   7.632784e+04   8151s
 4266673    5.4896224e+11   0.000000e+00   6.785683e+04   8163s
 4267950    5.4896224e+11   0.000000e+00   6.090844e+04   8175s
 4269227    5.4896224e+11   0.000000e+00   1.122867e+05   8191s
 4270504    5.4896224e+11   0.000000e+00   1.049114e+05   8202s
 4271781    5.4896224e+11   0.000000e+00   7.178593e+04   8217s
 4273058    5.4896224e+11   0.000000e+00   6.733437e+04   8227s
 4274335    5.4896224e+11   0.000000e+00   6.382848e+04   8239s
 4275612    5.4896224e+11   0.000000e+00   6.122964e+04   8250s
 4276889    5.4896224e+11   0.000000e+00   5.828498e+04   8261s
 4278166    5.4896224e+11   0.000000e+00   2.811221e+04   8273s
 4279443    5.4896224e+11   0.000000e+00   2.523882e+04   8285s
 4280720    5.4896224e+11   0.000000e+00   2.244425e+04   8298s
 4281997    5.4896224e+11   0.000000e+00   3.420706e+04   8310s
 4283274    5.4896223e+11   0.000000e+00   3.027534e+04   8322s
 4284551    5.4896223e+11   0.000000e+00   2.814170e+04   8335s
 4285828    5.4896223e+11   0.000000e+00   2.622555e+04   8348s
 4287105    5.4896223e+11   0.000000e+00   2.512879e+04   8357s
 4288382    5.4896223e+11   0.000000e+00   2.382927e+04   8367s
 4289659    5.4896223e+11   0.000000e+00   2.672217e+07   8380s
 4290936    5.4896223e+11   0.000000e+00   5.788818e+06   8390s
 4292213    5.4896223e+11   0.000000e+00   5.788195e+06   8400s
 4293490    5.4896223e+11   0.000000e+00   5.786531e+06   8410s
 4294767    5.4896223e+11   0.000000e+00   5.793721e+06   8422s
 4296044    5.4896223e+11   0.000000e+00   5.794155e+06   8433s
 4297321    5.4896223e+11   0.000000e+00   2.520592e+07   8443s
 4300148    5.4896223e+11   0.000000e+00   2.520524e+07   8448s
 4301425    5.4896223e+11   0.000000e+00   2.520525e+07   8456s
 4302702    5.4896223e+11   0.000000e+00   2.063687e+04   8465s
 4303979    5.4896223e+11   0.000000e+00   2.033809e+04   8475s
 4305256    5.4896223e+11   0.000000e+00   2.013208e+04   8485s
 4306533    5.4896223e+11   0.000000e+00   1.997196e+04   8497s
 4307673    5.4896223e+11   0.000000e+00   6.737671e+01   8519s
 4308360    5.4896223e+11   0.000000e+00   0.000000e+00   8534s
 4308360    5.4896223e+11   0.000000e+00   0.000000e+00   8542s

Solved in 4308360 iterations and 8541.68 seconds (6115.90 work units)
Optimal objective  5.489622330e+11

User-callback calls 4917294, time in user-callback 3.40 sec
  ____           __  __   _ _
 / ___| ___ _ __ \ \/ /  (_) |
| |  _ / _ \ '_ \ \  /   | | |
| |_| |  __/ | | |/  \ _ | | |
 \____|\___|_| |_/_/\_(_)/ |_|
                       |__/
 Version: 0.4.1-dev.19

Configuring Settings
Configuring Multistage Settings
Configuring Solver
Reading Input CSV Files
Network.csv Successfully Read!
Demand (load) data Successfully Read!
Fuels_data.csv Successfully Read!

Summary of resources loaded into the model:
-------------------------------------------------------
	Resource type 		Number of resources
=======================================================
	Thermal        		64
	VRE            		125
	Hydro          		6
	Storage        		26
	Must_run       		26
=======================================================
Total number of resources: 247
-------------------------------------------------------
Generators_variability.csv Successfully Read!
Validating time basis
Capacity_reserve_margin.csv Successfully Read!
Energy_share_requirement.csv Successfully Read!
CO2_cap.csv Successfully Read!
CSV Files Successfully Read In From /home/gm1710/GenX/example_systems/AZ/base_mid_ghg/inputs/inputs_p1
Discharge Module
Non-served Energy Module
Investment Discharge Module
Unit Commitment Module
Fuel Module
Investment Transmission Module
Transmission Module
CO2 Module
Dispatchable Resources Module
Must-Run Resources Module
Storage Resources Module
Storage Investment Module
Storage Core Resources Module
Storage Resources with Symmetric Charge/Discharge Capacity Module
Hydro Reservoir Core Resources Module
Thermal (Unit Commitment) Resources Module
CO2 Policies Module
Energy Share Requirement Policies Module
Capacity Reserve Margin Policies Module
Reading Input CSV Files
Network.csv Successfully Read!
Demand (load) data Successfully Read!
Fuels_data.csv Successfully Read!

Summary of resources loaded into the model:
-------------------------------------------------------
	Resource type 		Number of resources
=======================================================
	Thermal        		64
	VRE            		125
	Hydro          		6
	Storage        		26
	Must_run       		26
=======================================================
Total number of resources: 247
-------------------------------------------------------
Generators_variability.csv Successfully Read!
Validating time basis
Capacity_reserve_margin.csv Successfully Read!
Energy_share_requirement.csv Successfully Read!
CO2_cap.csv Successfully Read!
CSV Files Successfully Read In From /home/gm1710/GenX/example_systems/AZ/base_mid_ghg/inputs/inputs_p2
Discharge Module
Non-served Energy Module
Investment Discharge Module
Unit Commitment Module
Fuel Module
Investment Transmission Module
Transmission Module
CO2 Module
Dispatchable Resources Module
Must-Run Resources Module
Storage Resources Module
Storage Investment Module
Storage Core Resources Module
Storage Resources with Symmetric Charge/Discharge Capacity Module
Hydro Reservoir Core Resources Module
Thermal (Unit Commitment) Resources Module
CO2 Policies Module
Energy Share Requirement Policies Module
Capacity Reserve Margin Policies Module
Reading Input CSV Files
Network.csv Successfully Read!
Demand (load) data Successfully Read!
Fuels_data.csv Successfully Read!

Summary of resources loaded into the model:
-------------------------------------------------------
	Resource type 		Number of resources
=======================================================
	Thermal        		64
	VRE            		125
	Hydro          		6
	Storage        		26
	Must_run       		26
=======================================================
Total number of resources: 247
-------------------------------------------------------
Generators_variability.csv Successfully Read!
Validating time basis
Capacity_reserve_margin.csv Successfully Read!
Energy_share_requirement.csv Successfully Read!
CO2_cap.csv Successfully Read!
CSV Files Successfully Read In From /home/gm1710/GenX/example_systems/AZ/base_mid_ghg/inputs/inputs_p3
Discharge Module
Non-served Energy Module
Investment Discharge Module
Unit Commitment Module
Fuel Module
Investment Transmission Module
Transmission Module
CO2 Module
Dispatchable Resources Module
Must-Run Resources Module
Storage Resources Module
Storage Investment Module
Storage Core Resources Module
Storage Resources with Symmetric Charge/Discharge Capacity Module
Hydro Reservoir Core Resources Module
Thermal (Unit Commitment) Resources Module
CO2 Policies Module
Energy Share Requirement Policies Module
Capacity Reserve Margin Policies Module
Reading Input CSV Files
Network.csv Successfully Read!
Demand (load) data Successfully Read!
Fuels_data.csv Successfully Read!

Summary of resources loaded into the model:
-------------------------------------------------------
	Resource type 		Number of resources
=======================================================
	Thermal        		64
	VRE            		125
	Hydro          		6
	Storage        		26
	Must_run       		26
=======================================================
Total number of resources: 247
-------------------------------------------------------
Generators_variability.csv Successfully Read!
Validating time basis
Capacity_reserve_margin.csv Successfully Read!
Energy_share_requirement.csv Successfully Read!
CO2_cap.csv Successfully Read!
CSV Files Successfully Read In From /home/gm1710/GenX/example_systems/AZ/base_mid_ghg/inputs/inputs_p4
Discharge Module
Non-served Energy Module
Investment Discharge Module
Unit Commitment Module
Fuel Module
Investment Transmission Module
Transmission Module
CO2 Module
Dispatchable Resources Module
Must-Run Resources Module
Storage Resources Module
Storage Investment Module
Storage Core Resources Module
Storage Resources with Symmetric Charge/Discharge Capacity Module
Hydro Reservoir Core Resources Module
Thermal (Unit Commitment) Resources Module
CO2 Policies Module
Energy Share Requirement Policies Module
Capacity Reserve Margin Policies Module
Reading Input CSV Files
Network.csv Successfully Read!
Demand (load) data Successfully Read!
Fuels_data.csv Successfully Read!

Summary of resources loaded into the model:
-------------------------------------------------------
	Resource type 		Number of resources
=======================================================
	Thermal        		64
	VRE            		125
	Hydro          		6
	Storage        		26
	Must_run       		26
=======================================================
Total number of resources: 247
-------------------------------------------------------
Generators_variability.csv Successfully Read!
Validating time basis
Capacity_reserve_margin.csv Successfully Read!
Energy_share_requirement.csv Successfully Read!
CO2_cap.csv Successfully Read!
CSV Files Successfully Read In From /home/gm1710/GenX/example_systems/AZ/base_mid_ghg/inputs/inputs_p5
Discharge Module
Non-served Energy Module
Investment Discharge Module
Unit Commitment Module
Fuel Module
Investment Transmission Module
Transmission Module
CO2 Module
Dispatchable Resources Module
Must-Run Resources Module
Storage Resources Module
Storage Investment Module
Storage Core Resources Module
Storage Resources with Symmetric Charge/Discharge Capacity Module
Hydro Reservoir Core Resources Module
Thermal (Unit Commitment) Resources Module
CO2 Policies Module
Energy Share Requirement Policies Module
Capacity Reserve Margin Policies Module
Reading Input CSV Files
Network.csv Successfully Read!
Demand (load) data Successfully Read!
Fuels_data.csv Successfully Read!

Summary of resources loaded into the model:
-------------------------------------------------------
	Resource type 		Number of resources
=======================================================
	Thermal        		64
	VRE            		125
	Hydro          		6
	Storage        		26
	Must_run       		26
=======================================================
Total number of resources: 247
-------------------------------------------------------
Generators_variability.csv Successfully Read!
Validating time basis
Capacity_reserve_margin.csv Successfully Read!
Energy_share_requirement.csv Successfully Read!
CO2_cap.csv Successfully Read!
CSV Files Successfully Read In From /home/gm1710/GenX/example_systems/AZ/base_mid_ghg/inputs/inputs_p6
Discharge Module
Non-served Energy Module
Investment Discharge Module
Unit Commitment Module
Fuel Module
Investment Transmission Module
Transmission Module
CO2 Module
Dispatchable Resources Module
Must-Run Resources Module
Storage Resources Module
Storage Investment Module
Storage Core Resources Module
Storage Resources with Symmetric Charge/Discharge Capacity Module
Hydro Reservoir Core Resources Module
Thermal (Unit Commitment) Resources Module
CO2 Policies Module
Energy Share Requirement Policies Module
Capacity Reserve Margin Policies Module
Reading Input CSV Files
Network.csv Successfully Read!
Demand (load) data Successfully Read!
Fuels_data.csv Successfully Read!

Summary of resources loaded into the model:
-------------------------------------------------------
	Resource type 		Number of resources
=======================================================
	Thermal        		64
	VRE            		125
	Hydro          		6
	Storage        		26
	Must_run       		26
=======================================================
Total number of resources: 247
-------------------------------------------------------
Generators_variability.csv Successfully Read!
Validating time basis
Capacity_reserve_margin.csv Successfully Read!
Energy_share_requirement.csv Successfully Read!
CO2_cap.csv Successfully Read!
CSV Files Successfully Read In From /home/gm1710/GenX/example_systems/AZ/base_mid_ghg/inputs/inputs_p7
Discharge Module
Non-served Energy Module
Investment Discharge Module
Unit Commitment Module
Fuel Module
Investment Transmission Module
Transmission Module
CO2 Module
Dispatchable Resources Module
Must-Run Resources Module
Storage Resources Module
Storage Investment Module
Storage Core Resources Module
Storage Resources with Symmetric Charge/Discharge Capacity Module
Hydro Reservoir Core Resources Module
Thermal (Unit Commitment) Resources Module
CO2 Policies Module
Energy Share Requirement Policies Module
Capacity Reserve Margin Policies Module
Reading Input CSV Files
Network.csv Successfully Read!
Demand (load) data Successfully Read!
Fuels_data.csv Successfully Read!

Summary of resources loaded into the model:
-------------------------------------------------------
	Resource type 		Number of resources
=======================================================
	Thermal        		64
	VRE            		125
	Hydro          		6
	Storage        		26
	Must_run       		26
=======================================================
Total number of resources: 247
-------------------------------------------------------
Generators_variability.csv Successfully Read!
Validating time basis
Capacity_reserve_margin.csv Successfully Read!
Energy_share_requirement.csv Successfully Read!
CO2_cap.csv Successfully Read!
CSV Files Successfully Read In From /home/gm1710/GenX/example_systems/AZ/base_mid_ghg/inputs/inputs_p8
Discharge Module
Non-served Energy Module
Investment Discharge Module
Unit Commitment Module
Fuel Module
Investment Transmission Module
Transmission Module
CO2 Module
Dispatchable Resources Module
Must-Run Resources Module
Storage Resources Module
Storage Investment Module
Storage Core Resources Module
Storage Resources with Symmetric Charge/Discharge Capacity Module
Hydro Reservoir Core Resources Module
Thermal (Unit Commitment) Resources Module
CO2 Policies Module
Energy Share Requirement Policies Module
Capacity Reserve Margin Policies Module
Reading Input CSV Files
Network.csv Successfully Read!
Demand (load) data Successfully Read!
Fuels_data.csv Successfully Read!

Summary of resources loaded into the model:
-------------------------------------------------------
	Resource type 		Number of resources
=======================================================
	Thermal        		64
	VRE            		125
	Hydro          		6
	Storage        		26
	Must_run       		26
=======================================================
Total number of resources: 247
-------------------------------------------------------
Generators_variability.csv Successfully Read!
Validating time basis
Capacity_reserve_margin.csv Successfully Read!
Energy_share_requirement.csv Successfully Read!
CO2_cap.csv Successfully Read!
CSV Files Successfully Read In From /home/gm1710/GenX/example_systems/AZ/base_mid_ghg/inputs/inputs_p9
Discharge Module
Non-served Energy Module
Investment Discharge Module
Unit Commitment Module
Fuel Module
Investment Transmission Module
Transmission Module
CO2 Module
Dispatchable Resources Module
Must-Run Resources Module
Storage Resources Module
Storage Investment Module
Storage Core Resources Module
Storage Resources with Symmetric Charge/Discharge Capacity Module
Hydro Reservoir Core Resources Module
Thermal (Unit Commitment) Resources Module
CO2 Policies Module
Energy Share Requirement Policies Module
Capacity Reserve Margin Policies Module
Reading Input CSV Files
Network.csv Successfully Read!
Demand (load) data Successfully Read!
Fuels_data.csv Successfully Read!

Summary of resources loaded into the model:
-------------------------------------------------------
	Resource type 		Number of resources
=======================================================
	Thermal        		64
	VRE            		125
	Hydro          		6
	Storage        		26
	Must_run       		26
=======================================================
Total number of resources: 247
-------------------------------------------------------
Generators_variability.csv Successfully Read!
Validating time basis
Capacity_reserve_margin.csv Successfully Read!
Energy_share_requirement.csv Successfully Read!
CO2_cap.csv Successfully Read!
CSV Files Successfully Read In From /home/gm1710/GenX/example_systems/AZ/base_mid_ghg/inputs/inputs_p10
Discharge Module
Non-served Energy Module
Investment Discharge Module
Unit Commitment Module
Fuel Module
Investment Transmission Module
Transmission Module
CO2 Module
Dispatchable Resources Module
Must-Run Resources Module
Storage Resources Module
Storage Investment Module
Storage Core Resources Module
Storage Resources with Symmetric Charge/Discharge Capacity Module
Hydro Reservoir Core Resources Module
Thermal (Unit Commitment) Resources Module
CO2 Policies Module
Energy Share Requirement Policies Module
Capacity Reserve Margin Policies Module
Reading Input CSV Files
Network.csv Successfully Read!
Demand (load) data Successfully Read!
Fuels_data.csv Successfully Read!

Summary of resources loaded into the model:
-------------------------------------------------------
	Resource type 		Number of resources
=======================================================
	Thermal        		64
	VRE            		125
	Hydro          		6
	Storage        		26
	Must_run       		26
=======================================================
Total number of resources: 247
-------------------------------------------------------
Generators_variability.csv Successfully Read!
Validating time basis
Capacity_reserve_margin.csv Successfully Read!
Energy_share_requirement.csv Successfully Read!
CO2_cap.csv Successfully Read!
CSV Files Successfully Read In From /home/gm1710/GenX/example_systems/AZ/base_mid_ghg/inputs/inputs_p11
Discharge Module
Non-served Energy Module
Investment Discharge Module
Unit Commitment Module
Fuel Module
Investment Transmission Module
Transmission Module
CO2 Module
Dispatchable Resources Module
Must-Run Resources Module
Storage Resources Module
Storage Investment Module
Storage Core Resources Module
Storage Resources with Symmetric Charge/Discharge Capacity Module
Hydro Reservoir Core Resources Module
Thermal (Unit Commitment) Resources Module
CO2 Policies Module
Energy Share Requirement Policies Module
Capacity Reserve Margin Policies Module
Reading Input CSV Files
Network.csv Successfully Read!
Demand (load) data Successfully Read!
Fuels_data.csv Successfully Read!

Summary of resources loaded into the model:
-------------------------------------------------------
	Resource type 		Number of resources
=======================================================
	Thermal        		64
	VRE            		125
	Hydro          		6
	Storage        		26
	Must_run       		26
=======================================================
Total number of resources: 247
-------------------------------------------------------
Generators_variability.csv Successfully Read!
Validating time basis
Capacity_reserve_margin.csv Successfully Read!
Energy_share_requirement.csv Successfully Read!
CO2_cap.csv Successfully Read!
CSV Files Successfully Read In From /home/gm1710/GenX/example_systems/AZ/base_mid_ghg/inputs/inputs_p12
Discharge Module
Non-served Energy Module
Investment Discharge Module
Unit Commitment Module
Fuel Module
Investment Transmission Module
Transmission Module
CO2 Module
Dispatchable Resources Module
Must-Run Resources Module
Storage Resources Module
Storage Investment Module
Storage Core Resources Module
Storage Resources with Symmetric Charge/Discharge Capacity Module
Hydro Reservoir Core Resources Module
Thermal (Unit Commitment) Resources Module
CO2 Policies Module
Energy Share Requirement Policies Module
Capacity Reserve Margin Policies Module
Reading Input CSV Files
Network.csv Successfully Read!
Demand (load) data Successfully Read!
Fuels_data.csv Successfully Read!

Summary of resources loaded into the model:
-------------------------------------------------------
	Resource type 		Number of resources
=======================================================
	Thermal        		64
	VRE            		125
	Hydro          		6
	Storage        		26
	Must_run       		26
=======================================================
Total number of resources: 247
-------------------------------------------------------
Generators_variability.csv Successfully Read!
Validating time basis
Capacity_reserve_margin.csv Successfully Read!
Energy_share_requirement.csv Successfully Read!
CO2_cap.csv Successfully Read!
CSV Files Successfully Read In From /home/gm1710/GenX/example_systems/AZ/base_mid_ghg/inputs/inputs_p13
Discharge Module
Non-served Energy Module
Investment Discharge Module
Unit Commitment Module
Fuel Module
Investment Transmission Module
Transmission Module
CO2 Module
Dispatchable Resources Module
Must-Run Resources Module
Storage Resources Module
Storage Investment Module
Storage Core Resources Module
Storage Resources with Symmetric Charge/Discharge Capacity Module
Hydro Reservoir Core Resources Module
Thermal (Unit Commitment) Resources Module
CO2 Policies Module
Energy Share Requirement Policies Module
Capacity Reserve Margin Policies Module
Reading Input CSV Files
Network.csv Successfully Read!
Demand (load) data Successfully Read!
Fuels_data.csv Successfully Read!

Summary of resources loaded into the model:
-------------------------------------------------------
	Resource type 		Number of resources
=======================================================
	Thermal        		64
	VRE            		125
	Hydro          		6
	Storage        		26
	Must_run       		26
=======================================================
Total number of resources: 247
-------------------------------------------------------
Generators_variability.csv Successfully Read!
Validating time basis
Capacity_reserve_margin.csv Successfully Read!
Energy_share_requirement.csv Successfully Read!
CO2_cap.csv Successfully Read!
CSV Files Successfully Read In From /home/gm1710/GenX/example_systems/AZ/base_mid_ghg/inputs/inputs_p14
Discharge Module
Non-served Energy Module
Investment Discharge Module
Unit Commitment Module
Fuel Module
Investment Transmission Module
Transmission Module
CO2 Module
Dispatchable Resources Module
Must-Run Resources Module
Storage Resources Module
Storage Investment Module
Storage Core Resources Module
Storage Resources with Symmetric Charge/Discharge Capacity Module
Hydro Reservoir Core Resources Module
Thermal (Unit Commitment) Resources Module
CO2 Policies Module
Energy Share Requirement Policies Module
Capacity Reserve Margin Policies Module
Reading Input CSV Files
Network.csv Successfully Read!
Demand (load) data Successfully Read!
Fuels_data.csv Successfully Read!

Summary of resources loaded into the model:
-------------------------------------------------------
	Resource type 		Number of resources
=======================================================
	Thermal        		64
	VRE            		125
	Hydro          		6
	Storage        		26
	Must_run       		26
=======================================================
Total number of resources: 247
-------------------------------------------------------
Generators_variability.csv Successfully Read!
Validating time basis
Capacity_reserve_margin.csv Successfully Read!
Energy_share_requirement.csv Successfully Read!
CO2_cap.csv Successfully Read!
CSV Files Successfully Read In From /home/gm1710/GenX/example_systems/AZ/base_mid_ghg/inputs/inputs_p15
Discharge Module
Non-served Energy Module
Investment Discharge Module
Unit Commitment Module
Fuel Module
Investment Transmission Module
Transmission Module
CO2 Module
Dispatchable Resources Module
Must-Run Resources Module
Storage Resources Module
Storage Investment Module
Storage Core Resources Module
Storage Resources with Symmetric Charge/Discharge Capacity Module
Hydro Reservoir Core Resources Module
Thermal (Unit Commitment) Resources Module
CO2 Policies Module
Energy Share Requirement Policies Module
Capacity Reserve Margin Policies Module
Reading Input CSV Files
Network.csv Successfully Read!
Demand (load) data Successfully Read!
Fuels_data.csv Successfully Read!

Summary of resources loaded into the model:
-------------------------------------------------------
	Resource type 		Number of resources
=======================================================
	Thermal        		64
	VRE            		125
	Hydro          		6
	Storage        		26
	Must_run       		26
=======================================================
Total number of resources: 247
-------------------------------------------------------
Generators_variability.csv Successfully Read!
Validating time basis
Capacity_reserve_margin.csv Successfully Read!
Energy_share_requirement.csv Successfully Read!
CO2_cap.csv Successfully Read!
CSV Files Successfully Read In From /home/gm1710/GenX/example_systems/AZ/base_mid_ghg/inputs/inputs_p16
Discharge Module
Non-served Energy Module
Investment Discharge Module
Unit Commitment Module
Fuel Module
Investment Transmission Module
Transmission Module
CO2 Module
Dispatchable Resources Module
Must-Run Resources Module
Storage Resources Module
Storage Investment Module
Storage Core Resources Module
Storage Resources with Symmetric Charge/Discharge Capacity Module
Hydro Reservoir Core Resources Module
Thermal (Unit Commitment) Resources Module
CO2 Policies Module
Energy Share Requirement Policies Module
Capacity Reserve Margin Policies Module
Reading Input CSV Files
Network.csv Successfully Read!
Demand (load) data Successfully Read!
Fuels_data.csv Successfully Read!

Summary of resources loaded into the model:
-------------------------------------------------------
	Resource type 		Number of resources
=======================================================
	Thermal        		64
	VRE            		125
	Hydro          		6
	Storage        		26
	Must_run       		26
=======================================================
Total number of resources: 247
-------------------------------------------------------
Generators_variability.csv Successfully Read!
Validating time basis
Capacity_reserve_margin.csv Successfully Read!
Energy_share_requirement.csv Successfully Read!
CO2_cap.csv Successfully Read!
CSV Files Successfully Read In From /home/gm1710/GenX/example_systems/AZ/base_mid_ghg/inputs/inputs_p17
Discharge Module
Non-served Energy Module
Investment Discharge Module
Unit Commitment Module
Fuel Module
Investment Transmission Module
Transmission Module
CO2 Module
Dispatchable Resources Module
Must-Run Resources Module
Storage Resources Module
Storage Investment Module
Storage Core Resources Module
Storage Resources with Symmetric Charge/Discharge Capacity Module
Hydro Reservoir Core Resources Module
Thermal (Unit Commitment) Resources Module
CO2 Policies Module
Energy Share Requirement Policies Module
Capacity Reserve Margin Policies Module
Linking stages according to edge input.
Solving Model
Time elapsed for writing costs is
1.592981417
Time elapsed for writing capacity is
0.873716897
Time elapsed for writing power is
1.663717372
Time elapsed for writing charge is
0.271256168
Time elapsed for writing storage is
0.304100256
Time elapsed for writing curtailment is
1.917902844
Time elapsed for writing nse is
0.892212055
Time elapsed for writing power balance is
0.777155289
Time elapsed for writing transmission flows is
0.188879748
Time elapsed for writing transmission losses is
0.175638292
Time elapsed for writing emissions is
0.612295839
Time elapsed for writing reliability is
0.247134248
Time elapsed for writing storage duals is
1.070871703
Time elapsed for writing commitment is
0.241745897
Time elapsed for writing startup is
0.049914903
Time elapsed for writing shutdown is
0.049940462
Time elapsed for writing fuel consumption is
1.301999257
Time elapsed for writing co2 is
0.215054463
Time elapsed for writing price is
0.111307609
Time elapsed for writing energy revenue is
0.566272865
Time elapsed for writing charging cost is
0.268659172
Time elapsed for writing subsidy is
0.280405647
Time elapsed for writing time weights is
0.081738338
Time elapsed for writing esr prices is
0.175725021
Time elapsed for writing esr revenue is
0.429295872
Time elapsed for writing reserve margin is
1.43927174
Time elapsed for writing reserve margin with weights is
0.251014976
Time elapsed for writing virtual discharge is
0.168711707
Time elapsed for writing reserve revenue is
1.275966254
Time elapsed for writing capacity value is
2.371625388
Time elapsed for writing co2 cap is
0.099129284
Time elapsed for writing net revenue is
1.382377983
Wrote outputs to /home/gm1710/GenX/example_systems/AZ/base_mid_ghg/results/results_p1
Time elapsed for writing costs is
0.6366362
Time elapsed for writing capacity is
0.002859716
Time elapsed for writing power is
0.161650752
Time elapsed for writing charge is
0.022409666
Time elapsed for writing storage is
0.028442879
Time elapsed for writing curtailment is
0.181360893
Time elapsed for writing nse is
0.078692452
Time elapsed for writing power balance is
0.206847745
Time elapsed for writing transmission flows is
0.00980773
Time elapsed for writing transmission losses is
0.014985951
Time elapsed for writing emissions is
0.067650269
Time elapsed for writing reliability is
0.008035237
Time elapsed for writing storage duals is
0.063551861
Time elapsed for writing commitment is
0.043423359
Time elapsed for writing startup is
0.042338147
Time elapsed for writing shutdown is
0.041801046
Time elapsed for writing fuel consumption is
0.41829989
Time elapsed for writing co2 is
0.142820794
Time elapsed for writing price is
0.008007517
Time elapsed for writing energy revenue is
0.110861038
Time elapsed for writing charging cost is
0.015896802
Time elapsed for writing subsidy is
0.001641284
Time elapsed for writing time weights is
0.000454431
Time elapsed for writing esr prices is
0.00027414
Time elapsed for writing esr revenue is
0.000836052
Time elapsed for writing reserve margin is
0.00471983
Time elapsed for writing reserve margin with weights is
0.002383925
Time elapsed for writing virtual discharge is
0.029978641
Time elapsed for writing reserve revenue is
0.188796779
Time elapsed for writing capacity value is
0.082249639
Time elapsed for writing co2 cap is
0.000527521
Time elapsed for writing net revenue is
0.130458928
Wrote outputs to /home/gm1710/GenX/example_systems/AZ/base_mid_ghg/results/results_p2
Time elapsed for writing costs is
0.62755069
Time elapsed for writing capacity is
0.002752956
Time elapsed for writing power is
1.268361919
Time elapsed for writing charge is
0.036192344
Time elapsed for writing storage is
0.026270104
Time elapsed for writing curtailment is
0.225053513
Time elapsed for writing nse is
0.132230972
Time elapsed for writing power balance is
0.195635412
Time elapsed for writing transmission flows is
0.009255319
Time elapsed for writing transmission losses is
0.014175579
Time elapsed for writing emissions is
0.059032221
Time elapsed for writing reliability is
0.008132937
Time elapsed for writing storage duals is
0.05854302
Time elapsed for writing commitment is
0.045031783
Time elapsed for writing startup is
0.03898004
Time elapsed for writing shutdown is
0.045581884
Time elapsed for writing fuel consumption is
0.415850865
Time elapsed for writing co2 is
0.136858682
Time elapsed for writing price is
0.008229917
Time elapsed for writing energy revenue is
0.110786398
Time elapsed for writing charging cost is
0.018569068
Time elapsed for writing subsidy is
0.001511963
Time elapsed for writing time weights is
0.001640053
Time elapsed for writing esr prices is
0.000576321
Time elapsed for writing esr revenue is
0.000905182
Time elapsed for writing reserve margin is
0.005322591
Time elapsed for writing reserve margin with weights is
0.002654936
Time elapsed for writing virtual discharge is
0.033577799
Time elapsed for writing reserve revenue is
0.207606957
Time elapsed for writing capacity value is
0.104841715
Time elapsed for writing co2 cap is
0.000512892
Time elapsed for writing net revenue is
0.153829526
Wrote outputs to /home/gm1710/GenX/example_systems/AZ/base_mid_ghg/results/results_p3
Time elapsed for writing costs is
0.740186442
Time elapsed for writing capacity is
0.003343537
Time elapsed for writing power is
0.200868293
Time elapsed for writing charge is
0.02412978
Time elapsed for writing storage is
0.030380543
Time elapsed for writing curtailment is
0.211363814
Time elapsed for writing nse is
0.078233321
Time elapsed for writing power balance is
0.229306812
Time elapsed for writing transmission flows is
0.011212673
Time elapsed for writing transmission losses is
0.016207463
Time elapsed for writing emissions is
0.0632097
Time elapsed for writing reliability is
0.008081837
Time elapsed for writing storage duals is
0.080307625
Time elapsed for writing commitment is
0.061191366
Time elapsed for writing startup is
0.056898847
Time elapsed for writing shutdown is
0.060413294
Time elapsed for writing fuel consumption is
0.532955816
Time elapsed for writing co2 is
0.15521259
Time elapsed for writing price is
0.007895486
Time elapsed for writing energy revenue is
0.123795165
Time elapsed for writing charging cost is
0.018160027
Time elapsed for writing subsidy is
0.001927584
Time elapsed for writing time weights is
0.000881192
Time elapsed for writing esr prices is
0.00025524
Time elapsed for writing esr revenue is
0.001024312
Time elapsed for writing reserve margin is
0.005721891
Time elapsed for writing reserve margin with weights is
0.003528837
Time elapsed for writing virtual discharge is
0.034728552
Time elapsed for writing reserve revenue is
0.211440915
Time elapsed for writing capacity value is
0.114971276
Time elapsed for writing co2 cap is
0.000525291
Time elapsed for writing net revenue is
0.162191554
Wrote outputs to /home/gm1710/GenX/example_systems/AZ/base_mid_ghg/results/results_p4
Time elapsed for writing costs is
0.688047465
Time elapsed for writing capacity is
0.002715545
Time elapsed for writing power is
0.174510899
Time elapsed for writing charge is
0.023044218
Time elapsed for writing storage is
0.030665953
Time elapsed for writing curtailment is
0.190196311
Time elapsed for writing nse is
0.078154281
Time elapsed for writing power balance is
0.214890082
Time elapsed for writing transmission flows is
0.011296023
Time elapsed for writing transmission losses is
0.015843812
Time elapsed for writing emissions is
0.058773711
Time elapsed for writing reliability is
0.007680586
Time elapsed for writing storage duals is
0.066334337
Time elapsed for writing commitment is
0.049450041
Time elapsed for writing startup is
0.044167991
Time elapsed for writing shutdown is
0.04864695
Time elapsed for writing fuel consumption is
0.461105159
Time elapsed for writing co2 is
0.149799528
Time elapsed for writing price is
0.008617908
Time elapsed for writing energy revenue is
0.119536055
Time elapsed for writing charging cost is
0.018643659
Time elapsed for writing subsidy is
0.001978694
Time elapsed for writing time weights is
0.000486221
Time elapsed for writing esr prices is
0.00027801
Time elapsed for writing esr revenue is
0.001052443
Time elapsed for writing reserve margin is
0.004552109
┌ Warning: WriteIntermittentOutputs is not supported for non-myopic multistage models. Setting WriteIntermittentOutputs to 0 in the multistage settings.
└ @ GenX ~/GenX/src/configure_settings/configure_settings.jl:220
[ Info: Hydro.csv Successfully Read.
[ Info: Thermal.csv Successfully Read.
[ Info: Vre.csv Successfully Read.
[ Info: Storage.csv Successfully Read.
[ Info: Must_run.csv Successfully Read.
[ Info: Resource_energy_share_requirement.csv Successfully Read.
[ Info: Resource_capacity_reserve_margin.csv Successfully Read.
[ Info: Resource_minimum_capacity_requirement.csv Successfully Read.
[ Info: Multistage data successfully read.
[ Info: Using the CO2 module to determine the CO2 emissions of CCS-equipped plants
[ Info: Hydro.csv Successfully Read.
[ Info: Thermal.csv Successfully Read.
[ Info: Vre.csv Successfully Read.
[ Info: Storage.csv Successfully Read.
[ Info: Must_run.csv Successfully Read.
[ Info: Resource_energy_share_requirement.csv Successfully Read.
[ Info: Resource_capacity_reserve_margin.csv Successfully Read.
[ Info: Resource_minimum_capacity_requirement.csv Successfully Read.
[ Info: Multistage data successfully read.
[ Info: Using the CO2 module to determine the CO2 emissions of CCS-equipped plants
[ Info: Hydro.csv Successfully Read.
[ Info: Thermal.csv Successfully Read.
[ Info: Vre.csv Successfully Read.
[ Info: Storage.csv Successfully Read.
[ Info: Must_run.csv Successfully Read.
[ Info: Resource_energy_share_requirement.csv Successfully Read.
[ Info: Resource_capacity_reserve_margin.csv Successfully Read.
[ Info: Resource_minimum_capacity_requirement.csv Successfully Read.
[ Info: Multistage data successfully read.
[ Info: Using the CO2 module to determine the CO2 emissions of CCS-equipped plants
[ Info: Hydro.csv Successfully Read.
[ Info: Thermal.csv Successfully Read.
[ Info: Vre.csv Successfully Read.
[ Info: Storage.csv Successfully Read.
[ Info: Must_run.csv Successfully Read.
[ Info: Resource_energy_share_requirement.csv Successfully Read.
[ Info: Resource_capacity_reserve_margin.csv Successfully Read.
[ Info: Resource_minimum_capacity_requirement.csv Successfully Read.
[ Info: Multistage data successfully read.
[ Info: Using the CO2 module to determine the CO2 emissions of CCS-equipped plants
[ Info: Hydro.csv Successfully Read.
[ Info: Thermal.csv Successfully Read.
[ Info: Vre.csv Successfully Read.
[ Info: Storage.csv Successfully Read.
[ Info: Must_run.csv Successfully Read.
[ Info: Resource_energy_share_requirement.csv Successfully Read.
[ Info: Resource_capacity_reserve_margin.csv Successfully Read.
[ Info: Resource_minimum_capacity_requirement.csv Successfully Read.
[ Info: Multistage data successfully read.
[ Info: Using the CO2 module to determine the CO2 emissions of CCS-equipped plants
[ Info: Hydro.csv Successfully Read.
[ Info: Thermal.csv Successfully Read.
[ Info: Vre.csv Successfully Read.
[ Info: Storage.csv Successfully Read.
[ Info: Must_run.csv Successfully Read.
[ Info: Resource_energy_share_requirement.csv Successfully Read.
[ Info: Resource_capacity_reserve_margin.csv Successfully Read.
[ Info: Resource_minimum_capacity_requirement.csv Successfully Read.
[ Info: Multistage data successfully read.
[ Info: Using the CO2 module to determine the CO2 emissions of CCS-equipped plants
[ Info: Hydro.csv Successfully Read.
[ Info: Thermal.csv Successfully Read.
[ Info: Vre.csv Successfully Read.
[ Info: Storage.csv Successfully Read.
[ Info: Must_run.csv Successfully Read.
[ Info: Resource_energy_share_requirement.csv Successfully Read.
[ Info: Resource_capacity_reserve_margin.csv Successfully Read.
[ Info: Resource_minimum_capacity_requirement.csv Successfully Read.
[ Info: Multistage data successfully read.
[ Info: Using the CO2 module to determine the CO2 emissions of CCS-equipped plants
[ Info: Hydro.csv Successfully Read.
[ Info: Thermal.csv Successfully Read.
[ Info: Vre.csv Successfully Read.
[ Info: Storage.csv Successfully Read.
[ Info: Must_run.csv Successfully Read.
[ Info: Resource_energy_share_requirement.csv Successfully Read.
[ Info: Resource_capacity_reserve_margin.csv Successfully Read.
[ Info: Resource_minimum_capacity_requirement.csv Successfully Read.
[ Info: Multistage data successfully read.
[ Info: Using the CO2 module to determine the CO2 emissions of CCS-equipped plants
[ Info: Hydro.csv Successfully Read.
[ Info: Thermal.csv Successfully Read.
[ Info: Vre.csv Successfully Read.
[ Info: Storage.csv Successfully Read.
[ Info: Must_run.csv Successfully Read.
[ Info: Resource_energy_share_requirement.csv Successfully Read.
[ Info: Resource_capacity_reserve_margin.csv Successfully Read.
[ Info: Resource_minimum_capacity_requirement.csv Successfully Read.
[ Info: Multistage data successfully read.
[ Info: Using the CO2 module to determine the CO2 emissions of CCS-equipped plants
[ Info: Hydro.csv Successfully Read.
[ Info: Thermal.csv Successfully Read.
[ Info: Vre.csv Successfully Read.
[ Info: Storage.csv Successfully Read.
[ Info: Must_run.csv Successfully Read.
[ Info: Resource_energy_share_requirement.csv Successfully Read.
[ Info: Resource_capacity_reserve_margin.csv Successfully Read.
[ Info: Resource_minimum_capacity_requirement.csv Successfully Read.
[ Info: Multistage data successfully read.
[ Info: Using the CO2 module to determine the CO2 emissions of CCS-equipped plants
[ Info: Hydro.csv Successfully Read.
[ Info: Thermal.csv Successfully Read.
[ Info: Vre.csv Successfully Read.
[ Info: Storage.csv Successfully Read.
[ Info: Must_run.csv Successfully Read.
[ Info: Resource_energy_share_requirement.csv Successfully Read.
[ Info: Resource_capacity_reserve_margin.csv Successfully Read.
[ Info: Resource_minimum_capacity_requirement.csv Successfully Read.
[ Info: Multistage data successfully read.
[ Info: Using the CO2 module to determine the CO2 emissions of CCS-equipped plants
[ Info: Hydro.csv Successfully Read.
[ Info: Thermal.csv Successfully Read.
[ Info: Vre.csv Successfully Read.
[ Info: Storage.csv Successfully Read.
[ Info: Must_run.csv Successfully Read.
[ Info: Resource_energy_share_requirement.csv Successfully Read.
[ Info: Resource_capacity_reserve_margin.csv Successfully Read.
[ Info: Resource_minimum_capacity_requirement.csv Successfully Read.
[ Info: Multistage data successfully read.
[ Info: Using the CO2 module to determine the CO2 emissions of CCS-equipped plants
[ Info: Hydro.csv Successfully Read.
[ Info: Thermal.csv Successfully Read.
[ Info: Vre.csv Successfully Read.
[ Info: Storage.csv Successfully Read.
[ Info: Must_run.csv Successfully Read.
[ Info: Resource_energy_share_requirement.csv Successfully Read.
[ Info: Resource_capacity_reserve_margin.csv Successfully Read.
[ Info: Resource_minimum_capacity_requirement.csv Successfully Read.
[ Info: Multistage data successfully read.
[ Info: Using the CO2 module to determine the CO2 emissions of CCS-equipped plants
[ Info: Hydro.csv Successfully Read.
[ Info: Thermal.csv Successfully Read.
[ Info: Vre.csv Successfully Read.
[ Info: Storage.csv Successfully Read.
[ Info: Must_run.csv Successfully Read.
[ Info: Resource_energy_share_requirement.csv Successfully Read.
[ Info: Resource_capacity_reserve_margin.csv Successfully Read.
[ Info: Resource_minimum_capacity_requirement.csv Successfully Read.
[ Info: Multistage data successfully read.
[ Info: Using the CO2 module to determine the CO2 emissions of CCS-equipped plants
[ Info: Hydro.csv Successfully Read.
[ Info: Thermal.csv Successfully Read.
[ Info: Vre.csv Successfully Read.
[ Info: Storage.csv Successfully Read.
[ Info: Must_run.csv Successfully Read.
[ Info: Resource_energy_share_requirement.csv Successfully Read.
[ Info: Resource_capacity_reserve_margin.csv Successfully Read.
[ Info: Resource_minimum_capacity_requirement.csv Successfully Read.
[ Info: Multistage data successfully read.
[ Info: Using the CO2 module to determine the CO2 emissions of CCS-equipped plants
[ Info: Hydro.csv Successfully Read.
[ Info: Thermal.csv Successfully Read.
[ Info: Vre.csv Successfully Read.
[ Info: Storage.csv Successfully Read.
[ Info: Must_run.csv Successfully Read.
[ Info: Resource_energy_share_requirement.csv Successfully Read.
[ Info: Resource_capacity_reserve_margin.csv Successfully Read.
[ Info: Resource_minimum_capacity_requirement.csv Successfully Read.
[ Info: Multistage data successfully read.
[ Info: Using the CO2 module to determine the CO2 emissions of CCS-equipped plants
[ Info: Hydro.csv Successfully Read.
[ Info: Thermal.csv Successfully Read.
[ Info: Vre.csv Successfully Read.
[ Info: Storage.csv Successfully Read.
[ Info: Must_run.csv Successfully Read.
[ Info: Resource_energy_share_requirement.csv Successfully Read.
[ Info: Resource_capacity_reserve_margin.csv Successfully Read.
[ Info: Resource_minimum_capacity_requirement.csv Successfully Read.
[ Info: Multistage data successfully read.
[ Info: Using the CO2 module to determine the CO2 emissions of CCS-equipped plants
┌ Warning: The cost calculation of the multi-stage GenX is approximate currently, and we will be refining it more in one of the future releases.
└ @ GenX ~/GenX/src/multi_stage/write_multi_stage_costs.jl:58
Time elapsed for writing reserve margin with weights is
0.003649627
Time elapsed for writing virtual discharge is
0.03414661
Time elapsed for writing reserve revenue is
0.216104955
Time elapsed for writing capacity value is
3.769645273
Time elapsed for writing co2 cap is
0.004260169
Time elapsed for writing net revenue is
0.24312553
Wrote outputs to /home/gm1710/GenX/example_systems/AZ/base_mid_ghg/results/results_p5
Time elapsed for writing costs is
0.672944754
Time elapsed for writing capacity is
0.002849866
Time elapsed for writing power is
0.176593274
Time elapsed for writing charge is
0.023932059
Time elapsed for writing storage is
0.033838379
Time elapsed for writing curtailment is
0.206369855
Time elapsed for writing nse is
0.096279438
Time elapsed for writing power balance is
0.239007391
Time elapsed for writing transmission flows is
0.011825605
Time elapsed for writing transmission losses is
0.016488884
Time elapsed for writing emissions is
0.061499616
Time elapsed for writing reliability is
0.008798658
Time elapsed for writing storage duals is
0.071877318
Time elapsed for writing commitment is
0.053900901
Time elapsed for writing startup is
0.050904465
Time elapsed for writing shutdown is
0.049560362
Time elapsed for writing fuel consumption is
0.464942266
Time elapsed for writing co2 is
0.162247664
Time elapsed for writing price is
0.008293357
Time elapsed for writing energy revenue is
0.118081653
Time elapsed for writing charging cost is
0.018949669
Time elapsed for writing subsidy is
0.002489415
Time elapsed for writing time weights is
0.000705511
Time elapsed for writing esr prices is
0.000365961
Time elapsed for writing esr revenue is
0.001015612
Time elapsed for writing reserve margin is
0.005069391
Time elapsed for writing reserve margin with weights is
0.003020016
Time elapsed for writing virtual discharge is
0.037974238
Time elapsed for writing reserve revenue is
0.200193282
Time elapsed for writing capacity value is
0.110222566
Time elapsed for writing co2 cap is
0.000518872
Time elapsed for writing net revenue is
0.164277417
Wrote outputs to /home/gm1710/GenX/example_systems/AZ/base_mid_ghg/results/results_p6
Time elapsed for writing costs is
0.652076351
Time elapsed for writing capacity is
0.002754966
Time elapsed for writing power is
0.172837076
Time elapsed for writing charge is
0.022027915
Time elapsed for writing storage is
0.025848433
Time elapsed for writing curtailment is
0.184121239
Time elapsed for writing nse is
0.079510203
Time elapsed for writing power balance is
0.215075363
Time elapsed for writing transmission flows is
0.010522981
Time elapsed for writing transmission losses is
0.015509622
Time elapsed for writing emissions is
0.058903781
Time elapsed for writing reliability is
0.007888547
Time elapsed for writing storage duals is
0.060190163
Time elapsed for writing commitment is
0.050206373
Time elapsed for writing startup is
0.045318363
Time elapsed for writing shutdown is
0.046673736
Time elapsed for writing fuel consumption is
0.496645552
Time elapsed for writing co2 is
0.139130856
Time elapsed for writing price is
0.008307967
Time elapsed for writing energy revenue is
0.122900533
Time elapsed for writing charging cost is
0.0194699
Time elapsed for writing subsidy is
0.001741883
Time elapsed for writing time weights is
0.000493181
Time elapsed for writing esr prices is
0.000652112
Time elapsed for writing esr revenue is
0.001065002
Time elapsed for writing reserve margin is
0.00494196
Time elapsed for writing reserve margin with weights is
0.002937356
Time elapsed for writing virtual discharge is
0.035743804
Time elapsed for writing reserve revenue is
0.247189928
Time elapsed for writing capacity value is
0.107349531
Time elapsed for writing co2 cap is
0.000542031
Time elapsed for writing net revenue is
0.169209708
Wrote outputs to /home/gm1710/GenX/example_systems/AZ/base_mid_ghg/results/results_p7
Time elapsed for writing costs is
0.800968318
Time elapsed for writing capacity is
0.003041506
Time elapsed for writing power is
0.193525598
Time elapsed for writing charge is
0.02903803
Time elapsed for writing storage is
0.031818095
Time elapsed for writing curtailment is
0.197064986
Time elapsed for writing nse is
0.077303408
Time elapsed for writing power balance is
0.216068805
Time elapsed for writing transmission flows is
0.00997968
Time elapsed for writing transmission losses is
0.015842973
Time elapsed for writing emissions is
0.059352802
Time elapsed for writing reliability is
0.008218387
Time elapsed for writing storage duals is
0.061230066
Time elapsed for writing commitment is
0.047906939
Time elapsed for writing startup is
0.045666034
Time elapsed for writing shutdown is
0.049723292
Time elapsed for writing fuel consumption is
0.467935402
Time elapsed for writing co2 is
0.137771384
Time elapsed for writing price is
0.00971343
Time elapsed for writing energy revenue is
0.119977716
Time elapsed for writing charging cost is
30.647044543
Time elapsed for writing subsidy is
0.008477518
Time elapsed for writing time weights is
0.000825892
Time elapsed for writing esr prices is
0.00031984
Time elapsed for writing esr revenue is
0.000918052
Time elapsed for writing reserve margin is
0.00493449
Time elapsed for writing reserve margin with weights is
0.004006079
Time elapsed for writing virtual discharge is
0.0341412
Time elapsed for writing reserve revenue is
0.19948214
Time elapsed for writing capacity value is
0.185999663
Time elapsed for writing co2 cap is
0.000777961
Time elapsed for writing net revenue is
0.163835577
Wrote outputs to /home/gm1710/GenX/example_systems/AZ/base_mid_ghg/results/results_p8
Time elapsed for writing costs is
0.625540266
Time elapsed for writing capacity is
0.003149697
Time elapsed for writing power is
0.159154937
Time elapsed for writing charge is
0.021766815
Time elapsed for writing storage is
0.025480142
Time elapsed for writing curtailment is
0.181959965
Time elapsed for writing nse is
0.07792404
Time elapsed for writing power balance is
0.213633199
Time elapsed for writing transmission flows is
0.010194841
Time elapsed for writing transmission losses is
0.015249802
Time elapsed for writing emissions is
0.062482568
Time elapsed for writing reliability is
0.008120397
Time elapsed for writing storage duals is
0.05849799
Time elapsed for writing commitment is
0.045727914
Time elapsed for writing startup is
0.04371141
Time elapsed for writing shutdown is
0.044318152
Time elapsed for writing fuel consumption is
0.485246538
Time elapsed for writing co2 is
0.152726834
Time elapsed for writing price is
0.008704968
Time elapsed for writing energy revenue is
0.147036072
Time elapsed for writing charging cost is
0.022342646
Time elapsed for writing subsidy is
0.001662703
Time elapsed for writing time weights is
0.000884122
Time elapsed for writing esr prices is
0.000282921
Time elapsed for writing esr revenue is
0.000880502
Time elapsed for writing reserve margin is
0.005428811
Time elapsed for writing reserve margin with weights is
0.003011586
Time elapsed for writing virtual discharge is
0.036994256
Time elapsed for writing reserve revenue is
0.235775915
Time elapsed for writing capacity value is
0.142256173
Time elapsed for writing co2 cap is
0.000560711
Time elapsed for writing net revenue is
0.18010935
Wrote outputs to /home/gm1710/GenX/example_systems/AZ/base_mid_ghg/results/results_p9
Time elapsed for writing costs is
0.67592927
Time elapsed for writing capacity is
0.003042067
Time elapsed for writing power is
0.165969761
Time elapsed for writing charge is
0.022410966
Time elapsed for writing storage is
0.026446724
Time elapsed for writing curtailment is
0.187719117
Time elapsed for writing nse is
0.074384683
Time elapsed for writing power balance is
0.217681777
Time elapsed for writing transmission flows is
0.010414552
Time elapsed for writing transmission losses is
0.015518432
Time elapsed for writing emissions is
0.060352704
Time elapsed for writing reliability is
0.007860906
Time elapsed for writing storage duals is
0.062922019
Time elapsed for writing commitment is
0.046538016
Time elapsed for writing startup is
0.044915513
Time elapsed for writing shutdown is
0.044851722
Time elapsed for writing fuel consumption is
0.477609242
Time elapsed for writing co2 is
0.140143018
Time elapsed for writing price is
0.008252786
Time elapsed for writing energy revenue is
0.121653931
Time elapsed for writing charging cost is
0.020406102
Time elapsed for writing subsidy is
0.001650503
Time elapsed for writing time weights is
0.000520811
Time elapsed for writing esr prices is
0.000287321
Time elapsed for writing esr revenue is
0.001059812
Time elapsed for writing reserve margin is
0.005401131
Time elapsed for writing reserve margin with weights is
0.003845188
Time elapsed for writing virtual discharge is
0.034567091
Time elapsed for writing reserve revenue is
0.215954634
Time elapsed for writing capacity value is
0.112293981
Time elapsed for writing co2 cap is
0.000613082
Time elapsed for writing net revenue is
0.162684134
Wrote outputs to /home/gm1710/GenX/example_systems/AZ/base_mid_ghg/results/results_p10
Time elapsed for writing costs is
0.671760802
Time elapsed for writing capacity is
0.002767175
Time elapsed for writing power is
0.168726908
Time elapsed for writing charge is
0.021775334
Time elapsed for writing storage is
0.026651245
Time elapsed for writing curtailment is
0.192468776
Time elapsed for writing nse is
0.080132205
Time elapsed for writing power balance is
0.228115089
Time elapsed for writing transmission flows is
0.010637402
Time elapsed for writing transmission losses is
0.016184623
Time elapsed for writing emissions is
0.065722595
Time elapsed for writing reliability is
0.008567388
Time elapsed for writing storage duals is
0.073842752
Time elapsed for writing commitment is
0.057179238
Time elapsed for writing startup is
0.807988841
Time elapsed for writing shutdown is
0.070822876
Time elapsed for writing fuel consumption is
0.533210487
Time elapsed for writing co2 is
0.120512638
Time elapsed for writing price is
0.008131087
Time elapsed for writing energy revenue is
0.125940078
Time elapsed for writing charging cost is
0.018420608
Time elapsed for writing subsidy is
0.001618564
Time elapsed for writing time weights is
0.000394121
Time elapsed for writing esr prices is
0.00027364
Time elapsed for writing esr revenue is
0.000814832
Time elapsed for writing reserve margin is
0.00505104
Time elapsed for writing reserve margin with weights is
0.002648726
Time elapsed for writing virtual discharge is
0.033841709
Time elapsed for writing reserve revenue is
0.239342413
Time elapsed for writing capacity value is
0.145495449
Time elapsed for writing co2 cap is
0.000566381
Time elapsed for writing net revenue is
0.190875713
Wrote outputs to /home/gm1710/GenX/example_systems/AZ/base_mid_ghg/results/results_p11
Time elapsed for writing costs is
0.669904218
Time elapsed for writing capacity is
0.002538175
Time elapsed for writing power is
0.172456525
Time elapsed for writing charge is
0.023379208
Time elapsed for writing storage is
0.030407763
Time elapsed for writing curtailment is
0.190142711
Time elapsed for writing nse is
0.076136476
Time elapsed for writing power balance is
0.222374558
Time elapsed for writing transmission flows is
0.011919844
Time elapsed for writing transmission losses is
0.016163953
Time elapsed for writing emissions is
0.061936828
Time elapsed for writing reliability is
0.008668458
Time elapsed for writing storage duals is
0.064663183
Time elapsed for writing commitment is
0.047524597
Time elapsed for writing startup is
0.047467508
Time elapsed for writing shutdown is
0.045832904
Time elapsed for writing fuel consumption is
0.475197678
Time elapsed for writing co2 is
0.143324054
Time elapsed for writing price is
0.008580328
Time elapsed for writing energy revenue is
0.128808125
Time elapsed for writing charging cost is
0.019897511
Time elapsed for writing subsidy is
0.001696953
Time elapsed for writing time weights is
0.000416271
Time elapsed for writing esr prices is
0.000263721
Time elapsed for writing esr revenue is
0.000942102
Time elapsed for writing reserve margin is
0.00497624
Time elapsed for writing reserve margin with weights is
0.002734486
Time elapsed for writing virtual discharge is
0.036254314
Time elapsed for writing reserve revenue is
0.217480198
Time elapsed for writing capacity value is
0.101456668
Time elapsed for writing co2 cap is
0.000481731
Time elapsed for writing net revenue is
0.176843044
Wrote outputs to /home/gm1710/GenX/example_systems/AZ/base_mid_ghg/results/results_p12
Time elapsed for writing costs is
0.68588682
Time elapsed for writing capacity is
0.003062357
Time elapsed for writing power is
0.180862472
Time elapsed for writing charge is
0.024127839
Time elapsed for writing storage is
0.031141325
Time elapsed for writing curtailment is
0.226409895
Time elapsed for writing nse is
0.081574178
Time elapsed for writing power balance is
0.239773983
Time elapsed for writing transmission flows is
0.013461478
Time elapsed for writing transmission losses is
0.017681486
Time elapsed for writing emissions is
0.074258263
Time elapsed for writing reliability is
0.010529732
Time elapsed for writing storage duals is
0.082177519
Time elapsed for writing commitment is
0.054611332
Time elapsed for writing startup is
0.047175277
Time elapsed for writing shutdown is
0.05368148
Time elapsed for writing fuel consumption is
0.68086246
Time elapsed for writing co2 is
0.154491228
Time elapsed for writing price is
0.01003321
Time elapsed for writing energy revenue is
0.151094981
Time elapsed for writing charging cost is
0.021303754
Time elapsed for writing subsidy is
0.001868074
Time elapsed for writing time weights is
0.000454111
Time elapsed for writing esr prices is
0.00027067
Time elapsed for writing esr revenue is
0.001193353
Time elapsed for writing reserve margin is
0.005593081
Time elapsed for writing reserve margin with weights is
0.003081547
Time elapsed for writing virtual discharge is
0.03891948
Time elapsed for writing reserve revenue is
0.242960979
Time elapsed for writing capacity value is
0.114813616
Time elapsed for writing co2 cap is
0.000534911
Time elapsed for writing net revenue is
0.178060296
Wrote outputs to /home/gm1710/GenX/example_systems/AZ/base_mid_ghg/results/results_p13
Time elapsed for writing costs is
0.689065477
Time elapsed for writing capacity is
0.002732986
Time elapsed for writing power is
0.180269001
Time elapsed for writing charge is
0.023884119
Time elapsed for writing storage is
0.028854689
Time elapsed for writing curtailment is
1.162836562
Time elapsed for writing nse is
0.080029584
Time elapsed for writing power balance is
0.265906167
Time elapsed for writing transmission flows is
0.015315972
Time elapsed for writing transmission losses is
0.022737127
Time elapsed for writing emissions is
0.078231451
Time elapsed for writing reliability is
0.008943558
Time elapsed for writing storage duals is
0.056256776
Time elapsed for writing commitment is
0.047241697
Time elapsed for writing startup is
0.043067879
Time elapsed for writing shutdown is
0.045558263
Time elapsed for writing fuel consumption is
0.48125323
Time elapsed for writing co2 is
0.151337081
Time elapsed for writing price is
0.00934651
Time elapsed for writing energy revenue is
0.122564042
Time elapsed for writing charging cost is
0.01951338
Time elapsed for writing subsidy is
0.002121244
Time elapsed for writing time weights is
0.000433871
Time elapsed for writing esr prices is
0.000281351
Time elapsed for writing esr revenue is
0.001161812
Time elapsed for writing reserve margin is
0.005663602
Time elapsed for writing reserve margin with weights is
0.002820886
Time elapsed for writing virtual discharge is
0.034901761
Time elapsed for writing reserve revenue is
0.226870607
Time elapsed for writing capacity value is
0.097995132
Time elapsed for writing co2 cap is
0.000514561
Time elapsed for writing net revenue is
0.182391865
Wrote outputs to /home/gm1710/GenX/example_systems/AZ/base_mid_ghg/results/results_p14
Time elapsed for writing costs is
0.706682473
Time elapsed for writing capacity is
0.002855616
Time elapsed for writing power is
0.191806135
Time elapsed for writing charge is
0.024799911
Time elapsed for writing storage is
0.030497993
Time elapsed for writing curtailment is
0.218407609
Time elapsed for writing nse is
0.090280636
Time elapsed for writing power balance is
0.244782223
Time elapsed for writing transmission flows is
0.011369163
Time elapsed for writing transmission losses is
0.016119454
Time elapsed for writing emissions is
0.065415164
Time elapsed for writing reliability is
0.00979196
Time elapsed for writing storage duals is
0.066290607
Time elapsed for writing commitment is
0.056140685
Time elapsed for writing startup is
0.053072419
Time elapsed for writing shutdown is
0.057099508
Time elapsed for writing fuel consumption is
0.523001335
Time elapsed for writing co2 is
0.14084687
Time elapsed for writing price is
0.009584899
Time elapsed for writing energy revenue is
0.125565428
Time elapsed for writing charging cost is
0.018463118
Time elapsed for writing subsidy is
0.002861096
Time elapsed for writing time weights is
0.000492561
Time elapsed for writing esr prices is
0.000418601
Time elapsed for writing esr revenue is
0.001015852
Time elapsed for writing reserve margin is
0.006005493
Time elapsed for writing reserve margin with weights is
0.002909816
Time elapsed for writing virtual discharge is
0.035459953
Time elapsed for writing reserve revenue is
0.221048254
Time elapsed for writing capacity value is
0.101762409
Time elapsed for writing co2 cap is
0.000524242
Time elapsed for writing net revenue is
0.172295634
Wrote outputs to /home/gm1710/GenX/example_systems/AZ/base_mid_ghg/results/results_p15
Time elapsed for writing costs is
0.70514865
Time elapsed for writing capacity is
0.005473441
Time elapsed for writing power is
0.18011888
Time elapsed for writing charge is
0.023784519
Time elapsed for writing storage is
0.02890859
Time elapsed for writing curtailment is
0.192301435
Time elapsed for writing nse is
0.077323419
Time elapsed for writing power balance is
0.22856708
Time elapsed for writing transmission flows is
0.012188805
Time elapsed for writing transmission losses is
0.016099763
Time elapsed for writing emissions is
0.063878862
Time elapsed for writing reliability is
0.00968994
Time elapsed for writing storage duals is
0.065585074
Time elapsed for writing commitment is
0.050647035
Time elapsed for writing startup is
0.048068598
Time elapsed for writing shutdown is
0.04838715
Time elapsed for writing fuel consumption is
0.514014087
Time elapsed for writing co2 is
0.148469185
Time elapsed for writing price is
0.0096407
Time elapsed for writing energy revenue is
0.130705659
Time elapsed for writing charging cost is
0.020960063
Time elapsed for writing subsidy is
0.001672013
Time elapsed for writing time weights is
0.000482211
Time elapsed for writing esr prices is
0.000273701
Time elapsed for writing esr revenue is
0.000959592
Time elapsed for writing reserve margin is
0.005744132
Time elapsed for writing reserve margin with weights is
0.003067616
Time elapsed for writing virtual discharge is
0.037434907
Time elapsed for writing reserve revenue is
0.235896655
Time elapsed for writing capacity value is
0.107904172
Time elapsed for writing co2 cap is
0.000660031
Time elapsed for writing net revenue is
0.193007287
Wrote outputs to /home/gm1710/GenX/example_systems/AZ/base_mid_ghg/results/results_p16
Time elapsed for writing costs is
1.509384744
Time elapsed for writing capacity is
0.002769205
Time elapsed for writing power is
0.174307919
Time elapsed for writing charge is
0.02422669
Time elapsed for writing storage is
0.02935091
Time elapsed for writing curtailment is
0.207463916
Time elapsed for writing nse is
0.098533933
Time elapsed for writing power balance is
0.267731751
Time elapsed for writing transmission flows is
0.012209385
Time elapsed for writing transmission losses is
0.017062785
Time elapsed for writing emissions is
0.070843685
Time elapsed for writing reliability is
0.011140723
Time elapsed for writing storage duals is
0.075273395
Time elapsed for writing commitment is
0.060032234
Time elapsed for writing startup is
0.05844754
Time elapsed for writing shutdown is
0.059504532
Time elapsed for writing fuel consumption is
0.529761069
Time elapsed for writing co2 is
0.16035578
Time elapsed for writing price is
0.010840912
Time elapsed for writing energy revenue is
0.144627618
Time elapsed for writing charging cost is
0.022092275
Time elapsed for writing subsidy is
0.001739734
Time elapsed for writing time weights is
0.000434251
Time elapsed for writing esr prices is
0.00028498
Time elapsed for writing esr revenue is
0.001019732
Time elapsed for writing reserve margin is
0.006198913
Time elapsed for writing reserve margin with weights is
0.004280029
Time elapsed for writing virtual discharge is
0.039708102
Time elapsed for writing reserve revenue is
0.251803477
Time elapsed for writing capacity value is
0.110473217
Time elapsed for writing co2 cap is
0.000728152
Time elapsed for writing net revenue is
0.182936586
Wrote outputs to /home/gm1710/GenX/example_systems/AZ/base_mid_ghg/results/results_p17
