BalanceComponent,Generation,Storage_Discharge,Storage_Charge,Flexible_Demand_Defer,Flexible_Demand_Stasify,Demand_Response,Nonserved_Energy,Transmission_NetExport,Transmission_Losses,Demand,Generation,Storage_Discharge,Storage_Charge,Flexible_Demand_Defer,Flexible_Demand_Stasify,Demand_Response,Nonserved_Energy,Transmission_NetExport,Transmission_Losses,Demand,Generation,Storage_Discharge,Storage_Charge,Flexible_Demand_Defer,Flexible_Demand_Stasify,Demand_Response,Nonserved_Energy,Transmission_NetExport,Transmission_Losses,Demand,Generation,Storage_Discharge,Storage_Charge,Flexible_Demand_Defer,Flexible_Demand_Stasify,Demand_Response,Nonserved_Energy,Transmission_NetExport,Transmission_Losses,Demand,Generation,Storage_Discharge,Storage_Charge,Flexible_Demand_Defer,Flexible_Demand_Stasify,Demand_Response,Nonserved_Energy,Transmission_NetExport,Transmission_Losses,Demand,Generation,Storage_Discharge,Storage_Charge,Flexible_Demand_Defer,Flexible_Demand_Stasify,Demand_Response,Nonserved_Energy,Transmission_NetExport,Transmission_Losses,Demand,Generation,Storage_Discharge,Storage_Charge,Flexible_Demand_Defer,Flexible_Demand_Stasify,Demand_Response,Nonserved_Energy,Transmission_NetExport,Transmission_Losses,Demand
Zone,1,1,1,1,1,1,1,1,1,1,2,2,2,2,2,2,2,2,2,2,3,3,3,3,3,3,3,3,3,3,4,4,4,4,4,4,4,4,4,4,5,5,5,5,5,5,5,5,5,5,6,6,6,6,6,6,6,6,6,6,7,7,7,7,7,7,7,7,7,7
AnnualSum,1.6110821949578056e8,6.791989565840908e6,-8.009322967061128e6,0.0,0.0,7653.029149966604,0.0,5.172277928466526e6,-3.6191880521768597e6,-1.6145162899999988e8,1.667713921598131e8,1.1556549769669488e7,-1.4072481641894456e7,0.0,0.0,13197.167094818407,0.0,2.7727730552098498e7,-4.233887578209929e6,-1.877625004285714e8,1.61795996760284e8,9.770202215728145e6,-1.184601119535553e7,0.0,0.0,17001.286847952,0.0,1.4429030755986246e8,-7.330817484509929e6,-2.9669667914285725e8,2.2060748438185272e8,2.2462868569535655e6,-2.755217812050444e6,0.0,0.0,11004.49628766751,0.0,-6.002935669682196e7,-3.5978685119358394e6,-1.5648233271428567e8,8.158822541711837e7,461821.5653522386,-543319.4883306253,0.0,0.0,2373.586241390154,0.0,-3.2651896579318564e7,-1.9997876439199552e6,-4.685741685714286e7,3.284042715669998e8,993608.2446288225,-1.234676140001688e6,0.0,0.0,21528.30077384913,0.0,-2.7275521136757642e7,-6.91850469278595e6,-2.9399070614285725e8,2.0223317435122004e8,1.4176503087122194e6,-1.6678238916231724e6,0.0,0.0,7798.859748200865,0.0,-5.723354162752927e7,-5.9013680005280115e6,-1.388558900000001e8
t1,19227.600859772323,1391.7858396821773,-0.0,0.0,0.0,0.0,0.0,-2784.802946854935,-740.5837525995653,-17094.0,3286.184856650373,3767.477864901267,-0.0,0.0,0.0,0.0,0.0,12868.047744449072,-604.7104660007112,-19317.0,11583.112622788296,0.0,-0.0,0.0,0.0,0.0,0.0,23182.014711605763,-1234.1273343940638,-33531.0,27862.740951408632,0.0,-0.0,0.0,0.0,0.0,0.0,-9717.728372289055,-637.0125791195802,-17508.0,12065.581751254787,139.1195374257386,-0.0,0.0,0.0,0.0,0.0,-6656.934127710945,-286.76716096958023,-5261.0,42549.15504498872,64.6,-0.0,0.0,0.0,0.0,0.0,-8980.450378694977,-1334.3046662937425,-32299.0,23508.486069855095,522.2536594526239,-0.0,0.0,0.0,0.0,0.0,-7910.146630504923,-1055.5930988027953,-15065.0
t2,19107.64501911293,1393.038226264264,-0.0,0.0,0.0,0.0,0.0,-2495.8506599837183,-752.832585393476,-17252.0,4015.3464128235237,2246.9,-0.0,0.0,0.0,0.0,0.0,14733.227346796168,-667.473759619691,-20328.0,11687.154385766635,506.27505622901845,-0.0,0.0,0.0,0.0,0.0,21259.863270154223,-1294.292712149881,-32159.0,27783.080715706845,0.0,-0.0,0.0,0.0,0.0,0.0,-9117.819851828632,-648.2608638782132,-18017.0,12838.858093899584,0.0,-0.0,0.0,0.0,0.0,0.0,-7256.842648171369,-298.0154457282132,-5284.0,45095.155044988736,64.6,-0.0,0.0,0.0,0.0,0.0,-8980.450378694977,-1334.3046662937425,-34845.0,23417.08616971543,674.4807560161407,-0.0,0.0,0.0,0.0,0.0,-8142.1270782716965,-1070.4398474598688,-14879.0
t3,19011.919066399234,1478.060401135336,-0.0,0.0,0.0,0.0,0.0,-2950.50248927742,-737.4769782571481,-16802.0,4246.013695586864,1286.919309859896,-0.0,0.0,0.0,0.0,0.0,15800.452893830641,-703.385899277401,-20630.0,11639.900434114164,0.0,-0.0,0.0,0.0,0.0,0.0,20318.021937886806,-1335.9223720009686,-30622.0,27816.205721524166,0.0,-0.0,0.0,0.0,0.0,0.0,-9012.9790934259,-650.2266280982644,-18153.0,12944.664616522368,0.0,-0.0,0.0,0.0,0.0,0.0,-7361.6834065740995,-299.98120994826434,-5283.0,45977.15504498873,64.6,-0.0,0.0,0.0,0.0,0.0,-8980.450378694977,-1334.3046662937425,-35727.0,22902.421550834682,309.804633040525,-0.0,0.0,0.0,0.0,0.0,-7812.859463745048,-1049.3667201301632,-14350.0
t4,19249.386569385926,1481.481547537993,-0.0,0.0,0.0,0.0,0.0,-3330.0856496872443,-749.7824672366733,-16651.0,4496.287764590743,2246.9,-0.0,0.0,0.0,0.0,0.0,15100.649759206557,-679.8375237973007,-21164.0,11333.120463330042,1158.724943773478,-0.0,0.0,0.0,0.0,0.0,21351.755832052433,-1327.601239155963,-32516.0,28410.876460674535,0.0,-412.1376723950335,0.0,0.0,0.0,0.0,-9141.929989482294,-647.808798797207,-18209.0,12847.295891164915,0.0,-0.0,0.0,0.0,0.0,0.0,-7232.732510517706,-297.563380647207,-5317.0,45428.75504498873,0.0,-0.0,0.0,0.0,0.0,0.0,-8980.450378694977,-1334.3046662937425,-35114.0,22768.204680899096,338.4473484522721,-0.0,0.0,0.0,0.0,0.0,-7767.207062876774,-1046.4449664745937,-14293.0
t5,19490.752980059646,1417.5522755183556,-0.0,0.0,0.0,0.0,0.0,-3442.213153412514,-751.0921021654891,-16715.0,3210.552019926791,5949.09554531108,-0.0,0.0,0.0,0.0,0.0,13587.26454613973,-628.9121113776018,-22118.0,11414.640229540291,0.0,-0.0,0.0,0.0,0.0,0.0,22942.56618350643,-1280.2064130467188,-33077.0,28923.19466374401,0.0,-955.2610699771617,0.0,0.0,0.0,0.0,-9078.943803991697,-648.9897897751557,-18240.0,12937.463067633458,0.0,-0.0,0.0,0.0,0.0,0.0,-7295.718696008304,-298.74437162515574,-5343.0,45043.50640703152,44.248637957199996,-0.0,0.0,0.0,0.0,0.0,-8980.450378694977,-1334.3046662937425,-34773.0,22445.772421762777,519.9562908688432,-0.0,0.0,0.0,0.0,0.0,-7732.504697538667,-1044.224015092955,-14189.0
t6,20183.593927665464,1082.7224150520676,-0.0,0.0,0.0,0.0,0.0,-3590.850793501641,-824.465549215895,-16851.0,6496.722374606087,402.3379752587078,-0.0,0.0,0.0,0.0,0.0,16828.933936498375,-737.9942863631703,-22990.0,13149.61585745955,0.0,-0.0,0.0,0.0,0.0,0.0,20457.158253148787,-1423.774110608333,-32183.0,28344.445925195978,0.0,-827.1141604213193,0.0,0.0,0.0,0.0,-8865.336844509213,-652.9949202654523,-17999.0,13173.95121589531,0.0,-68.87605828906831,0.0,0.0,0.0,0.0,-7509.3256554907875,-302.7495021154523,-5293.0,44882.75504498873,0.0,-0.0,0.0,0.0,0.0,0.0,-8980.450378694977,-1334.3046662937425,-34568.0,22332.967171473065,1084.2732855447948,-0.0,0.0,0.0,0.0,0.0,-8340.128517450545,-1083.111939567315,-13994.0
t7,20566.718097377507,249.45556815832992,-0.0,0.0,0.0,0.0,0.0,-3159.372066887518,-663.8015986483224,-16993.0,5650.671741245117,0.0,-118.28293952011451,0.0,0.0,0.0,0.0,18619.870499999997,-798.2593017249999,-23354.0,16130.352887137262,0.0,-1665.0,0.0,0.0,0.0,0.0,16948.35135140924,-1405.7042385465134,-30008.0,27653.728447671987,0.0,-974.4831063465713,0.0,0.0,0.0,0.0,-8588.051317427175,-658.1940238982405,-17433.0,13514.7314785588,0.0,-224.17169023773533,0.0,0.0,0.0,0.0,-7786.611182572825,-307.9486057482404,-5196.0,44407.75504498872,0.0,-0.0,0.0,0.0,0.0,0.0,-8980.450378694977,-1334.3046662937425,-34093.0,22026.519782250136,0.0,-0.0,0.0,0.0,0.0,0.0,-7053.736905826743,-1000.7828764233916,-13972.0
t8,15030.743215084714,0.0,-97.3,0.0,0.0,0.0,0.0,2419.8132985035236,-308.25651358823933,-17045.0,16399.44606615334,0.0,-2246.9,0.0,0.0,0.0,0.0,9438.963127073252,-462.50919322658933,-23129.0,23736.283363032668,0.0,-1665.0,0.0,0.0,0.0,0.0,8516.718442008469,-404.0018050411356,-30184.0,26895.58582093526,0.0,-578.5,0.0,0.0,0.0,0.0,-8716.64414268775,-507.4416782475051,-17093.0,11383.142063390258,0.0,-106.90623338440963,0.0,0.0,0.0,0.0,-5866.501391267105,-273.7344387387418,-5136.0,40522.72858711774,0.0,-314.0,0.0,0.0,0.0,0.0,-5920.246598890666,-920.481988227071,-33368.0,14172.263456600902,0.0,-0.0,0.0,0.0,0.0,0.0,127.89726526027744,-417.1607218611779,-13883.0
t9,15854.025747998852,0.0,-3314.185747998853,0.0,0.0,0.0,0.0,4600.0,-208.84,-16931.0,31936.261101957767,0.0,-4528.213078060213,0.0,0.0,0.0,0.0,-4093.3082028709437,-137.73982102660725,-23177.0,28483.644705877956,0.0,-4735.956301598526,0.0,0.0,0.0,0.0,7518.843081565921,-340.53148584534995,-30926.0,20115.53585513,0.0,-823.0564012791933,0.0,0.0,0.0,0.0,-2213.635053287292,-103.84440056351875,-16975.0,10071.831927264771,0.0,-224.17169023773533,0.0,0.0,0.0,0.0,-4539.68941353074,-209.97082349629864,-5098.0,36691.92654351372,0.0,-378.6,0.0,0.0,0.0,0.0,-3425.534878694978,-202.7916648187427,-32685.0,13443.689110249186,0.0,-1630.3,0.0,0.0,0.0,0.0,2153.324466818032,-102.71357706722011,-13864.0
t10,15937.477093182304,0.0,-3441.6370931823067,0.0,0.0,0.0,0.0,4600.0,-208.84,-16887.0,36190.16859041206,0.0,-5951.3997607999045,0.0,0.0,0.0,0.0,-7053.42120602927,-237.34762358288495,-22948.0,29476.580485218034,0.0,-5677.104053755518,0.0,0.0,0.0,0.0,7803.261752469643,-281.73818393215504,-31321.0,17952.904914279505,0.0,-748.4831063465713,0.0,0.0,0.0,0.0,-169.24840042496405,-3.1734075079680757,-17032.0,9929.711156652666,0.0,-143.94614956966046,0.0,0.0,0.0,0.0,-4430.751599575036,-212.01340750796808,-5143.0,33444.83110678964,0.0,-378.6,0.0,0.0,0.0,0.0,-749.8405464403736,-44.39056034927012,-32272.0,13945.0,0.0,-0.0,0.0,0.0,0.0,0.0,0.0,-0.0,-13945.0
t11,16412.696430627602,0.0,-6566.3,0.0,0.0,0.0,0.0,7494.4295571798,-340.82598780739886,-17000.0,37645.952692081075,0.0,-6158.688427115619,0.0,0.0,0.0,0.0,-8243.449587931807,-289.81467703365854,-22954.0,29702.729757223904,0.0,-5660.410424790195,0.0,0.0,0.0,0.0,8192.488134867916,-590.8074673016237,-31644.0,18262.14849855351,0.0,-578.5,0.0,0.0,0.0,0.0,-406.0353360034505,-7.613162550064696,-17270.0,9773.528059963679,0.0,-168.1102334170685,0.0,0.0,0.0,0.0,-4193.9646639965495,-216.4531625500647,-5195.0,35897.17678879379,0.0,-378.6,0.0,0.0,0.0,0.0,-3210.782104115909,-205.79468467788334,-32102.0,15484.5390796,0.0,-1630.3,0.0,0.0,0.0,0.0,367.314,-22.553079600000004,-14199.0
t12,17533.26800749212,0.0,-5809.181896296357,0.0,0.0,0.0,0.0,5823.547662200584,-264.63377339634667,-17283.0,36761.49122249411,0.0,-6158.688427115619,0.0,0.0,0.0,0.0,-7501.381314157101,-252.42148122138644,-22849.0,29718.690525155715,0.0,-5543.052136370732,0.0,0.0,0.0,0.0,9703.368530651494,-511.00691943647575,-33368.0,19181.89314742562,0.0,-610.051551547919,0.0,0.0,0.0,0.0,-933.3414438063322,-17.500152071368728,-17621.0,9193.301535479979,0.0,-36.302827214942766,0.0,0.0,0.0,0.0,-3666.6585561936677,-226.34015207136872,-5264.0,36292.98376447538,0.0,-335.6572209616526,0.0,0.0,0.0,0.0,-3425.534878694978,-202.7916648187427,-32329.0,15325.30114276427,0.0,-797.3011427642707,0.0,0.0,0.0,0.0,0.0,-0.0,-14528.0
t13,16102.417332081093,0.0,-2581.5773320810936,0.0,0.0,0.0,0.0,4600.0,-208.84,-17912.0,36026.46119750136,0.0,-4822.434501376357,0.0,0.0,0.0,0.0,-7730.8825,-260.144196125,-23213.0,27846.779617491673,0.0,-2792.261135242912,0.0,0.0,0.0,0.0,11156.417378694978,-462.9358609437427,-35748.0,20079.06868788958,0.0,-578.5,0.0,0.0,0.0,0.0,-1175.5275463946796,-22.04114149490024,-18303.0,9008.35359510022,0.0,-0.0,0.0,0.0,0.0,0.0,-3424.4724536053204,-230.88114149490025,-5353.0,37441.92654351372,0.0,-378.6,0.0,0.0,0.0,0.0,-3425.534878694978,-202.7916648187427,-33435.0,14919.0,0.0,-0.0,0.0,0.0,0.0,0.0,0.0,-0.0,-14919.0
t14,16426.45975083591,0.0,-1692.761342865263,0.0,0.0,0.0,0.0,3792.480192781633,-172.17860075228614,-18354.0,35252.234667993354,0.0,-2246.9,0.0,0.0,0.0,0.0,-8032.661256235496,-278.67341175785947,-24694.0,26323.518640956714,0.0,-1665.0,0.0,0.0,0.0,0.0,14295.988566663666,-599.5072076203807,-38355.0,20230.23210769287,0.0,-414.97648802519944,0.0,0.0,0.0,0.0,-1421.6007053929206,-53.65491427475205,-18340.0,8782.865187860136,0.0,-0.0,0.0,0.0,0.0,0.0,-3303.5185564261837,-181.34663143395082,-5298.0,39551.12692087588,0.0,-314.0,0.0,0.0,0.0,0.0,-3970.7941548910353,-240.33276598484122,-35026.0,17026.022633568347,0.0,-0.0,0.0,0.0,0.0,0.0,-1359.8940864996641,-237.1285470686833,-15429.0
t15,17533.595966256,0.0,-97.3,0.0,0.0,0.0,0.0,797.5763123496913,-207.87227860569172,-18026.0,32991.21787968985,0.0,-2246.9,0.0,0.0,0.0,0.0,-5605.005721414142,-364.3121582757071,-24775.0,24205.445904033473,0.0,-1665.0,0.0,0.0,0.0,0.0,17988.653673761633,-764.099577795104,-39765.0,18743.565573832777,0.0,-0.0,0.0,0.0,0.0,0.0,-630.4911461609016,-30.074427671875007,-18083.0,7925.827849257306,0.0,-0.0,0.0,0.0,0.0,0.0,-2683.9753675696443,-121.85248168766186,-5120.0,40771.37128425028,0.0,-0.0,0.0,0.0,0.0,0.0,-5551.411657280836,-306.9596269694498,-34913.0,19957.564441291,0.0,-0.0,0.0,0.0,0.0,0.0,-4315.346093685797,-245.21834760520642,-15397.0
t16,17930.92635525272,0.0,-0.0,0.0,0.0,0.0,0.0,-496.54417135260644,-71.38218390011416,-17363.0,29747.983262000613,0.0,-2246.9,0.0,0.0,0.0,0.0,-2995.9262075453344,-492.1570544552786,-24013.0,20635.519757175924,0.0,-1665.0,0.0,0.0,0.0,0.0,22195.796606869073,-945.316364044997,-40221.0,16753.350397534974,0.0,-0.0,0.0,0.0,0.0,0.0,885.2340793251303,-57.58447686009973,-17581.0,6834.097182292851,0.0,-0.0,0.0,0.0,0.0,0.0,-1849.780364686102,-88.31681760674904,-4896.0,45844.88105905889,0.0,-0.0,0.0,0.0,0.0,0.0,-11232.904750474774,-642.9763085841209,-33969.0,22393.77763751827,0.0,-0.0,0.0,0.0,0.0,0.0,-6505.875192135383,-649.902445382889,-15238.0
t17,21052.247437638183,616.3419408737025,-0.0,0.0,0.0,0.0,0.0,-4831.087433478673,-311.5019450332171,-16526.0,23693.203127867087,0.0,-2246.9,0.0,0.0,0.0,0.0,2070.0886548453345,-740.3917827124214,-22776.0,14802.52134676897,0.0,-0.0,0.0,0.0,0.0,0.0,27031.218356264748,-1165.7397030337158,-40668.0,15775.333413218763,578.5,-0.0,0.0,0.0,0.0,0.0,817.197199995737,-44.0306132144963,-17127.0,7134.473635212063,196.3,-0.0,0.0,0.0,0.0,0.0,-2513.5746173423922,-113.19901786967111,-4704.0,49415.69291197308,0.0,-0.0,0.0,0.0,0.0,0.0,-16033.732309233104,-873.96060273998,-32508.0,22176.501504097392,0.0,-0.0,0.0,0.0,0.0,0.0,-6540.1098510516495,-651.3916530457466,-14985.0
t18,20798.743610382266,1261.3363896177352,-0.0,0.0,0.0,0.0,0.0,-5800.0,-683.08,-15577.0,11326.75107983691,0.0,-0.0,0.0,0.0,0.0,0.0,10641.76148516723,-527.5125650041402,-21441.0,12228.54594890915,3283.7098546096113,-0.0,0.0,0.0,0.0,0.0,26445.25955434861,-1225.5153578673662,-40732.0,16850.184061697415,578.5,-0.0,0.0,0.0,0.0,0.0,-374.6235052810039,-530.060556416409,-16524.0,8404.090833061478,196.3,-0.0,0.0,0.0,0.0,0.0,-3746.9141332346267,-313.4766998268508,-4540.0,52945.21834491265,314.0,-0.0,0.0,0.0,0.0,0.0,-21233.575240179347,-1200.6431047333008,-30825.0,21562.411582554214,0.0,-0.0,0.0,0.0,0.0,0.0,-5931.90816082086,-929.5034217333565,-14701.0
t19,19922.128610382264,1529.9513896177355,-0.0,0.0,0.0,0.0,0.0,-5800.0,-683.08,-14969.0,5384.929203707103,4423.197901892899,-0.0,0.0,0.0,0.0,0.0,10888.988,-538.1151056,-20159.0,12953.193256845207,3082.5974833527944,-0.0,0.0,0.0,0.0,0.0,26397.104189647165,-1223.8949298451628,-41209.0,16510.006363343335,578.5,-0.0,0.0,0.0,0.0,0.0,-97.82779153733463,-478.67857180599657,-16512.0,9293.415034259,82.46421534049887,-0.0,0.0,0.0,0.0,0.0,-4574.927806139616,-297.95144345988217,-4503.0,50712.143657507884,314.0,-0.0,0.0,0.0,0.0,0.0,-20682.357281018027,-1164.7863764898568,-29179.0,21497.705701303606,0.0,-0.0,0.0,0.0,0.0,0.0,-6130.979310952185,-941.7263903514199,-14425.0
t20,19671.065381153065,1599.2192651134355,-0.0,0.0,0.0,0.0,0.0,-5757.483596438568,-685.8010498279317,-14827.0,5762.127700254435,3556.99940534557,-0.0,0.0,0.0,0.0,0.0,10888.988,-538.1151056,-19670.0,12500.505709230818,3877.2850309671717,-0.0,0.0,0.0,0.0,0.0,26397.104189647165,-1223.8949298451628,-41551.0,15600.017819458002,732.2873011812,-0.0,0.0,0.0,0.0,0.0,914.6516487592876,-513.9567693984858,-16733.0,9783.081190816403,0.0,-0.0,0.0,0.0,0.0,0.0,-4877.98725739562,-288.09393342078147,-4617.0,50714.18497455728,378.6000000004731,-0.0,0.0,0.0,0.0,0.0,-21329.877413453003,-1206.907561104752,-28556.0,21437.828488281917,0.0,-0.0,0.0,0.0,0.0,0.0,-6235.395571119259,-941.4329171626567,-14261.0
t21,19733.806268860557,1573.916584474753,-0.0,0.0,0.0,0.0,0.0,-5684.2338176659305,-690.4890356693805,-14933.0,6273.734895590911,3324.3922100090904,-0.0,0.0,0.0,0.0,0.0,10888.988,-538.1151056,-19949.0,12533.125204001137,4173.665536196866,-0.0,0.0,0.0,0.0,0.0,26397.104189647165,-1223.8949298451628,-41880.0,13712.189128937818,695.4174035247349,-0.0,0.0,0.0,0.0,0.0,2850.177156944734,-641.7836894072863,-16616.0,9268.755182961857,118.20922876711822,-0.0,0.0,0.0,0.0,0.0,-4497.837580399445,-271.1268313295306,-4618.0,53141.47180759123,349.15923739748087,-0.0,0.0,0.0,0.0,0.0,-23288.326378694976,-1334.3046662937425,-28868.0,21820.59555592459,0.0,-0.0,0.0,0.0,0.0,0.0,-6665.871569831545,-928.7239860930448,-14226.0
t22,19823.42755340017,1670.7763474460596,-0.0,0.0,0.0,0.0,0.0,-6065.162267804551,-671.0416330416733,-14758.0,6831.227105600001,2246.9,-0.0,0.0,0.0,0.0,0.0,10888.988,-538.1151056,-19429.0,12581.574161632358,4246.216578565651,-0.0,0.0,0.0,0.0,0.0,26397.104189647165,-1223.8949298451628,-42001.0,11571.362834475463,974.4831063465713,-0.0,0.0,0.0,0.0,0.0,3985.119475210325,-613.9654160323608,-15917.0,9067.306009084718,27.871690237735315,-0.0,0.0,0.0,0.0,0.0,-4246.723932537187,-198.45376678526577,-4650.0,52952.3948536227,314.0,-52.76380863399617,0.0,0.0,0.0,0.0,-23288.326378694976,-1334.3046662937425,-28591.0,22627.95235441096,0.0,-0.0,0.0,0.0,0.0,0.0,-7670.999085820771,-866.9532685901884,-14090.0
t23,19509.036920742554,1758.853581842661,-0.0,0.0,0.0,0.0,0.0,-6032.359629777085,-672.5308728081204,-14563.0,7711.959331949074,492.92869405092733,-0.0,0.0,0.0,0.0,0.0,10521.673999999999,-515.562026,-18211.0,12619.672340844409,3593.1183993535888,-0.0,0.0,0.0,0.0,0.0,26397.104189647165,-1223.8949298451628,-41386.0,11180.207661200166,974.4831063465713,-0.0,0.0,0.0,0.0,0.0,4509.497880919178,-576.1886484659142,-16088.0,8815.365320287008,38.47578847463301,-0.0,0.0,0.0,0.0,0.0,-3838.631316190411,-208.20979257122985,-4807.0,52337.567406014976,107.06363897372901,-0.0,0.0,0.0,0.0,0.0,-23288.326378694976,-1334.3046662937425,-27822.0,22851.315381308097,0.0,-0.0,0.0,0.0,0.0,0.0,-8268.958745903868,-798.3566354042247,-13784.0
t24,20247.284860382264,1516.7951396177411,-0.0,0.0,0.0,0.0,0.0,-5800.0,-683.08,-15281.0,6124.620629614154,2052.9630184664325,-0.0,0.0,0.0,0.0,0.0,10725.492855656737,-528.0765037373237,-18375.0,12494.167171220988,3069.6235689770115,-0.0,0.0,0.0,0.0,0.0,26397.104189647165,-1223.8949298451628,-40737.0,11757.685807922164,974.4831063465713,-0.0,0.0,0.0,0.0,0.0,4389.807499234323,-578.9764135030562,-16543.0,9070.856114057546,27.871690237735315,-0.0,0.0,0.0,0.0,0.0,-3970.0767432308603,-220.65106106442136,-4908.0,53291.89468396257,81.33636102612923,-64.6,0.0,0.0,0.0,0.0,-23288.326378694976,-1334.3046662937425,-28686.0,23025.768159489766,0.0,-0.0,0.0,0.0,0.0,0.0,-8454.001422612386,-811.7667368773785,-13760.0
t25,19311.117059330383,1246.650462424248,-0.0,0.0,0.0,0.0,0.0,-3816.7601728147756,-810.0073489398544,-15931.0,4589.778130326025,1868.1031655047268,-0.0,0.0,0.0,0.0,0.0,13058.22876139002,-611.1100572207741,-18905.0,11190.026453208802,0.0,-0.0,0.0,0.0,0.0,0.0,24227.863428257144,-1296.889881465937,-34121.0,25782.24902920319,0.0,-289.24999999864184,0.0,0.0,0.0,0.0,-8014.042336921833,-668.9566922827156,-16810.0,13499.300722053984,0.0,-0.9692848430997234,0.0,0.0,0.0,0.0,-8360.620163078165,-318.71127413271563,-4819.0,38334.240755360006,0.0,-0.0,0.0,0.0,0.0,0.0,-5966.607633188123,-1240.6331221718895,-31127.0,25768.044078813688,0.0,-0.0,0.0,0.0,0.0,0.0,-11128.061883644263,-974.9821951694212,-13665.0
t26,19122.45912724195,1282.8657634097053,-0.0,0.0,0.0,0.0,0.0,-3618.63770368766,-822.6871869639898,-15964.0,5302.423726214811,571.1,-0.0,0.0,0.0,0.0,0.0,14838.492195565985,-671.0159217807953,-20041.0,11253.895928359327,204.29982358546994,-0.0,0.0,0.0,0.0,0.0,22447.59999408118,-1356.795746025958,-32549.0,26620.847995380944,0.0,-848.2754220426312,0.0,0.0,0.0,0.0,-8124.690534765157,-666.8820385731533,-16981.0,13375.608585658,0.0,-0.0,0.0,0.0,0.0,0.0,-8249.971965234843,-316.6366204231533,-4809.0,41320.10580266455,0.0,-0.0,0.0,0.0,0.0,0.0,-6722.5170433847015,-1188.588759279855,-33409.0,25225.89261287632,0.0,-0.0,0.0,0.0,0.0,0.0,-10570.2749425748,-935.6176703015221,-13720.0
t27,19111.41745208284,1279.196863453928,-0.0,0.0,0.0,0.0,0.0,-3546.2973456589393,-827.3169698778279,-16017.0,4363.333455694059,696.7251659651611,-0.0,0.0,0.0,0.0,0.0,15996.939036312702,-709.9976579719224,-20347.0,11071.847305161049,33.777023721631984,-0.0,0.0,0.0,0.0,0.0,21289.15315333446,-1395.7774822170852,-30999.0,27226.779880735805,0.0,-804.5,0.0,0.0,0.0,0.0,-8588.086516826295,-658.193363909507,-17176.0,12989.700036816095,0.8238921171185998,-0.0,0.0,0.0,0.0,0.0,-7786.575983173705,-307.947945759507,-4896.0,41058.705409935836,0.0,-0.0,0.0,0.0,0.0,0.0,-5625.593462083389,-1264.1119478524506,-34169.0,26088.309523692787,0.0,-0.0,0.0,0.0,0.0,0.0,-11739.538881904835,-1015.7706417879557,-13333.0
t28,19101.02400870133,1160.9682058988583,-0.0,0.0,0.0,0.0,0.0,-2876.1976038639878,-812.7946107361979,-16573.0,5198.231837618876,0.0,-0.0,0.0,0.0,0.0,0.0,16323.763462287085,-720.9952999059603,-20801.0,11231.363403663256,0.0,-0.0,0.0,0.0,0.0,0.0,20438.526331224064,-1382.8897348873209,-30287.0,27731.23291428986,0.0,-804.5,0.0,0.0,0.0,0.0,-8880.013175225335,-652.719739064525,-17394.0,12822.123645689193,0.0,-0.0,0.0,0.0,0.0,0.0,-7494.649324774666,-302.474320914525,-5025.0,41259.7039403011,44.248637957199996,-0.0,0.0,0.0,0.0,0.0,-5886.826526919844,-1246.1260513384605,-34171.0,26189.750938123456,0.0,-0.0,0.0,0.0,0.0,0.0,-11624.603162727319,-1007.147775396138,-13558.0
t29,20515.184811043935,810.8567028652415,-0.0,0.0,0.0,0.0,0.0,-3191.853016363024,-827.1884975461539,-17307.0,5777.882806962803,1016.3123940753019,-0.0,0.0,0.0,0.0,0.0,15826.05211192828,-704.2473129663865,-21916.0,11090.642540675799,0.0,-0.0,0.0,0.0,0.0,0.0,21251.893094081905,-1380.5356347577033,-30962.0,27568.259704217093,0.0,-748.4831063465713,0.0,0.0,0.0,0.0,-8667.064062950853,-656.7125349196715,-17496.0,13174.06555381882,0.0,-0.0,0.0,0.0,0.0,0.0,-7707.598437049148,-306.4671167696715,-5160.0,41457.16897010004,64.6,-0.0,0.0,0.0,0.0,0.0,-5902.73845501062,-1245.0305150894105,-34374.0,25950.132175456227,405.6112983274012,-0.0,0.0,0.0,0.0,0.0,-11608.691234636543,-1006.052239147088,-13741.0
t30,19366.313914547714,609.8480091497413,-0.0,0.0,0.0,0.0,0.0,-1118.517524576756,-732.6443991207001,-18125.0,5512.2903638576645,571.1,-0.0,0.0,0.0,0.0,0.0,17480.530134570636,-759.9204984283019,-22804.0,12507.455797161036,1848.1293449798504,-0.0,0.0,0.0,0.0,0.0,17524.079579653284,-1341.6647217941647,-30538.0,27274.298317614797,0.0,-666.8557089111388,0.0,0.0,0.0,0.0,-8443.538978449587,-660.9036302540702,-17503.0,13527.61309476403,0.0,-58.83136110954677,0.0,0.0,0.0,0.0,-7931.123521550412,-310.65821210407023,-5227.0,40926.42031792684,64.6,-0.0,0.0,0.0,0.0,0.0,-5122.253407302727,-1298.766910624099,-34570.0,25665.120777490916,1523.8441395352947,-0.0,0.0,0.0,0.0,0.0,-12389.176282344435,-1059.7886346817763,-13740.0
t31,20542.18862102582,0.0,-0.0,0.0,0.0,0.0,0.0,-1008.5583598181138,-727.630261207706,-18806.0,5393.388801725001,0.0,-0.0,0.0,0.0,0.0,0.0,18619.870499999997,-798.2593017249999,-23215.0,15394.373363447728,0.0,-0.0,0.0,0.0,0.0,0.0,15012.91352551211,-1300.286888959841,-29107.0,27125.439839434122,0.0,-748.4831063465713,0.0,0.0,0.0,0.0,-8588.77630266247,-658.1804304250787,-17130.0,13543.992899850344,0.0,-224.17169023773533,0.0,0.0,0.0,0.0,-7785.88619733753,-307.93501227507863,-5226.0,39069.227022817526,64.6,-0.0,0.0,0.0,0.0,0.0,-3344.2248547418076,-1259.602168075715,-34530.0,26394.904165791115,1519.7605355125033,-0.0,0.0,0.0,0.0,0.0,-12905.338310952186,-1095.32639035142,-13914.0
t32,18485.98982846952,0.0,-2314.7270906414965,0.0,0.0,0.0,0.0,3406.979018909695,-263.24175673771794,-19315.0,11682.072669130297,0.0,-2246.9,0.0,0.0,0.0,0.0,14286.260661530192,-652.4333306604909,-23069.0,21835.50069685294,0.0,-1975.2350805406074,0.0,0.0,0.0,0.0,10367.317630512298,-715.5832468246289,-29512.0,29065.053017446568,0.0,-974.4831063465713,0.0,0.0,0.0,0.0,-10460.484,-623.0859111,-17007.0,11649.190683187735,0.0,-224.17169023773533,0.0,0.0,0.0,0.0,-5914.1785,-272.84049295,-5238.0,38488.6616929,0.0,-0.0,0.0,0.0,0.0,0.0,-3367.735999999999,-980.9256929,-34140.0,23151.297892728606,0.0,-0.0,0.0,0.0,0.0,0.0,-8318.158810952185,-791.13908177642,-14042.0
t33,19310.127624634308,0.0,-4033.287624634307,0.0,0.0,0.0,0.0,4600.0,-208.84,-19668.0,23375.408469678263,0.0,-6158.688427115619,0.0,0.0,0.0,0.0,6009.7581045608395,-294.47814712348116,-22932.0,26171.373083704708,0.0,-5677.104053755518,0.0,0.0,0.0,0.0,10720.793296144584,-471.06232609377497,-30744.0,29579.630369190774,0.0,-748.4831063465713,0.0,0.0,0.0,0.0,-11152.093670423754,-636.0535924204454,-17043.0,10993.54869408443,0.0,-224.17169023773533,0.0,0.0,0.0,0.0,-5222.5688295762475,-285.80817427044536,-5261.0,33703.2746905592,0.0,-0.0,0.0,0.0,0.0,0.0,844.3188947075932,-777.5935852667899,-33770.0,22310.541087413483,0.0,-1630.3,0.0,0.0,0.0,0.0,-5800.207795413016,-675.0332920004662,-14205.0
t34,19520.091656131845,0.0,-4045.251656131849,0.0,0.0,0.0,0.0,4600.0,-208.84,-19866.0,28568.467389069163,0.0,-6158.688427115619,0.0,0.0,0.0,0.0,298.86544484380255,-14.644406797346326,-22694.0,27240.933947896596,0.0,-5677.104053755518,0.0,0.0,0.0,0.0,11390.345677120196,-539.1755712612686,-32415.0,30139.59468346641,0.0,-578.5,0.0,0.0,0.0,0.0,-11733.14635324311,-646.9483302233083,-17181.0,10446.15596373258,0.0,-177.93690490238023,0.0,0.0,0.0,0.0,-4641.5161467568905,-296.7029120733083,-5330.0,30105.45334895435,0.0,-64.6,0.0,0.0,0.0,0.0,4071.9175037842156,-644.7708527385677,-33468.0,20657.901655118265,0.0,-1630.3,0.0,0.0,0.0,0.0,-3986.466125748213,-596.1355293700473,-14445.0
t35,19572.776042947873,0.0,-4046.9360429478743,0.0,0.0,0.0,0.0,4600.0,-208.84,-19917.0,28525.375572347766,0.0,-6158.688427115619,0.0,0.0,0.0,0.0,420.9388588515766,-20.626004083727253,-22767.0,26720.085855096713,0.0,-5677.104053755518,0.0,0.0,0.0,0.0,12522.529112654804,-598.5109139959951,-32967.0,28804.120383224013,0.0,-0.0,0.0,0.0,0.0,0.0,-10785.684118669937,-589.4362645540735,-17429.0,10417.306884321206,0.0,-53.76393614290147,0.0,0.0,0.0,0.0,-4730.508645455596,-295.0343027227076,-5338.0,31831.543352904853,0.0,-64.6,0.0,0.0,0.0,0.0,2448.9945265789784,-632.9378794838359,-33583.0,20647.01286305135,0.0,-797.3011427642707,0.0,0.0,0.0,0.0,-4476.269733959825,-617.4419863272524,-14756.0
t36,18961.042538150912,0.0,-1969.0061053318973,0.0,0.0,0.0,0.0,3287.6468699129564,-268.6833027319692,-20011.0,28201.624694801943,0.0,-5765.2712273656,0.0,0.0,0.0,0.0,819.8175947041626,-40.17106214050397,-23216.0,25471.941310139056,0.0,-5402.236809950721,0.0,0.0,0.0,0.0,13964.278451626102,-663.9829518144294,-33370.0,27303.37679821497,0.0,-0.0,0.0,0.0,0.0,0.0,-8742.998299847575,-438.37849836739343,-18122.0,9929.226340922794,0.0,-0.0,0.0,0.0,0.0,0.0,-4337.829300481828,-302.3970404409657,-5289.0,35508.96902766706,0.0,-21.657220961652605,0.0,0.0,0.0,0.0,-385.249373069737,-494.0624336356744,-34608.0,20173.736664257798,0.0,-0.0,0.0,0.0,0.0,0.0,-4605.66594284408,-623.0707214137175,-14945.0
t37,18875.05554407521,0.0,-261.7156291685018,0.0,0.0,0.0,0.0,2064.1355060188243,-324.47542092554164,-20353.0,26742.717683347753,0.0,-3378.0876857552557,0.0,0.0,0.0,0.0,1013.007363204524,-49.63736079702168,-24328.0,23970.656362408918,0.0,-1665.0,0.0,0.0,0.0,0.0,13093.706664351843,-611.3630267607637,-34788.0,25929.90457585047,0.0,-0.0,0.0,0.0,0.0,0.0,-7188.317018966736,-299.5875568837313,-18442.0,9132.109292665362,0.0,-0.0,0.0,0.0,0.0,0.0,-3524.4616079901757,-317.6476846751842,-5290.0,38100.1207264366,0.0,-64.6,0.0,0.0,0.0,0.0,-1843.3399511583218,-284.1807752782827,-35908.0,19412.69600492247,0.0,-0.0,0.0,0.0,0.0,0.0,-3614.730955459958,-579.9650494625081,-15218.0
t38,22030.710665465132,0.0,-0.0,0.0,0.0,0.0,0.0,-1736.8516961131227,-286.8589693520082,-20007.0,25253.237039175805,0.0,-2246.9,0.0,0.0,0.0,0.0,1918.6781922441642,-94.01523141996405,-24831.0,21576.097002237097,0.0,-1107.4966901394787,0.0,0.0,0.0,0.0,15944.421533124567,-702.0218452222005,-35711.0,24247.16974005174,0.0,-0.0,0.0,0.0,0.0,0.0,-5652.294679006647,-291.8750610450954,-18303.0,8671.97694869622,0.0,-0.0,0.0,0.0,0.0,0.0,-3197.908538715057,-175.06840998116277,-5299.0,36509.4625657835,0.0,-64.6,0.0,0.0,0.0,0.0,28.838635266003166,-220.7012010495004,-36253.0,23039.370129635703,0.0,-0.0,0.0,0.0,0.0,0.0,-7304.883446799908,-740.4866828357959,-14994.0
t39,21717.29906593159,0.0,-0.0,0.0,0.0,0.0,0.0,-2115.120909069134,-366.178156862454,-19236.0,23106.772981115075,0.0,-0.0,0.0,0.0,0.0,0.0,1605.9169494058076,-78.68993052088457,-24634.0,18816.451417028205,0.0,-0.0,0.0,0.0,0.0,0.0,17555.164319453477,-797.6157364816834,-35574.0,22562.018620513376,214.43044887330075,-0.0,0.0,0.0,0.0,0.0,-4716.294049262998,-184.1550201236812,-17876.0,8185.482662683931,0.0,-0.0,0.0,0.0,0.0,0.0,-2868.4814772084464,-225.0011854754848,-5092.0,39003.529001586205,0.0,-0.0,0.0,0.0,0.0,0.0,-3089.9823965919086,-166.54660499430176,-35747.0,21839.073995624414,0.0,-0.0,0.0,0.0,0.0,0.0,-6371.202436726799,-699.8715588976157,-14768.0
t40,20375.101998325397,150.11358488631376,-0.0,0.0,0.0,0.0,0.0,-1703.7338056526164,-383.4817775590942,-18438.0,17976.11527865487,0.0,-0.0,0.0,0.0,0.0,0.0,6216.492872076897,-304.6081507317679,-23888.0,13878.99606829924,4203.4288773375965,-0.0,0.0,0.0,0.0,0.0,17609.599214892,-821.0241605288414,-34871.0,22371.098353968646,974.4831063465713,-0.0,0.0,0.0,0.0,0.0,-5812.865721340093,-204.71573897512673,-17328.0,7269.853074980512,25.90574468697841,-0.0,0.0,0.0,0.0,0.0,-2168.205108564687,-263.55371110280373,-4864.0,44270.65837051781,0.0,-0.0,0.0,0.0,0.0,0.0,-9042.73659159083,-471.9217789269927,-34756.0,20056.062075122878,0.0,-0.0,0.0,0.0,0.0,0.0,-5098.550859820674,-644.5112153021993,-14313.0
t41,20727.474279067384,293.3076192889098,-0.0,0.0,0.0,0.0,0.0,-3390.822042066926,-277.9598562893717,-17352.0,8816.671456317812,3573.455649282188,-0.0,0.0,0.0,0.0,0.0,10888.988,-538.1151056,-22741.0,11273.076516176561,5677.104053755518,-0.0,0.0,0.0,0.0,0.0,18474.714793087947,-853.8953630200368,-34571.0,20844.817466618177,169.98310634657133,-0.0,0.0,0.0,0.0,0.0,-4147.313930075828,-173.48664288892178,-16694.0,6521.7290357922075,85.34679085098225,-0.0,0.0,0.0,0.0,0.0,-1828.7772860903249,-141.2985405528651,-4637.0,47163.60843986142,0.0,-0.0,0.0,0.0,0.0,0.0,-13087.169103721128,-667.4393361402907,-33409.0,21532.48809338806,0.0,-0.0,0.0,0.0,0.0,0.0,-6909.620431133741,-729.8676622543177,-13893.0
t42,19525.107104694525,855.4131929331943,-0.0,0.0,0.0,0.0,0.0,-3682.7044215424244,-420.8158760852972,-16277.0,5918.159924939864,4282.996706195889,-0.0,0.0,0.0,0.0,0.0,11747.859500454544,-567.0161315902953,-21382.0,11201.50449408527,2301.0661185718554,-0.0,0.0,0.0,0.0,0.0,21475.21348446876,-1067.7840971258931,-33910.0,21235.048279601273,302.6526574730094,-0.0,0.0,0.0,0.0,0.0,-5317.2774776680035,-195.42345940627507,-16025.0,6649.862967920769,156.40129262883366,-0.0,0.0,0.0,0.0,0.0,-2082.39817027664,-227.8660902729619,-4496.0,46387.56256951372,0.0,-0.0,0.0,0.0,0.0,0.0,-13947.208878694977,-718.3536908187426,-31722.0,22550.19976583951,0.0,-0.0,0.0,0.0,0.0,0.0,-8193.484036741258,-785.7157290982447,-13571.0
t43,19014.46570483961,939.5544198609236,-0.0,0.0,0.0,0.0,0.0,-3869.0748216646434,-407.94530303589045,-15677.0,6083.96853036926,3699.158575230739,-0.0,0.0,0.0,0.0,0.0,10888.988,-538.1151056,-20134.0,11345.66715761135,949.1244544303136,-0.0,0.0,0.0,0.0,0.0,22410.305287883042,-1042.0968999247189,-33663.0,20791.78310977089,804.5,-0.0,0.0,0.0,0.0,0.0,-5058.707831235231,-190.57527853566057,-16347.0,6749.966356548505,109.23270650171344,-0.0,0.0,0.0,0.0,0.0,-2076.2957606999985,-210.90330235022122,-4572.0,44877.56256951371,0.0,-0.0,0.0,0.0,0.0,0.0,-13947.208878694977,-718.3536908187426,-30212.0,22414.69151947285,0.0,-0.0,0.0,0.0,0.0,0.0,-8348.005995588193,-789.6855238846464,-13277.0
t44,18913.346653952965,992.8319653251069,-0.0,0.0,0.0,0.0,0.0,-3896.5893051286403,-394.5893141494336,-15615.0,6246.073382461014,3538.0537231389862,-0.0,0.0,0.0,0.0,0.0,10888.988,-538.1151056,-20135.0,11285.934571865331,1364.8324229039772,-0.0,0.0,0.0,0.0,0.0,22277.263185276548,-1036.0301800458626,-33892.0,21406.671107349575,578.5,-0.0,0.0,0.0,0.0,0.0,-4983.99666321431,-189.17444413526832,-16812.0,6854.380954369896,62.583329750538525,-0.0,0.0,0.0,0.0,0.0,-2020.2975272864328,-203.66675683400203,-4693.0,44617.56256951371,0.0,-0.0,0.0,0.0,0.0,0.0,-13947.208878694977,-718.3536908187426,-29952.0,22328.297892728606,0.0,-0.0,0.0,0.0,0.0,0.0,-8318.158810952185,-791.13908177642,-13219.0
t45,18894.63949702803,918.3136777336927,-0.0,0.0,0.0,0.0,0.0,-3796.715909823318,-363.237264938409,-15653.0,6385.394127213294,3792.7329783867044,-0.0,0.0,0.0,0.0,0.0,10888.988,-538.1151056,-20529.0,11262.819991441538,2575.3193771296005,-0.0,0.0,0.0,0.0,0.0,21882.908225299776,-1018.0475938709217,-34703.0,20538.438546750782,739.1533001525195,-0.0,0.0,0.0,0.0,0.0,-4383.673462776245,-177.9183841270546,-16716.0,7151.180396842753,0.0,-0.0,0.0,0.0,0.0,0.0,-2326.1391630530484,-179.04123378970456,-4646.0,44901.56256951372,0.0,-0.0,0.0,0.0,0.0,0.0,-13947.208878694977,-718.3536908187426,-30236.0,22395.29789272861,0.0,-0.0,0.0,0.0,0.0,0.0,-8318.158810952185,-791.13908177642,-13286.0
t46,18801.88975798242,1243.7940438113378,-0.0,0.0,0.0,0.0,0.0,-4334.521392732277,-494.16240906148346,-15217.0,8596.689432938705,879.4376726612948,-0.0,0.0,0.0,0.0,0.0,10888.988,-538.1151056,-19827.0,11286.664034033141,2743.267202096327,-0.0,0.0,0.0,0.0,0.0,23589.9578192244,-1095.8890553538847,-36524.0,20753.553771946645,715.7090011747368,-0.0,0.0,0.0,0.0,0.0,-5515.129586671297,-199.13318645008684,-15755.0,7005.366131548487,122.90073737802732,-0.0,0.0,0.0,0.0,0.0,-2363.9271501736657,-253.3397187528481,-4511.0,44293.56256951372,0.0,-0.0,0.0,0.0,0.0,0.0,-13947.208878694977,-718.3536908187426,-29628.0,22350.297892728606,0.0,-0.0,0.0,0.0,0.0,0.0,-8318.158810952185,-791.13908177642,-13241.0
t47,20032.744069554712,1223.8085611287618,-0.0,0.0,0.0,0.0,0.0,-5900.346076161575,-584.2065545219,-14772.0,6707.675034669466,1074.4520709305352,-0.0,0.0,0.0,0.0,0.0,10888.988,-538.1151056,-18133.0,11345.121733115693,648.8651056237948,-0.0,0.0,0.0,0.0,0.0,25360.645578434363,-1176.6324171738593,-36178.0,20306.258943376153,608.5942913410728,-0.0,0.0,0.0,0.0,0.0,-4705.893229955558,-183.9600047616667,-16025.0,6997.896558862057,67.80828625779286,-0.0,0.0,0.0,0.0,0.0,-2241.5823581491486,-192.12248697070135,-4632.0,43311.56256951372,0.0,-0.0,0.0,0.0,0.0,0.0,-13947.208878694977,-718.3536908187426,-28646.0,23163.397283515358,0.0,-0.0,0.0,0.0,0.0,0.0,-9454.603035473108,-735.7942480422511,-12973.0
t48,19477.875992304966,1162.7624626791471,-0.0,0.0,0.0,0.0,0.0,-4739.86243216179,-627.776022822325,-15273.0,6959.929633492786,946.1974721072108,-0.0,0.0,0.0,0.0,0.0,10888.988,-538.1151056,-18257.0,11226.599775360475,0.0,-0.0,0.0,0.0,0.0,0.0,25260.46437912486,-1172.0641544853456,-35315.0,21998.117391537395,747.248112037606,-0.0,0.0,0.0,0.0,0.0,-6140.5064999999995,-210.85900357500003,-16394.0,6468.629520509362,188.41129436368408,-0.0,0.0,0.0,0.0,0.0,-1689.5372573159048,-258.50355755714213,-4709.0,43981.56256951372,0.0,-0.0,0.0,0.0,0.0,0.0,-13947.208878694977,-718.3536908187426,-29316.0,23254.47589977861,0.0,-0.0,0.0,0.0,0.0,0.0,-9632.337310952185,-727.13858882642,-12895.0
t49,25785.677048455545,0.0,-0.0,0.0,0.0,0.0,0.0,-7302.680482481787,-427.9965659737564,-18055.0,11184.611508030282,2238.4205648502825,-0.0,0.0,0.0,0.0,0.0,7464.74019676071,-365.7722696412748,-20522.0,20732.649918167674,4161.102027369758,-0.0,0.0,0.0,0.0,0.0,11001.333884432577,-496.0858299700117,-35399.0,18878.33912825112,0.0,-226.0,0.0,0.0,0.0,0.0,893.4123533746584,-16.751481625774844,-19529.0,8429.33951775919,211.28989069390587,-0.0,0.0,0.0,0.0,0.0,-3251.484655271218,-128.14475318187863,-5261.0,43069.51246640198,0.0,-0.0,0.0,0.0,0.0,0.0,-7464.74019676071,-365.7722696412748,-35239.0,17252.063635606595,0.0,-0.0,0.0,0.0,0.0,0.0,-1340.5811000542312,-179.48253555235902,-15732.0
t50,26635.779528100884,0.0,-0.0,0.0,0.0,0.0,0.0,-8184.563435444612,-373.2160926562743,-18078.0,12504.690023463327,2246.9,-0.0,0.0,0.0,0.0,0.0,7109.789670385562,-348.37969384889254,-21513.0,20090.702257554745,4282.089310321187,-0.0,0.0,0.0,0.0,0.0,9991.004720688456,-451.79628856438154,-33912.0,17287.749738650433,0.0,-146.48815660541186,0.0,0.0,0.0,0.0,2771.7079418649455,-51.96952390996773,-19861.0,9492.984768487177,27.871690237735315,-0.0,0.0,0.0,0.0,0.0,-4085.8864418649455,-115.97001685996773,-5319.0,45272.169364234454,0.0,-0.0,0.0,0.0,0.0,0.0,-7109.789670385562,-348.37969384889254,-37814.0,16209.84347410195,0.0,-0.0,0.0,0.0,0.0,0.0,-492.26278524384406,-142.5806888581072,-15575.0
t51,26113.24356483322,0.0,-0.0,0.0,0.0,0.0,0.0,-7917.218405540566,-361.02515929264985,-17835.0,11424.003704410985,4955.538672911096,-0.0,0.0,0.0,0.0,0.0,5873.246711543553,-287.7890888656341,-21965.0,19934.4813900377,4084.779903186548,-0.0,0.0,0.0,0.0,0.0,8728.03436009136,-396.2956533156094,-32351.0,16441.005276893797,153.78730118119998,-0.0,0.0,0.0,0.0,0.0,3753.1915,-96.98407807500001,-20251.0,9018.21143797766,104.82246998169396,-0.0,0.0,0.0,0.0,0.0,-3619.6348097018717,-91.39909825748114,-5412.0,44837.03580040918,0.0,-0.0,0.0,0.0,0.0,0.0,-5873.246711543553,-287.7890888656341,-38676.0,16027.75279645436,0.0,-0.0,0.0,0.0,0.0,0.0,-944.3726448489224,-117.38015160544069,-14966.0
t52,26610.07208303865,0.0,-0.0,0.0,0.0,0.0,0.0,-8431.59151017468,-384.4805728639654,-17794.0,11825.020246781263,4850.218333295508,-0.0,0.0,0.0,0.0,0.0,5962.945762274686,-292.18434235145963,-22346.0,19738.97963696112,3882.2185427986356,-0.0,0.0,0.0,0.0,0.0,8516.997556102055,-388.19573586180616,-31750.0,14791.592827927356,226.0,-0.0,0.0,0.0,0.0,0.0,5712.922882930114,-227.5157108574686,-20503.0,8303.199725877432,93.55217329454948,-0.0,0.0,0.0,0.0,0.0,-2782.5785513344613,-52.17334783752115,-5562.0,47085.3253579944,0.0,-0.0,0.0,0.0,0.0,0.0,-8012.798119786781,-425.52723820762145,-38647.0,15987.612650172558,0.0,-0.0,0.0,0.0,0.0,0.0,-965.8980200109306,-45.71463016162642,-14976.0
t53,27341.008497414317,0.0,-0.0,0.0,0.0,0.0,0.0,-8981.454186509482,-409.5543109048324,-17950.0,13879.200901223514,5237.526206122,-0.0,0.0,0.0,0.0,0.0,4338.87791025708,-212.60501760259692,-23243.0,19517.12935200956,3922.270781259546,-0.0,0.0,0.0,0.0,0.0,9132.734888157409,-416.13502142651726,-32156.0,16042.331899372917,226.0,-0.0,0.0,0.0,0.0,0.0,4624.4733834542485,-212.80528282716074,-20680.0,7043.430645976742,196.3,-0.0,0.0,0.0,0.0,0.0,-1556.5454193636738,-29.18522661306888,-5654.0,45330.95262946435,0.0,-0.0,0.0,0.0,0.0,0.0,-6487.574874347654,-352.3777551166888,-38491.0,16013.939730869615,0.0,-0.0,0.0,0.0,0.0,0.0,-1070.5117016479276,-50.42802922168485,-14893.0
t54,26362.796946162147,0.0,-0.0,0.0,0.0,0.0,0.0,-8104.243445067086,-369.5535010950591,-17889.0,12829.745547378736,5409.928757063861,-0.0,0.0,0.0,0.0,0.0,6035.042792384228,-295.7170968268272,-23979.0,19949.95320923095,3328.7558870870193,-0.0,0.0,0.0,0.0,0.0,8619.247062118837,-391.9561584368103,-31506.0,14438.379447669004,226.0,-0.0,0.0,0.0,0.0,0.0,5866.045802803357,-234.42525047235844,-20296.0,8833.291609992208,27.871690237735315,-0.0,0.0,0.0,0.0,0.0,-3060.9711234909337,-64.19217673900846,-5736.0,46816.055364411775,0.0,-0.0,0.0,0.0,0.0,0.0,-8147.897095187585,-433.1582692241856,-38235.0,15959.529386966578,0.0,-0.0,0.0,0.0,0.0,0.0,-1207.223993560818,-77.30539340575965,-14675.0
t55,26223.257665876576,0.0,-0.0,0.0,0.0,0.0,0.0,-8044.431585574385,-366.826080302192,-17812.0,15803.7900722048,571.1,-0.0,0.0,0.0,0.0,0.0,8273.512016609042,-405.4020888138431,-24243.0,20257.448764539677,1665.0,-0.0,0.0,0.0,0.0,0.0,8126.967633863074,-370.41639840274996,-29679.0,15244.482050515871,0.0,-0.0,0.0,0.0,0.0,0.0,4674.445860557733,-140.92791107360387,-19778.0,9110.085073972718,0.0,-0.0,0.0,0.0,0.0,0.0,-3314.543902877578,-76.54117109513804,-5719.0,46292.91410542289,0.0,-0.0,0.0,0.0,0.0,0.0,-8273.512016609042,-405.4020888138431,-37614.0,16037.223887488146,0.0,-0.0,0.0,0.0,0.0,0.0,-1442.438005968844,-114.78588151929988,-14480.0
t56,28412.94545647664,0.0,-0.0,0.0,0.0,0.0,0.0,-10336.596649269928,-471.3488072067087,-17605.0,12702.21310085804,0.0,-0.0,0.0,0.0,0.0,0.0,11666.050145953288,-564.2632468113281,-23804.0,18146.97799404031,0.0,-0.0,0.0,0.0,0.0,0.0,12332.126715612601,-618.1047096529112,-29861.0,15700.066715354287,0.0,-226.0,0.0,0.0,0.0,0.0,3891.5154133893857,-103.5821287436737,-19262.0,9419.761175699325,164.9042360378394,-0.0,0.0,0.0,0.0,0.0,-3827.159844294998,-101.5055674421664,-5656.0,47802.236026,0.0,-0.0,0.0,0.0,0.0,0.0,-10521.673999999999,-515.562026,-36765.0,19002.964854315742,0.0,-1199.7280546546688,0.0,0.0,0.0,0.0,-3204.26178139035,-241.97501827071446,-14357.0
t57,30114.284541075514,0.0,-0.0,0.0,0.0,0.0,0.0,-12163.944671357138,-607.3398697183734,-17343.0,15867.2901246667,0.0,-2636.1630190667006,0.0,0.0,0.0,0.0,10888.988,-538.1151056,-23582.0,20311.576012956833,0.0,-5580.751619265956,0.0,0.0,0.0,0.0,16559.34720994159,-742.171603632459,-30548.0,14246.53526156145,0.0,-154.08513832721007,0.0,0.0,0.0,0.0,4925.450719616465,-152.90084285070543,-18865.0,10067.373393089492,0.0,-0.0,0.0,0.0,0.0,0.0,-4332.850250013862,-125.52314307562933,-5609.0,46794.236026,0.0,-0.0,0.0,0.0,0.0,0.0,-10521.673999999999,-515.562026,-35757.0,20327.280246812963,0.0,-0.0,0.0,0.0,0.0,0.0,-5355.317008187052,-578.9632386259084,-14393.0
t58,29867.93191379718,0.0,-0.0,0.0,0.0,0.0,0.0,-11997.665947828596,-664.2659659685817,-17206.0,18025.706214808288,0.0,-2818.0,0.0,0.0,0.0,0.0,8272.185571810429,-409.891786618711,-23070.0,21302.374608566835,0.0,-5677.104053755518,0.0,0.0,0.0,0.0,16198.190742486862,-726.4612972981786,-31097.0,13417.615350018927,0.0,-226.0,0.0,0.0,0.0,0.0,5866.1571915426575,-197.77254156158477,-18860.0,10756.907960702722,0.0,-27.871690237735315,0.0,0.0,0.0,0.0,-4950.473052171404,-153.5632182935817,-5625.0,43334.21027882914,0.0,-0.0,0.0,0.0,0.0,0.0,-7904.871571810429,-387.33870701871103,-35042.0,21035.30428674675,0.0,-383.7707006824628,0.0,0.0,0.0,0.0,-5483.522934029521,-637.0106520347633,-14531.0
t59,29045.10994614871,0.0,-0.0,0.0,0.0,0.0,0.0,-11072.857685049976,-706.2522610987311,-17266.0,19205.311694380227,0.0,-5587.588427115619,0.0,0.0,0.0,0.0,9805.290669122389,-485.01393638699705,-22938.0,22626.991103395092,0.0,-5575.29694336653,0.0,0.0,0.0,0.0,14808.307203315671,-666.0013633442317,-31194.0,13005.051404654063,0.0,-0.0,0.0,0.0,0.0,0.0,6153.663459111112,-211.71486376517788,-18947.0,11700.06319366046,0.0,-44.23236528670605,0.0,0.0,0.0,0.0,-5875.281314950024,-195.5495134237311,-5585.0,44671.45034521068,0.0,-0.0,0.0,0.0,0.0,0.0,-9451.133628233501,-463.3167169771749,-34757.0,21157.716443506077,0.0,-1346.090560096171,0.0,0.0,0.0,0.0,-4367.988703315672,-589.6371800942317,-14854.0
t60,28784.91477916542,0.0,-0.0,0.0,0.0,0.0,0.0,-10395.930001220846,-736.9847779445736,-17652.0,19629.480377370055,0.0,-6158.688427115619,0.0,0.0,0.0,0.0,10265.786270605216,-507.5782208596556,-23229.0,23036.824187515074,0.0,-4090.657382244708,0.0,0.0,0.0,0.0,13908.701719529148,-626.8685247995179,-32228.0,13458.352503575,0.0,-0.0,0.0,0.0,0.0,0.0,6140.5064999999995,-210.85900357500003,-19388.0,12567.563818207553,0.0,-154.07278915882654,0.0,0.0,0.0,0.0,-6552.208998779153,-226.28203026957357,-5635.0,45678.49741186487,0.0,-0.0,0.0,0.0,0.0,0.0,-9898.472270605216,-485.0251412596556,-35295.0,20585.199388409634,0.0,-1128.3118273309674,0.0,0.0,0.0,0.0,-3468.383219529147,-550.5043415495179,-15438.0
t61,28823.402752394453,0.0,-0.0,0.0,0.0,0.0,0.0,-9476.684215791383,-778.7185366030712,-18568.0,19749.83073575521,0.0,-5587.588427115619,0.0,0.0,0.0,0.0,10509.266440547222,-519.5087491868139,-24152.0,22380.274474273025,0.0,-3027.300995717186,0.0,0.0,0.0,0.0,15035.92945263373,-675.9029311895673,-33713.0,14221.352503575,0.0,-0.0,0.0,0.0,0.0,0.0,6140.5064999999995,-210.85900357500003,-20151.0,13829.770573136688,0.0,-196.3,0.0,0.0,0.0,0.0,-7471.454784208618,-268.0157889280712,-5894.0,47354.908110134034,0.0,-0.0,0.0,0.0,0.0,0.0,-10141.952440547222,-496.9556695868139,-36716.0,21268.149700573296,0.0,-0.0,0.0,0.0,0.0,0.0,-4595.610952633731,-599.5387479395673,-16073.0
t62,28639.139754337673,0.0,-0.0,0.0,0.0,0.0,0.0,-8939.010846781553,-803.1289075561175,-18897.0,17707.005510208608,0.0,-2749.8784046086066,0.0,0.0,0.0,0.0,10888.988,-538.1151056,-25308.0,21519.298941163393,0.0,-643.0086504964393,0.0,0.0,0.0,0.0,14977.05144729017,-673.3417379571224,-35180.0,11963.810468498328,0.0,-0.0,0.0,0.0,0.0,0.0,8554.049507729478,-367.8599762278025,-20150.0,14330.35460269314,0.0,-198.8002895935749,0.0,0.0,0.0,0.0,-8009.128153218447,-292.4261598811175,-5830.0,51577.78000638228,0.0,-0.0,0.0,0.0,0.0,0.0,-12935.217007729476,-672.5629986528024,-37970.0,21714.71050199729,0.0,-0.0,0.0,0.0,0.0,0.0,-4536.732947290169,-596.9775547071224,-16581.0
t63,27960.76851295593,0.0,-0.0,0.0,0.0,0.0,0.0,-8476.648347952996,-824.1201650029341,-18660.0,17913.179938708145,0.0,-2246.9,0.0,0.0,0.0,0.0,10166.481236899743,-501.7611756078823,-25331.0,21332.137391896315,0.0,-0.0,0.0,0.0,0.0,0.0,15315.946270887285,-688.083662783597,-35960.0,13861.836307969214,0.0,-0.0,0.0,0.0,0.0,0.0,6362.460824408565,-225.2971323777772,-19999.0,14645.487380085071,0.0,-200.57931071013263,0.0,0.0,0.0,0.0,-8471.490652047005,-313.417417327934,-5660.0,48280.178758236514,0.0,-0.0,0.0,0.0,0.0,0.0,-10097.823061324847,-498.35569691167495,-37684.0,22143.936278303332,0.0,-0.0,0.0,0.0,0.0,0.0,-4798.9262708707465,-607.0100074325815,-16738.0
t64,27611.122466975354,0.0,-0.0,0.0,0.0,0.0,0.0,-8600.631119814952,-818.4913471604012,-18192.0,16953.229160450366,0.0,-1384.7597682996443,0.0,0.0,0.0,0.0,9527.37182739145,-466.841219542181,-24629.0,19477.50647314952,0.0,-0.0,0.0,0.0,0.0,0.0,17126.328830998937,-766.8353041484538,-35837.0,10903.263774198891,0.0,-0.0,0.0,0.0,0.0,0.0,8937.419141051383,-422.68291525027445,-19418.0,14185.918107719746,0.0,-66.6216280492963,0.0,0.0,0.0,0.0,-8347.507880185049,-307.78859948540116,-5464.0,51774.57476862651,0.0,-0.0,0.0,0.0,0.0,0.0,-14046.748121173783,-760.8266474527219,-36967.0,21856.989203331177,0.0,-0.0,0.0,0.0,0.0,0.0,-4596.232678267986,-585.7565250631873,-16675.0
t65,27742.735776591642,0.0,-0.0,0.0,0.0,0.0,0.0,-9509.507413148585,-777.2283634430543,-17456.0,15225.304448101158,0.0,-1693.416422101157,0.0,0.0,0.0,0.0,10521.673999999999,-515.562026,-23538.0,15490.247088707472,0.0,-0.0,0.0,0.0,0.0,0.0,21478.69713422691,-1009.9442229343817,-35959.0,11615.054040090017,0.0,-0.0,0.0,0.0,0.0,0.0,7434.337225263364,-352.3912653533818,-18697.0,13004.442641543363,0.0,-40.28543892389262,0.0,0.0,0.0,0.0,-7438.631586851416,-266.52561576805425,-5259.0,55301.39545913892,0.0,-0.0,0.0,0.0,0.0,0.0,-18646.01069483494,-1024.3847643039783,-35631.0,20868.848283227828,0.0,-0.0,0.0,0.0,0.0,0.0,-3840.5586646553356,-557.2896185724928,-16471.0
t66,26225.05485920702,0.0,-0.0,0.0,0.0,0.0,0.0,-8725.219839940306,-812.8350192667102,-16687.0,11806.458072085155,0.0,-0.0,0.0,0.0,0.0,0.0,11048.00805848279,-543.4661305679459,-22311.0,14041.673817494664,0.0,-1665.0,0.0,0.0,0.0,0.0,24529.2373001702,-1154.9111176648623,-35751.0,11302.764427002377,0.0,-0.0,0.0,0.0,0.0,0.0,7091.313120324743,-330.07754732712453,-18064.0,13654.549938795144,0.0,-30.498507143740063,0.0,0.0,0.0,0.0,-8222.919160059695,-302.13227159171015,-5099.0,54585.30078303301,0.0,-0.0,0.0,0.0,0.0,0.0,-19623.32447347116,-1092.9763095618484,-33869.0,22561.023830727576,566.4350059981593,-0.0,0.0,0.0,0.0,0.0,-6097.095005506579,-810.363831219155,-16220.0
t67,24415.75884782497,0.0,-0.0,0.0,0.0,0.0,0.0,-7403.1214259385415,-684.6374218864273,-16328.0,8653.395875409964,0.0,-0.0,0.0,0.0,0.0,0.0,13091.845381062796,-612.2412564727631,-21133.0,13902.752922849431,0.0,-825.9786507158732,0.0,0.0,0.0,0.0,24194.246808584365,-1298.0210807179258,-35973.0,10821.064075116528,0.0,-0.0,0.0,0.0,0.0,0.0,7891.655414478547,-384.7194895950739,-18328.0,13291.579944873423,0.0,-0.0,0.0,0.0,0.0,0.0,-7824.534343933828,-284.0456009395958,-5183.0,54692.39527543887,0.0,-0.0,0.0,0.0,0.0,0.0,-21214.962903224474,-1199.4323722143863,-32278.0,23954.41350785155,1630.3,-0.0,0.0,0.0,0.0,0.0,-8735.128931028867,-828.5845768226818,-16021.0
t68,24128.96587204646,0.0,-0.0,0.0,0.0,0.0,0.0,-7233.988971345548,-617.9769007009122,-16277.0,9618.905182726681,0.0,-0.0,0.0,0.0,0.0,0.0,12164.118049022942,-581.023231749622,-21202.0,13914.828915370565,0.0,-1665.0,0.0,0.0,0.0,0.0,25121.974140624217,-1266.8030559947847,-36105.0,12149.724027416922,0.0,-0.0,0.0,0.0,0.0,0.0,6943.754854733491,-320.47888215041354,-18773.0,12918.24704492708,0.0,-13.222863246715768,0.0,0.0,0.0,0.0,-7314.150028654452,-260.87415302591216,-5330.0,53528.46585559763,0.0,-0.0,0.0,0.0,0.0,0.0,-20244.182733428468,-1136.283122169156,-32148.0,25059.984069890932,1143.5453872126748,-0.0,0.0,0.0,0.0,0.0,-9437.525310952185,-784.00414615142,-15982.0
t69,24874.936633700152,0.0,-0.0,0.0,0.0,0.0,0.0,-7709.550213387966,-596.3864203121864,-16569.0,8546.075092011624,0.0,-0.0,0.0,0.0,0.0,0.0,13611.657854181587,-629.7329461932104,-21528.0,14029.078434972798,0.0,-0.0,0.0,0.0,0.0,0.0,23674.434335465572,-1315.512770438373,-36388.0,13285.94033612313,0.0,-0.0,0.0,0.0,0.0,0.0,5743.459321596738,-242.39965771986775,-18787.0,12372.87245924922,0.0,-0.0,0.0,0.0,0.0,0.0,-6838.588786612034,-239.28367263718633,-5295.0,52629.09109803032,0.0,-0.0,0.0,0.0,0.0,0.0,-19043.887200291716,-1058.2038977386103,-32527.0,26045.593876939245,108.93558016436532,-0.0,0.0,0.0,0.0,0.0,-9437.525310952185,-784.00414615142,-15933.0
t70,24790.994015765875,0.0,-0.0,0.0,0.0,0.0,0.0,-7758.845606291501,-594.1484094743658,-16438.0,8350.991282222572,0.0,-0.0,0.0,0.0,0.0,0.0,13228.860534151629,-616.8518163742023,-20963.0,13967.399985123837,0.0,-0.0,0.0,0.0,0.0,0.0,24057.231655495532,-1302.631640619365,-36722.0,12796.88710026513,0.0,-0.0,0.0,0.0,0.0,0.0,5506.070408668775,-226.95750893390374,-18076.0,12187.339055507864,0.0,-0.0,0.0,0.0,0.0,0.0,-6789.293393708498,-237.04566179936583,-5161.0,50967.27491739504,0.0,-0.0,0.0,0.0,0.0,0.0,-17752.107943609848,-970.1669737851901,-32245.0,26793.325025690054,0.0,-0.0,0.0,0.0,0.0,0.0,-10491.915654706088,-711.4093709839638,-15590.0
t71,24758.651779400934,0.0,-0.0,0.0,0.0,0.0,0.0,-8014.0915350942105,-582.5602443067229,-16162.0,7977.951938619547,0.0,-0.0,0.0,0.0,0.0,0.0,12046.099985285304,-577.0519239048505,-19447.0,13862.675414701824,0.0,-1411.8358709136678,0.0,0.0,0.0,0.0,25239.992204361857,-1262.8317481500133,-36428.0,13895.859116229507,0.0,-0.0,0.0,0.0,0.0,0.0,4542.412441970684,-164.271558200193,-18274.0,11961.642786030798,0.0,-0.0,0.0,0.0,0.0,0.0,-6391.144656183834,-218.49812984696362,-5352.0,47853.1493103096,0.0,-0.0,0.0,0.0,0.0,0.0,-15655.660820665662,-829.4884896439356,-31368.0,27543.065090465803,0.0,-0.0,0.0,0.0,0.0,0.0,-11767.607619674141,-626.4574707916607,-15149.0
t72,25557.848681451043,0.0,-0.0,0.0,0.0,0.0,0.0,-8012.202683271572,-582.6459981794707,-16963.0,7440.638972611163,0.0,-0.0,0.0,0.0,0.0,0.0,12975.693782572398,-608.3327551835612,-19808.0,13932.31405763324,0.0,-490.5998852792713,0.0,0.0,0.0,0.0,24310.39840707476,-1294.1125794287238,-36458.0,14852.83012191957,0.0,-0.0,0.0,0.0,0.0,0.0,4064.343020407967,-133.17314232753824,-18784.0,11187.548090536753,0.0,-0.0,0.0,0.0,0.0,0.0,-5534.762027898309,-176.7860626384438,-5476.0,48383.98147287423,0.0,-0.0,0.0,0.0,0.0,0.0,-15177.591399102945,-798.3900737712809,-32408.0,28288.5387494927,0.0,-0.0,0.0,0.0,0.0,0.0,-12625.879099782305,-584.6596497103932,-15078.0
t73,15449.866606527266,0.0,-0.0,0.0,0.0,0.0,0.0,-416.9548287518744,-625.9117777753912,-14407.0,2249.183066441553,3790.6007150092823,-0.0,0.0,0.0,0.0,0.0,11301.20233657491,-551.9861180257457,-16789.0,11047.640313027761,5677.104053755518,-0.0,0.0,0.0,0.0,0.0,22319.897944454657,-1070.642311237946,-37974.0,28733.667170475,0.0,-0.0,0.0,0.0,0.0,0.0,-13294.4445,-676.2226704750001,-14763.0,7817.195252324999,0.0,-0.0,0.0,0.0,0.0,0.0,-3080.218,-325.977252325,-4411.0,37820.33004498872,0.0,-0.0,0.0,0.0,0.0,0.0,-8480.450378694977,-1299.8796662937425,-28040.0,22778.289372742485,0.0,-0.0,0.0,0.0,0.0,0.0,-8349.032573582712,-1017.2567991597737,-13412.0
t74,15601.563226909659,2663.4334151028856,-0.0,0.0,0.0,0.0,0.0,-2842.712765185648,-788.2838768268948,-14634.0,4047.514725403926,2246.9,-0.0,0.0,0.0,0.0,0.0,11288.13156102455,-551.546286428476,-17031.0,10982.384240431022,1665.0,-0.0,0.0,0.0,0.0,0.0,25230.966958903417,-1202.3511993344437,-36676.0,29092.667170475,0.0,-0.0,0.0,0.0,0.0,0.0,-13294.4445,-676.2226704750001,-15122.0,6933.403831268428,224.17169023773533,-0.0,0.0,0.0,0.0,0.0,-2384.4806768200283,-292.0948446861354,-4481.0,39459.75504498872,0.0,-0.0,0.0,0.0,0.0,0.0,-8980.450378694977,-1334.3046662937425,-29145.0,23437.03297010596,0.0,-0.0,0.0,0.0,0.0,0.0,-9017.010199227314,-1048.0227708786454,-13372.0
t75,15628.884861665236,397.1882698335986,-0.0,0.0,0.0,0.0,0.0,-480.08875604819514,-434.98437545063734,-15111.0,2727.3761829367386,3802.402098741358,-0.0,0.0,0.0,0.0,0.0,11558.878644095725,-560.6569257738212,-17528.0,10972.410473606491,4760.9,-0.0,0.0,0.0,0.0,0.0,20346.778435389082,-1001.0889089955804,-35079.0,30320.167170475,0.0,-804.5,0.0,0.0,0.0,0.0,-13294.4445,-676.2226704750001,-15545.0,6311.572919400754,224.17169023773533,-0.0,0.0,0.0,0.0,0.0,-1705.5156337894468,-259.2289758490409,-4571.0,38606.86528480913,0.0,-0.0,0.0,0.0,0.0,0.0,-7173.003346670284,-1209.8619381388426,-30224.0,23586.8880122234,0.0,-0.0,0.0,0.0,0.0,0.0,-9252.604842976878,-753.28316924652,-13581.0
t76,15743.170700957653,4388.666077599574,-0.0,0.0,0.0,0.0,0.0,-3800.140449883936,-734.696328673291,-15597.0,2283.7247201836153,2818.0,-0.0,0.0,0.0,0.0,0.0,14097.351828236544,-646.0765484201597,-18553.0,10969.18897667971,0.0,-0.0,0.0,0.0,0.0,0.0,22491.891068215933,-1300.080044895645,-32161.0,29586.56717036219,192.10000011281173,-0.0,0.0,0.0,0.0,0.0,-13294.4445,-676.2226704750001,-15808.0,6688.92086774179,19.17064421565353,-0.0,0.0,0.0,0.0,0.0,-1792.8109814364861,-263.2805305209569,-4652.0,41398.75504498872,0.0,-0.0,0.0,0.0,0.0,0.0,-8980.450378694977,-1334.3046662937425,-31084.0,23704.81891142743,0.0,-0.0,0.0,0.0,0.0,0.0,-8721.39658643708,-962.4223249903453,-14021.0
t77,15811.819355934605,97.3,-0.0,0.0,0.0,0.0,0.0,767.9286090186606,-561.0479649532666,-16116.0,2360.704605560946,5286.4064442993795,-0.0,0.0,0.0,0.0,0.0,12584.042644528043,-595.1536943883686,-19636.0,11097.736145792072,2581.204053755519,-0.0,0.0,0.0,0.0,0.0,19753.33178942635,-1055.271988973941,-32377.0,29776.667170475,0.0,-0.0,0.0,0.0,0.0,0.0,-13294.4445,-676.2226704750001,-15806.0,7327.4840236617165,224.17169023773533,-0.0,0.0,0.0,0.0,0.0,-2532.3591858247846,-299.29652807466704,-4720.0,41800.75504498873,0.0,-0.0,0.0,0.0,0.0,0.0,-8980.450378694977,-1334.3046662937425,-31486.0,23596.724139167232,0.0,-0.0,0.0,0.0,0.0,0.0,-8298.048978453291,-1018.675160713944,-14280.0
t78,17241.322139989235,5054.814644791838,-0.0,0.0,0.0,0.0,0.0,-4947.677280076045,-727.4595047050267,-16621.0,4334.827212545,571.1,-0.0,0.0,0.0,0.0,0.0,16060.199148191648,-712.126360736649,-20254.0,11835.566393150653,0.0,-0.0,0.0,0.0,0.0,0.0,21133.108831874248,-1393.675225024906,-31575.0,28936.167170475,578.5,-0.0,0.0,0.0,0.0,0.0,-13294.4445,-676.2226704750001,-15544.0,7655.683761360199,134.92643555459986,-0.0,0.0,0.0,0.0,0.0,-2724.9352161626766,-308.6749807521224,-4757.0,40027.39953604158,0.0,-0.0,0.0,0.0,0.0,0.0,-7423.304372288914,-1227.0951637526853,-31377.0,23841.771692437684,0.0,-0.0,0.0,0.0,0.0,0.0,-8802.946611538264,-865.8250808994171,-14173.0
t79,16001.196527049664,0.0,-0.0,0.0,0.0,0.0,0.0,1557.6700411437391,-586.8665681934027,-16972.0,4721.275115679269,0.0,-0.0,0.0,0.0,0.0,0.0,16429.270495908037,-724.5456115873053,-20426.0,15982.864670025296,0.0,-0.0,0.0,0.0,0.0,0.0,15682.512255419815,-1174.3769254451074,-30491.0,29494.257048945525,0.0,-578.5,0.0,0.0,0.0,0.0,-12954.90082242506,-669.8562265204698,-15291.0,8686.672485945412,0.0,-196.3,0.0,0.0,0.0,0.0,-3419.761677574941,-319.61080837046984,-4751.0,38791.98823641372,0.0,-0.0,0.0,0.0,0.0,0.0,-6793.270878694977,-1183.7173577187427,-30815.0,25821.393574133795,0.0,-0.0,0.0,0.0,0.0,0.0,-10501.519413776612,-930.8741603571833,-14389.0
t80,15024.928782899635,0.0,-2009.088782899636,0.0,0.0,0.0,0.0,4600.0,-208.84,-17407.0,15793.583072758283,0.0,-2246.9,0.0,0.0,0.0,0.0,7314.908262269918,-339.5913350282001,-20522.0,24758.5762775659,0.0,-1665.0,0.0,0.0,0.0,0.0,8276.009045086674,-477.5853226525697,-30892.0,28473.662874830137,0.0,-804.5,0.0,0.0,0.0,0.0,-11863.765436790318,-649.3974380398184,-15156.0,9768.786692582087,0.0,-205.73760948258587,0.0,0.0,0.0,0.0,-4510.897063209683,-299.15201988981846,-4753.0,29659.344378265174,0.0,-378.6,0.0,0.0,0.0,0.0,1730.3739281552207,-731.1183064203942,-30280.0,20938.206259006576,0.0,-0.0,0.0,0.0,0.0,0.0,-5546.628735511813,-670.5775234947638,-14721.0
t81,13594.837396278213,0.0,-6566.3,0.0,0.0,0.0,0.0,11324.08068286021,-559.6180791384256,-17793.0,30544.415504155186,0.0,-6158.688427115619,0.0,0.0,0.0,0.0,-3619.916874221998,-121.81020281757023,-20644.0,29329.10774439142,0.0,-5677.104053755518,0.0,0.0,0.0,0.0,8504.2978765383,-760.3015671741952,-31396.0,28693.805305268823,257.11111111113803,-321.388888888862,0.0,0.0,0.0,0.0,-12832.957733880836,-667.5697936102656,-15129.0,8610.02914157943,0.0,-0.0,0.0,0.0,0.0,0.0,-3541.704766119165,-317.3243754602656,-4751.0,26216.89941634406,0.0,-378.6,0.0,0.0,0.0,0.0,4558.702209361727,-619.0016257057857,-29778.0,21882.799458100657,0.0,-1630.3,0.0,0.0,0.0,0.0,-4392.501394538242,-662.9980635624134,-15197.0
t82,15103.098511849974,0.0,-6283.744541905312,0.0,0.0,0.0,0.0,9806.041523528227,-490.3954934728871,-18135.0,34189.07382556437,0.0,-6158.688427115619,0.0,0.0,0.0,0.0,-6962.552188645599,-242.83320980314582,-20825.0,29794.534430607193,0.0,-5677.104053755518,0.0,0.0,0.0,0.0,8274.426539425582,-546.8569162772533,-31845.0,28659.52752762712,0.0,-0.0,0.0,0.0,0.0,0.0,-12781.914789229077,-666.6127383980452,-15211.0,8887.415031018967,0.0,-196.3,0.0,0.0,0.0,0.0,-3592.7477107709237,-316.3673202480452,-4782.0,22644.72888832569,0.0,-378.6,0.0,0.0,0.0,0.0,7710.506642033969,-492.6355303596645,-29484.0,20500.72282995306,0.0,-1630.3,0.0,0.0,0.0,0.0,-2453.76001634218,-578.6628136108848,-15838.0
t83,14889.557283095452,0.0,-3133.1172830954506,0.0,0.0,0.0,0.0,7000.0,-362.44,-18394.0,32866.29875397309,0.0,-6158.688427115619,0.0,0.0,0.0,0.0,-5504.7670725237995,-194.8432543336731,-21008.0,29282.600281741605,0.0,-5677.104053755518,0.0,0.0,0.0,0.0,9649.186732168326,-371.682960154408,-32883.0,28552.419869924794,0.0,-0.0,0.0,0.0,0.0,0.0,-12471.6250638771,-660.7948060476956,-15420.0,9035.586824020598,0.0,-0.0,0.0,0.0,0.0,0.0,-3903.0374361229005,-310.5493878976956,-4822.0,22659.177584266246,0.0,-314.0,0.0,0.0,0.0,0.0,7779.856067963989,-496.0336522302355,-29629.0,20071.746798673754,0.0,-797.3011427642707,0.0,0.0,0.0,0.0,-2549.613227608515,-582.8324283009704,-16142.0
t84,15431.308001940593,0.0,-3577.868001940593,0.0,0.0,0.0,0.0,7000.0,-362.44,-18491.0,31813.116815913505,0.0,-4747.092030567352,0.0,0.0,0.0,0.0,-5835.654994772075,-196.36979057408033,-21034.0,28720.545028454282,0.0,-5402.236809950721,0.0,0.0,0.0,0.0,11280.931081858795,-433.23930036235265,-34166.0,27946.881615897593,578.5,-0.0,0.0,0.0,0.0,0.0,-12013.182605936288,-652.1990099613054,-15860.0,9526.433485875017,0.0,-0.0,0.0,0.0,0.0,0.0,-4361.479894063711,-301.9535918113054,-4863.0,23927.025666899997,0.0,-378.6,0.0,0.0,0.0,0.0,7153.938,-465.3636669,-30237.0,20121.743834024994,0.0,-0.0,0.0,0.0,0.0,0.0,-3224.5515870867202,-612.1922469382723,-16285.0
t85,13998.676601902574,0.0,-1192.4947727250753,0.0,0.0,0.0,0.0,6026.985225237716,-300.1670544152138,-18533.0,30730.941248595453,0.0,-4396.266882553504,0.0,0.0,0.0,0.0,-4568.92987572384,-153.7444903181072,-21612.0,26896.699126358722,0.0,-1975.2350805406074,0.0,0.0,0.0,0.0,10965.532665871413,-431.9967116895266,-35455.0,28354.067057819033,226.0,-0.0,0.0,0.0,0.0,0.0,-11723.303285122975,-646.7637726960558,-16210.0,9809.749259660817,0.0,-27.871690237735315,0.0,0.0,0.0,0.0,-4651.359214877025,-296.5183545460558,-4834.0,24915.425666900002,0.0,-314.0,0.0,0.0,0.0,0.0,7153.938,-465.3636669,-31290.0,20141.165528321922,0.0,-0.0,0.0,0.0,0.0,0.0,-3202.8635153852883,-591.3020129366332,-16347.0
t86,13616.04141422043,0.0,-740.3300298578075,0.0,0.0,0.0,0.0,5542.445102176687,-269.156486539308,-18149.0,30719.354392972786,0.0,-2246.9,0.0,0.0,0.0,0.0,-6400.091320053001,-215.3630729197835,-21857.0,24874.86234588565,0.0,-1665.0,0.0,0.0,0.0,0.0,13120.853899228257,-507.7162451139071,-35823.0,28924.934902228208,192.83333333341469,-611.6666666665853,0.0,0.0,0.0,0.0,-11838.183786792679,-648.9177821023627,-16019.0,9746.451077159685,0.0,-196.3,0.0,0.0,0.0,0.0,-4536.478713207322,-298.67236395236273,-4715.0,25283.082887861652,0.0,-335.6572209616526,0.0,0.0,0.0,0.0,7153.938,-465.3636669,-31636.0,20036.87557723538,0.0,-0.0,0.0,0.0,0.0,0.0,-3042.483181351943,-574.3923958834316,-16420.0
t87,12561.61499321909,0.0,-97.3,0.0,0.0,0.0,0.0,5510.817314936871,-267.1323081559598,-17708.0,30577.54725945423,0.0,-2246.9,0.0,0.0,0.0,0.0,-6711.795346059329,-225.85191339489643,-21393.0,21590.209556414648,0.0,-1665.0,0.0,0.0,0.0,0.0,15545.525096956288,-632.7346533709381,-34838.0,28698.924690964814,0.0,-578.5,0.0,0.0,0.0,0.0,-11792.365992505342,-648.0586984594752,-15680.0,9446.109787804135,0.0,-0.0,0.0,0.0,0.0,0.0,-4582.29650749466,-297.8132803094751,-4566.0,26304.179371619473,0.0,-314.0,0.0,0.0,0.0,0.0,5713.4605597437,-550.639931363173,-31153.0,20365.96664639636,0.0,-0.0,0.0,0.0,0.0,0.0,-3683.345125577531,-601.6215208188283,-16081.0
t88,11218.758945077254,0.0,-0.0,0.0,0.0,0.0,0.0,6167.3942894473785,-309.1532345246322,-17077.0,27041.7999560296,0.0,-2246.9,0.0,0.0,0.0,0.0,-3800.722529079232,-363.1774269503678,-20631.0,15653.646433681359,0.0,-1665.0,0.0,0.0,0.0,0.0,20519.244068692708,-880.890502374071,-33627.0,28322.956950364252,546.7979562159617,-31.702043784038324,0.0,0.0,0.0,0.0,-13062.185056879685,-671.867805916494,-15104.0,8069.971521124547,0.0,-27.871690237735315,0.0,0.0,0.0,0.0,-3312.4774431203155,-321.62238776649406,-4408.0,30314.983141149925,0.0,-0.0,0.0,0.0,0.0,0.0,881.6624818996788,-807.6456230496045,-30389.0,23920.363484570993,0.0,-0.0,0.0,0.0,0.0,0.0,-7392.915810960536,-776.4476736104546,-15751.0
t89,14822.109963921555,0.0,-0.0,0.0,0.0,0.0,0.0,1832.9093688584971,-335.01933278005254,-16320.0,13539.995226950883,0.0,-0.0,0.0,0.0,0.0,0.0,6762.07723034791,-642.0724572987928,-19660.0,11038.053577183111,0.0,-0.0,0.0,0.0,0.0,0.0,22312.08173816699,-993.1353153500994,-32357.0,27230.911823163937,158.20000022562346,-0.0,0.0,0.0,0.0,0.0,-12104.20612249282,-653.9057008967404,-14631.0,8738.539785556324,110.44856493533231,-27.871690237735315,0.0,0.0,0.0,0.0,-4270.45637750718,-303.66028274674034,-4247.0,38762.33004498872,314.0,-0.0,0.0,0.0,0.0,0.0,-8480.450378694977,-1299.8796662937425,-29296.0,21927.033259354568,292.4611315013681,-0.0,0.0,0.0,0.0,0.0,-6051.955458678423,-875.5389321775114,-15292.0
t90,15156.647884306174,0.0,-0.0,0.0,0.0,0.0,0.0,817.6665222779507,-381.31440658412544,-15593.0,3197.4067172743303,5048.2973514124005,-0.0,0.0,0.0,0.0,0.0,10975.315973211847,-541.0200418985787,-18680.0,11277.20172975806,1337.7228488124467,-0.0,0.0,0.0,0.0,0.0,19693.109694157363,-925.0342727278669,-31383.0,24697.0699111,578.5,-0.0,0.0,0.0,0.0,0.0,-10460.484,-623.0859111,-14192.0,10325.018992950001,0.0,-0.0,0.0,0.0,0.0,0.0,-5914.1785,-272.84049295,-4138.0,36408.81323641373,378.6,-0.0,0.0,0.0,0.0,0.0,-7293.270878694977,-1218.1423577187427,-28276.0,22798.07389348741,853.6489992411971,-0.0,0.0,0.0,0.0,0.0,-7818.158810952185,-825.5640817764199,-15008.0
t91,15413.296431880975,97.3,-0.0,0.0,0.0,0.0,0.0,-57.37990807285132,-421.216523808122,-15032.0,5148.167625855268,0.0,-0.0,0.0,0.0,0.0,0.0,13348.717373151272,-620.8849990065403,-17876.0,10960.84256873557,2581.204053755519,-0.0,0.0,0.0,0.0,0.0,18194.754724568742,-1044.801347059825,-30692.0,25114.5699111,0.0,-0.0,0.0,0.0,0.0,0.0,-10460.484,-623.0859111,-14031.0,10272.018992950001,0.0,-0.0,0.0,0.0,0.0,0.0,-5914.1785,-272.84049295,-4085.0,35249.988236413716,314.0,-0.0,0.0,0.0,0.0,0.0,-6793.270878694977,-1183.7173577187427,-27587.0,22830.96148914399,953.3364035846207,-0.0,0.0,0.0,0.0,0.0,-8318.158810952185,-791.13908177642,-14675.0
t92,15618.400338285166,1703.8590041378725,-0.0,0.0,0.0,0.0,0.0,-2074.081237971536,-513.1781044515021,-14735.0,3133.023855989447,2246.9,-0.0,0.0,0.0,0.0,0.0,12602.863148352619,-595.7870043420655,-17387.0,10963.354653772654,0.0,-0.0,0.0,0.0,0.0,0.0,20957.31027926608,-1111.6649330387304,-30809.0,25344.5699111,0.0,-0.0,0.0,0.0,0.0,0.0,-10460.484,-623.0859111,-14261.0,10327.018992950001,0.0,-0.0,0.0,0.0,0.0,0.0,-5914.1785,-272.84049295,-4140.0,35647.35992713447,314.0,-0.0,0.0,0.0,0.0,0.0,-7393.328595606383,-1225.0313315280928,-27343.0,22982.554149626554,0.0,-0.0,0.0,0.0,0.0,0.0,-7718.10109404078,-832.4530555857702,-14432.0
t93,15613.858010413856,3285.582216041007,-0.0,0.0,0.0,0.0,0.0,-3682.8999870455846,-586.5402394092787,-14630.0,3303.4260116788773,0.0,-0.0,0.0,0.0,0.0,0.0,14959.667457671778,-675.0934693506553,-17588.0,11159.827372038184,2295.1814419459374,-0.0,0.0,0.0,0.0,0.0,20209.324719020966,-1264.3335330050966,-32400.0,25284.44360130916,288.8131548954187,-289.6868451045813,0.0,0.0,0.0,0.0,-10460.484,-623.0859111,-14200.0,10500.190683187735,0.0,-224.17169023773533,0.0,0.0,0.0,0.0,-5914.1785,-272.84049295,-4089.0,35158.38823641372,378.6,-0.0,0.0,0.0,0.0,0.0,-6793.270878694977,-1183.7173577187427,-27560.0,22844.18521790763,787.112674820979,-0.0,0.0,0.0,0.0,0.0,-8318.158810952185,-791.13908177642,-14522.0
t94,15643.951527482299,984.6534004694194,-0.0,0.0,0.0,0.0,0.0,-1723.4171078344589,-497.18782011725136,-14408.0,5268.101233726598,1576.0258718734021,-0.0,0.0,0.0,0.0,0.0,10888.988,-538.1151056,-17195.0,10943.48145248079,1665.0,-0.0,0.0,0.0,0.0,0.0,22320.521297481624,-1038.002749962414,-33891.0,25339.069911100003,0.0,-578.5,0.0,0.0,0.0,0.0,-10460.484,-623.0859111,-13677.0,10146.018992950001,0.0,-0.0,0.0,0.0,0.0,0.0,-5914.1785,-272.84049295,-3959.0,36575.314898783814,327.5945124000558,-0.0,0.0,0.0,0.0,0.0,-8204.05927254832,-1280.8501386355454,-27418.0,22265.642279792064,0.0,-0.0,0.0,0.0,0.0,0.0,-6907.370417098842,-888.2718626932226,-14470.0
t95,16391.88379397122,1309.569883976004,-0.0,0.0,0.0,0.0,0.0,-3195.154626957943,-564.2990509892823,-13942.0,3733.60997606057,2108.5171295394302,-0.0,0.0,0.0,0.0,0.0,10888.988,-538.1151056,-16193.0,10956.855164229333,0.0,-0.0,0.0,0.0,0.0,0.0,23792.258816605106,-1105.1139808344449,-33644.0,25442.069911100003,0.0,-578.5,0.0,0.0,0.0,0.0,-10460.484,-623.0859111,-13780.0,10188.018992950001,0.0,-0.0,0.0,0.0,0.0,0.0,-5914.1785,-272.84049295,-4001.0,36855.187940886986,0.0,-0.0,0.0,0.0,0.0,0.0,-8592.587625173217,-1307.6003157137695,-26955.0,21580.864104245393,0.0,-0.0,0.0,0.0,0.0,0.0,-6518.842064473945,-915.0220397714468,-14147.0
t96,15455.282082191827,38.92000000011714,-0.0,0.0,0.0,0.0,0.0,-1047.8214252027,-466.3806569892431,-13980.0,3859.056770871347,609.71596260416,-0.0,0.0,0.0,0.0,0.0,12642.342759791474,-597.1154932669831,-16514.0,11173.725119443005,3095.9,-0.0,0.0,0.0,0.0,0.0,19891.570855058388,-1066.195974501389,-33095.0,24494.0699111,578.5,-0.0,0.0,0.0,0.0,0.0,-10460.484,-623.0859111,-13989.0,10265.018992950001,0.0,-0.0,0.0,0.0,0.0,0.0,-5914.1785,-272.84049295,-4078.0,36783.19557133524,220.8541255575228,-0.0,0.0,0.0,0.0,0.0,-8155.540103075426,-1277.5095938173365,-27571.0,21099.164140219717,562.6567642270347,-0.0,0.0,0.0,0.0,0.0,-6955.889586571739,-884.9313178750137,-13821.0
t97,22134.68,0.0,-0.0,0.0,0.0,0.0,0.0,-3400.0,-836.6800000000001,-17898.0,9758.1271056,0.0,-0.0,0.0,0.0,0.0,0.0,10888.988,-538.1151056,-20109.0,12579.662867408264,701.5247861935823,-0.0,0.0,0.0,0.0,0.0,23533.16189223661,-1054.349545838458,-35760.0,32784.053017446575,0.0,-974.4831063465713,0.0,0.0,0.0,0.0,-10460.484,-623.0859111,-20726.0,11149.190683187735,0.0,-224.17169023773533,0.0,0.0,0.0,0.0,-5914.1785,-272.84049295,-4738.0,40147.30836357147,64.6,-0.0,0.0,0.0,0.0,0.0,-1742.1490812844258,-1164.759282287038,-37305.0,28326.664701303605,0.0,-0.0,0.0,0.0,0.0,0.0,-12905.338310952186,-1095.32639035142,-14326.0
t98,22599.679999999997,0.0,-0.0,0.0,0.0,0.0,0.0,-3400.0,-836.6800000000001,-18363.0,10567.907741043535,0.0,-0.0,0.0,0.0,0.0,0.0,10291.155266142456,-506.0630071859899,-20353.0,12499.274088497745,0.0,-0.0,0.0,0.0,0.0,0.0,22791.875861115674,-1027.1499496134186,-34264.0,33082.3368909731,0.0,-974.4831063465713,0.0,0.0,0.0,0.0,-10193.766928434676,-628.0868561918498,-21286.0,11520.90869984491,0.0,-224.17169023773533,0.0,0.0,0.0,0.0,-6180.895571565325,-277.84143804184987,-4838.0,40071.84453477994,64.6,-0.0,0.0,0.0,0.0,0.0,-403.0303163059434,-1093.414218473991,-38640.0,28289.66470130361,0.0,-0.0,0.0,0.0,0.0,0.0,-12905.338310952186,-1095.32639035142,-14289.0
t99,22926.680000000004,0.0,-0.0,0.0,0.0,0.0,0.0,-3400.0,-836.6800000000001,-18690.0,10718.81610563234,464.318843519588,-0.0,0.0,0.0,0.0,0.0,10099.211578813007,-472.3465279649361,-20810.0,12369.362799823226,0.0,-0.0,0.0,0.0,0.0,0.0,21208.081819297382,-1080.4446191206043,-32497.0,32198.237731619756,0.0,-974.4831063465713,0.0,0.0,0.0,0.0,-8353.156320176497,-662.5983050966908,-22208.0,13605.03075700793,0.0,-224.17169023773533,0.0,0.0,0.0,0.0,-8021.506179823504,-312.35288694669066,-5047.0,39681.095656903955,64.6,-0.0,0.0,0.0,0.0,0.0,1372.707412841799,-1006.4030697457518,-40112.0,28747.664701303605,0.0,-0.0,0.0,0.0,0.0,0.0,-12905.338310952186,-1095.32639035142,-14747.0
t100,24109.153817769486,0.0,-0.0,0.0,0.0,0.0,0.0,-4546.873736933207,-763.2800808362748,-18799.0,10605.973268439659,1090.968245808891,-0.0,0.0,0.0,0.0,0.0,11310.571867606464,-487.5133818550134,-22520.0,12317.049251912998,0.0,-0.0,0.0,0.0,0.0,0.0,18329.26747005946,-1177.31672197246,-29469.0,32125.096176783667,0.0,-974.4831063465713,0.0,0.0,0.0,0.0,-7864.859194228888,-671.7538762082083,-22614.0,14145.57980918671,0.0,-145.2680453573881,0.0,0.0,0.0,0.0,-8509.80330577111,-321.50845805820836,-5169.0,39592.28770954052,44.248637957199996,-0.0,0.0,0.0,0.0,0.0,3040.16147328626,-924.6978207839732,-41752.0,27872.391045206678,0.0,-0.0,0.0,0.0,0.0,0.0,-11758.464574018979,-1021.9264711876947,-15092.0
t101,24187.660492540952,0.0,-0.0,0.0,0.0,0.0,0.0,-5027.11591083435,-732.5445817066017,-18428.0,10645.54903510937,3911.7884271156186,-0.0,0.0,0.0,0.0,0.0,9168.667160312743,-385.0046225377328,-23341.0,12268.597653794885,28.837189928766804,-0.0,0.0,0.0,0.0,0.0,18488.522931955988,-1171.957775679642,-29614.0,32653.452191666576,0.0,-424.9021789798323,0.0,0.0,0.0,0.0,-8759.572001617076,-654.9780110696798,-22814.0,13084.028837524824,48.794253777784256,-0.0,0.0,0.0,0.0,0.0,-7615.090498382925,-304.73259291967986,-5213.0,38284.93728903138,251.2000000000473,-11.399999955368607,0.0,0.0,0.0,0.0,5022.810718683453,-827.5480077595107,-42720.0,27431.41337217586,0.0,-0.0,0.0,0.0,0.0,0.0,-11278.222400117837,-991.1909720580215,-15162.0
t102,24064.67121316758,0.0,-0.0,0.0,0.0,0.0,0.0,-5521.785484153397,-700.8857290141826,-17842.0,10534.447389392697,2874.880790352152,-0.0,0.0,0.0,0.0,0.0,10723.407353375118,-435.7355331199692,-23697.0,12526.764887149331,650.5329600960637,-0.0,0.0,0.0,0.0,0.0,16830.453949687584,-1227.7517969329738,-28780.0,32156.004010862347,0.0,-653.0732949326219,0.0,0.0,0.0,0.0,-8414.482272437943,-661.4484434917886,-22427.0,13405.383252903846,0.0,-0.0,0.0,0.0,0.0,0.0,-7960.180227562058,-311.2030253417886,-5134.0,38706.345389198934,0.0,-0.0,0.0,0.0,0.0,0.0,5126.139507889483,-822.4848970884152,-43010.0,26624.084946164396,0.0,-0.0,0.0,0.0,0.0,0.0,-10783.552826798788,-959.5321193656025,-14881.0
t103,24010.61376420617,0.0,-0.0,0.0,0.0,0.0,0.0,-5975.313688163691,-694.3000760424762,-17341.0,10555.619538134846,255.187961793813,-0.0,0.0,0.0,0.0,0.0,12721.42812544305,-509.2356253717094,-23023.0,13255.560650199237,0.0,-0.0,0.0,0.0,0.0,0.0,15240.686810952186,-1281.2474611514199,-27215.0,31704.021857793607,0.0,-312.14130025407513,0.0,0.0,0.0,0.0,-8602.966187454298,-657.9143700852319,-22131.0,13062.071990416916,61.29327406401608,-0.0,0.0,0.0,0.0,0.0,-7771.696312545701,-307.6689519352319,-5044.0,38889.20345056475,0.0,-64.6,0.0,0.0,0.0,0.0,4717.885874556951,-842.4893251217093,-42700.0,26148.971089182396,0.0,-0.0,0.0,0.0,0.0,0.0,-10330.024622788495,-952.9464663938961,-14866.0
t104,24718.978227882355,0.0,-0.0,0.0,0.0,0.0,0.0,-7152.347958536045,-769.6302693463069,-16797.0,6377.3002254502335,0.0,-0.0,0.0,0.0,0.0,0.0,16594.727047081775,-699.0272725320069,-22273.0,16441.17849730123,0.0,-238.0423256091423,0.0,0.0,0.0,0.0,12388.934996853952,-1450.0711685460353,-27142.0,31571.7934119107,0.0,-636.057836021148,0.0,0.0,0.0,0.0,-8788.296142460693,-654.439433428862,-21493.0,12901.795433161442,0.0,-24.235060343271936,0.0,0.0,0.0,0.0,-7586.3663575393075,-304.194015278862,-4987.0,39780.165912660166,64.6,-0.0,0.0,0.0,0.0,0.0,3696.338767016459,-1201.1046796766225,-42340.0,25473.27188007837,0.0,-282.0048679645015,0.0,0.0,0.0,0.0,-9152.990352416142,-1028.276659697727,-15010.0
t105,25183.64305092666,0.0,-0.0,0.0,0.0,0.0,0.0,-8217.308873797045,-573.3341771296142,-16393.0,11561.323788559948,0.0,-3911.7884271156186,0.0,0.0,0.0,0.0,14461.917683162395,-596.4530446067259,-21515.0,17950.357325698402,0.0,-4352.453278015621,0.0,0.0,0.0,0.0,14761.794040871962,-1250.6980885547414,-27109.0,29976.413421821784,0.0,-293.08324897696684,0.0,0.0,0.0,0.0,-7733.105922797271,-674.2242500475512,-21276.0,11281.872471662877,136.60824076997443,-0.0,0.0,0.0,0.0,0.0,-6224.247703405685,-214.23300902716537,-4980.0,39877.50527160911,0.0,-0.0,0.0,0.0,0.0,0.0,2851.4399059732013,-933.9451775823131,-41795.0,26034.249535110586,0.0,-74.34495412269553,0.0,0.0,0.0,0.0,-9900.489130007558,-915.4154509803286,-15144.0
t106,20517.60440120826,0.0,-0.0,0.0,0.0,0.0,0.0,-3771.973353535408,-463.63104767284904,-16282.0,20634.081855916014,0.0,-6158.688427115619,0.0,0.0,0.0,0.0,6755.446849728408,-253.8402785288041,-20977.0,19708.53196407363,0.0,-5677.104053755518,0.0,0.0,0.0,0.0,14223.742284217551,-1044.170194535667,-27211.0,28793.35876281324,0.0,-0.0,0.0,0.0,0.0,0.0,-7035.779626408397,-467.57913640484253,-21290.0,9603.932812189818,0.0,-131.66969027302804,0.0,0.0,0.0,0.0,-4233.219724062483,-192.0433978543086,-5047.0,36800.760418279795,0.0,-378.6,0.0,0.0,0.0,0.0,6090.320505834321,-517.4809241141182,-41995.0,27771.287148871594,0.0,-0.0,0.0,0.0,0.0,0.0,-12028.536935773991,-613.7502130975981,-15129.0
t107,20520.094460160948,0.0,-1724.8122314649643,0.0,0.0,0.0,0.0,-2076.1825404693127,-305.09968822667446,-16414.0,23616.99741507043,0.0,-6158.688427115619,0.0,0.0,0.0,0.0,3455.1497651422255,-126.4587530970359,-20787.0,20730.58281016163,0.0,-5677.104053755518,0.0,0.0,0.0,0.0,13556.679284252616,-837.1580406587265,-27773.0,28501.67404057425,0.0,-0.0,0.0,0.0,0.0,0.0,-6266.674176992865,-481.9998635813838,-21753.0,9984.39641895159,0.0,-166.96472406929644,0.0,0.0,0.0,0.0,-4513.81336016399,-185.618334718305,-5118.0,35900.082887861645,0.0,-21.657220961652605,0.0,0.0,0.0,0.0,7153.938,-465.3636669,-42567.0,27196.78486834062,0.0,-0.0,0.0,0.0,0.0,0.0,-11309.096971768675,-619.6878965719374,-15268.0
t108,24154.003044879377,0.0,-0.0,0.0,0.0,0.0,0.0,-6409.351485373712,-327.65155950566,-17417.0,22683.139191195114,0.0,-3866.4343840435654,0.0,0.0,0.0,0.0,2744.321647159248,-139.02645431080316,-21422.0,20494.079541732965,0.0,-5101.19224829246,0.0,0.0,0.0,0.0,14331.823235381878,-637.71052882238,-29087.0,27818.83816113937,0.0,-0.0,0.0,0.0,0.0,0.0,-4424.358749273997,-523.4794118653697,-22871.0,9997.777535348028,0.0,-0.0,0.0,0.0,0.0,0.0,-4536.986601896909,-134.79093345111966,-5326.0,37980.314497345054,0.0,-0.0,0.0,0.0,0.0,0.0,6964.109852840752,-732.4243501858032,-44212.0,26333.11468766924,0.0,-1469.72427167377,0.0,0.0,0.0,0.0,-8669.55789883726,-569.8325171582093,-15624.0
t109,23941.53584627856,0.0,-0.0,0.0,0.0,0.0,0.0,-5400.87697487282,-304.6588714057412,-18236.0,21768.69938721129,0.0,-837.7442773883337,0.0,0.0,0.0,0.0,2336.436056919251,-91.39116674220685,-23176.0,19644.30700005706,0.0,-0.0,0.0,0.0,0.0,0.0,11686.719296519826,-660.0262965768825,-30671.0,26553.266255312912,226.0,-0.0,0.0,0.0,0.0,0.0,-3034.393094608622,-434.87316070429085,-23310.0,10317.92770908215,0.0,-0.0,0.0,0.0,0.0,0.0,-4789.665168698249,-146.26254038390047,-5382.0,37912.908484565436,0.0,-0.0,0.0,0.0,0.0,0.0,7887.641894160801,-540.550378726234,-45260.0,27088.60218851887,0.0,-1614.718003063908,0.0,0.0,0.0,0.0,-8685.862009420187,-561.0221760347781,-16227.0
t110,24295.118862364685,0.0,-0.0,0.0,0.0,0.0,0.0,-5654.095069932689,-338.0237924319991,-18303.0,23546.03803581668,0.0,-0.0,0.0,0.0,0.0,0.0,1.024892588236406,-0.06292840491771533,-23547.0,17059.24923810926,0.0,-0.0,0.0,0.0,0.0,0.0,15106.612716004802,-670.8619541140614,-31495.0,25717.860631015104,578.5,-0.0,0.0,0.0,0.0,0.0,-2483.3338726962174,-399.02675831888894,-23414.0,10561.572995642624,0.0,-0.0,0.0,0.0,0.0,0.0,-5029.425343330422,-157.1476523122012,-5375.0,38100.003434822676,0.0,-0.0,0.0,0.0,0.0,0.0,7504.473872696218,-496.47730751888895,-45108.0,26709.623875790166,0.0,-433.86738886106116,0.0,0.0,0.0,0.0,-9445.257195329928,-587.4992915991812,-16243.0
t111,23870.281801260637,0.0,-0.0,0.0,0.0,0.0,0.0,-5416.826243780836,-286.4555574798007,-18167.0,23388.0,0.0,-0.0,0.0,0.0,0.0,0.0,0.0,-0.0,-23388.0,16135.753178068637,490.118284320771,-0.0,0.0,0.0,0.0,0.0,15631.379213448225,-692.2506758376312,-31565.0,25687.440519203483,748.4831063465713,-0.0,0.0,0.0,0.0,0.0,-2790.8903203136524,-419.03330523640307,-23226.0,9992.97600906081,23.478624693338283,-0.0,0.0,0.0,0.0,0.0,-4581.636590806534,-136.81804294761662,-5298.0,38634.35423566686,0.0,-0.0,0.0,0.0,0.0,0.0,6269.957935043705,-410.3121707105672,-44494.0,25936.87602037052,0.0,-0.0,0.0,0.0,0.0,0.0,-9111.983993590908,-533.8920267796112,-16291.0
t112,23020.52684257324,0.0,-0.0,0.0,0.0,0.0,0.0,-4783.403636737986,-218.12320583525215,-18019.0,20937.438242833097,2090.8378632057666,-0.0,0.0,0.0,0.0,0.0,-28.32303588145338,-0.9530701574109062,-22999.0,12903.220033502552,5677.104053755518,-0.0,0.0,0.0,0.0,0.0,13397.221200706372,-592.5452879644447,-31385.0,24910.251539266545,748.4831063465713,-0.0,0.0,0.0,0.0,0.0,-2284.633355911098,-386.1012897020169,-22988.0,8067.186605716473,224.17169023773533,-0.0,0.0,0.0,0.0,0.0,-3004.896932324982,-61.46136362922664,-5225.0,38581.37067441592,0.0,-0.0,0.0,0.0,0.0,0.0,5118.593855911098,-332.9645303270169,-43367.0,24971.351711987965,0.0,-0.0,0.0,0.0,0.0,0.0,-8414.558095761951,-381.7936162260083,-16175.0
t113,22957.600899569243,0.0,-0.0,0.0,0.0,0.0,0.0,-5069.794761057068,-283.80613851217305,-17604.0,10972.393284597765,5843.50776474976,-0.0,0.0,0.0,0.0,0.0,5836.649468193986,-290.5505175415053,-22362.0,11826.989495855452,5677.104053755518,-0.0,0.0,0.0,0.0,0.0,14206.761534541522,-629.8550841524984,-31081.0,25552.026578464465,547.7627889305222,-0.0,0.0,0.0,0.0,0.0,-3261.1647129195726,-449.6246544754182,-22389.0,9910.09778824501,55.712576061228724,-0.0,0.0,0.0,0.0,0.0,-4726.4191912963815,-143.39117300985572,-5096.0,41931.69558831634,0.0,-0.0,0.0,0.0,0.0,0.0,625.7897447255873,-664.4853330419235,-41893.0,23897.678521063255,0.0,-0.0,0.0,0.0,0.0,0.0,-7611.822082188073,-458.8564388751811,-15827.0
t114,23141.359866568444,0.0,-0.0,0.0,0.0,0.0,0.0,-5614.009413743395,-446.3504528250488,-17081.0,10211.367800584483,1019.7593050155169,-0.0,0.0,0.0,0.0,0.0,10888.988,-538.1151056,-21582.0,11778.760454719933,3408.3006819699217,-0.0,0.0,0.0,0.0,0.0,16366.043923526839,-728.1050602167021,-30825.0,26394.25682307837,490.2211031966326,-0.0,0.0,0.0,0.0,0.0,-4319.9775,-518.500426275,-22046.0,11423.018969554661,0.0,-0.0,0.0,0.0,0.0,0.0,-6239.915083058791,-212.10388649586912,-4971.0,44013.16277927768,0.0,-0.0,0.0,0.0,0.0,0.0,-2946.2153925550992,-1009.9473867225812,-40057.0,24152.211042104664,0.0,-0.0,0.0,0.0,0.0,0.0,-8134.914534169553,-492.2965079351037,-15525.0
t115,22875.414219886257,112.04842221203126,-0.0,0.0,0.0,0.0,0.0,-5576.838284331041,-487.6243577672509,-16923.0,9814.85519456502,0.0,-0.0,0.0,0.0,0.0,0.0,11516.371361137246,-559.2265557022683,-20772.0,11743.471372523742,86.41310795413314,-0.0,0.0,0.0,0.0,0.0,19849.047387559047,-928.9318680369236,-30750.0,27013.868610189445,578.5,-0.0,0.0,0.0,0.0,0.0,-5085.6907305112,-521.6778796782498,-21985.0,11893.642012266046,0.0,-0.0,0.0,0.0,0.0,0.0,-6712.100890129181,-233.54112213686483,-4948.0,44492.65540694963,0.0,-0.0,0.0,0.0,0.0,0.0,-5289.757192630225,-855.8982143194037,-38347.0,24859.390085607767,0.0,-0.0,0.0,0.0,0.0,0.0,-8701.031651094647,-751.3584345131152,-15407.0
t116,22490.55623145409,130.72235191952677,-0.0,0.0,0.0,0.0,0.0,-5263.933691754405,-492.34489161921147,-16865.0,10030.192632550326,0.0,-0.0,0.0,0.0,0.0,0.0,10814.339026049089,-533.5316585994141,-20311.0,11702.690848892997,0.0,-0.0,0.0,0.0,0.0,0.0,19904.010391150303,-882.7012400433042,-30724.0,26654.09281655808,337.10530149472646,-0.0,0.0,0.0,0.0,0.0,-4150.12341303361,-405.0747050191967,-22436.0,11644.625372012095,0.0,-0.0,0.0,0.0,0.0,0.0,-6383.681062260542,-232.94430975155396,-5028.0,45305.07422514882,0.0,-0.0,0.0,0.0,0.0,0.0,-7381.226060697172,-719.8481644516488,-37204.0,23614.311402061183,0.0,-0.0,0.0,0.0,0.0,0.0,-7539.385189453664,-755.926212607513,-15319.0
t117,21886.49434875042,349.0509441712975,-0.0,0.0,0.0,0.0,0.0,-4663.423685267109,-548.12160765461,-17024.0,10309.501563925636,0.0,-0.0,0.0,0.0,0.0,0.0,10528.47824256804,-515.9798064936778,-20322.0,11707.370494919864,298.0366560412407,-0.0,0.0,0.0,0.0,0.0,20016.86110019666,-888.2682511577641,-31134.0,26247.546594610463,804.5,-0.0,0.0,0.0,0.0,0.0,-4201.2689158299745,-291.77767878048684,-22559.0,11150.170539758285,0.0,-0.0,0.0,0.0,0.0,0.0,-5905.831909719871,-248.3386300384163,-4996.0,46302.4209797418,0.0,-0.0,0.0,0.0,0.0,0.0,-8721.775560235097,-632.6454195067068,-36948.0,23128.69252887412,0.0,-0.0,0.0,0.0,0.0,0.0,-7053.039271712649,-729.6532571614682,-15346.0
t118,21595.264323186948,365.73245919851706,-0.0,0.0,0.0,0.0,0.0,-4323.256295318917,-615.7404870665426,-17022.0,9156.587245059252,0.0,-0.0,0.0,0.0,0.0,0.0,11277.604816413046,-551.192061472299,-19883.0,11654.234353698523,0.0,-0.0,0.0,0.0,0.0,0.0,21058.880248944984,-984.1146026435074,-31729.0,27415.088279356154,0.0,-0.0,0.0,0.0,0.0,0.0,-4955.841159319762,-318.2471200363917,-22141.0,11714.805579747419,18.426330325979144,-0.0,0.0,0.0,0.0,0.0,-6549.479522943213,-284.75238713018524,-4899.0,46646.13188472289,0.0,-64.6,0.0,0.0,0.0,0.0,-9468.459104868502,-737.0727798543899,-36376.0,22256.418771624194,774.5454155399308,-0.0,0.0,0.0,0.0,0.0,-7039.448982907639,-735.5152042564822,-15256.0
t119,21249.19031823991,356.28688853665517,-0.0,0.0,0.0,0.0,0.0,-4033.015027995093,-551.462178781475,-17021.0,8861.888025999999,0.0,-0.0,0.0,0.0,0.0,0.0,10521.673999999999,-515.562026,-18868.0,11621.520326496035,0.0,-0.0,0.0,0.0,0.0,0.0,21581.135749870482,-986.6560763665124,-32216.0,28911.801436804446,0.0,-0.0,0.0,0.0,0.0,0.0,-6310.372524258802,-297.4289125456375,-22304.0,9224.035223096555,196.3,-0.0,0.0,0.0,0.0,0.0,-4150.406736074724,-269.9284870218325,-5000.0,47145.39074804281,0.0,-64.6,0.0,0.0,0.0,0.0,-10690.465703799662,-749.3250442431533,-35641.0,21994.615775876773,888.6151492272165,-0.0,0.0,0.0,0.0,0.0,-6918.549757742201,-723.6811673617857,-15241.0
t120,21062.045749242705,152.24933156815814,-0.0,0.0,0.0,0.0,0.0,-3354.193285681662,-319.1017951292003,-17541.0,9080.888026,0.0,-0.0,0.0,0.0,0.0,0.0,10521.673999999999,-515.562026,-19087.0,11602.41141192971,619.324566361624,-0.0,0.0,0.0,0.0,0.0,21177.128039088348,-985.8640173796807,-32413.0,29642.502397867625,0.0,-0.0,0.0,0.0,0.0,0.0,-6814.582386712007,-385.92001115561607,-22442.0,8191.132551522122,204.7697127820816,-0.0,0.0,0.0,0.0,0.0,-3140.009063759522,-146.89320054468232,-5109.0,47535.02302887006,0.0,-64.6,0.0,0.0,0.0,0.0,-10640.041724440973,-960.3813044290921,-35870.0,21886.09142732534,1630.3,-0.0,0.0,0.0,0.0,0.0,-7749.975578494183,-782.4158488311534,-14984.0
t121,18730.060022894257,3768.443479247745,-0.0,0.0,0.0,0.0,0.0,-4042.9738270747866,-795.5296750672137,-17660.0,4653.220258948906,323.2554468633813,-0.0,0.0,0.0,0.0,0.0,15899.234183875109,-706.7098896873974,-20169.0,12053.42765440499,916.2040537555189,-0.0,0.0,0.0,0.0,0.0,21386.858005772054,-1392.48971393256,-32964.0,31164.686215974547,0.0,-578.5,0.0,0.0,0.0,0.0,-10453.978323439029,-623.2078925355182,-19509.0,11999.894702759588,0.0,-213.24805181309858,0.0,0.0,0.0,0.0,-5920.684176560971,-272.9624743855182,-5593.0,46315.75504498872,314.0,-0.0,0.0,0.0,0.0,0.0,-8980.450378694977,-1334.3046662937425,-36315.0,22888.532961199566,1252.6485880964656,-0.0,0.0,0.0,0.0,0.0,-7888.0054838773995,-1054.1760654186337,-15199.0
t122,19021.63693721352,3684.0210843413943,-0.0,0.0,0.0,0.0,0.0,-4050.617544396271,-795.0404771586387,-17860.0,3683.337760003493,606.1182401783967,-0.0,0.0,0.0,0.0,0.0,18170.688321227415,-783.1443214093024,-21677.0,12203.52027723472,1665.0,-0.0,0.0,0.0,0.0,0.0,19115.40386841975,-1468.9241456544653,-31515.0,31245.730736096637,0.0,-578.5,0.0,0.0,0.0,0.0,-9756.953630569818,-636.277105526816,-20274.0,12445.740556806999,0.0,-0.0,0.0,0.0,0.0,0.0,-6617.708869430182,-286.0316873768159,-5542.0,49483.75504498871,0.0,-0.0,0.0,0.0,0.0,0.0,-8980.450378694977,-1334.3046662937425,-39169.0,22965.07998115124,1099.968652914737,-0.0,0.0,0.0,0.0,0.0,-7880.361766555914,-1053.6868675100586,-15131.0
t123,20428.85071699994,3416.9318501382345,-0.0,0.0,0.0,0.0,0.0,-5560.365990532232,-698.4165766059372,-17587.0,4925.535590096607,0.0,-0.0,0.0,0.0,0.0,0.0,17896.378195584824,-773.9137856814293,-22048.0,11984.382730679883,344.5968851843687,-0.0,0.0,0.0,0.0,0.0,19389.71399406234,-1459.693609926592,-30259.0,32073.069911099996,0.0,-578.5,0.0,0.0,0.0,0.0,-10460.484,-623.0859111,-20411.0,11789.583807709605,0.0,-45.56481475960363,0.0,0.0,0.0,0.0,-5914.1785,-272.84049295,-5557.0,49151.8961135265,378.6,-0.0,0.0,0.0,0.0,0.0,-7970.711938818267,-1264.7841747082311,-40295.0,23159.894235668515,0.0,-0.0,0.0,0.0,0.0,0.0,-7380.351760296662,-887.5424753718456,-14892.0
t124,19142.87720681589,3700.6222398740347,-0.0,0.0,0.0,0.0,0.0,-4596.388297745645,-760.1111489442787,-17487.0,4057.880338144559,1483.2978213844654,-0.0,0.0,0.0,0.0,0.0,17526.281885311713,-761.4600448407391,-22306.0,12153.429564750459,1665.0,-0.0,0.0,0.0,0.0,0.0,19759.81030433545,-1447.239869085902,-32131.0,31867.627520055055,0.0,-578.5,0.0,0.0,0.0,0.0,-10093.154174731264,-629.9733453237889,-20566.0,12159.154785994635,0.0,-4.918533552108832,0.0,0.0,0.0,0.0,-6281.508325268736,-279.72792717378877,-5593.0,49391.537564921404,314.0,-0.0,0.0,0.0,0.0,0.0,-8270.137911962207,-1285.3996529591911,-40150.0,23463.616151881386,465.13985401906876,-0.0,0.0,0.0,0.0,0.0,-8044.90347993931,-969.8525259611473,-14914.0
t125,20584.318633334417,3382.0784766997976,-0.0,0.0,0.0,0.0,0.0,-5671.065288498091,-691.3318215361222,-17604.0,4249.924841656203,3183.9389938264176,-0.0,0.0,0.0,0.0,0.0,16597.3372214181,-730.2010569007191,-23301.0,12147.761881746428,1419.4640311703972,-0.0,0.0,0.0,0.0,0.0,20688.754968229063,-1415.9808811458818,-32840.0,31794.072665173684,0.0,-0.0,0.0,0.0,0.0,0.0,-10661.222899704226,-626.8497654694543,-20506.0,11566.043947615231,0.0,-0.0,0.0,0.0,0.0,0.0,-5713.439600295776,-276.6043473194542,-5576.0,47652.95298397141,276.0352524423041,-0.0,0.0,0.0,0.0,0.0,-6793.270878694977,-1183.7173577187427,-39952.0,23757.03493439089,340.4494913757478,-0.0,0.0,0.0,0.0,0.0,-8447.093522454094,-799.3909033125422,-14851.0
t126,20702.72717825758,2030.2697816509917,-0.0,0.0,0.0,0.0,0.0,-4371.492478534797,-774.504481373773,-17587.0,6129.431565383443,571.1,-0.0,0.0,0.0,0.0,0.0,17999.864535640874,-777.3961010243154,-23923.0,13014.418904686161,1171.5293665770307,-0.0,0.0,0.0,0.0,0.0,19286.22765400629,-1463.175925269478,-32009.0,32492.93452806326,0.0,-578.5,0.0,0.0,0.0,0.0,-11184.768286589702,-636.666241473557,-20093.0,10975.315036733855,0.0,-0.0,0.0,0.0,0.0,0.0,-5189.894213410298,-286.4208233235569,-5499.0,48671.1399951071,0.0,-0.0,0.0,0.0,0.0,0.0,-7882.43377217243,-1258.7062229346652,-39530.0,24197.055867306055,0.0,-0.0,0.0,0.0,0.0,0.0,-8657.503438939937,-957.5524283661156,-14582.0
t127,21502.928486203233,0.0,-0.0,0.0,0.0,0.0,0.0,-3152.314969646688,-784.6135165565423,-17566.0,6047.388801725001,0.0,-0.0,0.0,0.0,0.0,0.0,18619.870499999997,-798.2593017249999,-23869.0,14802.252196801692,0.0,-1665.0,0.0,0.0,0.0,0.0,18046.528939774267,-1455.7811365759585,-29728.0,32746.145081575844,0.0,-578.5,0.0,0.0,0.0,0.0,-12075.281713350527,-653.3633682253223,-19439.0,9961.498736724798,0.0,-0.0,0.0,0.0,0.0,0.0,-4299.380786649474,-303.11795007532237,-5359.0,49235.75504498873,0.0,-314.0,0.0,0.0,0.0,0.0,-8980.450378694977,-1334.3046662937425,-38607.0,23752.48948773476,0.0,-0.0,0.0,0.0,0.0,0.0,-8158.971591432599,-1071.5178963021665,-14522.0
t128,18438.896959886126,0.0,-97.3,0.0,0.0,0.0,0.0,-439.9358835942303,-438.6610762918969,-17463.0,8212.455876136868,0.0,-2246.9,0.0,0.0,0.0,0.0,18060.89386170966,-779.4497378465301,-23247.0,20826.495307935136,0.0,-1665.0,0.0,0.0,0.0,0.0,11898.778873232432,-1135.27418116757,-29925.0,33070.667170475,0.0,-0.0,0.0,0.0,0.0,0.0,-13294.4445,-676.2226704750001,-19100.0,8058.577992537497,224.17169023773533,-0.0,0.0,0.0,0.0,0.0,-2720.3004167542986,-308.4492660209344,-5254.0,48162.755044988735,0.0,-314.0,0.0,0.0,0.0,0.0,-8980.450378694977,-1334.3046662937425,-37534.0,19810.203502729924,0.0,-0.0,0.0,0.0,0.0,0.0,-4524.541555898585,-838.6619468313347,-14447.0
t129,18486.235907912367,0.0,-4748.832921411819,0.0,0.0,0.0,0.0,3817.174421832433,-192.57740833298692,-17362.0,22742.439308047018,0.0,-5706.195311106644,0.0,0.0,0.0,0.0,6349.90115989446,-311.1451568348285,-23075.0,29319.165438543707,0.0,-5677.104053755518,0.0,0.0,0.0,0.0,7101.869958402312,-308.9313431905005,-30435.0,30233.59736874944,0.0,-974.4831063465713,0.0,0.0,0.0,0.0,-9988.916207363849,-461.1980550390184,-18809.0,5404.393532822704,0.0,-94.23220215482843,0.0,0.0,0.0,0.0,53.22100191995878,-179.3823325878339,-5184.0,39879.57566082945,0.0,-378.6,0.0,0.0,0.0,0.0,-2501.4914525306103,-561.484208298847,-36438.0,20755.04544742963,0.0,-797.3011427642705,0.0,0.0,0.0,0.0,-4831.758882154703,-532.9854225106536,-14593.0
t130,18006.869791670048,0.0,-6566.3,0.0,0.0,0.0,0.0,6250.331160783273,-328.90095245332157,-17362.0,34767.546298936504,0.0,-6158.688427115619,0.0,0.0,0.0,0.0,-5672.96267771575,-190.89519410513498,-22745.0,27780.893424576272,0.0,-5677.104053755518,0.0,0.0,0.0,0.0,9422.84329331097,-608.6326641317225,-30918.0,27253.372668556825,0.0,-974.4831063465713,0.0,0.0,0.0,0.0,-7249.866678991833,-283.02288321841877,-18746.0,4070.3220461870255,0.0,-224.17169023773533,0.0,0.0,0.0,0.0,1463.2181080215328,-115.36846397082243,-5194.0,37199.049123670084,0.0,-378.6,0.0,0.0,0.0,0.0,-1036.264276274874,-199.18484739520784,-35585.0,20006.56842775062,0.0,-1630.3,0.0,0.0,0.0,0.0,-3177.2989291333192,-488.96949861729945,-14710.0
t131,19071.706678907714,0.0,-6566.3,0.0,0.0,0.0,0.0,5285.428716529426,-284.8353954371358,-17506.0,35123.3131911557,0.0,-6158.688427115619,0.0,0.0,0.0,0.0,-6181.613470749364,-208.01129329071608,-22575.0,30284.39243388917,0.0,-5677.104053755518,0.0,0.0,0.0,0.0,7152.509986946403,-355.7983670800553,-31404.0,26117.168774766316,0.0,-974.4831063465713,0.0,0.0,0.0,0.0,-6057.166363012744,-217.519305407001,-18868.0,4521.333098952661,0.0,-224.17169023773533,0.0,0.0,0.0,0.0,1133.1903169696534,-130.35172568457776,-5300.0,35016.471534803124,0.0,-378.6,0.0,0.0,0.0,0.0,613.0044015154541,-39.87593631858029,-35211.0,18819.526842574036,0.0,-1630.3,0.0,0.0,0.0,0.0,-1945.3535881988296,-371.8732543752019,-14872.0
t132,18528.438439606027,0.0,-3822.749305382146,0.0,0.0,0.0,0.0,3421.111242682866,-182.80037690674678,-17944.0,33427.92752211594,0.0,-6158.688427115619,0.0,0.0,0.0,0.0,-4442.740864896552,-149.49823010376898,-22677.0,30227.897358991366,0.0,-5402.236809950721,0.0,0.0,0.0,0.0,8094.697808092131,-308.35835713277663,-32612.0,26264.676924289575,0.0,-974.4831063465713,0.0,0.0,0.0,0.0,-5773.825498155964,-193.36831978703947,-19323.0,4860.741091445203,0.0,-205.73760948258587,0.0,0.0,0.0,0.0,890.3721868302885,-141.37566879290492,-5404.0,36141.6,0.0,-378.6,0.0,0.0,0.0,0.0,0.0,-0.0,-35763.0,17839.268029482657,0.0,-0.0,0.0,0.0,0.0,0.0,-2189.6148745527694,-393.65315492988907,-15256.0
t133,18502.67510844969,0.0,-1604.1611856299087,0.0,0.0,0.0,0.0,1866.2121068303138,-84.72602965009625,-18680.0,32650.70406554942,0.0,-3437.1636020142123,0.0,0.0,0.0,0.0,-5529.473674391918,-186.06678914328805,-23498.0,28487.69880945653,0.0,-1975.2350805406074,0.0,0.0,0.0,0.0,8560.450554512609,-317.91428342853806,-34755.0,25888.65609286737,0.0,-710.6311309537699,0.0,0.0,0.0,0.0,-5120.978399270852,-186.04656264275184,-19871.0,5347.898146879327,0.0,-224.17169023773533,0.0,0.0,0.0,0.0,560.500433132813,-130.22688977440487,-5554.0,37529.43127274851,0.0,-335.6572209616526,0.0,0.0,0.0,0.0,693.3268604878809,-45.10091227473665,-37842.0,17259.3301658298,0.0,-0.0,0.0,0.0,0.0,0.0,-1030.0378813008451,-227.29228452895654,-16002.0
t134,20660.914525083044,0.0,-97.3,0.0,0.0,0.0,0.0,-1630.8582086264714,-89.75631645657344,-18843.0,32214.561425662443,0.0,-2246.9,0.0,0.0,0.0,0.0,-5141.645069087643,-173.01635657479918,-24653.0,26944.009829663075,0.0,-1665.0,0.0,0.0,0.0,0.0,12259.409203990659,-486.4190336537314,-37052.0,25957.66845953527,0.0,-330.72570360750206,0.0,0.0,0.0,0.0,-5399.976794876189,-301.96596105158346,-19925.0,5697.789571566022,0.0,-0.0,0.0,0.0,0.0,0.0,-169.11189168358626,-7.677679882434817,-5521.0,36831.08707972605,0.0,-314.0,0.0,0.0,0.0,0.0,2558.3324458783422,-166.41952560438617,-38909.0,19237.020161547105,0.0,-0.0,0.0,0.0,0.0,0.0,-2476.1496855951104,-366.8704759519909,-16394.0
t135,20068.735777840757,0.0,-97.3,0.0,0.0,0.0,0.0,-1169.9128442557267,-292.5229335850298,-18509.0,32596.720994787785,0.0,-2246.9,0.0,0.0,0.0,0.0,-5633.261737326736,-189.55925746104467,-24527.0,24962.985699376026,0.0,-1665.0,0.0,0.0,0.0,0.0,15626.235989310557,-647.2216886865858,-38277.0,26774.671819104806,578.5,-0.0,0.0,0.0,0.0,0.0,-7242.620312055586,-282.5515070492159,-19828.0,5367.796574814968,0.0,-0.0,0.0,0.0,0.0,0.0,205.6648089344103,-172.4613837493778,-5401.0,39007.00090096018,0.0,-314.0,0.0,0.0,0.0,0.0,147.22124262436375,-128.22214358454426,-38712.0,18797.98387333585,0.0,-0.0,0.0,0.0,0.0,0.0,-1933.3271472312822,-385.6567261045608,-16479.0
t136,18709.86214551596,0.0,-0.0,0.0,0.0,0.0,0.0,-583.8304385815952,-114.0317069343649,-18012.0,30612.504304495003,0.0,-2246.9,0.0,0.0,0.0,0.0,-4237.206187874708,-343.39811662029365,-23785.0,19992.59735878471,0.0,-1665.0,0.0,0.0,0.0,0.0,21161.27288950578,-911.8702482904988,-38577.0,24056.934834427742,578.5,-0.0,0.0,0.0,0.0,0.0,-4996.034677524163,-189.40015690357808,-19450.0,4596.3365901540865,0.0,-0.0,0.0,0.0,0.0,0.0,728.949788128074,-75.28637828216054,-5250.0,44212.099909391836,0.0,-0.0,0.0,0.0,0.0,0.0,-5855.252100695096,-321.8478086967485,-38035.0,23256.934886531984,0.0,-0.0,0.0,0.0,0.0,0.0,-6217.899272958295,-572.0356135736859,-16467.0
t137,23975.268584959314,38.92000000011714,-0.0,0.0,0.0,0.0,0.0,-6350.807778848253,-523.3808061111791,-17140.0,20002.9365829199,0.0,-2246.9,0.0,0.0,0.0,0.0,5669.791296067425,-678.8278789873311,-22747.0,12864.084653015265,0.0,-1665.0,0.0,0.0,0.0,0.0,29112.009316264084,-1291.0939692793602,-39020.0,26103.091980404184,748.4831063465713,-0.0,0.0,0.0,0.0,0.0,-7750.017399183842,-315.55768756690895,-18786.0,4756.694280094006,224.17169023773533,-0.0,0.0,0.0,0.0,0.0,264.9058692780359,-169.77183960977717,-5076.0,52181.816156006345,0.0,-0.0,0.0,0.0,0.0,0.0,-14481.184719170162,-970.6314368361755,-36730.0,22915.799109905034,600.4895063246599,-0.0,0.0,0.0,0.0,0.0,-6464.696584407284,-823.5920318224084,-16228.0
t138,23562.993845673576,0.0,-0.0,0.0,0.0,0.0,0.0,-6574.055987506368,-647.9378581672108,-16341.0,6247.514983095612,3861.8589868108793,-0.0,0.0,0.0,0.0,0.0,11783.853354885403,-568.2273247918938,-21325.0,12464.564260519779,2581.204053755519,-0.0,0.0,0.0,0.0,0.0,25502.23883476176,-1254.0071490370565,-39294.0,24269.7267920973,974.4831063465713,-0.0,0.0,0.0,0.0,0.0,-6997.5971482032455,-266.6127502406211,-17980.0,6646.920099912718,224.17169023773533,-0.0,0.0,0.0,0.0,0.0,-1658.7839893836963,-259.30780076675705,-4953.0,50437.870465284905,314.0,-0.0,0.0,0.0,0.0,0.0,-14877.688794470592,-897.1816708143082,-34977.0,24112.652275464177,0.0,-0.0,0.0,0.0,0.0,0.0,-7177.966270083261,-882.6860053809106,-16052.0
t139,23786.58340789594,0.0,-0.0,0.0,0.0,0.0,0.0,-7378.994012989012,-620.589394906928,-15787.0,4469.0536448520415,5424.073460747959,-0.0,0.0,0.0,0.0,0.0,10888.988,-538.1151056,-20244.0,12676.247038893016,1786.5437013049784,-0.0,0.0,0.0,0.0,0.0,26397.104189647165,-1223.8949298451628,-39636.0,26616.485580535467,804.5,-0.0,0.0,0.0,0.0,0.0,-9181.321557471918,-408.66402306354826,-17831.0,6676.588896187737,162.79812579233518,-0.0,0.0,0.0,0.0,0.0,-1585.2799568156415,-258.10706516443014,-4996.0,45441.97753153035,314.0,-0.0,0.0,0.0,0.0,0.0,-11406.39382122306,-950.5837103072909,-33399.0,24412.04650499145,0.0,-0.0,0.0,0.0,0.0,0.0,-7734.102841147531,-830.9436638439178,-15847.0
t140,23874.655071777575,0.0,-0.0,0.0,0.0,0.0,0.0,-7654.821106632019,-620.8339651455567,-15599.0,5681.848930789343,3821.278174810658,-0.0,0.0,0.0,0.0,0.0,10888.988,-538.1151056,-19854.0,12459.574101002312,2439.2166391956853,-0.0,0.0,0.0,0.0,0.0,26397.104189647165,-1223.8949298451628,-40072.0,25802.734040029078,578.5,-0.0,0.0,0.0,0.0,0.0,-7859.551180018851,-322.6828600102262,-18199.0,6601.736898863262,196.3,-0.0,0.0,0.0,0.0,0.0,-1426.1541455311472,-250.88275333211408,-5121.0,45715.69171995589,44.248637957199996,-0.0,0.0,0.0,0.0,0.0,-12235.273345874522,-830.6670120385783,-32694.0,24660.769422290097,0.0,-0.0,0.0,0.0,0.0,0.0,-8110.292411590624,-804.4770106994721,-15746.0
t141,23365.496242497,0.0,-0.0,0.0,0.0,0.0,0.0,-6893.040270790903,-633.455971706093,-15839.0,4060.0115675369175,3062.930515849013,-0.0,0.0,0.0,0.0,0.0,13735.97410463504,-633.916188020969,-20225.0,12363.473873498495,5677.104053755518,-0.0,0.0,0.0,0.0,0.0,23550.118085012124,-1319.696012266132,-40271.0,26689.27460986555,974.4831063465713,-0.0,0.0,0.0,0.0,0.0,-8928.537308541498,-392.22040767062435,-18343.0,7373.360309024536,19.17064421565353,-0.0,0.0,0.0,0.0,0.0,-1987.177729209096,-276.35322403109296,-5129.0,44721.89316506784,314.0,-0.0,0.0,0.0,0.0,0.0,-11159.17807015348,-899.715094914367,-32977.0,24907.297892728613,0.0,-0.0,0.0,0.0,0.0,0.0,-8318.158810952185,-791.13908177642,-15798.0
t142,22367.417485264174,0.0,-0.0,0.0,0.0,0.0,0.0,-6105.193259233364,-669.2242260308053,-15593.0,4159.324727508308,5355.802378091694,-0.0,0.0,0.0,0.0,0.0,10888.988,-538.1151056,-19866.0,12649.287515783333,2473.503224414667,-0.0,0.0,0.0,0.0,0.0,26397.104189647165,-1223.8949298451628,-40296.0,29998.665896300274,695.4174035247349,-0.0,0.0,0.0,0.0,0.0,-12118.364625205393,-599.7186746196107,-17976.0,7850.983403285815,0.0,-0.0,0.0,0.0,0.0,0.0,-2469.7297890772816,-297.2536142085337,-5084.0,42018.564115352936,0.0,-0.0,0.0,0.0,0.0,0.0,-7969.350753489584,-1107.2133618633534,-32942.0,24914.72498027069,0.0,-0.0,0.0,0.0,0.0,0.0,-8623.45376264154,-776.2712176291484,-15515.0
t143,22020.079999999998,0.0,-0.0,0.0,0.0,0.0,0.0,-5800.0,-683.08,-15537.0,7039.395550683112,1390.7315549168857,-0.0,0.0,0.0,0.0,0.0,10888.988,-538.1151056,-18781.0,12240.467474594054,2354.323265603948,-0.0,0.0,0.0,0.0,0.0,26397.104189647165,-1223.8949298451628,-39768.0,30975.981287837723,732.2873011812,-0.0,0.0,0.0,0.0,0.0,-12806.200493662747,-667.0680953561765,-18235.0,8568.67702083172,0.0,-0.0,0.0,0.0,0.0,0.0,-2969.045907632467,-287.6311131992534,-5312.0,40105.6234888556,165.36474755812196,-0.0,0.0,0.0,0.0,0.0,-6793.270878694977,-1183.7173577187427,-32294.0,24838.522427426476,0.0,-0.0,0.0,0.0,0.0,0.0,-8917.574909656973,-761.9475177694969,-15159.0
t144,22500.079999999998,0.0,-0.0,0.0,0.0,0.0,0.0,-5800.0,-683.08,-16017.0,4366.902764794668,2818.0,-0.0,0.0,0.0,0.0,0.0,12659.800170337177,-597.7029351318461,-19247.0,12240.663562759215,3829.5271773078102,-0.0,0.0,0.0,0.0,0.0,24626.292019309985,-1283.4827593770087,-39413.0,32037.696211768565,148.88056288700682,-0.0,0.0,0.0,0.0,0.0,-12775.09196422633,-666.4848104292437,-18745.0,9369.809928052915,0.0,-0.0,0.0,0.0,0.0,0.0,-3599.57053577367,-316.2393922792437,-5454.0,41298.38823641372,64.6,-0.0,0.0,0.0,0.0,0.0,-6793.270878694977,-1183.7173577187427,-33386.0,24510.392150580057,0.0,-364.0942578514538,0.0,0.0,0.0,0.0,-8318.158810952185,-791.13908177642,-15037.0
t145,18621.559917058443,2083.8493334737395,-0.0,0.0,0.0,0.0,0.0,-4161.064700202924,-608.3445503292534,-15936.0,8751.289442602463,2824.8751854155553,-0.0,0.0,0.0,0.0,0.0,7908.927513756028,-392.0921417740454,-19093.0,13661.549056394442,2524.1847478061004,-0.0,0.0,0.0,0.0,0.0,21332.63401115511,-946.3678153556733,-36572.0,21888.143486220153,46.47263708017674,-0.0,0.0,0.0,0.0,0.0,-5559.968143338102,-577.6479799622275,-15797.0,13915.116252325,0.0,-0.0,0.0,0.0,0.0,0.0,-8748.139,-325.977252325,-4841.0,34939.97824283007,378.6,-0.0,0.0,0.0,0.0,0.0,-387.6755137560276,-834.9027290740454,-34096.0,24531.278558877733,0.0,-0.0,0.0,0.0,0.0,0.0,-10384.714167614084,-692.5643912636475,-13454.0
t146,18115.668418178288,97.3,-0.0,0.0,0.0,0.0,0.0,-1439.717308892772,-484.25110928551044,-16289.0,8588.202318720358,6158.688427115619,-0.0,0.0,0.0,0.0,0.0,5419.204992391191,-270.09573822716834,-19896.0,13634.975807567356,3508.0119468996127,-0.0,0.0,0.0,0.0,0.0,18611.286619844956,-822.2743743119304,-34932.0,21938.780525432416,504.9632909544485,-0.0,0.0,0.0,0.0,0.0,-5830.205513851162,-590.5383025357004,-16023.0,13987.116252325,0.0,-0.0,0.0,0.0,0.0,0.0,-8748.139,-325.977252325,-4913.0,33916.85931791836,314.0,-0.0,0.0,0.0,0.0,0.0,2102.0470076088095,-712.9063255271683,-35620.0,24027.93151093815,0.0,-0.0,0.0,0.0,0.0,0.0,-10114.476797101024,-705.4547138371204,-13208.0
t147,17501.782901771003,5580.2970982290035,-0.0,0.0,0.0,0.0,0.0,-5800.0,-683.08,-16599.0,10238.5072751974,5229.282354141369,-0.0,0.0,0.0,0.0,0.0,4809.534124634107,-198.32375397287643,-20079.0,13562.212961519375,1665.0,-0.0,0.0,0.0,0.0,0.0,18976.6956660988,-1057.9086276181727,-33146.0,20488.39911974335,732.2873011812,-0.0,0.0,0.0,0.0,0.0,-4553.57713702362,-523.1092839009284,-16144.0,13833.77368691834,224.17169023773533,-0.0,0.0,0.0,0.0,0.0,-8649.81176057038,-324.13361658569465,-5084.0,30046.44948258122,378.6,-0.0,0.0,0.0,0.0,0.0,5441.236555117998,-549.2860376992181,-35317.0,23577.903838216662,0.0,-0.0,0.0,0.0,0.0,0.0,-10224.077448256907,-584.8263899597481,-12769.0
t148,18320.519482351046,0.0,-0.0,0.0,0.0,0.0,0.0,-490.5503848039816,-440.96909754706155,-17389.0,7457.580396388892,4629.788662031438,-0.0,0.0,0.0,0.0,0.0,9314.15661569863,-451.5256741189627,-20950.0,13460.557543426465,4760.9,-0.0,0.0,0.0,0.0,0.0,14937.367091624172,-707.8246350506355,-32451.0,21211.918633855432,974.4831063465713,-0.0,0.0,0.0,0.0,0.0,-4884.810833972177,-494.59090622982313,-16807.0,13440.603845166703,224.17169023773533,-0.0,0.0,0.0,0.0,0.0,-8024.368971120919,-312.40656428351724,-5328.0,36664.72621288062,378.6,-0.0,0.0,0.0,0.0,0.0,-1337.9850467442802,-863.3411661363374,-34842.0,23096.401317456086,0.0,-0.0,0.0,0.0,0.0,0.0,-9513.808470681442,-541.5928467746427,-13041.0
t149,17031.61863145934,4597.989693377915,-0.0,0.0,0.0,0.0,0.0,-2745.7998516041007,-543.808473233147,-18340.0,8807.674007246233,6052.723808272019,-0.0,0.0,0.0,0.0,0.0,7740.438357604359,-383.8361731226136,-22217.0,14289.31883803455,916.2040537555189,-0.0,0.0,0.0,0.0,0.0,18356.406992052587,-813.9298838426562,-32748.0,22364.921656818125,974.4831063465713,-0.0,0.0,0.0,0.0,0.0,-5453.151346511793,-497.25341665290387,-17389.0,13263.523705953377,224.17169023773533,-0.0,0.0,0.0,0.0,0.0,-7614.965153488207,-304.73024270290387,-5568.0,35760.83311802697,314.0,-0.0,0.0,0.0,0.0,0.0,-219.18635760435882,-826.6467604226136,-35029.0,22322.957623608,1630.3,-0.0,0.0,0.0,0.0,0.0,-10063.742640448487,-565.5149831595091,-13324.0
t150,19764.685824999022,97.3,-0.0,0.0,0.0,0.0,0.0,-201.21062069531126,-427.77520430370623,-19233.0,10959.929634471835,2513.2271365003658,-0.0,0.0,0.0,0.0,0.0,10488.364253662094,-473.5210246342998,-23488.0,18485.874051975377,1770.1205063543453,-0.0,0.0,0.0,0.0,0.0,12799.871676632683,-792.8662349624065,-32263.0,22165.325712872087,648.9447664445582,-0.0,0.0,0.0,0.0,0.0,-4644.173838428702,-517.0966408879466,-17653.0,14371.41533799806,154.0970797702534,-0.0,0.0,0.0,0.0,0.0,-8494.29474522043,-321.217672547883,-5710.0,35472.40762141838,358.2486379572,-0.0,0.0,0.0,0.0,0.0,-37.89287938569032,-817.7633799898988,-34975.0,23890.936012219016,0.0,-0.0,0.0,0.0,0.0,0.0,-9910.663846564645,-565.2721656543628,-13415.0
t151,22355.700081267896,0.0,-97.3,0.0,0.0,0.0,0.0,-1927.9671252535568,-450.4329560143393,-19880.0,17543.285726463997,0.0,-0.0,0.0,0.0,0.0,0.0,6607.240893088432,-232.52661955242576,-23918.0,22988.04418690687,0.0,-587.8818518950213,0.0,0.0,0.0,0.0,8991.806113741546,-884.9684487533956,-30507.0,20664.014508513377,0.0,-0.0,0.0,0.0,0.0,0.0,-2628.5419638640233,-408.4725446493547,-17627.0,12817.66821151174,0.0,-0.0,0.0,0.0,0.0,0.0,-6817.670995634913,-233.9972158768251,-5766.0,28396.547408455368,0.0,-0.0,0.0,0.0,0.0,0.0,6646.292307557264,-436.8397160126343,-34606.0,24939.63864926149,0.0,-0.0,0.0,0.0,0.0,0.0,-10871.15922963475,-509.4794196267352,-13559.0
t152,19791.73156702249,0.0,-97.3,0.0,0.0,0.0,0.0,463.6166278834204,-21.048194905907287,-20137.0,29160.108383898634,0.0,-2246.9,0.0,0.0,0.0,0.0,-2991.6190504276774,-146.5893334709562,-23775.0,23557.832960164462,0.0,-1665.0,0.0,0.0,0.0,0.0,9148.109816869355,-397.9427770338169,-30643.0,18936.9971151605,0.0,-578.5,0.0,0.0,0.0,0.0,-396.19737804784575,-353.2997371126541,-17609.0,10129.893812549955,0.0,-9.437609482585849,0.0,0.0,0.0,0.0,-4221.286597610742,-119.16960545662788,-5780.0,26235.873726728918,0.0,-378.6,0.0,0.0,0.0,0.0,8707.54807167412,-524.8217984030373,-34040.0,25026.354048505742,0.0,-0.0,0.0,0.0,0.0,0.0,-10710.17149034063,-597.1825581651105,-13719.0
t153,21891.94537165189,0.0,-1925.7074128673453,0.0,0.0,0.0,0.0,467.22755929191135,-138.46551807645668,-20295.0,36289.666651703286,0.0,-6158.688427115619,0.0,0.0,0.0,0.0,-6088.56203133557,-274.41619325209973,-23768.0,25308.972214083446,0.0,-2581.204053755519,0.0,0.0,0.0,0.0,8801.449266922627,-370.21742725055543,-31159.0,18755.732023726992,0.0,-974.4831063465713,0.0,0.0,0.0,0.0,-39.212269358643425,-240.03664802177974,-17502.0,10702.705240636777,0.0,-224.17169023773533,0.0,0.0,0.0,0.0,-4589.686816265581,-132.84673413345737,-5756.0,26824.261130123803,0.0,-378.6,0.0,0.0,0.0,0.0,7403.210612854265,-408.8717429780652,-33440.0,21710.743867120753,0.0,-1630.3,0.0,0.0,0.0,0.0,-5954.426322109009,-259.01754501174184,-13867.0
t154,22709.698491632607,0.0,-4759.738430669027,0.0,0.0,0.0,0.0,2439.807185246617,-110.76724621019642,-20279.0,38206.5196258169,0.0,-2818.0,0.0,0.0,0.0,0.0,-11424.097304490784,-473.4223213261198,-23491.0,25991.020901157794,0.0,-5677.104053755518,0.0,0.0,0.0,0.0,11631.643985242403,-450.56083264467657,-31495.0,19801.286456845348,0.0,-974.4831063465713,0.0,0.0,0.0,0.0,-1403.5053288566492,-91.29802164212502,-17332.0,8458.874431456812,0.0,-196.3,0.0,0.0,0.0,0.0,-2439.807185246617,-110.76724621019642,-5712.0,26466.361674835334,0.0,-378.6,0.0,0.0,0.0,0.0,7201.645200518207,-375.4068753535414,-32914.0,21990.23391744315,0.0,-1630.3,0.0,0.0,0.0,0.0,-6005.686552413176,-261.24736502997314,-14093.0
t155,20523.167607383988,0.0,-3651.1765171535535,0.0,0.0,0.0,0.0,3696.9761776974556,-199.96726792788897,-20369.0,41351.54053470468,0.0,-5587.588427115619,0.0,0.0,0.0,0.0,-11897.378790870229,-468.57331671883753,-23398.0,26456.703252087795,0.0,-5071.135080540607,0.0,0.0,0.0,0.0,10852.018873527775,-1110.5870450749596,-31127.0,17004.88151480008,0.0,-804.5,0.0,0.0,0.0,0.0,1126.7449530699828,-21.126467870062175,-17306.0,6690.9377042029555,0.0,-196.3,0.0,0.0,0.0,0.0,-781.8531484009168,-36.78455580203777,-5676.0,23930.30663664289,0.0,-314.0,0.0,0.0,0.0,0.0,9557.438835115456,-536.7454717583462,-32637.0,27490.813590620597,0.0,-0.0,0.0,0.0,0.0,0.0,-12553.946900139526,-588.8666904810693,-14348.0
t156,21771.44734080444,0.0,-6566.3,0.0,0.0,0.0,0.0,5343.216235310334,-243.36357611476913,-20305.0,43919.96275524105,0.0,-3949.187685755256,0.0,0.0,0.0,0.0,-15892.701731039853,-660.0733384459529,-23418.0,26268.31593658582,0.0,-4760.9,0.0,0.0,0.0,0.0,11839.437377359727,-1138.853313945547,-32208.0,18312.775702449624,0.0,-578.5,0.0,0.0,0.0,0.0,-244.37885775280927,-15.896844696820242,-17474.0,7160.589193802245,0.0,-0.0,0.0,0.0,0.0,0.0,-1435.4210769105075,-65.16811689173704,-5660.0,20273.867492923877,0.0,-314.0,0.0,0.0,0.0,0.0,13518.91246748764,-734.7799604115157,-32744.0,28238.948716808307,0.0,-0.0,0.0,0.0,0.0,0.0,-13129.06441445453,-613.884302353772,-14496.0
t157,21280.599164510208,0.0,-6405.421051733948,0.0,0.0,0.0,0.0,5488.162077979617,-249.34019075587054,-20114.0,42647.631730718895,0.0,-5587.588427115619,0.0,0.0,0.0,0.0,-13122.700047643735,-524.3432559595431,-23413.0,24494.373076577933,0.0,-2581.204053755519,0.0,0.0,0.0,0.0,12695.051778045548,-555.2208008679653,-34053.0,20902.86019851329,0.0,-974.4831063465713,0.0,0.0,0.0,0.0,-2249.0747778664986,-146.30231430021573,-17533.0,10650.011690237736,0.0,-224.17169023773533,0.0,0.0,0.0,0.0,-4600.0,-208.84,-5617.0,24420.19185719953,0.0,-378.6,0.0,0.0,0.0,0.0,9328.071825510235,-526.6636827097589,-32843.0,22582.249578587267,0.0,-0.0,0.0,0.0,0.0,0.0,-7539.5108560251665,-370.7387225620947,-14672.0
t158,19197.59510743654,0.0,-97.3,0.0,0.0,0.0,0.0,1482.1617352355252,-330.45684267206593,-20252.0,39935.60645324669,0.0,-5765.2712273656,0.0,0.0,0.0,0.0,-10002.072252671454,-392.262973209639,-23776.0,23057.23345017538,0.0,-1665.0,0.0,0.0,0.0,0.0,15136.716099151672,-865.9495493270541,-35663.0,22096.72043525076,0.0,-578.5,0.0,0.0,0.0,0.0,-3484.3428260182714,-479.87760923248857,-17554.0,6450.191540581294,0.0,-0.0,0.0,0.0,0.0,0.0,-848.6622733702835,-38.529267211010875,-5563.0,23711.2701063,0.0,-314.0,0.0,0.0,0.0,0.0,10267.830554503258,-616.1006608032528,-33049.0,28938.55872022185,0.0,-797.3011427642707,0.0,0.0,0.0,0.0,-12551.631036830448,-940.6265406271244,-14649.0
t159,19739.293852171195,0.0,-97.3,0.0,0.0,0.0,0.0,648.0548468140846,-389.0486989852777,-19901.0,36637.84005548168,0.0,-2246.9,0.0,0.0,0.0,0.0,-9750.818972218012,-359.1210832636826,-24281.0,20788.76191792138,0.0,-5402.236809950721,0.0,0.0,0.0,0.0,22196.15764163725,-897.6827496079109,-36685.0,21707.38994873787,0.0,-823.0564012791933,0.0,0.0,0.0,0.0,-3074.087957886183,-222.24558957248993,-17588.0,10501.010130775609,0.0,-66.36051191709318,0.0,0.0,0.0,0.0,-4865.825392744555,-213.8242261139604,-5355.0,28954.045648710107,0.0,-335.6572209616526,0.0,0.0,0.0,0.0,5359.849822848751,-316.23825059721213,-33662.0,25824.659842948975,0.0,-0.0,0.0,0.0,0.0,0.0,-10513.329988451336,-457.3298544976331,-14854.0
t160,19338.996033731848,0.0,-97.3,0.0,0.0,0.0,0.0,575.9129334323165,-463.6089671641648,-19354.0,34732.926696124996,0.0,-2246.9,0.0,0.0,0.0,0.0,-7730.8825,-260.144196125,-24495.0,18165.066669571144,0.0,-1665.0,0.0,0.0,0.0,0.0,21398.69239192939,-863.7590615005363,-37035.0,22410.51490261589,0.0,-578.5,0.0,0.0,0.0,0.0,-4441.984350290032,-312.0305523258589,-17078.0,8003.256949805376,0.0,-27.871690237735315,0.0,0.0,0.0,0.0,-2768.055262859904,-118.32999670773619,-5089.0,29264.47089883346,0.0,-314.0,0.0,0.0,0.0,0.0,4717.395690856766,-306.8665896902326,-33361.0,27303.450835352018,0.0,-0.0,0.0,0.0,0.0,0.0,-11751.078903068537,-560.3719322834813,-14992.0
t161,19289.886774768707,0.0,-97.3,0.0,0.0,0.0,0.0,-455.22836148498845,-439.3584132837155,-18298.0,33389.74244488828,0.0,-2246.9,0.0,0.0,0.0,0.0,-7347.595844713669,-247.24660017461497,-23548.0,15682.490286612649,0.0,-1665.0,0.0,0.0,0.0,0.0,24314.704605783918,-1010.1948923965753,-37322.0,18740.491841437244,0.0,-636.057836021148,0.0,0.0,0.0,0.0,-1397.4630587916984,-286.97094662439997,-16420.0,12834.5545131335,0.0,-27.871690237735315,0.0,0.0,0.0,0.0,-7676.876075017415,-273.8067478783481,-4856.0,30088.091854489267,0.0,-314.0,0.0,0.0,0.0,0.0,2622.8115265441857,-289.9033810334527,-32107.0,25599.86808312788,0.0,-0.0,0.0,0.0,0.0,0.0,-10060.352792320333,-720.5152908075402,-14819.0
t162,20392.722135916272,0.0,-0.0,0.0,0.0,0.0,0.0,-2557.50012998878,-535.2220059274883,-17300.0,25899.00098949578,0.0,-0.0,0.0,0.0,0.0,0.0,-3286.4131857938155,-110.58780370196189,-22502.0,14355.302890942716,451.73997777868135,-0.0,0.0,0.0,0.0,0.0,23692.89289374125,-1023.9357624626531,-37476.0,17638.19437883114,0.0,-0.0,0.0,0.0,0.0,0.0,-1673.5142751597177,-174.68010367142787,-15790.0,11862.819905197157,224.17169023773533,-0.0,0.0,0.0,0.0,0.0,-7180.409275445291,-296.5823199895992,-4610.0,30592.245309601964,0.0,-0.0,0.0,0.0,0.0,0.0,-59.978698247404395,-80.26661135455993,-30452.0,24261.715440166718,0.0,-0.0,0.0,0.0,0.0,0.0,-8935.07732910624,-721.6381110604716,-14605.0
t163,19645.957282226547,2930.122717773459,-0.0,0.0,0.0,0.0,0.0,-5800.0,-683.08,-16093.0,11793.072152421704,516.703732920952,-0.0,0.0,0.0,0.0,0.0,9234.725672615503,-452.50155795815965,-21092.0,13929.073183957562,1900.4607701166747,-0.0,0.0,0.0,0.0,0.0,22971.569310952185,-1021.10326502642,-37780.0,15269.309476181865,169.98310634657133,-0.0,0.0,0.0,0.0,0.0,-749.5100772575663,-184.78250527087016,-14505.0,12537.650966883311,224.17169023773533,-0.0,0.0,0.0,0.0,0.0,-8156.930562989981,-314.89209413106215,-4290.0,38425.22723057366,314.0,-0.0,0.0,0.0,0.0,0.0,-9234.725672615503,-452.50155795815965,-29052.0,23293.723332770867,0.0,-0.0,0.0,0.0,0.0,0.0,-8265.128670704637,-753.594662066228,-14275.0
t164,19265.721403553478,2423.3585964465265,-0.0,0.0,0.0,0.0,0.0,-5800.0,-683.08,-15206.0,7212.506860334028,2246.9,-0.0,0.0,0.0,0.0,0.0,9497.994889238667,-465.4017495726947,-18492.0,13988.949900022195,1638.7417782367575,-0.0,0.0,0.0,0.0,0.0,22968.267978819706,-1020.9596570786571,-37575.0,14912.944503574998,578.5,-0.0,0.0,0.0,0.0,0.0,-472.5854999999999,-210.85900357500003,-14808.0,13269.386972383045,133.7292799419556,-0.0,0.0,0.0,0.0,0.0,-8748.139,-325.977252325,-4329.0,36942.39663881135,314.0,-0.0,0.0,0.0,0.0,0.0,-9497.994889238667,-465.4017495726947,-27293.0,22477.985873048365,0.0,-0.0,0.0,0.0,0.0,0.0,-7947.5434788197035,-768.442394228657,-13762.0
t165,19238.63052734845,2269.4494726515563,-0.0,0.0,0.0,0.0,0.0,-5800.0,-683.08,-15025.0,8473.888026,0.0,-0.0,0.0,0.0,0.0,0.0,10521.673999999999,-515.562026,-18480.0,13711.258489030459,2581.204053755519,-0.0,0.0,0.0,0.0,0.0,22414.586148961956,-998.0486917479321,-37709.0,15136.444503574998,226.0,-0.0,0.0,0.0,0.0,0.0,-472.5854999999999,-210.85900357500003,-14679.0,13564.287942562734,0.0,-224.17169023773533,0.0,0.0,0.0,0.0,-8748.139,-325.977252325,-4266.0,38556.45300490177,0.0,-0.0,0.0,0.0,0.0,0.0,-10596.463443827197,-519.9895610745701,-27440.0,21712.17609895812,0.0,-0.0,0.0,0.0,0.0,0.0,-7319.072205134757,-741.1038938233619,-13652.0
t166,20005.369940399174,77.84000000016107,-0.0,0.0,0.0,0.0,0.0,-4844.6919858448055,-639.5179545545232,-14599.0,7012.763315372771,923.124710627229,-0.0,0.0,0.0,0.0,0.0,10521.673999999999,-515.562026,-17942.0,14056.059314489667,3377.7302524518896,-0.0,0.0,0.0,0.0,0.0,21244.16548481831,-943.9550517598706,-37734.0,14451.827033754587,443.61746982040955,-0.0,0.0,0.0,0.0,0.0,-472.5854999999999,-210.85900357500003,-14212.0,13418.287942562734,0.0,-224.17169023773533,0.0,0.0,0.0,0.0,-8748.139,-325.977252325,-4120.0,38304.236026000006,0.0,-0.0,0.0,0.0,0.0,0.0,-10521.673999999999,-515.562026,-27267.0,21389.748833328857,0.0,-0.0,0.0,0.0,0.0,0.0,-7178.748998973506,-734.9998343553474,-13476.0
t167,18508.12404696892,0.0,-0.0,0.0,0.0,0.0,0.0,-3749.5448039105922,-589.5792430583231,-14169.0,7056.8880260000005,0.0,-0.0,0.0,0.0,0.0,0.0,10521.673999999999,-515.562026,-17063.0,14069.305576011344,2152.490395556242,-0.0,0.0,0.0,0.0,0.0,22107.65296033185,-1014.4489318994345,-37315.0,14562.086831133694,208.41923922601168,-0.0,0.0,0.0,0.0,0.0,-210.16454627728172,-198.34152408242636,-14362.0,13435.416252325002,0.0,-196.3,0.0,0.0,0.0,0.0,-8748.139,-325.977252325,-4165.0,40438.1607070041,0.0,-0.0,0.0,0.0,0.0,0.0,-12765.749416355839,-648.4112906482657,-27024.0,20777.178902263215,188.61597337519936,-0.0,0.0,0.0,0.0,0.0,-7155.729193788136,-710.065681850272,-13100.0
t168,18567.569378845954,97.3,-0.0,0.0,0.0,0.0,0.0,-3903.279819095207,-596.5895597507415,-14165.0,6951.46456168113,807.0715564552045,-0.0,0.0,0.0,0.0,0.0,9889.026163894498,-484.5622820308304,-17163.0,14194.382312110783,214.73345082995877,-0.0,0.0,0.0,0.0,0.0,23996.45620040137,-1107.5719633421172,-37298.0,14779.944503574998,578.5,-0.0,0.0,0.0,0.0,0.0,-472.5854999999999,-210.85900357500003,-14675.0,13351.264236644354,0.0,-40.14798431935429,0.0,0.0,0.0,0.0,-8748.139,-325.977252325,-4237.0,41190.15465484379,4.734434925576352e-10,-0.0,0.0,0.0,0.0,0.0,-12810.633234248478,-657.5214205957861,-27722.0,19847.13081312861,1630.3,-0.0,0.0,0.0,0.0,0.0,-7950.844810952185,-768.5860021764199,-12758.0
t169,22317.634644522444,0.0,-0.0,0.0,0.0,0.0,0.0,-2165.3579892612174,-217.2766552612279,-19935.0,10390.1271056,0.0,-0.0,0.0,0.0,0.0,0.0,10888.988,-538.1151056,-20741.0,19645.887934301707,0.0,-0.0,0.0,0.0,0.0,0.0,11659.35773012277,-568.2456644244752,-30737.0,21488.953134143623,0.0,-0.0,0.0,0.0,0.0,0.0,-5410.776566815828,-197.17656732779676,-15881.0,4617.853566778283,99.10513872146599,-0.0,0.0,0.0,0.0,0.0,801.6335233991645,-98.59222889891329,-5420.0,45589.56256951372,0.0,-0.0,0.0,0.0,0.0,0.0,-13947.208878694977,-718.3536908187426,-30924.0,19327.345907665476,69.88048500005948,-0.0,0.0,0.0,0.0,0.0,-1826.6358187499122,-387.5905739156212,-17183.0
t170,21179.839747520335,0.0,-0.0,0.0,0.0,0.0,0.0,-297.2836146904516,-13.556132829884593,-20869.0,10043.64795216074,0.0,-0.0,0.0,0.0,28.806182288990385,0.0,11553.005148186752,-560.4592826364842,-21065.0,23116.77564174427,0.0,-0.0,0.0,0.0,0.0,0.0,6979.0059898830295,-381.7816316272966,-29714.0,20659.723110479597,0.0,-66.88279477426445,0.0,0.0,0.0,0.0,-4559.622880005232,-181.21743570009812,-15852.0,4610.63266527139,24.819887436202272,-0.0,0.0,0.0,0.0,0.0,951.7187783434352,-38.17133105102758,-5549.0,45202.37477259664,0.0,-0.0,0.0,0.0,0.0,0.0,-12199.48626075967,-614.8885118369725,-32388.0,19650.84346023275,0.0,-0.0,0.0,0.0,0.0,0.0,-2427.337160957864,-441.50629927488467,-16782.0
t171,20623.59241288038,0.0,-0.0,0.0,0.0,495.03473177877595,0.0,937.9560604869471,-42.5832051461074,-22014.0,10246.934026,571.1,-0.0,0.0,0.0,577.854,0.0,10521.673999999999,-515.562026,-21402.0,23001.73613473436,3095.9,-0.0,0.0,0.0,459.49693548976325,0.0,2410.7494358944627,-111.88250611858686,-28856.0,18192.5200314012,0.0,-0.0,0.0,0.0,49.152,0.0,-1823.4817486146783,-34.190282786525216,-16384.0,5038.652799804901,0.0,-0.0,0.0,0.0,17.595,0.0,885.5256881277312,-76.77348793263262,-5865.0,44814.28441275686,0.0,-0.0,0.0,0.0,100.212,0.0,-10968.483277527244,-542.0131352296129,-33404.0,18259.45307245972,597.3444827964684,-0.0,0.0,0.0,50.574,0.0,-1963.9401583672177,-85.43139688897396,-16858.0
t172,20087.09191505613,0.0,-0.0,0.0,0.0,641.088,0.0,3179.556049888065,-163.7359649442007,-23744.0,10546.572997628138,1715.3930283718655,-0.0,0.0,0.0,617.922,0.0,10521.673999999999,-515.562026,-22886.0,22877.684094071556,2786.270961534329,-0.0,0.0,0.0,767.6370000000001,0.0,2125.2210293304734,-125.81308493636404,-28431.0,18215.247531698937,921.4174035247349,-0.0,0.0,0.0,467.748,0.0,-2185.0655600017935,-95.34737522188334,-17324.0,5547.512221671961,0.0,-0.0,0.0,0.0,169.101,0.0,696.5614543744391,-150.1746760464005,-6263.0,48014.67731475259,0.0,-0.0,0.0,0.0,943.542,0.0,-13326.517965437271,-685.7013493153239,-34946.0,18006.050930563073,124.0707483957196,-0.0,0.0,0.0,473.12100000000004,0.0,-1011.4290081539115,-68.8136708048768,-17523.0
t173,20325.81204380108,0.0,-0.0,0.0,0.0,691.983,0.0,4877.276751506846,-266.0717953079287,-25629.0,9432.349139265505,6052.723808272019,-0.0,0.0,0.0,673.92,0.0,9254.476395859587,-453.46934339711976,-24960.0,23602.644020068816,3478.060655922762,-0.0,0.0,0.0,778.8689999999999,0.0,1051.4711497829517,-64.04482577453386,-28847.0,19545.828721521135,266.7599238340993,-0.0,0.0,0.0,494.397,0.0,-1880.848981715854,-115.1366636393837,-18311.0,4944.1236315401575,0.0,-0.0,0.0,0.0,177.687,0.0,1688.0161960826877,-228.826827622846,-6581.0,50187.87367351717,0.0,-0.0,0.0,0.0,998.838,0.0,-13463.392511516218,-729.3191620009545,-36994.0,18006.568801524998,1630.3,-0.0,0.0,0.0,492.318,0.0,-1526.999,-368.187801525,-18234.0
t174,20570.096726907283,0.0,-0.0,0.0,0.0,737.586,0.0,6343.246658141494,-332.92938504878293,-27318.0,13753.912139833405,5587.588427115619,-0.0,0.0,0.0,724.626,0.0,7120.792253471051,-348.9188204200815,-26838.0,26883.083411025596,333.5978665935454,-0.0,0.0,0.0,775.9259999999999,0.0,962.7229904552037,-217.33026807434084,-28738.0,20425.208980396812,140.93744134796856,-0.0,0.0,0.0,512.4060000000001,0.0,-1992.6910870578965,-107.86133468688385,-18978.0,5086.869466351259,0.0,-0.0,0.0,0.0,183.006,0.0,1734.8261876542388,-226.70165400549757,-6778.0,50914.82841280356,0.0,-0.0,0.0,0.0,1045.17,0.0,-12554.237826892415,-695.7605859111409,-38710.0,20192.34457419479,0.0,-0.0,0.0,0.0,505.46700000000004,0.0,-1614.6591757716742,-362.15239842312025,-18721.0
t175,21756.25826131467,0.0,-0.0,0.0,0.0,771.6060000000001,0.0,6381.235446341683,-331.09970765636035,-28578.0,26306.700432246897,0.0,-0.0,0.0,0.0,756.702,0.0,1012.1951290779176,-49.59756132481797,-28026.0,31882.901204727223,0.0,-0.0,0.0,0.0,82.71900000000001,0.0,-4201.052223342792,-191.5679813844313,-27573.0,17005.060112987587,131.29395360003682,-0.0,0.0,0.0,522.099,0.0,1918.7388796375965,-240.19194622521664,-19337.0,4340.187346788446,0.0,-0.0,0.0,0.0,185.841,0.0,2434.28542796843,-77.3137747568777,-6883.0,43322.43159908566,0.0,-0.0,0.0,0.0,1075.3020000000001,0.0,-4307.759570825192,-263.9740282604781,-39826.0,22208.546110596893,0.0,-0.0,0.0,0.0,521.127,0.0,-3237.643088857644,-191.03002173925034,-19301.0
t176,22737.010274490414,0.0,-0.0,0.0,0.0,88.449,0.0,7021.899335194448,-364.35860968486685,-29483.0,37201.05273873655,0.0,-0.0,0.0,0.0,86.034,0.0,-8234.710767627581,-374.37597110897065,-28678.0,30739.64815443014,0.0,-0.0,0.0,0.0,83.47200000000001,0.0,-2724.514546609379,-274.6056078207544,-27824.0,16022.619371888177,0.0,-0.0,0.0,0.0,58.479,0.0,3759.1265716449952,-347.22494353316904,-19493.0,4535.130383675103,0.0,-75.59249868176776,0.0,0.0,20.799,0.0,2539.6410304016963,-86.9779153950318,-6933.0,39685.18783802706,0.0,-21.657220961652605,0.0,0.0,121.509,0.0,1352.7368769958193,-634.7764940612203,-40503.0,24004.046141596624,0.0,-261.8771486466194,0.0,0.0,59.61,0.0,-3714.1785,-217.60049295,-19870.0
t177,22758.283109647906,0.0,-0.0,0.0,0.0,89.97,0.0,7529.240245549133,-387.4933551970405,-29990.0,42033.08637391819,0.0,-571.1,0.0,0.0,88.35000000000001,0.0,-11573.301947604623,-527.0344263135703,-29450.0,31437.078720494985,0.0,-675.3466447364317,0.0,0.0,84.876,0.0,-2222.9169413760874,-331.6911343824635,-28292.0,16121.089141513068,0.0,-0.0,0.0,0.0,59.145,0.0,3914.7653373631983,-379.99947887626337,-19715.0,4470.045566904855,0.0,-147.9865924665849,0.0,0.0,20.856,0.0,2695.561086629267,-86.47606106753766,-6952.0,38794.141110255754,0.0,-64.6,0.0,0.0,122.949,0.0,2889.147591500511,-758.6377017562631,-40983.0,24004.28216808079,0.0,-0.0,0.0,0.0,61.797000000000004,0.0,-3232.4953720613994,-234.58379601939015,-20599.0
t178,22099.92500674007,0.0,-0.0,0.0,0.0,91.413,0.0,8721.52346318098,-441.86146992105273,-30471.0,43345.44388060185,0.0,-0.0,0.0,0.0,89.76,0.0,-12960.85891403196,-554.3449665698862,-29920.0,31267.95496046615,0.0,-1200.804778006137,0.0,0.0,85.878,0.0,-1061.7762177295199,-465.25196473049436,-28626.0,14792.651883098044,0.0,-0.0,0.0,0.0,59.934000000000005,0.0,5619.547603731982,-494.13348683002533,-19978.0,4165.660792958838,0.0,-22.219376346830295,0.0,0.0,20.76,0.0,2848.568896268018,-92.77031288002533,-6920.0,41381.914470079944,0.0,-0.0,0.0,0.0,123.63000000000001,0.0,547.1736685805008,-842.7181386604445,-41210.0,25281.24508475349,0.0,-148.26109180349295,0.0,0.0,63.795,0.0,-3714.1785,-217.60049295,-21265.0
t179,23234.561444334555,0.0,-0.0,0.0,0.0,91.851,0.0,7685.192325718192,-394.60477005274953,-30617.0,43363.63570172065,0.0,-0.0,0.0,0.0,91.287,0.0,-12469.920845286302,-556.0018564343454,-30429.0,30976.572660701968,0.0,-0.0,0.0,0.0,87.867,0.0,-1403.8269456085222,-371.6127150934399,-29289.0,15093.796058422278,0.0,-0.0,0.0,0.0,59.865,0.0,5267.128966135449,-465.79002455772394,-19955.0,4123.082323578384,0.0,-0.0,0.0,0.0,20.487000000000002,0.0,2776.6343893819776,-91.20371296036222,-6829.0,40769.87088130827,0.0,-64.6,0.0,0.0,124.419,0.0,1484.383557387092,-841.0734386953648,-41473.0,25435.624822632228,0.0,-0.0,0.0,0.0,65.766,0.0,-3339.5914477278848,-239.79937490434799,-21922.0
t180,22522.143834733848,0.0,-0.0,0.0,0.0,223.84852243502593,0.0,8138.272886453404,-415.2652436222752,-30469.0,42656.00903436121,0.0,-0.0,0.0,0.0,92.19,0.0,-11562.352455652237,-455.84657870897274,-30730.0,31010.311702900275,0.0,-1272.3725399282844,0.0,0.0,92.4,0.0,1474.0197270962326,-504.3588900682205,-30800.0,16296.546535278543,0.0,-0.0,0.0,0.0,59.676,0.0,3904.3116869380415,-368.53422221658025,-19892.0,4226.648873130369,0.0,-69.55118895557179,0.0,0.0,20.307000000000002,0.0,2681.227986649889,-89.6326708246854,-6769.0,42968.303308090246,0.0,-64.6,0.0,0.0,124.653,0.0,-921.3013314853297,-556.0549766049223,-41551.0,26168.538067803995,0.0,-223.99607485399747,0.0,0.0,66.237,0.0,-3714.1785,-217.60049295,-22079.0
t181,23587.594272115733,0.0,-0.0,0.0,0.0,90.252,0.0,6758.501391328856,-352.3476634445958,-30084.0,42142.337169679755,0.0,-177.68280024998114,0.0,0.0,91.632,0.0,-11087.660072263847,-424.62629716592846,-30544.0,30044.267084302344,0.0,-1129.528333403892,0.0,0.0,95.772,0.0,3372.381108671144,-458.89185956959585,-31924.0,17644.56480055963,0.0,-0.0,0.0,0.0,59.148,0.0,2268.759857044751,-256.4726576043779,-19716.0,4152.489345292683,0.0,-29.708877541656534,0.0,0.0,20.004,0.0,2613.579799565834,-88.36426731685938,-6668.0,42048.07456862518,0.0,-64.6,0.0,0.0,124.5,0.0,-211.3835843467382,-396.59098427844697,-41500.0,27680.523992949995,0.0,-1630.3,0.0,0.0,66.555,0.0,-3714.1785,-217.60049295,-22185.0
t182,23060.807858630524,0.0,-0.0,0.0,0.0,88.044,0.0,6541.286578561318,-342.1384371918491,-29348.0,40725.24550737291,0.0,-571.1,0.0,0.0,90.684,0.0,-9662.057725212497,-354.7717821604124,-30228.0,29075.748606199566,0.0,-1592.8092365106759,0.0,0.0,96.933,0.0,5110.749874173779,-379.62224386267565,-32311.0,17751.242557818765,0.0,-0.0,0.0,0.0,58.653,0.0,2075.1832215659524,-334.07877938471387,-19551.0,4302.98306313187,0.0,-0.0,0.0,0.0,19.617,0.0,2398.309920011298,-181.9099831431683,-6539.0,43221.500579765925,0.0,-0.0,0.0,0.0,124.134,0.0,-1640.659166546583,-326.9754132193406,-41378.0,28679.529046965054,0.0,-1630.3,0.0,0.0,66.066,0.0,-4822.812702553266,-270.4823444117908,-22022.0
t183,23383.058330002026,0.0,-0.0,0.0,0.0,85.383,0.0,5276.959358310693,-284.40068831272606,-28461.0,40187.38069180524,0.0,-2818.0,0.0,0.0,88.458,0.0,-7712.319152329359,-259.51953947588294,-29486.0,28484.26724792877,0.0,-4469.333127893342,0.0,0.0,96.339,0.0,8373.183780709875,-371.4569007452955,-32113.0,19545.841695656403,0.0,-0.0,0.0,0.0,57.723,0.0,-143.47221524502265,-219.09248041138414,-19241.0,4255.693846289723,0.0,-0.0,0.0,0.0,18.822,0.0,2204.846868792115,-205.362715081838,-6274.0,42982.92460896522,0.0,-0.0,0.0,0.0,122.388,0.0,-2168.266850349955,-141.04575861526456,-40796.0,27631.145380972994,0.0,-0.0,0.0,0.0,64.659,0.0,-5830.931789888346,-311.8725910846441,-21553.0
t184,23840.764878802824,0.0,-0.0,0.0,0.0,0.0,0.0,3547.952148750444,-205.71702755327016,-27183.0,38797.30921796444,0.0,-4436.280868112977,0.0,0.0,0.0,0.0,-5303.563440092353,-178.46490975910766,-28879.0,26038.551233330592,0.0,-1145.1007929301682,0.0,0.0,0.0,0.0,7034.301578373928,-253.7520187743562,-31674.0,19079.002267728793,0.0,-0.0,0.0,0.0,0.0,0.0,-298.1287444959102,-97.87352323287996,-18683.0,4195.624097939044,0.0,-0.0,0.0,0.0,0.0,0.0,1853.122729659411,-147.74682759845493,-5901.0,40163.0,0.0,-0.0,0.0,0.0,0.0,0.0,0.0,-0.0,-40163.0,28395.98291775863,0.0,-163.16682746016073,0.0,0.0,0.0,0.0,-6833.684272195521,-359.1318181029437,-21040.0
t185,23700.38460192171,0.0,-0.0,0.0,0.0,0.0,0.0,1882.0677329896257,-120.45233491133605,-25462.0,35817.13122086623,0.0,-5184.860416879816,0.0,0.0,0.0,0.0,-2880.347123287782,-96.92368069863386,-27655.0,24185.54148625393,0.0,-0.0,0.0,0.0,0.0,0.0,7393.713637827173,-293.2551240810974,-31286.0,19411.182273741193,0.0,-0.0,0.0,0.0,0.0,0.0,-1682.6329067398199,-31.54936700137162,-17697.0,3646.7758561320875,95.74025667570731,-0.0,0.0,0.0,0.0,0.0,1910.1114597239014,-42.627572531696394,-5610.0,38401.99999999999,0.0,-0.0,0.0,0.0,0.0,0.0,0.0,-0.0,-38402.0,27416.774784337224,0.0,-0.0,0.0,0.0,0.0,0.0,-6622.9128005131,-327.86198382412437,-20466.0
t186,23673.579184761267,0.0,-0.0,0.0,0.0,0.0,0.0,111.48210270137918,-5.061287462642615,-23780.0,31103.069125874434,0.0,-2998.2745712816613,0.0,0.0,0.0,0.0,-2204.60944671095,-74.18510788182347,-25826.0,20336.026941919772,0.0,-0.0,0.0,0.0,0.0,0.0,11145.02698659337,-503.05392851313957,-30978.0,18002.162945170334,0.0,-0.0,0.0,0.0,0.0,0.0,-1145.6814185721075,-21.481526598227017,-16835.0,4303.709026957726,73.63447123241582,-0.0,0.0,0.0,0.0,0.0,1034.1993158707282,-26.54281406086963,-5385.0,38772.94449548404,0.0,-0.0,0.0,0.0,0.0,0.0,-2545.264818243998,-150.6796772400447,-36077.0,26423.341865029695,0.0,-0.0,0.0,0.0,0.0,0.0,-6395.152721638423,-278.1891433912714,-19750.0
t187,24352.84079158913,0.0,-0.0,0.0,0.0,0.0,0.0,-1893.4973140676448,-86.3434775214846,-22373.0,18247.380271185462,0.0,-0.0,0.0,0.0,0.0,0.0,5942.817801066811,-291.19807225227373,-23899.0,19062.273981397055,0.0,-0.0,0.0,0.0,0.0,0.0,12098.342181509972,-543.6161629070267,-30617.0,20040.732096956635,0.0,-619.463852756634,0.0,0.0,0.0,0.0,-3306.5460000000003,-157.7222442,-15957.0,6338.368018640114,0.0,-0.0,0.0,0.0,0.0,0.0,-1079.7826057405493,-52.58541289956475,-5206.0,40720.478301598545,0.0,-0.0,0.0,0.0,0.0,0.0,-6793.8963776146375,-341.5819239839051,-33585.0,24685.634175907435,0.0,-0.0,0.0,0.0,0.0,0.0,-4967.437685153951,-617.1964907534755,-19101.0
t188,26384.38882763494,0.0,-0.0,0.0,0.0,0.0,0.0,-4746.1294621097395,-242.25936552519423,-21396.0,11769.580086599908,0.0,-0.0,0.0,0.0,0.0,0.0,11052.021082216683,-543.6011688165913,-22278.0,18857.929542815396,0.0,-0.0,0.0,0.0,0.0,0.0,12800.012068530348,-579.9416113457405,-31078.0,18269.13300127381,0.0,-721.3043418655045,0.0,0.0,0.0,0.0,-1308.417160836412,-62.41149857189685,-16177.0,6960.979104930174,0.0,-0.0,0.0,0.0,0.0,0.0,-1598.0890720108803,-76.89003291929396,-5286.0,43290.9873880428,44.248637957199996,-0.0,0.0,0.0,0.0,0.0,-10521.673999999999,-515.562026,-32298.0,25038.77424948514,0.0,-0.0,0.0,0.0,0.0,0.0,-5677.723455789999,-494.0507936951458,-18867.0
t189,27243.799068983295,0.0,-0.0,0.0,0.0,0.0,0.0,-6038.816486286091,-301.9825826972043,-20903.0,11757.1271056,0.0,-0.0,0.0,0.0,0.0,0.0,10888.988,-538.1151056,-22108.0,18973.649317735115,0.0,-0.0,0.0,0.0,0.0,0.0,14610.189579379628,-648.8388971147351,-32935.0,18806.039774919558,0.0,-353.01368329632385,0.0,0.0,0.0,0.0,-2554.1911726861085,-121.83491893712738,-15777.0,6913.901638383436,0.0,-0.0,0.0,0.0,0.0,0.0,-1606.6241145336094,-77.27752384982587,-5230.0,42861.636026,64.6,-0.0,0.0,0.0,0.0,0.0,-10521.673999999999,-515.562026,-31889.0,24290.3936426783,0.0,-0.0,0.0,0.0,0.0,0.0,-4777.871805873818,-568.5218368044841,-18944.0
t190,26217.50545616979,0.0,-0.0,0.0,0.0,0.0,0.0,-5555.508444620549,-446.99701154924304,-20215.0,10720.225315718219,0.0,-0.0,0.0,0.0,0.0,0.0,11068.945354873265,-544.1706705914854,-21245.0,19112.138400200467,0.0,-0.0,0.0,0.0,0.0,0.0,14658.527013948664,-667.6654141491243,-33103.0,18369.2682442,0.0,-0.0,0.0,0.0,0.0,0.0,-3306.5460000000003,-157.7222442,-14905.0,7682.30133420204,0.0,-0.0,0.0,0.0,0.0,0.0,-2524.3867461205405,-115.91458808149886,-5042.0,42176.636026,64.6,-0.0,0.0,0.0,0.0,0.0,-10521.673999999999,-515.562026,-31204.0,23015.159927570738,0.0,-0.0,0.0,0.0,0.0,0.0,-3819.35717808084,-510.8027494898948,-18685.0
t191,25325.898153504982,0.0,-0.0,0.0,0.0,0.0,0.0,-5199.14869231028,-555.7494611947042,-19571.0,9286.1271056,0.0,-0.0,0.0,0.0,0.0,0.0,10888.988,-538.1151056,-19637.0,18821.265440268857,0.0,-0.0,0.0,0.0,0.0,0.0,14354.424103908681,-642.6895441775413,-32533.0,17147.076139129003,0.0,-0.0,0.0,0.0,0.0,0.0,-2067.458374657829,-98.61776447117845,-14981.0,8796.833195327763,0.0,-0.0,0.0,0.0,0.0,0.0,-3501.84923983907,-158.9839554886938,-5136.0,41077.63602599999,64.6,-0.0,0.0,0.0,0.0,0.0,-10521.673999999999,-515.562026,-30105.0,22005.90846263496,612.4682170092417,-0.0,0.0,0.0,0.0,0.0,-3953.281797101502,-367.09488254270934,-18298.0
t192,24887.385904385188,0.0,-0.0,0.0,0.0,0.0,0.0,-4798.754804824185,-515.6310995610041,-19573.0,9715.888026,0.0,-0.0,0.0,0.0,0.0,0.0,10521.673999999999,-515.562026,-19722.0,18826.26388968679,0.0,-0.0,0.0,0.0,0.0,0.0,13487.918014713949,-624.1819044007375,-31690.0,15358.0,0.0,-0.0,0.0,0.0,0.0,0.0,0.0,-0.0,-15358.0,8659.702837735731,0.0,-0.0,0.0,0.0,0.0,0.0,-3261.6250600112226,-148.0777777245095,-5250.0,43131.337229105884,0.0,-0.0,0.0,0.0,0.0,0.0,-11829.360181180022,-592.9770479258573,-30709.0,21890.913489163195,415.1520401737105,-0.0,0.0,0.0,0.0,0.0,-4119.851968698519,-179.21356063838556,-18007.0
t193,16137.790888819476,3006.4367417453464,-0.0,0.0,0.0,0.0,0.0,-2691.877994036745,-541.3496365280756,-15911.0,7843.500083839316,1037.387942160684,-0.0,0.0,0.0,0.0,0.0,10521.673999999999,-515.562026,-18887.0,11966.394431499859,630.1814419459373,-0.0,0.0,0.0,0.0,0.0,19046.019830566853,-897.5957040126464,-30745.0,29581.18406412843,974.4831063465713,-0.0,0.0,0.0,0.0,0.0,-13294.4445,-676.2226704750001,-16585.0,6734.976435050767,65.03982432423237,-0.0,0.0,0.0,0.0,0.0,-1766.0394999999999,-261.97675937500003,-4772.0,38575.988236413716,314.0,-0.0,0.0,0.0,0.0,0.0,-6793.270878694977,-1183.7173577187427,-30913.0,19527.07760470096,0.0,-0.0,0.0,0.0,0.0,0.0,-5022.0609578351305,-520.0166468658282,-13985.0
t194,16125.898702351113,97.3,-0.0,0.0,0.0,0.0,0.0,79.76405666496794,-414.9627590160775,-15888.0,8205.777484116625,2246.9,-0.0,0.0,0.0,0.0,0.0,10087.615684419949,-494.2931685365775,-20046.0,12187.756667354863,4657.173114997679,-0.0,0.0,0.0,0.0,0.0,13558.35098079296,-599.2807631454973,-29804.0,30255.184064128433,748.4831063465713,-0.0,0.0,0.0,0.0,0.0,-13294.4445,-676.2226704750001,-17033.0,6733.982152709068,224.17169023773533,-0.0,0.0,0.0,0.0,0.0,-1895.8550655304698,-268.2987774163339,-4794.0,36723.73451985653,378.6,-0.0,0.0,0.0,0.0,0.0,-2933.6776844199485,-959.6568354365775,-33209.0,20075.955738298213,0.0,-0.0,0.0,0.0,0.0,0.0,-5601.753471927458,-557.2022663707537,-13917.0
t195,17556.146139599026,1192.8374108011362,-0.0,0.0,0.0,0.0,0.0,-2167.543563886914,-517.4399865132433,-16064.0,8395.84280552549,4092.4366540696055,-0.0,0.0,0.0,0.0,0.0,8231.041577712831,-403.32103730792875,-20316.0,12052.454758174868,0.0,-0.0,0.0,0.0,0.0,0.0,17830.378550244954,-789.833308419818,-29093.0,30064.167170475,804.5,-0.0,0.0,0.0,0.0,0.0,-13294.4445,-676.2226704750001,-16898.0,6895.467142609126,196.3,-0.0,0.0,0.0,0.0,0.0,-1937.4430312616826,-270.324111347444,-4884.0,35543.18828192075,378.6,-0.0,0.0,0.0,0.0,0.0,-1077.1035777128309,-868.6847042079287,-33976.0,20246.888373175374,1630.3,-0.0,0.0,0.0,0.0,0.0,-7584.885455096356,-647.3029180790186,-13645.0
t196,15986.325133596407,686.6460377405502,-0.0,0.0,0.0,0.0,0.0,302.82022634185705,-404.79139767881134,-16571.0,7099.006723764193,3735.881302235809,-0.0,0.0,0.0,0.0,0.0,10521.673999999999,-515.562026,-20841.0,11868.383774614986,1665.0,-0.0,0.0,0.0,0.0,0.0,18641.318557768114,-873.7023323831063,-31301.0,30190.249766950266,921.4174035247349,-0.0,0.0,0.0,0.0,0.0,-13294.4445,-676.2226704750001,-17141.0,7241.843683075464,215.47064421565355,-0.0,0.0,0.0,0.0,0.0,-2142.026977749706,-280.2873495414107,-5035.0,41416.988236413716,314.0,-0.0,0.0,0.0,0.0,0.0,-6793.270878694977,-1183.7173577187427,-33754.0,20173.76253191726,1630.3,-0.0,0.0,0.0,0.0,0.0,-7236.070427665289,-650.992104251963,-13917.0
t197,15337.744836392898,2247.9094036987444,-0.0,0.0,0.0,0.0,0.0,66.89533273561483,-415.549572827256,-17237.0,7509.600650555581,4443.287375444423,-0.0,0.0,0.0,0.0,0.0,10521.673999999999,-515.562026,-21959.0,11728.429303425062,4012.104053755519,-0.0,0.0,0.0,0.0,0.0,17311.831740947397,-816.3650981279782,-32236.0,30594.18406412843,748.4831063465713,-0.0,0.0,0.0,0.0,0.0,-13294.4445,-676.2226704750001,-17372.0,7567.800059208724,27.871690237735315,-0.0,0.0,0.0,0.0,0.0,-2142.3678017750162,-280.3039476714433,-5173.0,41698.38823641372,378.6,-0.0,0.0,0.0,0.0,0.0,-6793.270878694977,-1183.7173577187427,-34100.0,20280.231186191442,0.0,-0.0,0.0,0.0,0.0,0.0,-5670.317893213018,-582.9132929784228,-14027.0
t198,16686.030736042416,2615.422321766513,-0.0,0.0,0.0,0.0,0.0,-852.9581654637786,-457.4948923451483,-17991.0,9388.104873525088,3488.7831524749126,-0.0,0.0,0.0,0.0,0.0,10521.673999999999,-515.562026,-22883.0,13372.543053272166,1665.0,-0.0,0.0,0.0,0.0,0.0,17376.778025432228,-791.3210787043921,-31623.0,30536.379869293803,732.2873011812,-0.0,0.0,0.0,0.0,0.0,-13294.4445,-676.2226704750001,-17298.0,8250.41592143879,97.75830146810283,-0.0,0.0,0.0,0.0,0.0,-2793.1759198835616,-311.99830302332947,-5243.0,40073.47314383584,314.0,-0.0,0.0,0.0,0.0,0.0,-4895.125965007408,-1071.3471788284387,-34421.0,20680.11998998141,188.61597337519936,-0.0,0.0,0.0,0.0,0.0,-6062.747475077476,-659.9884882791347,-14146.0
t199,17815.85988003399,0.0,-0.0,0.0,0.0,0.0,0.0,1135.9412011916725,-366.80108122565974,-18585.0,10507.564677518645,1975.567123407231,-0.0,0.0,0.0,0.0,0.0,11359.827038313368,-553.9588392392449,-23289.0,16586.6487575602,0.0,-0.0,0.0,0.0,0.0,0.0,13685.259798978761,-638.9085565389499,-29633.0,30862.72145234988,0.0,-890.2675369217432,0.0,0.0,0.0,0.0,-12228.222899954006,-656.2310154741376,-17088.0,9875.725197370131,0.0,-196.3,0.0,0.0,0.0,0.0,-4146.439600045995,-305.9855973241376,-5227.0,38370.4130549428,358.2486379572,-0.0,0.0,0.0,0.0,0.0,-3367.735999999999,-980.9256929,-34380.0,21577.009096907845,0.0,-0.0,0.0,0.0,0.0,0.0,-6438.629538483801,-709.3795584240453,-14429.0
t200,18168.87422372932,0.0,-3563.034223729319,0.0,0.0,0.0,0.0,4600.0,-208.84,-18997.0,14871.248293744397,0.0,-2246.9,0.0,0.0,0.0,0.0,10921.923313623114,-514.2716073675115,-23032.0,21867.055575762774,0.0,-2581.204053755519,0.0,0.0,0.0,0.0,11209.83413179771,-592.6856538049681,-29903.0,29511.067822240915,0.0,-873.8581429351032,0.0,0.0,0.0,0.0,-11029.912018285555,-621.2976610202556,-16986.0,10317.490581074693,0.0,-210.6561430346947,0.0,0.0,0.0,0.0,-4591.26923828551,-288.5651997544896,-5227.0,38148.37307436059,0.0,-378.6,0.0,0.0,0.0,0.0,-2675.473145755863,-916.2999286047294,-34178.0,24595.99018803459,0.0,-797.3011427642705,0.0,0.0,0.0,0.0,-8435.103043093895,-768.5860021764199,-14595.0
t201,16665.82070726931,0.0,-6265.746815111827,0.0,0.0,0.0,0.0,9429.134647781346,-473.2085399388293,-19356.0,24694.366064607108,0.0,-6158.688427115619,0.0,0.0,0.0,0.0,4597.605007895388,-225.282645386874,-22908.0,27235.483582019144,0.0,-5151.5748945178675,0.0,0.0,0.0,0.0,9087.184339186802,-625.0930266880773,-30546.0,31617.53372691974,0.0,-974.4831063465713,0.0,0.0,0.0,0.0,-13022.827950098172,-676.222670475,-16944.0,7846.411586430571,0.0,-224.17169023773533,0.0,0.0,0.0,0.0,-2143.1267154077,-267.1131807851359,-5212.0,33347.55636326816,0.0,-378.6,0.0,0.0,0.0,0.0,1705.0838955355975,-741.0402588037597,-33933.0,26915.742430735758,0.0,-1630.3,0.0,0.0,0.0,0.0,-9653.053224893261,-780.3892058424981,-14852.0
t202,16074.56254479925,0.0,-6126.730636527852,0.0,0.0,0.0,0.0,10022.73974367146,-500.5716519428614,-19470.0,29537.258965511286,0.0,-5765.2712273656,0.0,0.0,0.0,0.0,-942.0404218337035,-208.94731631197897,-22621.0,27067.568323055293,0.0,-5402.236809950721,0.0,0.0,0.0,0.0,10599.759649203585,-885.0911623081535,-31380.0,29981.86928710876,0.0,-653.0732949326219,0.0,0.0,0.0,0.0,-11550.276472221974,-643.519519954162,-17135.0,7451.981623080475,0.0,-0.0,0.0,0.0,0.0,0.0,-2036.6093705638375,-162.3722525166379,-5253.0,33084.992758109074,0.0,-378.6,0.0,0.0,0.0,0.0,1583.8458785067778,-773.2386366158566,-33517.0,25154.443728756472,0.0,-1630.3,0.0,0.0,0.0,0.0,-7677.419006762306,-684.7247219941603,-15162.0
t203,15788.112932230406,0.0,-2301.336041698455,0.0,0.0,0.0,0.0,6483.377637586212,-339.1545281181617,-19631.0,29496.723589554433,0.0,-6158.688427115619,0.0,0.0,0.0,0.0,-461.6383458530877,-255.39681658572505,-22621.0,26618.80916424383,0.0,-5677.104053755518,0.0,0.0,0.0,0.0,11330.405402780578,-535.1105132688842,-31737.0,26873.187516965085,0.0,-578.5,0.0,0.0,0.0,0.0,-8412.851445673992,-505.8360712910932,-17376.0,8792.673700362559,0.0,-94.23220215482849,0.0,0.0,0.0,0.0,-3237.4607788480307,-146.9807193597006,-5314.0,31343.77990730294,0.0,-314.0,0.0,0.0,0.0,0.0,3123.3865818171425,-534.1664891200788,-33619.0,24813.039208562506,0.0,-0.0,0.0,0.0,0.0,0.0,-8825.219051808821,-650.8201567536837,-15337.0
t204,15815.68395690165,0.0,-2385.5355121535167,0.0,0.0,0.0,0.0,6669.27671826091,-347.42516300904526,-19752.0,28786.14113390373,0.0,-3440.141769607414,0.0,0.0,0.0,0.0,-2312.1940350179634,-77.80532927835446,-22956.0,25989.799057862318,0.0,-4913.53082794545,0.0,0.0,0.0,0.0,12563.75452330994,-527.0227532268013,-33113.0,23239.46254558419,0.0,-169.98310634657133,0.0,0.0,0.0,0.0,-4717.993854267513,-265.4855849701017,-18086.0,9842.101881269957,0.0,-0.0,0.0,0.0,0.0,0.0,-4269.27671826091,-193.8251630090453,-5379.0,33008.50594565751,0.0,-335.6572209616526,0.0,0.0,0.0,0.0,2122.1092550480357,-163.95797974389473,-34631.0,26334.020918247155,0.0,-0.0,0.0,0.0,0.0,0.0,-10055.675889072501,-704.3450291746539,-15574.0
t205,16021.18349598137,0.0,-2480.1307345370215,0.0,0.0,0.0,0.0,6900.8875325326335,-357.9402939769816,-20084.0,27371.72361891217,0.0,-5525.53434326346,0.0,0.0,0.0,0.0,2517.151129706933,-123.34040535563972,-24240.0,24595.51474692282,0.0,-1665.0,0.0,0.0,0.0,0.0,13037.161812413176,-593.6765593359943,-35374.0,24463.354284538047,0.0,-144.6249999987784,0.0,0.0,0.0,0.0,-5605.510726998045,-323.2185575412229,-18390.0,10103.227826509616,0.0,-0.0,0.0,0.0,0.0,0.0,-4500.8875325326335,-204.34029397698157,-5398.0,37600.11037700929,0.0,-378.6,0.0,0.0,0.0,0.0,-990.6764534108734,-432.83392359842014,-35798.0,27981.127360345632,0.0,-0.0,0.0,0.0,0.0,0.0,-11358.12576171119,-761.0015986344367,-15862.0
t206,15247.250893688371,0.0,-380.4294486658793,0.0,0.0,0.0,0.0,5179.0236963319385,-264.8451413544311,-19781.0,26013.240959610437,0.0,-2818.0,0.0,0.0,0.0,0.0,1745.1738127703002,-219.41477238073531,-24721.0,22568.10062746257,0.0,-2348.1334118328077,0.0,0.0,0.0,0.0,17617.204075369977,-804.1712909997353,-37033.0,24634.876085585525,0.0,-226.0,0.0,0.0,0.0,0.0,-5874.725210633796,-382.15087495172844,-18152.0,10634.380984637304,0.0,-196.3,0.0,0.0,0.0,0.0,-4895.488995204996,-226.5919894323068,-5316.0,37893.924317550925,0.0,-314.0,0.0,0.0,0.0,0.0,-916.0833665542959,-749.8409509966338,-35914.0,29307.221414927673,0.0,-0.0,0.0,0.0,0.0,0.0,-12855.104012079128,-713.1174028485443,-15739.0
t207,13588.846982699633,0.0,-97.3,0.0,0.0,0.0,0.0,5973.176300534577,-296.72328323421294,-19168.0,24105.006275922442,0.0,-2246.9,0.0,0.0,0.0,0.0,3305.52769650336,-603.6339724257999,-24560.0,19005.84628397263,0.0,-1665.0,0.0,0.0,0.0,0.0,21285.77232875346,-927.6186127260895,-37699.0,23321.779583493633,974.4831063465713,-0.0,0.0,0.0,0.0,0.0,-6215.3189807654235,-378.9437090747779,-17702.0,10249.011183974624,196.3,-0.0,0.0,0.0,0.0,0.0,-5078.183640673808,-232.1275433008145,-5135.0,42803.45322868869,378.6,-0.0,0.0,0.0,0.0,0.0,-6898.930046162428,-915.1231825262662,-35368.0,28431.360230663304,0.0,-0.0,0.0,0.0,0.0,0.0,-12372.043658189734,-750.3165724735751,-15309.0
t208,12949.683912094666,0.0,-0.0,0.0,0.0,0.0,0.0,5840.6236494886525,-415.30756158331747,-18375.0,20370.36832619095,0.0,-1852.144412324429,0.0,0.0,0.0,0.0,5807.870785985085,-709.0946998516018,-23617.0,15612.90433150666,0.0,-0.0,0.0,0.0,0.0,0.0,22237.597754173425,-973.5020856800819,-36877.0,24768.474664326586,974.4831063465713,-0.0,0.0,0.0,0.0,0.0,-8232.293163172923,-408.6646075002352,-17102.0,9416.389705888068,224.17169023773533,-0.0,0.0,0.0,0.0,0.0,-4413.584770752411,-300.97662537339227,-4926.0,47372.9382477794,378.6,-0.0,0.0,0.0,0.0,0.0,-12386.97838186481,-1069.5598659145876,-34295.0,23755.312965466022,1012.061934386419,-0.0,0.0,0.0,0.0,0.0,-8853.23587385702,-1073.1390259954221,-14841.0
t209,12541.211634671796,2975.466089596042,-0.0,0.0,0.0,0.0,0.0,2435.8858796214263,-570.5636038892629,-17382.0,11979.55663442272,151.57047117728052,-0.0,0.0,0.0,0.0,0.0,10888.988,-538.1151056,-22482.0,12359.158996731725,4314.401226976962,-0.0,0.0,0.0,0.0,0.0,20561.21831002574,-957.7785337344257,-36277.0,24778.552262237383,836.4377355747747,-0.0,0.0,0.0,0.0,0.0,-8675.97825187748,-507.011745934679,-16432.0,10660.815442924493,196.3,-0.0,0.0,0.0,0.0,0.0,-5914.273174821587,-272.84226810290477,-4670.0,44341.490177971435,378.6,-0.0,0.0,0.0,0.0,0.0,-10764.861451995912,-1218.228725975517,-32737.0,22413.005701303602,1630.3,-0.0,0.0,0.0,0.0,0.0,-8530.979310952185,-1095.32639035142,-14417.0
t210,14075.087672741758,1961.7093516163195,-0.0,0.0,0.0,0.0,0.0,1018.4037640033685,-635.2007883614465,-16420.0,8511.356582184413,2425.770523415588,-0.0,0.0,0.0,0.0,0.0,10888.988,-538.1151056,-21288.0,12831.715292562809,1665.0,-0.0,0.0,0.0,0.0,0.0,21978.700425643794,-1022.4157182066091,-35453.0,25835.946214989654,0.0,-974.4831063465713,0.0,0.0,0.0,0.0,-8497.572608961102,-659.8904996819793,-15704.0,12946.906662808613,0.0,-224.17169023773533,0.0,0.0,0.0,0.0,-7877.089891038899,-309.6450815319794,-4536.0,41162.9064070309,169.84863795781547,-0.0,0.0,0.0,0.0,0.0,-8980.450378694977,-1334.3046662937425,-31018.0,23325.53538589898,322.7703154046278,-0.0,0.0,0.0,0.0,0.0,-8530.979310952185,-1095.32639035142,-14022.0
t211,15046.147572246926,97.3,-0.0,0.0,0.0,0.0,0.0,1239.6637602841201,-625.1113325310441,-15758.0,9955.1271056,0.0,-0.0,0.0,0.0,0.0,0.0,10888.988,-538.1151056,-20306.0,12878.342644200888,1403.5431888122712,-0.0,0.0,0.0,0.0,0.0,21757.440429363043,-1012.3262623762068,-35027.0,26919.39288153881,0.0,-748.4831063465713,0.0,0.0,0.0,0.0,-9902.395840246341,-619.513934945893,-15649.0,11368.235189099505,0.0,-196.3,0.0,0.0,0.0,0.0,-6304.771085177428,-280.1641039220768,-4587.0,40479.95503243877,0.0,-378.6,0.0,0.0,0.0,0.0,-9147.945953271206,-1323.4090791675587,-29630.0,23533.855543726157,0.0,-256.5498424225509,0.0,0.0,0.0,0.0,-8530.979310952185,-1095.32639035142,-13651.0
t212,16577.924079375996,0.0,-0.0,0.0,0.0,0.0,0.0,-214.50275380259518,-691.4213255733983,-15672.0,8021.264237334789,1933.862868265212,-0.0,0.0,0.0,0.0,0.0,10888.988,-538.1151056,-20306.0,13041.479439235021,155.54987273377992,-0.0,0.0,0.0,0.0,0.0,23211.606943449755,-1078.636255418561,-35330.0,27505.45764340478,0.0,-804.5,0.0,0.0,0.0,0.0,-9975.424831233067,-591.532812171711,-16134.0,10879.018992950001,0.0,-0.0,0.0,0.0,0.0,0.0,-5914.1785,-272.84049295,-4692.0,40470.86111482736,0.0,-378.6,0.0,0.0,0.0,0.0,-9465.509547461908,-1302.7515673654536,-29324.0,23484.305701303605,0.0,-0.0,0.0,0.0,0.0,0.0,-8530.979310952185,-1095.32639035142,-13858.0
t213,15996.036704980705,1450.999531037788,-0.0,0.0,0.0,0.0,0.0,-958.6804093520368,-725.3558266664529,-15763.0,7934.780515738711,2433.3465898612894,-0.0,0.0,0.0,0.0,0.0,10888.988,-538.1151056,-20719.0,12826.582103756888,916.2040537555189,-0.0,0.0,0.0,0.0,0.0,23955.7845989992,-1112.5707565116156,-36586.0,26469.51969982695,0.0,-868.1301647016783,0.0,0.0,0.0,0.0,-9102.631902939085,-534.7576321861875,-15964.0,10947.814212192638,0.0,-131.7952192426359,0.0,0.0,0.0,0.0,-5914.1785,-272.84049295,-4629.0,41649.87886313582,0.0,-378.6,0.0,0.0,0.0,0.0,-10338.302475755892,-1245.97638737993,-29687.0,23902.18761665974,0.0,-706.8819153561326,0.0,0.0,0.0,0.0,-8530.979310952185,-1095.32639035142,-13569.0
t214,16041.765294341656,1637.1305223131576,-0.0,0.0,0.0,0.0,0.0,-1705.4856700983291,-759.4101465564838,-15214.0,7905.860004773132,1824.267100826868,-0.0,0.0,0.0,0.0,0.0,10888.988,-538.1151056,-20081.0,13241.035216656152,1665.0,-0.0,0.0,0.0,0.0,0.0,24702.589859745494,-1146.6250764016465,-38462.0,25570.69708918611,0.0,-578.5,0.0,0.0,0.0,0.0,-9426.379665073102,-555.8174241130054,-15010.0,10644.018992950001,0.0,-0.0,0.0,0.0,0.0,0.0,-5914.1785,-272.84049295,-4457.0,40889.59089292863,0.0,-314.0,0.0,0.0,0.0,0.0,-10014.554713621874,-1267.036179306748,-29294.0,23960.63439657115,0.0,-756.3286952675458,0.0,0.0,0.0,0.0,-8530.979310952185,-1095.32639035142,-13578.0
t215,16126.706644561915,2013.2095016366013,-0.0,0.0,0.0,0.0,0.0,-2549.996314267897,-797.9198319306162,-14792.0,8200.1271056,0.0,-0.0,0.0,0.0,0.0,0.0,10888.988,-538.1151056,-18551.0,13219.857245590181,614.1770122705378,-0.0,0.0,0.0,0.0,0.0,25547.100503915062,-1185.1347617757788,-38196.0,22410.72443737063,0.0,-395.98310634657133,0.0,0.0,0.0,0.0,-6527.496271653032,-367.2450593710297,-15120.0,10985.31899295,0.0,-196.3,0.0,0.0,0.0,0.0,-5914.1785,-272.84049295,-4602.0,42428.501921606716,0.0,-378.6,0.0,0.0,0.0,0.0,-12913.438107041946,-1078.4638145647723,-28058.0,23845.12983995113,0.0,-963.8241386475216,0.0,0.0,0.0,0.0,-8530.979310952185,-1095.32639035142,-13255.0
t216,16824.39333867082,38.92000000011714,-0.0,0.0,0.0,0.0,0.0,-915.9079367549075,-723.4054019160238,-15224.0,8255.1271056,0.0,-0.0,0.0,0.0,0.0,0.0,10888.988,-538.1151056,-18606.0,13407.725718582631,963.8824867764853,-0.0,0.0,0.0,0.0,0.0,23913.01212640207,-1110.6203317611864,-37174.0,22473.233167256014,0.0,-578.5,0.0,0.0,0.0,0.0,-6167.881076340091,-343.85209091592293,-15383.0,10915.890683187736,0.0,-27.871690237735315,0.0,0.0,0.0,0.0,-5914.1785,-272.84049295,-4701.0,43366.7813694262,0.0,-335.6572209616526,0.0,0.0,0.0,0.0,-13273.053302354885,-1055.0708461096656,-28703.0,23619.111989668392,0.0,-804.8062883647879,0.0,0.0,0.0,0.0,-8530.979310952185,-1095.32639035142,-13188.0
t217,20338.98073847334,0.0,-0.0,0.0,0.0,0.0,0.0,-2762.149359990377,-517.8313784829606,-17059.0,6433.067054935643,3685.0600506643596,-0.0,0.0,0.0,0.0,0.0,10888.988,-538.1151056,-20469.0,11563.478576834528,2482.90143285057,-0.0,0.0,0.0,0.0,0.0,23065.59824927929,-1071.9782589643878,-36040.0,27549.23369638723,0.0,-578.5,0.0,0.0,0.0,0.0,-7379.2917146023465,-291.44198178488267,-19300.0,7178.029008380488,0.0,-0.0,0.0,0.0,0.0,0.0,-1472.3841996417523,-248.64480873873558,-5457.0,47478.127141696255,0.0,-314.0,0.0,0.0,0.0,0.0,-14895.60316409263,-949.5239776036252,-31319.0,22424.969790514762,469.91391783884194,-0.0,0.0,0.0,0.0,0.0,-7445.157810952185,-877.72589740142,-14572.0
t218,20207.82789580775,97.3,-0.0,0.0,0.0,0.0,0.0,-2712.3978677943496,-530.7300280133994,-17062.0,7316.916190752211,2818.0,-0.0,0.0,0.0,0.0,0.0,12138.236113879846,-580.1523046320568,-21693.0,11462.32157792751,2713.3131356307713,-0.0,0.0,0.0,0.0,0.0,21820.82075319982,-1114.455466758101,-34882.0,27502.823601307642,0.0,-578.5,0.0,0.0,0.0,0.0,-6853.109755934123,-257.21384537351474,-19814.0,7329.269819286679,0.0,-0.0,0.0,0.0,0.0,0.0,-1639.0580191426043,-256.2118001440743,-5434.0,50571.080963953114,0.0,-314.0,0.0,0.0,0.0,0.0,-15421.785122760853,-915.2958411922573,-33920.0,22778.54034948571,0.0,-0.0,0.0,0.0,0.0,0.0,-7332.706101447735,-872.8342480379764,-14573.0
t219,20265.302749057308,0.0,-0.0,0.0,0.0,0.0,0.0,-2845.9284134059935,-548.3743356513133,-16871.0,6435.747645362761,3053.6275855421663,-0.0,0.0,0.0,0.0,0.0,13105.31942722106,-612.6946581259887,-21982.0,11657.757929010939,1387.309713179429,-0.0,0.0,0.0,0.0,0.0,21226.701175832095,-1163.7688180224648,-33108.0,27394.817223453432,0.0,-291.1651866553568,0.0,0.0,0.0,0.0,-6980.172744047766,-265.47929275030725,-19858.0,7506.507383969612,0.0,-0.0,0.0,0.0,0.0,0.0,-1770.322063740452,-262.18532022916,-5474.0,51424.28342321626,0.0,-314.0,0.0,0.0,0.0,0.0,-15294.72213464721,-923.5612885690498,-34892.0,22714.809705467313,0.0,-0.0,0.0,0.0,0.0,0.0,-7440.875247211733,-877.93445825558,-14396.0
t220,20605.454250935454,97.3,-0.0,0.0,0.0,0.0,0.0,-3267.171242287157,-567.5830086482944,-16868.0,7433.943365170568,0.0,-0.0,0.0,0.0,0.0,0.0,15580.025140197064,-695.9685053676312,-22318.0,11469.302123225065,743.745057754908,-0.0,0.0,0.0,0.0,0.0,18965.152421945146,-1257.1996029251316,-29921.0,27755.44356737885,0.0,-0.0,0.0,0.0,0.0,0.0,-7322.6839224720425,-287.7596449068064,-20145.0,7656.75061882556,0.0,-0.0,0.0,0.0,0.0,0.0,-1775.3218109092782,-262.42880791628187,-5619.0,50768.05259694849,0.0,-0.0,0.0,0.0,0.0,0.0,-14952.210956222934,-945.8416407255489,-34870.0,22882.91584085754,0.0,-0.0,0.0,0.0,0.0,0.0,-7227.789630250794,-869.1262106067451,-14786.0
t221,19623.50985708486,3255.3240317434556,-0.0,0.0,0.0,0.0,0.0,-5130.880892974857,-656.9529958534563,-17091.0,6980.400034368941,571.1,-0.0,0.0,0.0,0.0,0.0,16522.171702831332,-727.6717372002743,-23346.0,11466.955147669107,0.0,-0.0,0.0,0.0,0.0,0.0,20134.80892663195,-1384.7640743010522,-30217.0,27995.415394894226,0.0,-578.5,0.0,0.0,0.0,0.0,-7124.075244490141,-274.8401504040837,-20018.0,7881.367959260462,0.0,-0.0,0.0,0.0,0.0,0.0,-2021.9293635314793,-274.4385957289831,-5585.0,51483.74178042766,0.0,-0.0,0.0,0.0,0.0,0.0,-15150.819634204836,-932.9221462228263,-35400.0,22809.023711015216,0.0,-0.0,0.0,0.0,0.0,0.0,-7229.275494261972,-892.748216753244,-14687.0
t222,21154.00690034446,97.3,-0.0,0.0,0.0,0.0,0.0,-3357.3590995430745,-579.9478008013854,-17314.0,7126.67354778106,809.4653828481609,-0.0,0.0,0.0,0.0,0.0,16762.624027289057,-735.7629579182767,-23963.0,12349.94087965362,728.4840628508865,-0.0,0.0,0.0,0.0,0.0,18145.69121066157,-1313.1161531660775,-29911.0,28847.554885829042,0.0,-537.569121947679,0.0,0.0,0.0,0.0,-8355.06944099466,-354.9163228867027,-19600.0,7508.596394652526,19.170644215653528,-0.0,0.0,0.0,0.0,0.0,-1704.5805173074232,-259.18652156075706,-5564.0,50676.82375640577,0.0,-0.0,0.0,0.0,0.0,0.0,-13919.825437700316,-1012.9983187054453,-35744.0,22939.291307419564,0.0,-0.0,0.0,0.0,0.0,0.0,-7571.480742405156,-885.8105650144101,-14482.0
t223,19092.84805933983,0.0,-0.0,0.0,0.0,0.0,0.0,-1190.068795760259,-523.779263579567,-17379.0,7959.839511070784,0.0,-0.0,0.0,0.0,0.0,0.0,16726.71511184272,-734.5546229135076,-23952.0,13506.33142669503,0.0,-0.0,0.0,0.0,0.0,0.0,16413.972575142245,-1231.3040018372742,-28689.0,28013.73570455658,0.0,-578.5,0.0,0.0,0.0,0.0,-8122.451198353669,-339.78450620290613,-18973.0,7844.535254706753,0.0,-0.0,0.0,0.0,0.0,0.0,-2123.166414591163,-279.3688401155897,-5442.0,51129.31018236296,0.0,-314.0,0.0,0.0,0.0,0.0,-14152.443680341308,-997.8665020216487,-35665.0,22846.405284981545,0.0,-0.0,0.0,0.0,0.0,0.0,-7552.557597938569,-924.8476870429727,-14369.0
t224,19363.823135372557,0.0,-5262.099020359742,0.0,0.0,0.0,0.0,3481.585077716177,-193.30919272898302,-17390.0,12603.059706120555,0.0,-2246.9,0.0,0.0,0.0,0.0,13789.559634997095,-635.7193411176522,-23510.0,20166.649396225534,0.0,-1975.2350805406074,0.0,0.0,0.0,0.0,11427.035060132552,-775.4493758174722,-28843.0,24994.311720664227,0.0,-974.4831063465713,0.0,0.0,0.0,0.0,-5284.028571894627,-194.80004242302425,-18541.0,7682.310062874129,0.0,-224.17169023773533,0.0,0.0,0.0,0.0,-1891.4127278069186,-212.72564482947445,-5354.0,50424.21979047536,0.0,-335.6572209616526,0.0,0.0,0.0,0.0,-13947.208878694977,-718.3536908187426,-35423.0,22552.197047607846,0.0,-0.0,0.0,0.0,0.0,0.0,-7575.529594449299,-637.6674531585445,-14339.0
t225,17933.22478719337,0.0,-6566.3,0.0,0.0,0.0,0.0,6344.991461076514,-332.91624826988243,-17379.0,26576.94488452792,0.0,-6158.688427115619,0.0,0.0,0.0,0.0,3386.010162789473,-496.26662020176843,-23308.0,23584.81900336403,0.0,-5677.104053755518,0.0,0.0,0.0,0.0,12038.547098083414,-633.2620476919277,-29313.0,24559.732031496504,0.0,-974.4831063465713,0.0,0.0,0.0,0.0,-5157.289378280933,-163.95954686900055,-18264.0,5746.7669802776545,0.0,-224.17169023773533,0.0,0.0,0.0,0.0,-42.85127603302044,-183.74401400689914,-5296.0,46981.705120966064,0.0,-378.6,0.0,0.0,0.0,0.0,-10808.54591535117,-564.5592056148961,-35230.0,22505.84724960787,0.0,-1630.3,0.0,0.0,0.0,0.0,-5760.862152284277,-511.6850973235872,-14603.0
t226,17459.964675682557,0.0,-6566.3,0.0,0.0,0.0,0.0,6899.75716542144,-358.4218411039981,-17435.0,33325.13810550197,0.0,-6158.688427115619,0.0,0.0,0.0,0.0,-3693.472386710145,-457.97729167620287,-23015.0,23686.254243941345,0.0,-5677.104053755518,0.0,0.0,0.0,0.0,12172.371381026056,-744.521571211882,-29437.0,22609.696777997433,0.0,-974.4831063465713,0.0,0.0,0.0,0.0,-3331.351367878076,-76.86230377278422,-18227.0,4720.104585813362,0.0,-224.17169023773533,0.0,0.0,0.0,0.0,998.532303902213,-136.46519947783955,-5358.0,44658.65311769664,0.0,-378.6,0.0,0.0,0.0,0.0,-8715.209917223978,-486.8432004726607,-35078.0,21390.563472304988,0.0,-1630.3,0.0,0.0,0.0,0.0,-4330.62717853751,-423.63629376748025,-15006.0
t227,20147.210569614,0.0,-3844.564381953767,0.0,0.0,0.0,0.0,1339.5267455985224,-83.17293325875711,-17559.0,32941.58476328957,0.0,-6158.688427115619,0.0,0.0,0.0,0.0,-3607.8867503752854,-306.00958579866176,-22869.0,24792.61862578355,0.0,-5677.104053755518,0.0,0.0,0.0,0.0,11812.575033914378,-510.0896059424084,-30418.0,21019.171324802654,0.0,-974.4831063465713,0.0,0.0,0.0,0.0,-1412.209294190017,-26.47892426606282,-18606.0,4408.143266636998,0.0,-224.17169023773533,0.0,0.0,0.0,0.0,1274.748086687419,-32.71966308668078,-5426.0,41840.936855483604,0.0,-378.6,0.0,0.0,0.0,0.0,-5659.100476378383,-312.23637910522956,-35491.0,19977.619752070532,0.0,-797.3011427642707,0.0,0.0,0.0,0.0,-3747.653345256633,-187.66526404962997,-15245.0
t228,19231.08001011036,0.0,-1069.0800101103619,0.0,0.0,0.0,0.0,0.0,-0.0,-18162.0,30807.027919450356,0.0,-5765.2712273656,0.0,0.0,0.0,0.0,-1598.8395020311427,-339.91719005361097,-23103.0,23899.834699418036,0.0,-5402.236809950721,0.0,0.0,0.0,0.0,13770.345939652721,-602.9438291200306,-31665.0,22338.511578450907,0.0,-710.6311309537699,0.0,0.0,0.0,0.0,-2175.176770910475,-49.70367658665718,-19403.0,3839.7160627713806,0.0,-75.79812139967902,0.0,0.0,0.0,0.0,1867.0899960543172,-35.007937426018444,-5596.0,44539.33533492286,0.0,-378.6,0.0,0.0,0.0,0.0,-6887.3163767017895,-372.4189582210765,-36901.0,20766.66129287428,0.0,-0.0,0.0,0.0,0.0,0.0,-4976.1032860636315,-244.55800681064954,-15546.0
t229,19090.735451751407,0.0,-97.3,0.0,0.0,0.0,0.0,-183.121725417454,-8.313726333952411,-18802.0,29508.843970390597,0.0,-3378.0876857552557,0.0,0.0,0.0,0.0,-1586.0128081463713,-342.74347648896446,-24202.0,22938.578626274033,0.0,-1665.0,0.0,0.0,0.0,0.0,12128.691300860912,-531.2699271349494,-32871.0,22565.07077048343,0.0,-578.5,0.0,0.0,0.0,0.0,-2145.152154412862,-56.4186160705713,-19785.0,3199.6037026412105,0.0,-0.0,0.0,0.0,0.0,0.0,2521.55565996552,-52.15936260672865,-5669.0,46107.93966550462,0.0,-314.0,0.0,0.0,0.0,0.0,-7120.0162413448725,-386.92342415975753,-38287.0,19853.237596875337,0.0,-0.0,0.0,0.0,0.0,0.0,-3615.9440315048737,-157.293565370462,-16080.0
t230,18883.3,0.0,-97.3,0.0,0.0,0.0,0.0,0.0,-0.0,-18786.0,28915.995133288798,0.0,-2246.9,0.0,0.0,0.0,0.0,-1517.6464872123643,-348.44864607643217,-24803.0,21547.36519081389,0.0,-1665.0,0.0,0.0,0.0,0.0,13923.707241086418,-609.0724319003032,-33197.0,22394.56709342237,159.8193184260964,-0.0,0.0,0.0,0.0,0.0,-2784.1829809555484,-52.20343089291653,-19718.0,2896.0204499373685,0.0,-0.0,0.0,0.0,0.0,0.0,2784.1829809555484,-52.20343089291653,-5628.0,45954.693803393224,0.0,-0.0,0.0,0.0,0.0,0.0,-7023.597090210236,-379.09671318299036,-38552.0,21718.600833033193,0.0,-0.0,0.0,0.0,0.0,0.0,-5382.463663663817,-234.137169369376,-16102.0
t231,18326.0,0.0,-0.0,0.0,0.0,0.0,0.0,0.0,-0.0,-18326.0,26904.42694131617,0.0,-2246.9,0.0,0.0,0.0,0.0,450.43154365319606,-392.95848496936776,-24715.0,19564.80596098448,0.0,-994.0562201167087,0.0,0.0,0.0,0.0,14573.78967305424,-643.5394139220207,-32501.0,22608.828218134408,578.5,-0.0,0.0,0.0,0.0,0.0,-3661.707907425224,-92.62031070918319,-19433.0,2566.8026483419094,0.0,-0.0,0.0,0.0,0.0,0.0,3000.441747800999,-61.244396142908656,-5506.0,47039.15916574662,0.0,-0.0,0.0,0.0,0.0,0.0,-8363.411544312617,-444.747621434007,-38231.0,22255.879921621858,0.0,-0.0,0.0,0.0,0.0,0.0,-5999.543512770593,-337.3364088512664,-15919.0
t232,18040.558240410246,386.4559354265162,-0.0,0.0,0.0,0.0,0.0,-653.3519952523066,-29.662180584454717,-17744.0,20993.886817584218,0.0,-0.0,0.0,0.0,0.0,0.0,3703.119565148533,-745.0063827327517,-23952.0,14169.837988224375,967.0916285496099,-0.0,0.0,0.0,0.0,0.0,17443.479895073957,-745.4095118479413,-31835.0,25963.464123780148,695.4174035247349,-0.0,0.0,0.0,0.0,0.0,-7420.743130890454,-294.1383964144241,-18944.0,1722.314754469412,224.17169023773533,-0.0,0.0,0.0,0.0,0.0,3487.3124952523067,-82.79893995945471,-5351.0,50356.15994980356,314.0,-0.0,0.0,0.0,0.0,0.0,-12688.074009829941,-803.0859399736167,-37179.0,19995.091410313988,0.0,-0.0,0.0,0.0,0.0,0.0,-3871.7428195020943,-472.3485908118968,-15651.0
t233,17257.432439891076,4668.306548575414,-0.0,0.0,0.0,0.0,0.0,-4712.857782996007,-214.88120547048442,-16998.0,9898.810289599503,2581.3168160004966,-0.0,0.0,0.0,0.0,0.0,10888.988,-538.1151056,-22831.0,11037.572741652213,2074.1464021815336,-0.0,0.0,0.0,0.0,0.0,18900.883540039365,-885.6026838731134,-31127.0,25266.354298614733,974.4831063465713,-0.0,0.0,0.0,0.0,0.0,-7653.554621108213,-309.2827838530893,-18278.0,2062.157240018022,224.17169023773533,-0.0,0.0,0.0,0.0,0.0,2959.5076706675486,-58.83660092330671,-5187.0,50340.6800372586,378.6,-0.0,0.0,0.0,0.0,0.0,-14121.340257586764,-932.9397796718318,-35665.0,20677.393836523126,1630.3,-0.0,0.0,0.0,0.0,0.0,-6261.626549015931,-770.067287507193,-15276.0
t234,17603.50838664256,0.0,-0.0,0.0,0.0,0.0,0.0,-1437.9383957943344,-65.56999084822165,-16100.0,8072.908482317874,2712.0353811564,-0.0,0.0,0.0,0.0,0.0,11379.683133363407,-554.6269968376786,-21610.0,11256.769266910653,4760.9,-0.0,0.0,0.0,0.0,0.0,15259.789263831692,-758.4585307423447,-30519.0,28101.36642050787,804.5,-0.0,0.0,0.0,0.0,0.0,-10762.356100425211,-511.51032008266,-17632.0,2223.5152360166267,34.66102335837319,-0.0,0.0,0.0,0.0,0.0,2833.9605,-53.136759375000004,-5039.0,45921.53109417118,378.6,-0.0,0.0,0.0,0.0,0.0,-11512.538778269765,-1169.5923159014026,-33618.0,21441.04723891849,0.0,-0.0,0.0,0.0,0.0,0.0,-5760.599622705788,-804.4476162127016,-14876.0
t235,17504.223430384533,0.0,-0.0,0.0,0.0,0.0,0.0,-1740.8721714518447,-157.35125893268457,-15606.0,6651.7977991588805,3502.6698968153587,-0.0,0.0,0.0,0.0,0.0,11005.570407642947,-542.0381036171851,-20618.0,11062.882286747694,1665.0,-0.0,0.0,0.0,0.0,0.0,18242.914819528098,-861.797106275789,-30109.0,27532.826696755285,748.4831063465713,-0.0,0.0,0.0,0.0,0.0,-10444.477486833344,-490.83231626850903,-17346.0,3009.722803817938,128.13710243396196,-0.0,0.0,0.0,0.0,0.0,1977.174918522193,-92.03482477409244,-5023.0,44622.33170394889,314.0,-0.0,0.0,0.0,0.0,0.0,-11830.417391861632,-1148.9143120872516,-31957.0,21577.52954521544,929.8554326122443,-0.0,0.0,0.0,0.0,0.0,-7209.893095546415,-867.491882281269,-14430.0
t236,17676.094360488936,5079.393597187763,-0.0,0.0,0.0,0.0,0.0,-6814.669926657359,-400.81803101933485,-15540.0,6281.238066050198,2554.453502833421,-0.0,0.0,0.0,0.0,0.0,12033.951560528154,-576.6431294117724,-20293.0,11309.465106329599,0.0,-0.0,0.0,0.0,0.0,0.0,20037.678049233626,-1030.143155563219,-30317.0,28721.603734642704,804.5,-0.0,0.0,0.0,0.0,0.0,-11181.338602781747,-538.7651318609526,-17806.0,3378.8819594087795,0.0,-0.0,0.0,0.0,0.0,0.0,1844.1903641345134,-98.0723235432931,-5125.0,40822.03659501793,378.6,-0.0,0.0,0.0,0.0,0.0,-8906.376775913232,-1046.2598191046952,-31248.0,21892.65099242562,0.0,-0.0,0.0,0.0,0.0,0.0,-7013.434668543956,-613.216323881662,-14266.0
t237,16662.14905531088,1193.4788328861969,-0.0,0.0,0.0,0.0,0.0,-1947.094882095424,-227.53300610164814,-15681.0,8218.864060491538,2033.263045108463,-0.0,0.0,0.0,0.0,0.0,10888.988,-538.1151056,-20603.0,11137.092993364638,1665.0,-0.0,0.0,0.0,0.0,0.0,19468.87467040299,-907.9676637676284,-31363.0,27866.299055837946,748.4831063465713,-0.0,0.0,0.0,0.0,0.0,-10036.489466630219,-464.29269555429573,-18114.0,3934.0721302145867,0.0,-0.0,0.0,0.0,0.0,0.0,1309.2849013395958,-122.35703155418236,-5121.0,44480.7801034378,314.0,-0.0,0.0,0.0,0.0,0.0,-12238.40541206476,-1122.3746913730383,-31434.0,22330.737085429486,419.1466229241132,-0.0,0.0,0.0,0.0,0.0,-7445.157810952185,-877.72589740142,-14427.0
t238,16922.42154117148,1603.521214661114,-0.0,0.0,0.0,0.0,0.0,-2710.81970087079,-336.1230549617993,-15479.0,7587.227105600002,2246.9,-0.0,0.0,0.0,0.0,0.0,10888.988,-538.1151056,-20185.0,11398.89161653331,1506.6699951202513,-0.0,0.0,0.0,0.0,0.0,21043.195061969505,-979.7566736230615,-32969.0,27954.190761775346,732.2873011812,-0.0,0.0,0.0,0.0,0.0,-10694.389002588185,-507.0890603683614,-17485.0,4492.168742010453,196.3,-0.0,0.0,0.0,0.0,0.0,498.689328548448,-159.15807055890048,-5028.0,43190.10119214267,358.2486379572,-0.0,0.0,0.0,0.0,0.0,-11253.680688106586,-1142.6691419932897,-31152.0,22869.20698216,0.0,-0.0,0.0,0.0,0.0,0.0,-7771.982998952393,-855.2239832076057,-14242.0
t239,17166.601870657618,3465.0667514718425,-0.0,0.0,0.0,0.0,0.0,-4872.905508533591,-462.76311359586623,-15296.0,6738.422744440142,719.1629938357419,-0.0,0.0,0.0,0.0,0.0,12168.58790409698,-581.1736423728634,-19045.0,11548.550479932315,0.0,-0.0,0.0,0.0,0.0,0.0,22233.911139212723,-1135.461619145038,-32647.0,27977.122757229834,503.16812845732653,-0.0,0.0,0.0,0.0,0.0,-10473.566339549463,-492.72454613769264,-17514.0,5200.692565572804,0.0,-0.0,0.0,0.0,0.0,0.0,190.45915487105003,-173.15172044385434,-5218.0,42072.98453467122,314.0,-0.0,0.0,0.0,0.0,0.0,-10987.228762347331,-1094.7557723238804,-30305.0,23269.93271551923,0.0,-0.0,0.0,0.0,0.0,0.0,-8259.257587750368,-821.6751277688652,-14189.0
t240,16232.109216698316,0.0,-0.0,0.0,0.0,0.0,0.0,49.21780071470721,-304.32701741302606,-15977.0,6555.599619124341,1020.2909186745036,-0.0,0.0,0.0,0.0,0.0,12271.754666115958,-584.645203914802,-19263.0,11909.627615328804,3095.9,-0.0,0.0,0.0,0.0,0.0,17934.035647273824,-947.5632626026281,-31992.0,28065.44170794005,0.0,-0.0,0.0,0.0,0.0,0.0,-9624.921508088868,-437.52019985118085,-18003.0,6071.040966802689,0.0,-0.0,0.0,0.0,0.0,0.0,-534.9554244573264,-206.08554234536263,-5330.0,43647.72116529039,4.734434925576352e-10,-0.0,0.0,0.0,0.0,0.0,-11368.358175784419,-1007.3629895064499,-31272.0,23746.259697011825,0.0,-0.0,0.0,0.0,0.0,0.0,-8726.773005773877,-789.4866912379465,-14230.0
t241,29178.781826578055,0.0,-0.0,0.0,0.0,479.277,0.0,-11272.065203406004,-634.9936231720454,-17751.0,7792.415723383398,0.0,-0.0,0.0,0.0,623.3718899837336,0.0,13534.343711939637,-627.1313253067688,-21323.0,17596.753907775896,0.0,-0.0,0.0,0.0,914.112,0.0,16279.20887130188,-934.0747790777748,-33856.0,16557.77999658627,0.0,-0.0,0.0,0.0,671.976,0.0,7989.371687431127,-331.1276840173948,-24888.0,10781.08942591783,0.0,-0.0,0.0,0.0,152.982,0.0,-5107.384431024326,-160.68699489350436,-5666.0,52115.86710906775,0.0,-314.0,0.0,0.0,1100.034,0.0,-11461.481801611684,-698.4193074560633,-40742.0,25361.609692368846,0.0,-0.0,0.0,0.0,405.27,0.0,-9961.99283463063,-794.8868577382156,-15010.0
t242,28924.22937540794,0.0,-0.0,0.0,0.0,488.538,0.0,-10817.788886661596,-500.9784887463422,-18094.0,7590.742181193163,0.0,-0.0,0.0,0.0,1504.485,0.0,14002.663091226612,-642.8902724197754,-22455.0,17641.316399730593,0.0,-0.0,0.0,0.0,2161.621,0.0,13300.703223792512,-840.6406235231075,-32263.0,16176.405891705,0.0,-0.0,0.0,0.0,1684.112,0.0,7579.978783940323,-304.4966756453181,-25136.0,8573.4024508238,0.0,-0.0,0.0,0.0,382.302,0.0,-3179.7287763886725,-69.97567443512834,-5706.0,51460.517331989424,0.0,-211.57654140378096,0.0,0.0,2923.8129999999996,0.0,-9773.966783940323,-759.7870066453179,-43639.0,25684.147144853654,0.0,-0.0,0.0,0.0,1000.7790000000001,0.0,-11111.860651968858,-636.0654928848023,-14937.0
t243,28962.664646557467,0.0,-0.0,0.0,0.0,1205.5310000000002,0.0,-11629.171981617925,-546.0236649395398,-17993.0,9278.258279685091,0.0,-0.0,0.0,0.0,1539.727,0.0,12733.93312405394,-570.9184037390344,-22981.0,17584.5469616583,0.0,-0.0,0.0,0.0,2098.775,0.0,12496.616889197074,-854.9388508553702,-31325.0,16155.028169739575,0.0,-0.0,0.0,0.0,1724.714,0.0,8207.579962576001,-345.32213231556887,-25742.0,7928.834231974341,70.5061584504723,-0.0,0.0,0.0,392.48600000000005,0.0,-2463.8883556985243,-69.93803472628701,-5858.0,51084.585611926464,0.0,-0.0,0.0,0.0,3007.697,0.0,-8494.134393495817,-707.1482184306399,-44891.0,25178.321574809404,0.0,-0.0,0.0,0.0,982.8900000000001,0.0,-10850.935245014745,-640.2763297946598,-14670.0
t244,29014.953609363918,0.0,-0.0,0.0,0.0,1222.75,0.0,-11465.110196682848,-522.5934126810686,-18250.0,11015.523406901913,0.0,-0.0,0.0,0.0,1604.2480000000003,0.0,11845.409684320795,-521.1810912227028,-23944.0,20296.446562826506,0.0,-0.0,0.0,0.0,2123.029,0.0,10047.039341714322,-779.5149045408309,-31687.0,16176.755635083768,226.0,-0.0,0.0,0.0,1766.455,0.0,8564.317258319952,-368.5278934037128,-26365.0,7372.4494452954195,150.70636503364747,-0.0,0.0,0.0,406.824,0.0,-1755.899061653118,-102.08074867594846,-6072.0,50392.42221866035,0.0,-0.0,0.0,0.0,3028.065,0.0,-7558.461345962167,-667.0258726981814,-45195.0,24263.398456264407,0.0,-0.0,0.0,0.0,1011.7669999999999,0.0,-9677.295680056935,-496.8697762074767,-15101.0
t245,29017.70126630871,0.0,-0.0,0.0,0.0,1259.6000000000001,0.0,-10977.064910109846,-500.23635619886625,-18800.0,11047.950123433777,2596.638263187295,-0.0,0.0,0.0,1700.125,0.0,10486.87304843536,-456.5864350564329,-25375.0,21260.158361932456,916.2040537555189,-0.0,0.0,0.0,2187.349,0.0,9005.478042072018,-722.1894577599924,-32647.0,16357.615249951801,226.0,-0.0,0.0,0.0,1794.26,0.0,8785.00861628772,-382.8838662395161,-26780.0,7007.641539702245,220.88564934524385,-0.0,0.0,0.0,420.693,0.0,-1244.941989286075,-125.2781997614122,-6279.0,49561.16066420058,0.0,-0.0,0.0,0.0,3044.145,0.0,-6549.191898149806,-621.1137660507583,-45435.0,24101.613322926714,0.0,-0.0,0.0,0.0,1012.973,0.0,-9506.160909249369,-489.4254136773476,-15119.0
t246,29023.165673296506,0.0,-0.0,0.0,0.0,1281.241,0.0,-10694.089628011614,-487.3170452848948,-19123.0,11411.191220432125,3779.751399025993,-0.0,0.0,0.0,1785.617,0.0,10116.08184691066,-441.64146636878195,-26651.0,21268.855596645564,916.2040537555189,-0.0,0.0,0.0,2161.6879999999996,0.0,8605.062264663398,-687.8099150644834,-32264.0,16536.575281797886,255.0943129652005,-0.0,0.0,0.0,1786.6220000000003,0.0,8448.716467176766,-361.0080619398486,-26666.0,6967.733116092894,214.14365891039506,-0.0,0.0,0.0,422.70300000000003,0.0,-1166.7517378255695,-128.82803717771915,-6309.0,49064.19925480261,0.0,-0.0,0.0,0.0,3046.2889999999998,0.0,-6052.128103674366,-591.360151128231,-45467.0,23832.17028661618,0.0,-0.0,0.0,0.0,1012.303,0.0,-9256.891109239274,-478.5821773769084,-15109.0
t247,29037.00240652637,0.0,-0.0,0.0,0.0,1295.78,0.0,-10513.629140666471,-479.15326585990096,-19340.0,12239.071413735057,669.8470928333818,-0.0,0.0,0.0,1814.963,0.0,12902.681028134166,-537.5625347026071,-27089.0,22135.33516150904,916.2040537555189,-0.0,0.0,0.0,2048.927,0.0,6271.300931224168,-790.7671464887262,-30581.0,16871.56490450778,0.0,-0.0,0.0,0.0,1773.356,0.0,8165.675331560211,-342.59623606799175,-26468.0,7359.620728889581,107.42136870378303,-0.0,0.0,0.0,420.82700000000006,0.0,-1492.8457275490916,-114.02337004427125,-6281.0,48517.01871181917,0.0,-0.0,0.0,0.0,3018.0820000000003,0.0,-5909.282791227467,-579.8179205916872,-45046.0,24089.480679569697,0.0,-0.0,0.0,0.0,1018.2660000000001,0.0,-9423.899631475515,-485.84704809418497,-15198.0
t248,29882.16870692999,0.0,-0.0,0.0,0.0,1290.0179999999998,0.0,-11397.183464143678,-521.0032427863111,-19254.0,13339.752179390529,0.0,-0.0,0.0,0.0,1809.0669999999998,0.0,12388.951413102983,-536.7705924935144,-27001.0,19950.205559131864,0.0,-0.0,0.0,0.0,2089.127,0.0,9973.519437022882,-831.8519961547443,-31181.0,17484.065813706446,0.0,-0.0,0.0,0.0,1749.37,0.0,7153.3057832435425,-276.74159694999247,-26110.0,7921.042569129376,0.0,-75.27985104292415,0.0,0.0,418.951,0.0,-1916.9444290922386,-94.76928899421239,-6253.0,48019.50668307939,0.0,-21.657220961652605,0.0,0.0,2977.279,0.0,-5971.509942370516,-566.6185197472141,-44437.0,25103.61724436352,0.0,-0.0,0.0,0.0,1030.058,0.0,-10230.138797762971,-529.5364466005504,-15374.0
t249,31699.91714334566,0.0,-0.0,0.0,0.0,513.702,0.0,-12607.571574551945,-580.0475687937179,-19026.0,16093.975732472332,0.0,-1570.2482587886445,0.0,0.0,1792.049,0.0,10921.351364058562,-490.1278377422584,-26747.0,20592.116524165303,0.0,-916.2040537555189,0.0,0.0,2178.237,0.0,11424.827704681553,-767.9771750913382,-32511.0,17789.092308413925,0.0,-0.0,0.0,0.0,1731.816,0.0,6565.603237965752,-238.51154637967215,-25848.0,6855.770518841517,84.0752425323393,-0.0,0.0,0.0,387.4796897310807,0.0,-926.5942646448113,-139.73118646012557,-6261.0,47273.60485696305,0.0,-378.6,0.0,0.0,2929.5750000000003,0.0,-5562.438465437268,-537.1413915257764,-43725.0,25053.464733250614,0.0,-0.0,0.0,0.0,1055.853,0.0,-9815.178002071843,-535.1397311787764,-15759.0
t250,32209.448595393416,0.0,-0.0,0.0,0.0,515.2950000000001,0.0,-13028.216533364513,-611.5270620289051,-19085.0,22660.48642723431,0.0,-3911.7884271156186,0.0,0.0,1768.0629999999999,0.0,6179.593789149638,-307.35478926833224,-26389.0,21947.349307499782,0.0,-4012.104053755519,0.0,0.0,2264.533,0.0,14240.524564825664,-641.3028185699163,-33799.0,18405.499107043375,0.0,-34.22860346837023,0.0,0.0,1745.0819999999999,0.0,6140.5064999999995,-210.85900357500003,-26046.0,7496.9565429895,0.0,-27.871690237735315,0.0,0.0,171.18,0.0,-1171.6596340632352,-128.60521868852913,-6340.0,45550.388464671145,0.0,-378.6,0.0,0.0,2909.408,0.0,-4265.928466433831,-391.2679982373155,-43424.0,24273.754016361934,0.0,-0.0,0.0,0.0,506.68923740605493,0.0,-8094.820220113719,-515.6230336542757,-16170.0
t251,32113.789424524686,0.0,-0.0,0.0,0.0,528.7950000000001,0.0,-12467.37708389898,-590.2073406257035,-19585.0,24102.328440283294,0.0,-3653.174967958791,0.0,0.0,1773.088,0.0,4462.960510001641,-221.2019823261389,-26464.0,22180.07704394035,0.0,-4012.104053755519,0.0,0.0,2256.8280000000004,0.0,13895.745941240437,-636.5469314252675,-33684.0,18676.445659316985,0.0,-0.0,0.0,0.0,1781.5299999999997,0.0,6356.963897997777,-224.9395573147554,-26590.0,8065.972005889012,0.0,-27.871690237735315,0.0,0.0,430.14,0.0,-1955.2082019445588,-93.03211370671704,-6420.0,43637.937841755425,0.0,-378.6,0.0,0.0,2937.6820000000002,0.0,-1992.170253996714,-358.8495877587033,-43846.0,24244.328182211662,0.0,-0.0,0.0,0.0,1104.361,0.0,-8300.914809399603,-564.774372812063,-16483.0
t252,32062.092097418805,0.0,-0.0,0.0,0.0,732.6737928524802,0.0,-11870.41906980384,-568.3468204674457,-20356.0,25217.58237741207,0.0,-1657.3618135998895,0.0,0.0,1825.8169999999998,0.0,1945.6617193345303,-80.69928314671293,-27251.0,21919.359875288843,0.0,-1470.1024765151944,0.0,0.0,2326.0389999999998,0.0,12608.476647929696,-666.7730467033384,-34717.0,18906.26925213953,0.0,-0.0,0.0,0.0,1854.2250000000001,0.0,7193.887163602836,-279.38141574236454,-27675.0,9515.808988105699,0.0,-153.37121400131713,0.0,0.0,438.18000000000006,0.0,-3190.135301877926,-70.48247222645499,-6540.0,42296.291075085945,0.0,-64.6,0.0,0.0,3073.6920000000005,0.0,805.7986545661552,-235.1817296520839,-45876.0,23663.411831511698,0.0,-0.0,0.0,0.0,1118.632,0.0,-7493.269813751453,-592.7740177602457,-16696.0
t253,31854.905894387844,0.0,-0.0,0.0,0.0,1400.3,0.0,-11791.885239086318,-563.3206553015244,-20900.0,27392.294482065307,0.0,-0.0,0.0,0.0,1909.0310000000002,0.0,-770.567666411164,-37.75781565414704,-28493.0,22223.701793328324,0.0,-0.0,0.0,0.0,2429.956,0.0,12165.376065521887,-551.033858850202,-36268.0,19755.24948699961,510.0110165753903,-0.0,0.0,0.0,1881.092,0.0,6140.5064999999995,-210.85900357500003,-28076.0,9697.810565671363,0.0,-101.15235384376018,0.0,0.0,440.45799999999997,0.0,-3383.230026511493,-79.88618531610972,-6574.0,41508.770086737546,276.309871080446,-0.0,0.0,0.0,3199.5180000000005,0.0,2957.747166411164,-188.34512422914702,-47754.0,23172.265836260656,0.0,-1356.1675434687409,0.0,0.0,1148.7820000000002,0.0,-5317.946799924075,-500.93349286783615,-17146.0
t254,31459.46177496034,0.0,-0.0,0.0,0.0,1398.223,0.0,-11447.41050278227,-541.2742721780653,-20869.0,28126.27258282466,0.0,-0.0,0.0,0.0,1946.283,0.0,-975.7441209005387,-47.8114619241264,-29049.0,24453.774895267645,0.0,-0.0,0.0,0.0,2518.0609999999997,0.0,11234.57962619519,-623.4155214628333,-37583.0,19997.327161358644,132.64834221635286,-0.0,0.0,0.0,1871.377,0.0,6140.5064999999995,-210.85900357500003,-27931.0,9749.90713359035,0.0,-49.02836931926185,0.0,0.0,432.81999999999994,0.0,-3584.0334521274785,-89.6653121436082,-6460.0,40706.39223619918,378.6,-0.0,0.0,0.0,3237.507,0.0,4261.962644496865,-263.4618806960289,-48321.0,23014.11194368882,0.0,-885.4504598194469,0.0,0.0,1149.184,0.0,-5629.860694881767,-495.9847889876044,-17152.0
t255,31398.326634604502,0.0,-0.0,0.0,0.0,1367.671,0.0,-11789.809806959116,-563.1878276453834,-20413.0,27885.408158000737,0.0,-0.0,0.0,0.0,1947.3550000000002,0.0,-731.9000552914595,-35.86310270928151,-29065.0,23220.857306164402,1096.583157088103,-0.0,0.0,0.0,2545.129,0.0,11796.745781331878,-672.3152445843898,-37987.0,19820.620049704678,187.13070690767833,-0.0,0.0,0.0,1836.0010000000002,0.0,5792.730101673771,-233.48185828612122,-27403.0,9525.028051894,75.67863589291309,-0.0,0.0,0.0,416.338,0.0,-3707.3727517516104,-95.67193603530342,-6214.0,40241.78347544352,378.6,-0.0,0.0,0.0,3226.921,0.0,4603.923169746736,-288.2276451902423,-48163.0,22330.848861220435,0.0,-0.0,0.0,0.0,1135.181,0.0,-5964.3164387502,-558.7134224702371,-16943.0
t256,31258.421028612567,0.0,-0.0,0.0,0.0,1318.0910000000001,0.0,-12250.735416522697,-652.7766120898696,-19673.0,25145.08823353716,0.0,-0.0,0.0,0.0,1898.177,0.0,1343.1238474288186,-55.389080965979744,-28331.0,22101.564628183005,1440.8050036301547,-0.0,0.0,0.0,2526.302,0.0,12369.094529217457,-731.7661610306185,-37706.0,19989.873324231117,863.1127740565825,-0.0,0.0,0.0,1785.2820000000002,0.0,4335.975637868927,-328.2437361566263,-26646.0,10347.816406719488,53.27404117268442,-0.0,0.0,0.0,399.387,0.0,-4697.403583477302,-142.07386441486955,-5961.0,39134.432462091594,378.6,-0.0,0.0,0.0,3168.4300000000003,0.0,4932.185720266669,-323.64818235825356,-47290.0,22289.76587856988,0.0,-0.0,0.0,0.0,1115.952,0.0,-6032.240734781872,-717.4771437880114,-16656.0
t257,30155.79643814795,0.0,-0.0,0.0,0.0,0.0,0.0,-10876.635698876966,-715.1607392709858,-18564.0,15981.52066590891,1901.130109151673,-0.0,0.0,0.0,1815.8339999999998,0.0,7680.647795787805,-277.1325708483871,-27102.0,21417.056569929293,3095.9,-0.0,0.0,0.0,2504.2589999999996,0.0,11399.0569354326,-1039.2725053618956,-37377.0,20326.7643255336,0.0,-226.0,0.0,0.0,1714.128,0.0,3969.5348801796854,-200.4272057132853,-25584.0,12123.79184358719,0.0,-167.83055086816967,0.0,0.0,0.0,0.0,-6071.503301123035,-204.4579915959858,-5680.0,40255.26972994381,0.0,-0.0,0.0,0.0,3050.845,0.0,2460.287541328439,-231.4022712722445,-45535.0,24528.62303219261,0.0,-0.0,0.0,0.0,1087.611,0.0,-8561.38815272853,-821.8458794640762,-16233.0
t258,28323.19476202869,0.0,-0.0,0.0,0.0,0.0,0.0,-10445.45858163491,-734.7361803937752,-17143.0,13095.567155581966,226.32058853245326,-0.0,0.0,0.0,1709.036,0.0,10917.396711166588,-440.3204552810064,-25508.0,21697.729252832076,467.037125326257,-0.0,0.0,0.0,2462.451,0.0,13221.265736313926,-1095.4831144722593,-36753.0,21225.865509122617,0.0,-226.0,0.0,0.0,1655.1009999999999,0.0,2145.9268398454396,-97.89334896805414,-24703.0,12214.366038154823,0.0,-77.65218707095632,0.0,0.0,0.0,0.0,-6502.680418365091,-224.03343271877515,-5410.0,41848.22975627493,0.0,-0.0,0.0,0.0,2889.6430000000005,0.0,-1213.1967714578652,-395.675984817063,-43129.0,23811.281222433354,0.0,-0.0,0.0,0.0,1069.521,0.0,-8123.253515868089,-794.5487065652618,-15963.0
t259,27849.48250004682,0.0,-0.0,0.0,0.0,0.0,0.0,-10640.606013038781,-725.8764870080394,-16483.0,13195.28520118809,0.0,-0.0,0.0,0.0,1604.583,0.0,9573.533183593456,-424.4013847815512,-23949.0,17693.79312715973,0.0,-0.0,0.0,0.0,2444.0260000000003,0.0,17364.962469647173,-1024.7815968069058,-36478.0,21615.650364466826,0.0,-974.4831063465713,0.0,0.0,1608.737,0.0,1876.5143718884042,-115.41863000865932,-24011.0,11833.513595520035,0.0,-29.8068692257752,0.0,0.0,0.0,0.0,-6307.532986961219,-215.17373933303932,-5281.0,41783.182688338726,0.0,-0.0,0.0,0.0,2759.261,0.0,-2852.705293949081,-506.7383943896325,-41183.0,24398.53711911128,0.0,-0.0,0.0,0.0,1044.932,0.0,-9014.165731179952,-833.3033879313277,-15596.0
t260,27644.75126678815,0.0,-0.0,0.0,0.0,0.0,0.0,-10662.88630503682,-724.8649617513285,-16257.0,12021.644481656807,0.0,-0.0,0.0,0.0,1532.29,0.0,9749.843040463918,-433.777522120727,-22870.0,17346.65806527276,0.0,-0.0,0.0,0.0,2418.767,0.0,17356.27463493953,-1020.699700212292,-36101.0,21763.908040769405,0.0,-974.4831063465713,0.0,0.0,1639.624,0.0,2141.1548335544444,-98.2037679772834,-24472.0,11827.633116615052,0.0,-9.21820757554502,0.0,0.0,0.0,0.0,-6285.252694963179,-214.16221407632835,-5319.0,41106.20087609088,0.0,-0.0,0.0,0.0,2675.9800000000005,0.0,-3341.665668024553,-500.51520806631873,-39940.0,23980.041087246253,92.49378339269424,-0.0,0.0,0.0,1025.77,0.0,-8957.467840933343,-830.8370297056002,-15310.0
t261,27266.57130989228,0.0,-0.0,0.0,0.0,0.0,0.0,-10263.57773925443,-742.993570637849,-16260.0,12791.231239398265,0.0,-0.0,0.0,0.0,1556.075,0.0,9288.17048381556,-410.47672321382436,-23225.0,17739.78327051423,0.0,-0.0,0.0,0.0,2429.956,0.0,17111.734857261035,-1013.4741277752591,-36268.0,22094.898158627133,0.0,-469.62967269955465,0.0,0.0,1650.947,0.0,1504.4086230434436,-139.624108971024,-24641.0,12237.447170638949,0.0,-70.59508693052808,0.0,0.0,0.0,0.0,-6684.561260745571,-232.29082296284895,-5250.0,40393.50816116033,0.0,-0.0,0.0,0.0,2705.6609999999996,0.0,-2199.022560074764,-517.1466010855587,-40383.0,23835.629919224437,132.3717930218172,-0.0,0.0,0.0,1033.2740000000001,0.0,-8757.152404045277,-822.1233082009694,-15422.0
t262,26931.80563871504,0.0,-0.0,0.0,0.0,0.0,0.0,-10101.451538565932,-750.3541001491068,-16080.0,12448.01228736798,0.0,-0.0,0.0,0.0,1530.816,0.0,9278.934961230476,-409.7632485984578,-22848.0,18968.16616205513,0.0,-0.0,0.0,0.0,2524.359,0.0,17203.240950398376,-1018.7661124535094,-37677.0,22135.761127139507,0.0,-0.0,0.0,0.0,1605.99,0.0,437.28910638983325,-209.04023352934135,-23970.0,12304.969063059802,0.0,-41.63024915162855,0.0,0.0,0.0,0.0,-6846.687461434069,-239.65135247410672,-5177.0,39342.160798699115,0.0,-0.0,0.0,0.0,2703.7850000000003,0.0,-1105.6685626147346,-585.2772360843614,-40355.0,23535.34104499904,637.3196883399914,-0.0,0.0,0.0,1039.8400000000001,0.0,-8865.657455403953,-826.8432779350718,-15520.0
t263,26941.896976341417,0.0,-0.0,0.0,0.0,0.0,0.0,-10097.356983387193,-750.5399929542215,-16094.0,12114.956944077285,0.0,-0.0,0.0,0.0,1458.322,0.0,8569.282933086688,-376.5618771639745,-21766.0,18390.029416821155,0.0,-0.0,0.0,0.0,2537.3569999999995,0.0,17988.645971140646,-1045.032387961793,-37871.0,21932.70898776431,0.0,-0.0,0.0,0.0,1614.164,0.0,734.813297155712,-189.68628492002094,-24092.0,12528.059318231295,0.0,-121.44005633926518,0.0,0.0,0.0,0.0,-6850.782016612808,-239.83724527922143,-5316.0,38524.26975478859,0.0,-0.0,0.0,0.0,2670.821,0.0,-795.9236532213395,-536.1671015672366,-39863.0,23971.143406995474,792.027880136268,-0.0,0.0,0.0,1031.063,0.0,-9548.679548161706,-856.5547389700341,-15389.0
t264,27338.30463553013,0.0,-0.0,0.0,0.0,0.0,0.0,-9609.621449329696,-772.6831862004319,-16956.0,12070.94716693668,0.0,-0.0,0.0,0.0,1479.36,0.0,8886.538278466687,-356.84544540337026,-22080.0,19835.83449004094,0.0,-0.0,0.0,0.0,2463.121,0.0,15581.598948885188,-1117.554438926116,-36763.0,21800.820073765673,0.0,-0.0,0.0,0.0,1644.314,0.0,1252.8536839907279,-155.98775775640317,-24542.0,13229.797989195737,0.0,-196.3,0.0,0.0,0.0,0.0,-7338.517550670305,-261.98043852543185,-5433.0,38014.86788708926,0.0,-0.0,0.0,0.0,2748.608,0.0,665.9756428518597,-405.45152994111635,-41024.0,24612.901572403796,251.16215902312993,-0.0,0.0,0.0,1046.54,0.0,-9438.827554194462,-851.776177232459,-15620.0
t265,21778.680000000004,0.0,-0.0,0.0,0.0,0.0,0.0,-3400.0,-836.6800000000001,-17542.0,7658.414566072619,0.0,-0.0,0.0,0.0,0.0,0.0,13356.740408058551,-621.1549741311702,-20394.0,13605.437073870316,0.0,-1522.854057082591,0.0,0.0,0.0,0.0,23929.351781588608,-1306.934798376333,-34705.0,21395.33521500017,0.0,-974.4831063465713,0.0,0.0,0.0,0.0,-1158.2829455880162,-153.56916306558196,-19109.0,13091.645661059454,0.0,-207.28958670910922,0.0,0.0,0.0,0.0,-7393.773181129173,-300.58289322117196,-5190.0,49835.16256951372,0.0,-378.6,0.0,0.0,0.0,0.0,-13947.208878694977,-718.3536908187426,-34791.0,26946.67078460583,0.0,-0.0,0.0,0.0,0.0,0.0,-11386.827184234995,-912.84360037083,-14647.0
t266,23484.319421436096,0.0,-0.0,0.0,0.0,0.0,0.0,-5115.4267323035165,-726.892689132575,-17642.0,7628.801063868395,0.0,-1781.6925060026206,0.0,0.0,0.0,0.0,16045.523983581752,-711.6325414475259,-21181.0,13365.554522365373,0.0,-13.710362738096507,0.0,0.0,0.0,0.0,21240.568206065414,-1397.4123656926886,-33195.0,20216.152465514548,0.0,-974.4831063465713,0.0,0.0,0.0,0.0,259.186718905617,-168.85607807359108,-19332.0,12588.981799006284,0.0,-182.7196036070925,0.0,0.0,0.0,0.0,-6912.193086768611,-255.0691086305821,-5239.0,50156.46846430324,0.0,-378.6,0.0,0.0,0.0,0.0,-11990.2121353285,-845.6563289747319,-36942.0,28581.351656624134,0.0,-0.0,0.0,0.0,0.0,0.0,-13527.446954152154,-617.9047024719754,-14436.0
t267,25490.88688395783,1016.2743404988286,-0.0,0.0,0.0,0.0,0.0,-8090.081815191235,-607.0794092654281,-17810.0,7374.161421208817,0.0,-201.56470509322017,0.0,0.0,0.0,0.0,14954.316700247738,-674.9134163633364,-21452.0,13651.135622824417,0.0,-2067.833956737727,0.0,0.0,0.0,0.0,21323.714355388354,-1301.0160214750438,-31606.0,19040.346051988716,0.0,-685.5065148602818,0.0,0.0,0.0,0.0,1759.2097580128282,-123.04929514126553,-19991.0,12548.215793529456,0.0,-223.88487437063708,0.0,0.0,0.0,0.0,-6713.716450577596,-233.6144685812229,-5377.0,50652.17732253141,0.0,-0.0,0.0,0.0,0.0,0.0,-11734.655620946349,-737.5217015850671,-38180.0,26265.498651652884,0.0,-0.0,0.0,0.0,0.0,0.0,-11498.78692693374,-658.7117247191394,-14108.0
t268,25817.016321640596,850.6763401749657,-0.0,0.0,0.0,0.0,0.0,-7995.980289029358,-551.7123727861995,-18120.0,7667.716220629922,0.0,-937.2577322330147,0.0,0.0,0.0,0.0,16477.717360172912,-726.1758485698184,-22482.0,13778.509842541149,0.0,-0.0,0.0,0.0,0.0,0.0,16029.032701123713,-1149.542543664871,-28658.0,18261.14068682587,0.0,-315.991055948808,0.0,0.0,0.0,0.0,2793.6118107346465,-55.76144161171125,-20683.0,12210.7580495654,0.0,-216.14316979650974,0.0,0.0,0.0,0.0,-6204.135391279788,-210.47948848910238,-5580.0,49116.51370516938,0.0,-0.0,0.0,0.0,0.0,0.0,-9548.072543938784,-582.4411612306063,-38986.0,26714.0933374002,0.0,-0.0,0.0,0.0,0.0,0.0,-11552.17364778334,-653.9196896168504,-14508.0
t269,26894.421896868687,721.6313726425312,-0.0,0.0,0.0,0.0,0.0,-8806.684983958274,-526.36828555294,-18283.0,8519.995320789816,0.0,-0.0,0.0,0.0,0.0,0.0,15935.128237912264,-694.1235587020816,-23761.0,14247.335004109778,1151.8398884046126,-0.0,0.0,0.0,0.0,0.0,14767.21251437599,-1122.3874068903688,-29044.0,18837.47353164085,0.0,-0.0,0.0,0.0,0.0,0.0,2328.540780488379,-86.01431212923094,-21080.0,11511.51527053059,0.0,-118.73771131156565,0.0,0.0,0.0,0.0,-5519.385706422448,-179.39185279657912,-5694.0,47346.42544417294,0.0,-0.0,0.0,0.0,0.0,0.0,-6930.432050607853,-654.9933935650851,-39761.0,26974.751447855844,0.0,-0.0,0.0,0.0,0.0,0.0,-11774.378791788058,-695.3726560677803,-14505.0
t270,27725.086981264056,539.060136255528,-0.0,0.0,0.0,0.0,0.0,-9443.897213456017,-471.2499040635647,-18349.0,8720.547558549393,1287.5921962831603,-0.0,0.0,0.0,0.0,0.0,15152.203882641898,-628.3436374744529,-24532.0,14566.49126544016,1911.8987334692356,-0.0,0.0,0.0,0.0,0.0,13155.062082819502,-1189.4520817289053,-28444.0,19296.436347066712,0.0,-0.0,0.0,0.0,0.0,0.0,1910.7549343535875,-113.19128142029915,-21094.0,10442.023388707123,0.0,-6.2438066318946435,0.0,0.0,0.0,0.0,-4594.382858571102,-137.39672350412803,-5704.0,44689.91050936524,0.0,-0.0,0.0,0.0,0.0,0.0,-3943.6223169954837,-556.288192369752,-40190.0,27287.576844636857,0.0,-0.0,0.0,0.0,0.0,0.0,-12236.118510792383,-715.4583338444685,-14336.0
t271,28297.077620201988,187.68783381832097,-0.0,0.0,0.0,0.0,0.0,-9943.348750975809,-453.4167030444969,-18088.0,9507.535073783512,1194.8455070041912,-0.0,0.0,0.0,0.0,0.0,14560.993760712194,-599.3743414998975,-24664.0,15789.243792699825,0.0,-0.0,0.0,0.0,0.0,0.0,12528.044772140327,-1162.2885648401534,-27155.0,20122.152256564135,0.0,-0.0,0.0,0.0,0.0,0.0,860.0027349557406,-189.15499151987703,-20793.0,9473.783453822783,22.382932315851306,-0.0,0.0,0.0,0.0,0.0,-3775.191668841072,-98.9747172975602,-5622.0,42769.20747788538,0.0,-0.0,0.0,0.0,0.0,0.0,-2234.145321355313,-600.0621565300625,-39935.0,27201.281988368988,0.0,-0.0,0.0,0.0,0.0,0.0,-11996.355526636067,-670.9264617329286,-14534.0
t272,29408.629748813,0.0,-0.0,0.0,0.0,0.0,0.0,-10961.45653083928,-510.1732179737139,-17937.0,7991.882465595772,0.0,-1131.1876857552559,0.0,0.0,0.0,0.0,18150.568735420064,-775.2635152605833,-24236.0,19122.724300261434,0.0,-1787.9056762460941,0.0,0.0,0.0,0.0,10897.500220449203,-1092.3188444645402,-27140.0,21798.44543883305,0.0,-0.0,0.0,0.0,0.0,0.0,-832.750032561602,-549.6954062714494,-20416.0,8833.511238803256,0.0,-22.60062943601868,0.0,0.0,0.0,0.0,-3187.553853668578,-70.35675569865975,-5553.0,42510.43303999898,0.0,-0.0,0.0,0.0,0.0,0.0,-1909.8868436272687,-1030.5461963717046,-39570.0,27492.81594461978,0.0,-0.0,0.0,0.0,0.0,0.0,-12156.42169517254,-693.3942494472418,-14643.0
t273,26562.410463343567,0.0,-213.94566769293357,0.0,0.0,0.0,0.0,-8105.838557431751,-369.62623821888786,-17873.0,17509.920356411327,0.0,-6158.688427115619,0.0,0.0,0.0,0.0,12693.642184994,-507.874114289706,-23537.0,21448.37719818563,0.0,-5677.104053755518,0.0,0.0,0.0,0.0,12725.757136869319,-1167.030281299422,-27330.0,20819.833020590595,0.0,-942.0498864189113,0.0,0.0,0.0,0.0,387.2785006876147,-154.06163485930097,-20111.0,7725.376354012627,0.0,-21.198362020389023,0.0,0.0,0.0,0.0,-2139.070421587474,-40.107570404765134,-5525.0,42336.20911905911,0.0,-214.42445194573185,0.0,0.0,0.0,0.0,-2843.6537640941406,-339.1309030192418,-38939.0,29430.140801519552,0.0,-1269.2127955264432,0.0,0.0,0.0,0.0,-12718.115079437568,-559.8129265555342,-14883.0
t274,26014.29046299759,0.0,-6566.3,0.0,0.0,0.0,0.0,-1450.8325009540827,-66.15796204350617,-17931.0,27868.994474959505,0.0,-6158.688427115619,0.0,0.0,0.0,0.0,1380.335194966745,-56.64124281063096,-23034.0,22146.39962889065,0.0,-5677.104053755518,0.0,0.0,0.0,0.0,11866.080249146438,-597.3758242815579,-27738.0,18189.27990841017,0.0,-0.0,0.0,0.0,0.0,0.0,2020.9686553294403,-39.24856373961564,-20171.0,7592.1652639237,0.0,-0.0,0.0,0.0,0.0,0.0,-1974.1499523177429,-37.01531160595768,-5581.0,38882.6,0.0,-378.6,0.0,0.0,0.0,0.0,0.0,-0.0,-38504.0,27477.317676931878,0.0,-0.0,0.0,0.0,0.0,0.0,-11842.401646170798,-521.9160307610788,-15113.0
t275,28522.36936435048,0.0,-3188.156236546498,0.0,0.0,0.0,0.0,-6813.516763393258,-310.69636441073254,-18210.0,28611.39817179682,0.0,-6158.688427115619,0.0,0.0,0.0,0.0,601.7314832294736,-30.441227910671792,-23024.0,21360.70350931535,0.0,-5677.104053755518,0.0,0.0,0.0,0.0,13709.141911630366,-628.7413671902007,-28764.0,16682.661183217224,0.0,-0.0,0.0,0.0,0.0,0.0,4124.724789829103,-140.3859730463193,-20667.0,7638.427052428804,0.0,-0.0,0.0,0.0,0.0,0.0,-1946.9222600528137,-36.504792375990256,-5655.0,38841.35501029631,0.0,-188.35501029631556,0.0,0.0,0.0,0.0,0.0,-0.0,-38653.0,25514.434553005784,0.0,-135.68427702378176,0.0,0.0,0.0,0.0,-9675.159161242873,-436.5911147391253,-15267.0
t276,31697.971880161276,0.0,-0.0,0.0,0.0,0.0,0.0,-12039.028923498145,-558.9429566631288,-19100.0,27109.265033106065,0.0,-3807.0259535060713,0.0,0.0,0.0,0.0,367.314,-22.553079600000004,-23647.0,21877.8011671978,0.0,-3847.8252200060333,0.0,0.0,0.0,0.0,12821.849573120773,-663.8255203125307,-30188.0,15798.140970127055,226.0,-0.0,0.0,0.0,0.0,0.0,5769.830506805263,-234.97147693231767,-21559.0,7680.643160818959,0.0,-0.0,0.0,0.0,0.0,0.0,-1748.2134870563152,-102.4296737626433,-5830.0,36999.59532963364,64.6,-0.0,0.0,0.0,0.0,0.0,3378.0605942831216,-223.25592391675002,-40219.0,24811.114316633277,0.0,-0.0,0.0,0.0,0.0,0.0,-8549.812263654696,-507.3020529785838,-15754.0
t277,31161.69958756756,0.0,-0.0,0.0,0.0,0.0,0.0,-10612.978684143995,-483.72090342357177,-20065.0,28759.52262806643,0.0,-0.0,0.0,0.0,0.0,0.0,-3117.752743628621,-152.76988443780243,-25489.0,20207.39407832703,0.0,-0.0,0.0,0.0,0.0,0.0,12117.124242089829,-582.5183204168495,-31742.0,15090.834632652583,974.4831063465713,-0.0,0.0,0.0,0.0,0.0,6167.2830811817175,-212.60082018087076,-22020.0,7692.894270563402,0.0,-0.0,0.0,0.0,0.0,0.0,-1679.3376330278645,-105.55663753553497,-5908.0,35917.58224449773,378.6,-0.0,0.0,0.0,0.0,0.0,5624.415337908257,-325.59758240598535,-41595.0,25261.781875520825,0.0,-0.0,0.0,0.0,0.0,0.0,-8498.753600379325,-439.0282751415006,-16324.0
t278,31002.911564871625,0.0,-0.0,0.0,0.0,0.0,0.0,-10402.833702641738,-474.0778622298855,-20126.0,30447.21739569393,0.0,-0.0,0.0,0.0,0.0,0.0,-3948.7296431781956,-193.4877525157316,-26305.0,17992.0525429777,3811.200811501129,-0.0,0.0,0.0,0.0,0.0,11301.132642849614,-510.3859973284394,-32594.0,15521.563636870822,748.4831063465713,-0.0,0.0,0.0,0.0,0.0,5908.8795908010015,-225.92633401839487,-21953.0,7302.280331734103,38.18137135324769,-0.0,0.0,0.0,0.0,0.0,-1377.1874471111971,-119.27425597615166,-5844.0,35538.00510943644,322.60122972050175,-0.0,0.0,0.0,0.0,0.0,6367.536052377194,-359.14239153412643,-41869.0,24714.552677571384,0.0,-0.0,0.0,0.0,0.0,0.0,-7848.797493096679,-410.7551844747056,-16455.0
t279,30996.285661566653,0.0,-0.0,0.0,0.0,0.0,0.0,-10666.979778216704,-486.30588334994604,-19843.0,29384.103762498988,0.0,-0.0,0.0,0.0,0.0,0.0,-2816.114168254517,-137.98959424447133,-26430.0,15798.472296230877,4900.927023090215,-0.0,0.0,0.0,0.0,0.0,12563.369781053252,-567.7691003743465,-32695.0,15593.040118683848,286.08022587784154,-0.0,0.0,0.0,0.0,0.0,5813.979256221126,-232.09960078281574,-21461.0,8032.549382013686,4.1807535217476754,-0.0,0.0,0.0,0.0,0.0,-2291.9878163214253,-77.7423192140073,-5667.0,36174.996587993905,314.0,-0.0,0.0,0.0,0.0,0.0,5329.82091203339,-309.81750002728705,-41509.0,24856.466516153534,0.0,-0.0,0.0,0.0,0.0,0.0,-7932.088186515122,-414.3783296384078,-16510.0
t280,30363.876143328634,0.0,-0.0,0.0,0.0,0.0,0.0,-10349.919800429063,-471.9563428995653,-19542.0,25994.000000000004,0.0,-0.0,0.0,0.0,0.0,0.0,0.0,-0.0,-25994.0,14425.230531546618,5379.983193870474,-0.0,0.0,0.0,0.0,0.0,13238.391119878524,-597.6048452956169,-32446.0,16965.16929122988,0.0,-0.0,0.0,0.0,0.0,0.0,4232.754853707046,-292.92414493692104,-20905.0,8068.118332323651,32.01702466349507,-0.0,0.0,0.0,0.0,0.0,-2582.7095528708187,-48.425804116327846,-5469.0,37259.62764260063,0.0,-0.0,0.0,0.0,0.0,0.0,3657.6112514031497,-246.23889400377487,-40671.0,25013.21043805171,0.0,-0.0,0.0,0.0,0.0,0.0,-8196.127871688841,-425.0825663628699,-16392.0
t281,29919.963116923176,187.68107999729102,-0.0,0.0,0.0,0.0,0.0,-10793.537590319938,-492.10660660052525,-18822.0,15804.044096024316,6158.688427115619,-0.0,0.0,0.0,0.0,0.0,3190.6133400889166,-144.34586322885158,-25009.0,14169.07147231144,2466.5929869498527,-0.0,0.0,0.0,0.0,0.0,16186.46231280088,-809.1267720621631,-32013.0,17705.540846187618,0.0,-224.36588224659374,0.0,0.0,0.0,0.0,2641.3503552193406,-49.525319160362635,-20073.0,7351.821388758817,209.38330190147124,-0.0,0.0,0.0,0.0,0.0,-2247.812764899402,-67.39192576088786,-5246.0,39169.11856530253,0.0,-0.0,0.0,0.0,0.0,0.0,441.9833544065448,-236.1019197090793,-39375.0,26122.807995038722,0.0,-0.0,0.0,0.0,0.0,0.0,-9419.059007296342,-471.74898774239085,-16232.0
t282,28748.516256645536,409.0205421431251,-0.0,0.0,0.0,0.0,0.0,-10491.158215791715,-478.3785829969438,-18188.0,11233.112351784208,6158.688427115619,-0.0,0.0,0.0,0.0,0.0,6987.771766461763,-325.57254536159246,-24054.0,14124.69062143132,719.4332165699107,-0.0,0.0,0.0,0.0,0.0,17668.780132548807,-897.9039705500339,-31615.0,17765.43284163187,0.0,-0.0,0.0,0.0,0.0,0.0,1663.8214621549487,-129.2543037868206,-19300.0,7712.129082944207,162.9485436360228,-0.0,0.0,0.0,0.0,0.0,-2742.8022842082864,-57.27534237194381,-5075.0,39711.96116558098,0.0,-0.0,0.0,0.0,0.0,0.0,-1870.1122061389306,-482.8489594420357,-37359.0,27731.229654445237,0.0,-0.0,0.0,0.0,0.0,0.0,-11216.300655026589,-549.9289994186565,-15965.0
t283,28548.55872427684,572.3902960124778,-0.0,0.0,0.0,0.0,0.0,-10991.8317859862,-512.1172343031168,-17617.0,11394.746592761185,1809.9443016504815,-0.0,0.0,0.0,0.0,0.0,9821.215170942718,-445.9060653543836,-22580.0,13935.991927073592,0.0,-0.0,0.0,0.0,0.0,0.0,18288.895308121057,-1017.8872351946413,-31207.0,17070.700676899734,0.0,-0.0,0.0,0.0,0.0,0.0,2218.4735111030122,-93.17418800274905,-19196.0,8471.862278239543,76.950189208344,-0.0,0.0,0.0,0.0,0.0,-3437.293396035938,-82.51907141195018,-5029.0,40010.14271470048,59.049586270894224,-0.0,0.0,0.0,0.0,0.0,-4052.656726227515,-526.5355747438497,-35490.0,28217.407103413556,0.0,-0.0,0.0,0.0,0.0,0.0,-11846.802081917136,-696.6050214964253,-15674.0
t284,27831.426536437026,703.244836929523,-0.0,0.0,0.0,0.0,0.0,-10535.42573306846,-506.245640298089,-17493.0,11269.722734654733,0.0,-0.0,0.0,0.0,0.0,0.0,11327.92106968676,-500.6438043414926,-22097.0,14212.416152457243,0.0,-0.0,0.0,0.0,0.0,0.0,18166.080364375794,-1108.49651683303,-31270.0,16592.17924937833,158.99700999666857,-0.0,0.0,0.0,0.0,0.0,2833.9605,-53.136759375000004,-19532.0,9624.492866834662,0.0,-34.20055928811748,0.0,0.0,0.0,0.0,-4361.469835298973,-126.82247224757333,-5102.0,39938.53128688206,0.0,-0.0,0.0,0.0,0.0,0.0,-4931.146027461444,-499.3852594206108,-34508.0,28688.964384029397,80.38099864193646,-0.0,0.0,0.0,0.0,0.0,-12499.920338233676,-764.4250444376637,-15505.0
t285,27947.04303371628,616.3559278308016,-0.0,0.0,0.0,0.0,0.0,-10402.029099198384,-474.36986234869664,-17687.0,11272.931431982292,1663.7650042824348,-0.0,0.0,0.0,0.0,0.0,9804.777619075123,-456.4740553398493,-22285.0,14068.1424819045,108.10105391035871,-0.0,0.0,0.0,0.0,0.0,18547.73991355449,-971.9834493693443,-31752.0,16650.460915455875,12.676267777233988,-0.0,0.0,0.0,0.0,0.0,3160.5792925463516,-68.71647577946098,-19755.0,8218.299436899197,112.03050489511497,-0.0,0.0,0.0,0.0,0.0,-3249.9352138545946,-73.39472793971876,-5007.0,40428.8272064894,64.81779302450553,-0.0,0.0,0.0,0.0,0.0,-5392.646230161007,-521.9987693528893,-34579.0,28642.828151862235,0.0,-0.0,0.0,0.0,0.0,0.0,-12468.48628196198,-644.3418699002607,-15530.0
t286,26955.484845444527,859.2068298083027,-0.0,0.0,0.0,0.0,0.0,-9774.953782759021,-445.7378924938114,-17594.0,11130.430030106478,1812.7646508058313,-0.0,0.0,0.0,0.0,0.0,9340.52987834275,-457.72455925505625,-21826.0,14095.299206391346,0.0,-0.0,0.0,0.0,0.0,0.0,19667.460921920174,-898.7601283115187,-32864.0,16102.457546632579,102.71871274241948,-0.0,0.0,0.0,0.0,0.0,2833.9605,-53.136759375000004,-18986.0,7554.177365354372,196.3,-0.0,0.0,0.0,0.0,0.0,-2835.2765160001645,-53.200849354208,-4862.0,41204.48886940496,41.197821965803996,-0.0,0.0,0.0,0.0,0.0,-6491.828014581282,-575.8586767894827,-34178.0,28709.924634274976,90.29495517881615,-0.0,0.0,0.0,0.0,0.0,-12739.892986922456,-616.3266025313418,-15444.0
t287,26027.524877781372,922.7089496817935,-0.0,0.0,0.0,0.0,0.0,-8986.334196382977,-421.8996310801884,-17542.0,10881.603845680303,0.0,-0.0,0.0,0.0,0.0,0.0,10263.980963228549,-506.58480890885244,-20639.0,13804.176377567468,0.0,-0.0,0.0,0.0,0.0,0.0,19966.04602428853,-892.2224018559975,-32878.0,15341.154216563644,226.0,-0.0,0.0,0.0,0.0,0.0,3659.353803382711,-92.50801994635529,-19134.0,9380.541817923302,0.0,-0.0,0.0,0.0,0.0,0.0,-4281.356491484887,-123.18532643841382,-4976.0,41762.1681610197,0.0,-0.0,0.0,0.0,0.0,0.0,-7650.532942749949,-632.6352182697475,-33479.0,28566.36368302696,439.69264422648666,-0.0,0.0,0.0,0.0,0.0,-12971.157160281979,-750.8991669714733,-15284.0
t288,25396.868575805584,882.3381377373674,-0.0,0.0,0.0,0.0,0.0,-7657.161134641987,-351.0455789009615,-18271.0,10600.080072716217,1946.818543419814,-0.0,0.0,0.0,0.0,0.0,9048.008493652966,-447.9071097889953,-21147.0,13942.592001472627,1551.585370740378,-0.0,0.0,0.0,0.0,0.0,17568.161033379307,-780.3384055923161,-32282.0,14183.925583967723,648.209191155557,-0.0,0.0,0.0,0.0,0.0,4815.522491233562,-147.6572663568409,-19500.0,9363.171460400325,23.69093671598764,-0.0,0.0,0.0,0.0,0.0,-4168.787694080076,-118.07470303623543,-5100.0,41388.456332416965,0.0,-0.0,0.0,0.0,0.0,0.0,-6493.514993652965,-575.9413387639952,-34319.0,28613.3259470785,583.79391432173,-0.0,0.0,0.0,0.0,0.0,-13112.228195890806,-761.8916655094309,-15323.0
t289,24456.227193567447,293.3283632349867,-0.0,0.0,0.0,0.0,0.0,-5200.416561593757,-237.13899520867534,-19312.0,15214.021599980062,0.0,-0.0,0.0,0.0,0.0,0.0,7045.776123680272,-349.7977236603333,-21910.0,18191.432724677616,0.0,-0.0,0.0,0.0,0.0,0.0,13789.323732463912,-610.7564571415271,-31370.0,13845.633203683929,323.719299891071,-0.0,0.0,0.0,0.0,0.0,6140.5064999999995,-210.85900357500003,-20099.0,9285.457158511448,0.0,-0.0,0.0,0.0,0.0,0.0,-3959.5063178091436,-107.9508407023053,-5218.0,41651.95636185161,0.0,-64.6,0.0,0.0,0.0,0.0,-5244.374805966689,-425.98155588491346,-35917.0,27987.925432622,614.827017037332,-0.0,0.0,0.0,0.0,0.0,-12571.308670774595,-707.4437788847372,-15324.0
t290,23630.599093195768,323.25931687096954,-0.0,0.0,0.0,0.0,0.0,-4169.719213912334,-190.13919615440247,-19594.0,15276.527672241373,571.1,-0.0,0.0,0.0,0.0,0.0,7042.001707513263,-311.6293797546363,-22578.0,19792.824174844525,1997.343475310675,-0.0,0.0,0.0,0.0,0.0,8827.491419902277,-583.6590700574777,-30034.0,12967.228767616722,578.5,-0.0,0.0,0.0,0.0,0.0,7100.583227053083,-273.3119946698031,-20373.0,8477.364650270823,0.0,-0.0,0.0,0.0,0.0,0.0,-3115.51613163519,-66.84851863563375,-5295.0,41444.5465611111,0.0,-64.6,0.0,0.0,0.0,0.0,-2973.096497203899,-418.85006390719303,-37988.0,28367.391875517696,49.1803658209614,-0.0,0.0,0.0,0.0,0.0,-12711.744511717201,-654.8277296214626,-15050.0
t291,22997.266203980784,368.40842300250915,-0.0,0.0,0.0,0.0,0.0,-3487.702044047086,-158.97258293620743,-19719.0,15336.448881735058,2246.9,-0.0,0.0,0.0,0.0,0.0,5577.5309826459925,-218.87986438105082,-22942.0,19663.75702957805,3108.9834541986447,-0.0,0.0,0.0,0.0,0.0,6763.502443576424,-597.2429273531129,-28939.0,12628.72257981458,578.5,-0.0,0.0,0.0,59.411584175665894,0.0,8218.391242055464,-346.02540604570794,-21139.0,8060.070969497597,0.0,-0.0,0.0,0.0,0.0,0.0,-2500.8091383014826,-68.26183119611271,-5491.0,40948.37683567114,0.0,-64.6,0.0,0.0,0.0,0.0,-1258.9777707208161,-352.7990649503102,-39272.0,28755.91233294507,0.0,-0.0,0.0,0.0,0.0,0.0,-13311.935715208498,-654.9766177365696,-14789.0
t292,22791.504158068605,354.4680862908338,-0.0,0.0,0.0,59.703,0.0,-3160.789794857882,-143.8854495015597,-19901.0,15299.335757247396,5343.020577112697,-0.0,0.0,0.0,71.499,0.0,3238.306647839712,-119.1619821998063,-23833.0,19484.941954218244,3463.3636513285323,-0.0,0.0,0.0,85.563,0.0,5972.4800855114245,-485.34869105820513,-28521.0,12654.584619414001,974.4831063465713,-0.0,0.0,0.0,590.058,0.0,7964.37598800944,-329.5017137700141,-21854.0,7317.903367193211,83.2144600620227,-0.0,0.0,0.0,17.124,0.0,-1601.134780201375,-109.1070470538576,-5708.0,39775.95000677946,0.0,-0.0,0.0,0.0,119.97,0.0,363.31001199056027,-269.23001877001406,-39990.0,28550.671417302576,0.0,-0.0,0.0,0.0,45.564,0.0,-12776.548158291882,-631.6872590106967,-15188.0
t293,23083.618255626065,353.03099283584197,-0.0,0.0,0.0,59.292,0.0,-3569.305877011534,-162.63537145037583,-19764.0,15742.273132028255,3805.8238082720186,-0.0,0.0,0.0,396.30896681041304,0.0,5082.824086913969,-181.22999402465507,-24846.0,19646.17335768416,5393.011102644552,-0.0,0.0,0.0,86.424,0.0,4338.629037879558,-656.2374982082712,-28808.0,13056.225398481163,974.4831063465713,-0.0,0.0,0.0,604.557,0.0,8093.645169177247,-337.9106740049799,-22391.0,8168.896227510895,0.0,-0.0,0.0,0.0,17.688,0.0,-2209.0777932494184,-81.50643426147641,-5896.0,38632.520828802924,378.6,-0.0,0.0,0.0,1106.109,0.0,1183.6245036323908,-333.85433243531037,-40967.0,28598.0262935066,0.0,-0.0,0.0,0.0,45.255,0.0,-12920.339127342213,-637.9421661643862,-15085.0
t294,23243.970237693775,365.5429550231711,-0.0,0.0,0.0,58.488,0.0,-3990.124388226432,-181.87680449051618,-19496.0,14930.435964707858,5031.45124030714,-0.0,0.0,0.0,594.4750146826877,0.0,5080.799652095328,-181.16187179300778,-25456.0,19640.877817740224,4085.498685967777,-0.0,0.0,0.0,84.822,0.0,5243.997175792102,-781.1956795000966,-28274.0,13684.462796246087,974.4831063465713,-0.0,0.0,0.0,606.204,0.0,7485.180119960793,-298.33002255344957,-22452.0,8428.5791443915,0.0,-0.0,0.0,0.0,17.721,0.0,-2469.6224369542233,-69.67770743727829,-5907.0,37627.78540450686,253.00000000009467,-0.0,0.0,0.0,1114.155,0.0,2612.9268441200866,-342.86724862703767,-41265.0,29332.271708967917,0.0,-0.0,0.0,0.0,44.19,0.0,-13963.156966787654,-683.3047421802629,-14730.0
t295,23810.94360880873,280.48413801036094,-0.0,0.0,0.0,56.874,0.0,-4964.365121796931,-225.93662502216645,-18958.0,15223.910353121286,2542.352760976031,-0.0,0.0,0.0,75.525,0.0,7599.115071560701,-265.90318565801755,-25175.0,20204.87892817995,5168.895593360241,-0.0,0.0,0.0,80.625,0.0,2214.602070466495,-794.0015920066857,-26875.0,15486.549369372158,849.204704705935,-0.0,0.0,0.0,68.59842949690601,0.0,6140.5064999999995,-210.85900357500003,-22334.0,6468.6640098971475,179.21995932249024,-0.0,0.0,0.0,17.613,0.0,-641.8378411320323,-152.65912808760575,-5871.0,36671.712666804684,17.121362268523256,-0.0,0.0,0.0,975.8581545308829,0.0,3491.086414297315,-227.77859790140104,-40928.0,29215.786666083255,0.0,-0.0,0.0,0.0,44.229,0.0,-13839.107093395549,-677.9085726877063,-14743.0
t296,24966.410043399836,54.38470523748765,-0.0,0.0,0.0,0.0,0.0,-6302.917908821022,-286.8768398162999,-18431.0,15806.802873305498,0.0,-0.0,0.0,0.0,0.0,0.0,8792.936670788118,-316.7395440936178,-24283.0,23407.392860289943,0.0,-0.0,0.0,0.0,0.0,0.0,4179.695476732409,-854.0883370223456,-26733.0,17916.548480842965,578.5,-0.0,0.0,0.0,0.0,0.0,3845.125083852431,-360.17356469539936,-21980.0,5915.388946669756,203.3454024994721,-0.0,0.0,0.0,0.0,0.0,-152.8763703061236,-174.857978863102,-5791.0,36216.10838186428,0.0,-0.0,0.0,0.0,0.0,0.0,4452.164932051942,-373.27331391621254,-40295.0,30201.449861389705,0.0,-0.0,0.0,0.0,0.0,0.0,-14814.127884297754,-720.3219770919521,-14667.0
t297,25782.87204831582,0.0,-0.0,0.0,0.0,0.0,0.0,-7437.871039259423,-339.0010090563978,-18006.0,17321.645135835235,0.0,-85.70099612728308,0.0,0.0,0.0,0.0,6439.953250677341,-226.8973903852925,-23449.0,19666.531919205587,0.0,-1665.0,0.0,0.0,0.0,0.0,9738.473256310905,-906.0051755164908,-26834.0,19314.001775637003,0.0,-0.0,0.0,0.0,0.0,0.0,2847.991064039431,-293.99283967642924,-21868.0,6281.187247866027,6.924838944243644,-0.0,0.0,0.0,0.0,0.0,-440.6344512723282,-61.477635537943414,-5786.0,35918.72135790086,0.0,-64.6,0.0,0.0,0.0,0.0,3915.9205563924806,-263.0419142933309,-39507.0,30568.01677071804,0.0,-0.0,0.0,0.0,0.0,0.0,-15063.832636888406,-731.1841338296456,-14773.0
t298,23442.32837946932,0.0,-0.0,0.0,0.0,0.0,0.0,-5349.395925276705,-243.93245419261777,-17849.0,28315.16568255795,0.0,-6158.688427115619,0.0,0.0,0.0,0.0,677.5140560435342,-32.99131148586493,-22801.0,20558.812567728764,0.0,-5677.104053755518,0.0,0.0,0.0,0.0,12720.812495340924,-588.52100931417,-27014.0,21833.904516537503,0.0,-169.98310634657133,0.0,0.0,0.0,0.0,415.2455154615027,-265.16692565243153,-21814.0,5836.999999999999,0.0,-0.0,0.0,0.0,0.0,0.0,0.0,-0.0,-5837.0,35400.42629963958,0.0,-378.6,0.0,0.0,0.0,0.0,4363.318875298606,-292.1451749381743,-39093.0,28384.394787567802,0.0,-0.0,0.0,0.0,0.0,0.0,-12827.495016867864,-630.8997706999444,-14926.0
t299,24703.605868893424,0.0,-0.0,0.0,0.0,0.0,0.0,-6569.138626289287,-299.4672426041383,-17835.0,29334.604353128507,0.0,-6158.688427115619,0.0,0.0,0.0,0.0,-519.4622745594755,-25.453651453414302,-22631.0,20137.43591193191,0.0,-5677.104053755518,0.0,0.0,0.0,0.0,14383.160015568996,-830.491873745387,-28013.0,24369.378225353186,0.0,-430.0072312093835,0.0,0.0,0.0,0.0,-1722.3332182937943,-112.03777585001131,-22105.0,5528.608415095609,0.0,-6.59851105520778,0.0,0.0,0.0,0.0,427.3937732658683,-19.40367730627042,-5930.0,33765.52764425904,0.0,-378.6,0.0,0.0,0.0,0.0,6297.784621643792,-398.7122659028245,-39286.0,27939.786378334218,0.0,-0.0,0.0,0.0,0.0,0.0,-12297.4042913361,-590.3820869981203,-15052.0
t300,29028.937440183316,0.0,-0.0,0.0,0.0,0.0,0.0,-9824.071502783556,-447.86593739975126,-18757.0,27121.345554452873,0.0,-6057.356464331002,0.0,0.0,0.0,0.0,2157.814325428806,-82.80341555067932,-23139.0,20136.09826914387,0.0,-4796.26783673581,0.0,0.0,0.0,0.0,14693.950993224504,-796.7814256325655,-29237.0,27783.863912087727,169.98310634657133,-0.0,0.0,0.0,0.0,0.0,-4362.819560030046,-565.0274584042477,-23026.0,5430.719255928253,30.026258046950083,-0.0,0.0,0.0,0.0,0.0,558.6156358944024,-25.36114986960587,-5994.0,32466.995942695095,0.0,-64.6,0.0,0.0,0.0,0.0,9044.243370666793,-596.6393133618748,-40850.0,28343.87540634501,0.0,-0.0,0.0,0.0,0.0,0.0,-12267.733262400903,-606.1421439441135,-15470.0
t301,29813.84521944305,0.0,-0.0,0.0,0.0,0.0,0.0,-9606.858374574473,-437.98684486857536,-19769.0,25546.605715586753,0.0,-1199.9363819945422,0.0,0.0,0.0,0.0,665.9322501244849,-32.60158371668892,-24980.0,18896.397799845618,0.0,-2581.204053755519,0.0,0.0,0.0,0.0,15089.156398652794,-897.3501447428856,-30507.0,30281.185419795685,118.98817461229979,-0.0,0.0,0.0,0.0,0.0,-6431.342103232155,-499.8314911758262,-23469.0,5710.503378431141,19.510183194239964,-0.0,0.0,0.0,0.0,0.0,429.48506010330885,-19.498621728690225,-6140.0,31550.967549039648,0.0,-0.0,0.0,0.0,0.0,0.0,11275.498799357309,-730.4663483969526,-42096.0,28069.77828744645,0.0,-0.0,0.0,0.0,0.0,0.0,-11421.872030431268,-561.906257015185,-16086.0
t302,30031.015555439768,0.0,-0.0,0.0,0.0,0.0,0.0,-9743.702711782487,-444.31284365728146,-19843.0,25842.343175467475,0.0,-1864.84985166726,0.0,0.0,0.0,0.0,1840.6370773527033,-72.13040115291847,-25746.0,18277.41569927951,0.0,-1665.0,0.0,0.0,0.0,0.0,15750.797283420807,-1054.2129827003205,-31309.0,32844.16728595529,0.0,-0.0,0.0,0.0,0.0,0.0,-8882.495148928474,-534.6721370268211,-23427.0,5547.0548070394525,72.44393590106222,-0.0,0.0,0.0,0.0,0.0,454.01401993323253,-8.512762873748109,-6065.0,31399.768134742022,0.0,-0.0,0.0,0.0,0.0,0.0,11628.601918296115,-751.37005303813,-42277.0,27976.692273646953,0.0,-0.0,0.0,0.0,0.0,0.0,-11047.852438291899,-658.8398353550634,-16270.0
t303,29941.121145760662,0.0,-0.0,0.0,0.0,0.0,0.0,-9711.989537769638,-468.13160799102076,-19761.0,26294.81141896185,0.0,-1600.4036461163862,0.0,0.0,0.0,0.0,1190.8575471149518,-50.265319960418125,-25835.0,17047.378598639363,0.0,-4738.180096855417,0.0,0.0,0.0,0.0,20160.284078195134,-1123.482579979091,-31346.0,34889.38109902725,0.0,-0.0,0.0,0.0,0.0,0.0,-11093.427497351906,-634.9536016753482,-23161.0,6149.0111425727055,96.91101126870763,-0.0,0.0,0.0,0.0,0.0,-265.2296310421402,-54.69252279927235,-5926.0,31492.846297932578,0.0,-0.0,0.0,0.0,0.0,0.0,10918.484823068058,-709.3311210006291,-41702.0,28333.925832915415,0.0,-0.0,0.0,0.0,0.0,0.0,-11198.979782214463,-907.9460507009471,-16227.0
t304,29610.45912691824,0.0,-0.0,0.0,0.0,0.0,0.0,-9449.018784866299,-547.4403420519386,-19614.0,22259.27253726796,0.0,-276.12851648807737,0.0,0.0,0.0,0.0,3687.120549200716,-134.2645699806041,-25536.0,13863.325339038074,0.0,-1216.273345382516,0.0,0.0,0.0,0.0,19651.76276175147,-1132.8147554070242,-31166.0,35817.68341919361,0.0,-578.5,0.0,0.0,0.0,0.0,-11824.5217993557,-648.6616198379194,-22766.0,6886.16707919546,140.6248356444912,-0.0,0.0,0.0,0.0,0.0,-1175.580735566562,-145.21117927338997,-5706.0,32266.833475475,0.0,-0.0,0.0,0.0,0.0,0.0,9341.1175,-615.950975475,-40992.0,27458.751798988393,0.0,-152.58055300687636,0.0,0.0,0.0,0.0,-10230.879491163625,-959.2917548178879,-16116.0
t305,26872.799698610983,0.0,-0.0,0.0,0.0,0.0,0.0,-7133.249212875529,-622.5504857354509,-19117.0,17837.79766754621,0.0,-0.0,0.0,0.0,0.0,0.0,7458.374217360746,-311.17188490695276,-24985.0,12784.95852635698,0.0,-0.0,0.0,0.0,0.0,0.0,19138.139646865944,-1150.098173222922,-30773.0,36800.16717047499,0.0,-804.5,0.0,0.0,0.0,0.0,-13294.4445,-676.2226704750001,-22025.0,7404.525475124329,0.0,-0.0,0.0,0.0,0.0,0.0,-1670.7877534059692,-261.73772171836,-5472.0,34392.08792585997,0.0,-0.0,0.0,0.0,0.0,0.0,6083.486946725494,-775.5748725854507,-39700.0,28087.14032151826,0.0,-628.6046028382432,0.0,0.0,0.0,0.0,-10581.519344670687,-938.016374009329,-15939.0
t306,25689.869781804005,0.0,-602.7897818040037,0.0,0.0,0.0,0.0,-5800.0,-683.08,-18604.0,13202.857661874163,513.9280683999389,-0.0,0.0,0.0,0.0,0.0,10953.292996658092,-458.07872693219394,-24212.0,13921.265350814558,0.0,-0.0,0.0,0.0,0.0,0.0,17552.199701567653,-1203.4650523822095,-30270.0,36399.150276821565,0.0,-974.4831063465713,0.0,0.0,0.0,0.0,-13294.4445,-676.2226704750001,-21454.0,8037.395057960326,0.0,-0.0,0.0,0.0,0.0,0.0,-2454.872148598576,-295.5229093617507,-5287.0,34527.00672272497,64.6,-0.0,0.0,0.0,0.0,0.0,4174.50811272644,-869.1148354514044,-37897.0,27878.956209741784,0.0,-0.0,0.0,0.0,0.0,0.0,-11130.68416235361,-911.2720473881707,-15837.0
t307,25494.33800174185,0.0,-1212.9656265119552,0.0,0.0,0.0,0.0,-5199.88501627125,-721.48735895864,-18360.0,12270.877608612633,0.0,-0.0,0.0,0.0,0.0,0.0,11147.806660597724,-479.68426921035626,-22939.0,12842.192035635819,0.0,-0.0,0.0,0.0,0.0,0.0,18338.80378919765,-1176.9958248334601,-30004.0,36048.15027682156,0.0,-748.4831063465713,0.0,0.0,0.0,0.0,-13294.4445,-676.2226704750001,-21329.0,8819.604466792276,0.0,-197.40921446727515,0.0,0.0,0.0,0.0,-3080.218,-325.977252325,-5216.0,33776.550606164295,44.248637957199996,-0.0,0.0,0.0,0.0,0.0,3193.390361156815,-917.1896052783161,-36097.0,27652.587043991,0.0,-0.0,0.0,0.0,0.0,0.0,-11105.453294680936,-980.1337493100599,-15567.0
t308,25280.756150608584,0.0,-733.8631372508992,0.0,0.0,0.0,0.0,-5609.629287775304,-695.2637255823806,-18242.0,12170.090691551735,0.0,-394.7027780887805,0.0,0.0,0.0,0.0,11004.98121303029,-476.3691264932459,-22304.0,12690.162889024437,0.0,-0.0,0.0,0.0,0.0,0.0,18578.758461099525,-1168.921350123962,-30100.0,36223.48122071771,0.0,-862.057836021148,0.0,0.0,0.0,0.0,-12931.0150170273,-669.4083676692619,-21761.0,9256.982122729696,0.0,-224.17169023773533,0.0,0.0,0.0,0.0,-3443.647482972701,-319.1629495192618,-5270.0,32936.68780044834,0.0,-0.0,0.0,0.0,0.0,0.0,3096.261136822369,-921.9489372707039,-35111.0,27103.619139110684,0.0,-0.0,0.0,0.0,0.0,0.0,-10695.709023176882,-953.9101159338005,-15454.0
t309,25239.646135728337,0.0,-265.56613572833504,0.0,0.0,0.0,0.0,-5800.0,-683.08,-18491.0,13156.432351638028,0.0,-0.0,0.0,0.0,0.0,0.0,9927.420856641933,-432.8532082799638,-22651.0,12664.953508210012,0.0,-0.0,0.0,0.0,0.0,0.0,19183.614438281766,-1148.5679464917796,-30700.0,36355.44504156177,0.0,-974.4831063465713,0.0,0.0,0.0,0.0,-12686.144882567069,-664.8170526481325,-22030.0,9423.260942168801,0.0,-224.17169023773533,0.0,0.0,0.0,0.0,-3688.5176174329326,-314.57163449813254,-5196.0,32335.220906661125,64.6,-0.0,0.0,0.0,0.0,0.0,3568.9655160284865,-898.7864226896041,-35070.0,26898.064701303603,0.0,-0.0,0.0,0.0,0.0,0.0,-10505.338310952186,-941.7263903514199,-15451.0
t310,24978.956160387042,0.0,-0.0,0.0,0.0,0.0,0.0,-5726.149744003249,-687.8064163837921,-18565.0,13081.370304268752,0.0,-0.0,0.0,0.0,0.0,0.0,9435.724177717659,-414.09448198641337,-22103.0,13600.740876092405,0.0,-0.0,0.0,0.0,0.0,0.0,19531.133068492778,-1136.873944585179,-31995.0,35149.97847809781,0.0,-748.4831063465713,0.0,0.0,0.0,0.0,-12279.306538062565,-657.1888336886731,-21465.0,9674.471067713843,0.0,-224.17169023773533,0.0,0.0,0.0,0.0,-4095.3559619374355,-306.9434155386731,-5048.0,31804.97813356091,64.6,-0.0,0.0,0.0,0.0,0.0,3713.14356474175,-891.7216983026542,-34691.0,26829.64137368415,0.0,-0.0,0.0,0.0,0.0,0.0,-10579.188566948937,-946.452806735212,-15304.0
t311,24587.410468026163,0.0,-0.0,0.0,0.0,0.0,0.0,-5405.0539188313705,-708.3565491947924,-18474.0,13114.98354261966,0.0,-209.91847849725707,0.0,0.0,0.0,0.0,8253.839154423924,-375.9042185463272,-20783.0,12642.678891909622,0.0,-0.0,0.0,0.0,0.0,0.0,20815.96060603719,-1093.6394979468096,-32365.0,35582.024022032754,0.0,-653.0732949326219,0.0,0.0,0.0,0.0,-12382.820997300743,-659.129729799389,-21887.0,9545.286411518788,0.0,-102.56059717013915,0.0,0.0,0.0,0.0,-3991.841502699258,-308.8843116493889,-5142.0,31243.564831009873,0.0,-0.0,0.0,0.0,0.0,0.0,3610.2010504910704,-896.7658815009376,-33957.0,27005.28733166703,0.0,-0.0,0.0,0.0,0.0,0.0,-10900.284392120815,-967.0029395462122,-15138.0
t312,26219.670509482283,0.0,-0.0,0.0,0.0,0.0,0.0,-6422.789232251376,-701.8812772309086,-19095.0,13029.187481817373,0.0,-0.0,0.0,0.0,0.0,0.0,8463.139751588144,-366.3272334055168,-21126.0,13416.18933109396,0.0,-0.0,0.0,0.0,0.0,0.0,19523.927094515555,-1137.1164256095126,-31803.0,35141.38201518662,0.0,-578.5,0.0,0.0,0.0,0.0,-11539.563365974594,-643.3186492120236,-22380.0,10194.954521941856,0.0,-0.0,0.0,0.0,0.0,0.0,-4642.619850358319,-284.3346715835379,-5268.0,30783.778003848944,0.0,-0.0,0.0,0.0,0.0,0.0,4692.9339648484865,-843.7119686974241,-34633.0,26291.294589428715,0.0,-0.0,0.0,0.0,0.0,0.0,-10075.028362367897,-969.2662270608143,-15247.0
t313,25380.995517531046,0.0,-0.0,0.0,0.0,1218.462,0.0,-7921.086708216874,-492.3708093141676,-18186.0,10082.190071160263,571.1,-0.0,0.0,0.0,1367.403,0.0,8814.631734181878,-426.32480534213755,-20409.0,17843.629678070673,1418.8026028288168,-0.0,0.0,0.0,2334.615,0.0,13924.32055726292,-676.3678381624084,-34845.0,30672.922477496108,226.0,-0.0,0.0,0.0,1420.333,0.0,-10496.49437192256,-623.761105573548,-21199.0,6715.729260057709,142.93843738913074,-0.0,0.0,0.0,386.858,0.0,-1405.4100173024758,-66.11568014436452,-5774.0,33707.78207171449,64.6,-0.0,0.0,0.0,2465.2650000000003,0.0,1554.8318982464234,-997.4789699609253,-36795.0,18508.661890102696,690.5916177844592,-0.0,0.0,0.0,1017.5959999999999,0.0,-4470.793092249312,-558.056415637845,-15188.0
t314,25174.339375625426,0.0,-0.0,0.0,0.0,1220.673,0.0,-7664.463992202123,-511.54838342330504,-18219.0,10144.213865726784,465.13538115639983,-0.0,0.0,0.0,1407.201,0.0,9426.005030985207,-439.555277868389,-21003.0,17851.96658930234,1767.528881985485,-0.0,0.0,0.0,2222.323,0.0,12004.270876629556,-677.0893479173766,-33169.0,30995.480386546107,226.0,-0.0,0.0,0.0,1430.5169999999998,0.0,-10673.909742769183,-627.0876437769222,-21351.0,7030.254928350963,94.90172145886066,-0.0,0.0,0.0,393.022,0.0,-1567.330580075742,-84.84806973408176,-5866.0,34937.67055263772,64.6,-0.0,0.0,0.0,2589.6169999999997,0.0,2033.1536514178015,-974.0412040555277,-38651.0,17980.5461013056,99.84710691828514,-0.0,0.0,0.0,1005.67,0.0,-3557.725243985516,-518.33796423837,-15010.0
t315,24858.24410606083,0.0,-0.0,0.0,0.0,1218.663,0.0,-7543.905036400947,-344.0020696598832,-18189.0,10174.81284227639,930.3701518886182,-0.0,0.0,0.0,1429.512,0.0,9232.806725923003,-431.5017200880044,-21336.0,17852.592444750524,1840.0692666294403,-0.0,0.0,0.0,2117.6020000000003,0.0,10391.578118647103,-595.8418300270687,-31606.0,30566.63982227283,20.41554376140266,-0.0,0.0,0.0,1468.64,0.0,-9555.764571665779,-579.9307943684577,-21920.0,6918.53148257559,62.65402162593705,-0.0,0.0,0.0,403.273,0.0,-1302.048731001743,-63.40977319978488,-6019.0,35863.477078958356,64.6,-0.0,0.0,0.0,2663.719,0.0,2134.2894699872713,-969.0855489456237,-39757.0,17580.012957681956,0.0,-0.0,0.0,0.0,982.0860000000001,0.0,-3356.955975488909,-547.1429821930473,-14658.0
t316,24653.629738220905,0.0,-0.0,0.0,0.0,1236.552,0.0,-7109.967232422441,-324.21450579846334,-18456.0,10212.45573663202,5587.588427115619,-0.0,0.0,0.0,1500.8,0.0,5333.131540518163,-233.9757042657999,-22400.0,17968.462953729806,2456.214222114577,-0.0,0.0,0.0,1929.6000000000001,0.0,6922.109004963959,-476.3861808083436,-28800.0,30105.704410876755,0.0,-0.0,0.0,0.0,1505.222,0.0,-8610.103642814503,-534.8227680622518,-22466.0,6423.59052159303,74.34030489699649,-0.0,0.0,0.0,416.137,0.0,-670.4184480690635,-32.649378420963394,-6211.0,32236.784168263577,0.0,-0.0,0.0,0.0,2724.019,0.0,6453.634475416046,-757.4376436796136,-40657.0,16881.728283899065,0.0,-0.0,0.0,0.0,1020.1419999999999,0.0,-2318.385697592161,-357.48458630690936,-15226.0
t317,24108.499423795474,0.0,-0.0,0.0,0.0,1240.6390000000001,0.0,-6534.179823828877,-297.9585999665968,-18517.0,11112.811136899983,5587.588427115619,-0.0,0.0,0.0,1581.401,0.0,5600.162071066664,-278.9626350822665,-23603.0,18152.091790063216,2873.013986074507,-0.0,0.0,0.0,1957.673,0.0,6534.179823828877,-297.9585999665968,-29219.0,29738.934171416007,0.0,-0.0,0.0,0.0,1525.8580000000002,0.0,-7985.751023304386,-505.0411481116192,-22774.0,5838.775245964538,109.75568227150802,-0.0,0.0,0.0,425.31600000000003,0.0,-24.646637013489084,-1.2002912225569184,-6348.0,35723.37210202393,0.0,-0.0,0.0,0.0,2797.719,0.0,4108.269428933337,-872.3605309572665,-41757.0,15949.0370002913,0.0,-0.0,0.0,0.0,1008.0150000000001,0.0,-1698.0338396821253,-214.0181606091761,-15045.0
t318,23537.9954267959,0.0,-0.0,0.0,0.0,1244.8600000000001,0.0,-5932.340691273813,-270.51473552208586,-18580.0,12091.507322567315,5587.588427115619,-0.0,0.0,0.0,1641.165,0.0,5446.15556668461,-271.4163163675459,-24495.0,18704.411341053743,2439.785703194529,-0.0,0.0,0.0,1924.977,0.0,5932.340691273813,-270.51473552208586,-28731.0,29658.284232523343,347.10000000060904,-0.0,0.0,0.0,1516.88,0.0,-8364.512814710492,-517.7514178134523,-22640.0,5634.27902166154,142.29662158686602,-0.0,0.0,0.0,427.862,0.0,185.03170114812067,-3.4693443965272626,-6386.0,36197.19227892716,0.0,-0.0,0.0,0.0,2843.346,0.0,4262.275933315391,-864.8142122425459,-42438.0,15606.059181129554,0.0,-0.0,0.0,0.0,994.95,0.0,-1528.9503864376293,-222.05879469192507,-14850.0
t319,23495.810535372573,0.0,-0.0,0.0,0.0,1232.2640000000001,0.0,-6059.7499381910575,-276.3245971815122,-18392.0,10993.27919455339,2260.605858306242,-0.0,0.0,0.0,1637.7480000000003,0.0,10004.560438944818,-452.1934918044484,-24444.0,20209.918121457882,2581.204053755519,-0.0,0.0,0.0,1846.0510000000004,0.0,3285.504771816613,-369.67794703001226,-27553.0,29879.299360106317,185.75819101843837,-0.0,0.0,0.0,1496.0430000000001,0.0,-8706.578896361218,-525.5216547635408,-22329.0,5329.033551082344,140.1407662355286,-0.0,0.0,0.0,426.589,0.0,480.2412052811487,-9.004522599021538,-6367.0,38220.506274412255,0.0,-0.0,0.0,0.0,2842.2740000000003,0.0,2299.134898953074,-939.9151733653378,-42422.0,16036.64494892038,0.0,-736.4864795030949,0.0,0.0,989.9250000000001,0.0,-1303.1124804433791,-211.97098897390856,-14775.0
t320,23824.97533178212,0.0,-0.0,0.0,0.0,1208.8809999999999,0.0,-6685.975833762547,-304.88049801957214,-18043.0,12301.813901113224,0.0,-0.0,0.0,0.0,1604.985,0.0,10495.805831491449,-447.60473260467006,-23955.0,23273.072932260042,0.0,-0.0,0.0,0.0,1858.1109999999999,0.0,3109.184927858801,-507.36886011884417,-27733.0,30893.580839978647,0.0,-0.0,0.0,0.0,1475.4070000000002,0.0,-9763.80155023256,-584.1862897460917,-22021.0,5668.0626039507315,0.0,-0.0,0.0,0.0,420.82700000000006,0.0,195.78129533683497,-3.6708992875656556,-6281.0,36200.07010191519,0.0,-0.0,0.0,0.0,2812.794,0.0,3853.957703584184,-884.8218054993749,-41982.0,15308.766025128663,0.0,-0.0,0.0,0.0,988.7860000000001,0.0,-1204.9523742761617,-334.5996508525031,-14758.0
t321,25316.221595876406,0.0,-0.0,0.0,0.0,477.765,0.0,-7745.779070271998,-353.2075256044031,-17695.0,15154.853519923294,0.0,-653.5366020267606,0.0,0.0,1571.2839999999999,0.0,7713.1333566511075,-333.7342745476434,-23452.0,21759.34933674513,0.0,-1564.2796278689248,0.0,0.0,1794.4934308053898,0.0,6574.7971624917245,-547.3603021733113,-28017.0,31452.011170745394,0.0,-0.0,0.0,0.0,584.253,0.0,-9822.844570609683,-574.4196001357118,-21639.0,5581.317004956037,0.0,-97.26914369353685,0.0,0.0,169.344,0.0,630.4286764203828,-11.820537682882177,-6272.0,34310.716755771675,0.0,-0.0,0.0,0.0,2776.413,0.0,5172.102933463606,-820.2326892352833,-41439.0,18952.006567254513,0.0,-1630.3,0.0,0.0,400.761,0.0,-2521.838488145141,-357.62907910937776,-14843.0
t322,25020.70196461164,0.0,-0.0,0.0,0.0,475.632,0.0,-7536.6621696744805,-343.67179493715633,-17616.0,20698.48940965832,0.0,-3340.6884271156187,0.0,0.0,1544.484,0.0,4362.981152366057,-213.26613490875457,-23052.0,22402.100242118388,0.0,-1588.0619666784196,0.0,0.0,767.691,0.0,7206.067045428078,-354.7963208680478,-28433.0,29807.696868214956,3.6495293775533355,-0.0,0.0,0.0,585.6030000000001,0.0,-8222.549269391417,-485.40012820108905,-21689.0,5129.5763485952975,0.0,-22.95315668562648,0.0,0.0,170.80200000000002,0.0,1068.6112693914174,-20.036461301089076,-6326.0,35853.53964914761,0.0,-0.0,0.0,0.0,2144.9832624129813,0.0,3847.093231545187,-669.6161431057874,-41176.0,16965.949286092764,0.0,-1630.3,0.0,0.0,404.10900000000004,0.0,-725.5412596648418,-47.21702642792436,-14967.0
t323,24348.194954993498,0.0,-0.0,0.0,0.0,553.2266506233562,0.0,-6797.457541714664,-309.9640639021887,-17794.0,22113.621284569123,0.0,-3292.5127974154525,0.0,0.0,1533.362,0.0,2666.755211825795,-135.22569897946397,-22886.0,22240.975054706774,0.0,-1989.7358866244097,0.0,0.0,1970.8050000000003,0.0,7535.003128860683,-342.0472969430405,-29415.0,27338.533026512712,0.0,-0.0,0.0,0.0,1454.838,0.0,-6683.208826521031,-396.16219999168,-21714.0,5121.828990113182,0.0,-0.0,0.0,0.0,426.522,0.0,833.2728763177763,-15.623866430958305,-6366.0,35680.16621456272,0.0,-64.6,0.0,0.0,2777.15,0.0,3550.4947383774597,-493.2109529401857,-41450.0,15326.167899786873,0.0,-0.0,0.0,0.0,1017.3280000000001,0.0,-1104.8595871460193,-54.636312640851834,-15184.0
t324,24068.820341782593,0.0,-0.0,0.0,0.0,1251.56,0.0,-6350.784565591618,-289.5957761909778,-18680.0,22188.861601250195,0.0,-0.0,0.0,0.0,1569.5420000000001,0.0,-321.58235500430044,-10.82124624589471,-23426.0,21965.17726286701,0.0,-0.0,0.0,0.0,2071.6400000000003,0.0,7206.849763224194,-323.6670260912025,-30920.0,26069.2070802515,695.417403524735,-0.0,0.0,0.0,1507.165,0.0,-5466.4283055212345,-310.3611782550016,-22495.0,5092.354551517705,19.17064421565352,-0.0,0.0,0.0,435.90200000000004,0.0,976.889482055176,-18.316677788534548,-6506.0,35605.218677000405,0.0,-0.0,0.0,0.0,2858.2870000000003,0.0,4489.538823466059,-292.04450046646707,-42661.0,15120.929846282605,0.0,-0.0,0.0,0.0,1045.8029999999999,0.0,-534.4828426282754,-23.25000365432998,-15609.0
t325,24040.46366843311,0.0,-0.0,0.0,0.0,1310.855,0.0,-5533.969652288744,-252.34901614436674,-19565.0,21946.421706641806,1382.3102933581947,-0.0,0.0,0.0,1675.2679999999998,0.0,0.0,-0.0,-25004.0,22394.590675659707,2270.7388499633494,-0.0,0.0,0.0,2162.894,0.0,5713.95484646812,-260.1783720911696,-32282.0,27192.179277585332,878.4489428743941,-0.0,0.0,0.0,1529.878,0.0,-6401.260827395818,-365.24539306391165,-22834.0,4999.100403440013,27.871690237735315,-0.0,0.0,0.0,438.85,0.0,1104.8946816022956,-20.71677528004304,-6550.0,35813.02147199036,0.0,-64.6,0.0,0.0,2922.7410000000004,0.0,5296.366145793522,-344.5286177838686,-43623.0,15248.300550126181,0.0,-0.0,0.0,0.0,1081.5140000000001,0.0,-179.98519417937612,-7.829355946802861,-16142.0
t326,25148.76390855393,0.0,-0.0,0.0,0.0,1312.2620000000002,0.0,-6575.196928609345,-299.82897994458614,-19586.0,22705.566407593316,1233.3475924066838,-0.0,0.0,0.0,1719.086,0.0,0.0,-0.0,-25658.0,20061.60578535136,2581.204053755519,-0.0,0.0,0.0,2199.543,0.0,8364.302221059277,-377.6550601661582,-32829.0,27440.580079852687,974.2394978609925,-0.0,0.0,0.0,1519.56,0.0,-6846.505498002378,-407.87407971130614,-22680.0,5205.680947910414,27.871690237735315,-0.0,0.0,0.0,432.887,0.0,809.7430439254529,-15.18268207360224,-6461.0,35045.92494356077,0.0,-0.0,0.0,0.0,2922.004,0.0,6036.762454076925,-392.6913976377039,-43612.0,17238.106372671507,0.0,-0.0,0.0,0.0,1103.825,0.0,-1789.1052924499324,-77.82608022157206,-16475.0
t327,24031.761633276226,0.0,-0.0,0.0,0.0,1298.326,0.0,-5692.509213156294,-259.57842011992705,-19378.0,19455.63123675721,3340.6884271156187,-0.0,0.0,0.0,1715.7359999999999,0.0,1157.2019240033349,-61.25758787616341,-25608.0,18778.456629128872,3254.297881445757,-0.0,0.0,0.0,2197.2650000000003,0.0,8966.999225063255,-402.01873563787984,-32795.0,26419.015996807546,748.4831063465713,-0.0,0.0,0.0,1506.026,0.0,-5801.534798862751,-393.990304291368,-22478.0,5940.603027462283,86.85952570980754,-0.0,0.0,0.0,418.34799999999996,0.0,-198.09624851248242,-3.714304659609045,-6244.0,35254.26738453602,0.0,-0.0,0.0,0.0,2874.97,0.0,5209.743123371899,-428.9805079079223,-42910.0,19094.00240702492,0.0,-0.0,0.0,0.0,1097.7949999999998,0.0,-3641.804011906961,-164.9933951179528,-16385.0
t328,23570.994940704306,0.0,-0.0,0.0,0.0,1274.072,0.0,-5541.790159351618,-287.27678135268854,-19016.0,17529.757075845544,1454.7415673837986,-0.0,0.0,0.0,1675.603,0.0,4572.974087035398,-224.07573026473452,-25009.0,17267.495412665987,2272.410944077964,-0.0,0.0,0.0,2176.629,0.0,11273.288236656468,-502.82359340041603,-32487.0,27609.74770095493,0.0,-0.0,0.0,0.0,1458.992,0.0,-6821.135996489102,-471.60370446582937,-21776.0,7768.351366995636,0.0,-0.0,0.0,0.0,406.02000000000004,0.0,-2026.8832517114997,-87.48811528413664,-6060.0,36989.38448420013,0.0,-0.0,0.0,0.0,2792.0910000000003,0.0,2580.963912964602,-689.4393971647345,-41673.0,19595.29271887029,0.0,-0.0,0.0,0.0,1095.9189999999999,0.0,-4037.416829104249,-296.79488976603477,-16357.0
t329,23956.37635013837,0.0,-0.0,0.0,0.0,493.236,0.0,-5820.910107236082,-360.702242902287,-18268.0,15441.359412024916,23.05662225785742,-0.0,0.0,0.0,648.135,0.0,8303.894489292565,-411.44552357533564,-24005.0,16961.72713304088,278.7118677614708,-0.0,0.0,0.0,865.1070000000001,0.0,14584.29317287392,-648.8391736762649,-32041.0,29399.477954394413,0.0,-0.0,0.0,0.0,561.951,0.0,-8488.365827561176,-660.063126833228,-20813.0,10105.653314085579,0.0,-0.0,0.0,0.0,156.06,0.0,-4333.20592532148,-148.50738876410054,-5780.0,40550.087600167906,0.0,-0.0,0.0,0.0,1079.811,0.0,-782.6424892925643,-854.2561108753357,-39993.0,19797.821740360036,0.0,-0.0,0.0,0.0,437.184,0.0,-3463.063312755183,-579.9424276048503,-16192.0
t330,24447.409417514937,0.0,-0.0,0.0,0.0,0.0,0.0,-6200.685542777195,-708.7238747377405,-17538.0,11196.189072449508,0.0,-0.0,0.0,0.0,0.0,0.0,12353.196654370044,-587.3857268195519,-22962.0,15329.625865777738,0.0,-0.0,0.0,0.0,0.0,0.0,17060.300922014547,-876.9267877922816,-31513.0,30785.402244743582,0.0,-87.57273877314037,0.0,0.0,0.0,0.0,-10169.283587129115,-628.5459188413291,-19900.0,12061.679413562215,0.0,-0.0,0.0,0.0,0.0,0.0,-6205.378912870885,-278.3005006913291,-5578.0,42187.88067204215,0.0,-0.0,0.0,0.0,0.0,0.0,-3261.6510288805766,-988.2296431615722,-37938.0,20270.952976310033,0.0,-60.81466326117544,0.0,0.0,0.0,0.0,-3576.4985047268165,-630.6398083220423,-16003.0
t331,24915.26038477136,0.0,-0.0,0.0,0.0,0.0,0.0,-6999.417654860299,-759.8427299110592,-17156.0,11211.166734515285,0.0,-6158.688427115619,0.0,0.0,0.0,0.0,17479.404306928478,-759.8826143281433,-21772.0,15184.076945247081,0.0,-2015.711281025782,0.0,0.0,0.0,0.0,19427.8708032473,-1423.2364674685998,-31173.0,29353.85085667862,0.0,-804.5,0.0,0.0,0.0,0.0,-8304.846747086493,-663.5041095921283,-19581.0,13886.074444355638,0.0,-0.0,0.0,0.0,0.0,0.0,-8069.815752913508,-313.2586914421282,-5503.0,43483.76437660379,64.6,-0.0,0.0,0.0,0.0,0.0,-6332.425329875103,-1166.9390467286798,-36049.0,22467.069917264016,1404.2491799784766,-0.0,0.0,0.0,0.0,0.0,-7200.769625440373,-873.5494718021224,-15797.0
t332,23678.08,0.0,-0.0,0.0,0.0,0.0,0.0,-5800.0,-683.08,-17195.0,11182.655809263022,0.0,-5279.589698199394,0.0,0.0,0.0,0.0,15938.98126800473,-708.0473790683591,-21134.0,14959.769796149745,0.0,-3667.0535144786486,0.0,0.0,0.0,0.0,21347.11092164243,-1393.827203313522,-31246.0,29458.524149483932,0.0,-862.057836021148,0.0,0.0,0.0,0.0,-7970.696894127679,-669.769419335106,-19956.0,14471.99306240647,0.0,-171.50345534904145,0.0,0.0,0.0,0.0,-8403.965605872321,-319.52400118510604,-5577.0,43392.886338594144,0.0,-0.0,0.0,0.0,0.0,0.0,-7318.038715323526,-1219.8476232706182,-34855.0,22900.3041195694,1441.356202082532,-0.0,0.0,0.0,0.0,0.0,-7793.390974323636,-827.2693473282955,-15721.0
t333,23863.079999999998,0.0,-0.0,0.0,0.0,0.0,0.0,-5800.0,-683.08,-17380.0,11397.414413809167,0.0,-2993.0690260704646,0.0,0.0,0.0,0.0,13527.557584375532,-626.9029721142366,-21305.0,14935.252244843286,0.0,-5677.104053755518,0.0,0.0,0.0,0.0,23758.534605271627,-1312.6827963593994,-31704.0,29139.275517891856,0.0,-748.4831063465713,0.0,0.0,0.0,0.0,-7661.220306186278,-675.5721053590073,-20054.0,14672.235237311104,0.0,-128.46635628837282,0.0,0.0,0.0,0.0,-8713.442193813722,-325.32668720900733,-5505.0,44157.463861248056,0.0,-64.6,0.0,0.0,0.0,0.0,-7947.666373698325,-1263.197487549723,-34882.0,23190.77193624205,603.610591314191,-0.0,0.0,0.0,0.0,0.0,-7163.763315948838,-870.6192116074004,-15760.0
t334,23753.08,0.0,-0.0,0.0,0.0,0.0,0.0,-5800.0,-683.08,-17270.0,11388.12377294036,0.0,-2569.082724485336,0.0,0.0,0.0,0.0,12662.761536653361,-597.8025851083855,-20884.0,15120.355810115268,0.0,-5677.104053755518,0.0,0.0,0.0,0.0,24623.330652993798,-1283.5824093535482,-32783.0,28528.802571754193,0.0,-823.0564012791931,0.0,0.0,0.0,0.0,-7626.523499999999,-676.2226704750001,-19403.0,14626.287942562732,0.0,-224.17169023773533,0.0,0.0,0.0,0.0,-8748.139,-325.977252325,-5328.0,42956.170591001704,0.0,-0.0,0.0,0.0,0.0,0.0,-7285.559183497321,-1217.6114075043843,-34453.0,24216.903637711905,0.0,-0.0,0.0,0.0,0.0,0.0,-7825.870506149841,-825.0331315620614,-15566.0
t335,23725.08,0.0,-0.0,0.0,0.0,0.0,0.0,-5800.0,-683.08,-17242.0,11203.447018223133,0.0,-4074.9734802154276,0.0,0.0,0.0,0.0,13081.41679659781,-611.8903346055163,-19598.0,15072.129846341933,0.0,-5071.135080540607,0.0,0.0,0.0,0.0,24204.67539304935,-1297.6701588506792,-32908.0,29339.425456178164,0.0,-974.4831063465713,0.0,0.0,0.0,0.0,-7966.08648533156,-669.8558645000332,-19729.0,14381.358151256209,0.0,-224.17169023773533,0.0,0.0,0.0,0.0,-8408.57601466844,-319.61044635003327,-5429.0,41594.58823641372,0.0,-64.6,0.0,0.0,0.0,0.0,-6793.270878694977,-1183.7173577187427,-33553.0,24616.37494182619,0.0,-202.07704909758556,0.0,0.0,0.0,0.0,-8318.158810952185,-791.13908177642,-15305.0
t336,24125.89109428198,0.0,-0.0,0.0,0.0,0.0,0.0,-5419.4562973098045,-707.4347969721725,-17999.0,11324.441781459202,0.0,-5765.2712273656,0.0,0.0,0.0,0.0,14905.0862578842,-673.2568119778033,-19791.0,15112.706772661813,0.0,-3965.6760682018103,0.0,0.0,0.0,0.0,22381.005931762964,-1359.036636222966,-32169.0,30246.380431824964,0.0,-974.4831063465713,0.0,0.0,0.0,0.0,-8386.932320385624,-661.9650050927696,-20223.0,14064.621456794881,0.0,-224.17169023773533,0.0,0.0,0.0,0.0,-7987.7301796143765,-311.7195869427695,-5541.0,42335.588236235206,0.0,-45.59999982147443,0.0,0.0,0.0,0.0,-6793.270878694977,-1183.7173577187427,-34313.0,25516.04725416228,0.0,-727.8508617713028,0.0,0.0,0.0,0.0,-8698.70251364238,-815.4938787485925,-15274.0
t337,20150.56262302268,2722.7355662131886,-0.0,0.0,0.0,0.0,0.0,-5863.0821173642025,-680.2160718716652,-16330.0,8578.393574226713,909.3195046539737,-0.0,0.0,0.0,0.0,0.0,10589.480455588753,-548.1935344694384,-19529.0,12962.361624656189,1665.0,-0.0,0.0,0.0,0.0,0.0,26696.61173405841,-1233.973358714601,-40090.0,22069.894410693232,695.4174035247349,-0.0,0.0,0.0,0.0,0.0,-6824.930997106205,-255.38081711175863,-15685.0,6700.198523644728,27.871690237735315,-0.0,0.0,0.0,0.0,0.0,-1702.9573826357973,-259.1128312466652,-4766.0,43130.059885944276,378.6,-0.0,0.0,0.0,0.0,0.0,-13262.784381588772,-762.8755043555012,-29483.0,24113.915595022798,266.5603047558136,-0.0,0.0,0.0,0.0,0.0,-9632.337310952185,-727.13858882642,-14021.0
t338,20608.273966869412,2903.8431179104327,-0.0,0.0,0.0,0.0,0.0,-6055.346137415305,-641.7709473645409,-16815.0,8483.962682480247,1370.1644231197547,-0.0,0.0,0.0,0.0,0.0,10888.988,-538.1151056,-20205.0,12781.453080683157,0.0,-0.0,0.0,0.0,0.0,0.0,26070.55102484712,-1209.0041055302806,-37643.0,21952.82946137236,732.2873011812,-0.0,0.0,0.0,0.0,0.0,-6720.527399468154,-248.58936308540342,-15716.0,6066.228084623416,215.47064421565355,-0.0,0.0,0.0,0.0,0.0,-1184.1401977846476,-235.558531054423,-4862.0,44879.27202955596,314.0,-0.0,0.0,0.0,0.0,0.0,-13367.187979226823,-756.0840503291461,-31070.0,24066.75282119581,102.72307858280146,-0.0,0.0,0.0,0.0,0.0,-9632.337310952185,-727.13858882642,-13810.0
t339,19258.832392098222,4045.070215127877,-0.0,0.0,0.0,0.0,0.0,-5475.9772420400805,-509.92536518601815,-17318.0,8453.52159854531,1655.60550705469,-0.0,0.0,0.0,0.0,0.0,10888.988,-538.1151056,-20460.0,12559.10515562003,0.0,-0.0,0.0,0.0,0.0,0.0,24332.65069486296,-1129.755850483003,-35762.0,21161.17062579164,974.4831063465713,-0.0,0.0,0.0,0.0,0.0,-6005.329301043645,-208.32443109456835,-15922.0,5265.286158020221,134.92643555459986,-0.0,0.0,0.0,0.0,0.0,-160.78596213207493,-180.426631442746,-5059.0,46069.96256951372,378.6,-0.0,0.0,0.0,0.0,0.0,-13947.208878694977,-718.3536908187426,-31783.0,24024.19204054378,24.28385923483187,-0.0,0.0,0.0,0.0,0.0,-9632.337310952185,-727.13858882642,-13689.0
t340,19068.939434119096,5358.12909097045,-0.0,0.0,0.0,0.0,0.0,-5736.788978312336,-442.27954677720885,-18248.0,8311.057199467567,2600.069906132436,-0.0,0.0,0.0,0.0,0.0,10888.988,-538.1151056,-21262.0,13004.252094126217,179.7117559676135,-0.0,0.0,0.0,0.0,0.0,23682.128173410958,-1100.0920235047918,-35766.0,20122.39646208139,974.4831063465713,-0.0,0.0,0.0,0.0,0.0,-4641.522119789025,-139.3574486389365,-16316.0,4222.011638578955,224.17169023773533,-0.0,0.0,0.0,0.0,0.0,1068.1224768110865,-133.3058056277767,-5381.0,46728.96256951372,378.6,-0.0,0.0,0.0,0.0,0.0,-13947.208878694977,-718.3536908187426,-32442.0,24453.729114180875,1630.3,-0.0,0.0,0.0,0.0,0.0,-11313.718673425707,-667.3104407551596,-14103.0
t341,20278.34006222575,4855.288921730254,-0.0,0.0,0.0,0.0,0.0,-5318.477928296882,-451.1510556591206,-19364.0,8262.607494138065,3915.5196114619343,-0.0,0.0,0.0,0.0,0.0,10888.988,-538.1151056,-22529.0,13365.600645289685,692.4136363646684,-0.0,0.0,0.0,0.0,0.0,23403.366195665236,-1087.3804773195866,-36374.0,21113.689672231787,974.4831063465713,-0.0,0.0,0.0,0.0,0.0,-5049.361396443026,-158.8113821353323,-16880.0,3781.9196301104294,224.17169023773533,-0.0,0.0,0.0,0.0,0.0,1748.3329306742257,-102.42425102239017,-5652.0,47814.56256951371,314.0,-0.0,0.0,0.0,0.0,0.0,-13947.208878694977,-718.3536908187426,-33463.0,25403.519176026886,1425.3487308017523,-0.0,0.0,0.0,0.0,0.0,-11725.638922904574,-739.2289839240588,-14364.0
t342,22398.52333237429,97.29999999999916,-0.0,0.0,0.0,0.0,0.0,-1761.8819306508308,-348.94140172346226,-20385.0,11595.73377641012,266.9679047451148,-0.0,0.0,0.0,0.0,0.0,12542.038576338558,-593.7402574937925,-23811.0,17850.83524275873,0.0,-0.0,0.0,0.0,0.0,0.0,18741.990773484227,-1005.8260162429635,-35587.0,19600.10767851333,578.5,-0.0,0.0,0.0,0.0,0.0,-2998.7512789665548,-63.85639954677438,-17116.0,4152.801814927516,0.0,-0.0,0.0,0.0,0.0,0.0,1741.9138618208194,-102.71567674833481,-5792.0,48530.24279276173,358.2486379572,-0.0,0.0,0.0,0.0,0.0,-13782.418099728422,-729.073330990517,-34377.0,29610.12479677034,0.0,-0.0,0.0,0.0,0.0,0.0,-14482.891902297797,-668.2328944725391,-14459.0
t343,21201.287377799006,97.3,-0.0,0.0,0.0,0.0,0.0,-144.02006292942244,-6.567314869581663,-21148.0,15947.689928551656,0.0,-2246.9,0.0,0.0,0.0,0.0,11172.962037263962,-523.7519658156149,-24350.0,24832.037808972473,0.0,-1665.0,0.0,0.0,0.0,0.0,10873.383014903153,-615.4208238756266,-33425.0,17823.917319530774,578.5,-0.0,0.0,0.0,0.0,0.0,-1206.790006901374,-22.627312629400762,-17173.0,3871.390060647309,0.0,-0.0,0.0,0.0,0.0,0.0,1984.091851830122,-60.4819124774308,-5795.0,43918.6503205215,314.0,-0.0,0.0,0.0,0.0,0.0,-8963.441678285508,-439.2086422359899,-34830.0,29153.45610035539,0.0,-0.0,0.0,0.0,0.0,0.0,-13716.185155880934,-607.2709444744501,-14830.0
t344,21915.531647684584,97.30000000014643,-0.0,0.0,0.0,0.0,0.0,-464.73277949562964,-21.098868189101587,-21527.0,22125.85947598308,0.0,-2246.9,0.0,0.0,0.0,0.0,4545.783936926307,-222.74341290938906,-24202.0,28043.023755131366,0.0,-1665.0,0.0,0.0,0.0,0.0,8048.896648950132,-364.9204040815024,-34062.0,16620.813809761967,578.5,-0.0,0.0,0.0,0.0,0.0,-18.95834087064145,-0.3554688913245272,-17180.0,4203.585209664156,0.0,-0.0,0.0,0.0,0.0,0.0,1797.8696203662712,-85.45483003042611,-5916.0,40325.56359973508,314.0,-0.0,0.0,0.0,0.0,0.0,-5488.0387045805555,-278.52489515452055,-34873.0,23862.95979608226,0.0,-0.0,0.0,0.0,0.0,0.0,-8420.820381295884,-373.13941478637093,-15069.0
t345,22816.321024456294,0.0,-97.3,0.0,0.0,0.0,0.0,-938.4168973180532,-42.60412713823962,-21738.0,26684.476616077958,0.0,-2246.9,0.0,0.0,0.0,0.0,-378.0520648979573,-18.524551179999907,-24041.0,29411.97644491255,0.0,-1665.0,0.0,0.0,0.0,0.0,7648.375908009369,-478.3523529219202,-34917.0,17039.695967621712,469.3213668805613,-0.0,0.0,0.0,0.0,0.0,-261.03688512489805,-16.98044937737462,-17231.0,4785.6365674250255,0.0,-0.0,0.0,0.0,0.0,0.0,1160.797494811127,-53.434062236152315,-5893.0,30808.591733804355,0.0,-0.0,0.0,0.0,0.0,0.0,4244.457358723077,-270.04909252742755,-34783.0,27577.93772740244,0.0,-0.0,0.0,0.0,0.0,0.0,-11476.124914202665,-555.8128131997797,-15546.0
t346,25485.11933685473,0.0,-3485.1193368547315,0.0,0.0,0.0,0.0,0.0,-0.0,-22000.0,30278.265551825112,0.0,-3921.2308665558758,0.0,0.0,0.0,0.0,-2416.620291009751,-118.4143942594778,-23822.0,29657.91748040688,0.0,-5665.623526332645,0.0,0.0,0.0,0.0,12571.569310952185,-546.86326502642,-36017.0,17944.763624082578,0.0,-0.0,0.0,0.0,0.0,0.0,-529.189619781828,-28.57400430075094,-17387.0,5739.023821116233,0.0,-0.0,0.0,0.0,0.0,0.0,126.3451504547943,-2.368971571027393,-5863.0,30780.473314671483,0.0,-0.0,0.0,0.0,0.0,0.0,4097.112133994024,-232.58544866550224,-34645.0,30448.04597131215,0.0,-0.0,0.0,0.0,0.0,0.0,-13849.216684609424,-634.8292867027209,-15964.0
t347,25980.82200587748,0.0,-5039.066290056406,0.0,0.0,0.0,0.0,1250.489315764904,-73.24503158597756,-22119.0,31081.818663186743,0.0,-6158.688427115619,0.0,0.0,0.0,0.0,-1080.3533456898801,-43.77689038124416,-23799.0,29630.709062888513,0.0,-5677.104053755518,0.0,0.0,0.0,0.0,13168.33957528834,-566.9445844213316,-36555.0,19201.599475213898,0.0,-0.0,0.0,0.0,0.0,0.0,-1360.7626410099924,-134.8368342039081,-17706.0,6749.517547185026,0.0,-0.0,0.0,0.0,0.0,0.0,-917.5893867637265,-26.92816042129936,-5805.0,30460.49532834873,0.0,-0.0,0.0,0.0,0.0,0.0,4584.260597139471,-298.75592548819526,-34746.0,32510.51534777226,0.0,-0.0,0.0,0.0,0.0,0.0,-15644.384114729117,-754.1312330431435,-16112.0
t348,26786.464315659323,0.0,-6495.137256535231,0.0,0.0,0.0,0.0,1818.7325284033598,-168.0595875274467,-21942.0,32325.925266948103,0.0,-6158.688427115619,0.0,0.0,0.0,0.0,-2189.642184620021,-108.5946552124637,-23869.0,29247.303112003246,0.0,-5371.537472711053,0.0,0.0,0.0,0.0,15608.003393491817,-654.769032784018,-38829.0,19755.03690944008,0.0,-578.5,0.0,0.0,0.0,0.0,-1154.3789220332048,-213.15798740688075,-17809.0,7509.4789628664885,0.0,-0.0,0.0,0.0,0.0,0.0,-1695.414647041037,-33.06431582545134,-5781.0,30221.733780260947,0.0,-0.0,0.0,0.0,0.0,0.0,4989.1197409904935,-332.8535212514316,-34878.0,34368.44641668013,0.0,-0.0,0.0,0.0,0.0,0.0,-17376.41990919141,-864.0265074887302,-16128.0
t349,26946.78479382234,0.0,-4501.2354764309675,0.0,0.0,0.0,0.0,-500.3586723542858,-302.1906450370898,-21643.0,34042.2600799328,0.0,-6158.688427115619,0.0,0.0,0.0,0.0,-3770.7719799905003,-161.7996728266803,-23951.0,28587.276467256426,0.0,-5402.236809950721,0.0,0.0,0.0,0.0,19789.51165096438,-826.5513082700897,-42148.0,19081.32344416086,0.0,-578.5,0.0,0.0,0.0,0.0,-422.7113327138667,-246.11211144698797,-17834.0,8088.277635950307,0.0,-0.0,0.0,0.0,0.0,0.0,-2348.460390256658,-48.81724569364883,-5691.0,30594.706171190934,0.0,-314.0,0.0,0.0,0.0,0.0,5105.733045520161,-340.43921671108643,-35046.0,35324.74433753513,0.0,-563.6062105271336,0.0,0.0,0.0,0.0,-17852.942321169234,-889.1958058387731,-16019.0
t350,26943.112250163245,0.0,-97.3,0.0,0.0,0.0,0.0,-4745.456179686535,-491.35607047671556,-21609.0,30372.412521637452,0.0,-5222.12804656498,0.0,0.0,0.0,0.0,-634.035969015114,-56.24850605735859,-24460.0,27474.24802888363,0.0,-2292.282189007946,0.0,0.0,0.0,0.0,20849.40039023636,-912.3662301120476,-45119.0,18156.149369959945,0.0,-0.0,0.0,0.0,0.0,0.0,-9.951753888894928,-291.1976160710524,-17855.0,8635.07072180597,0.0,-0.0,0.0,0.0,0.0,0.0,-2964.985430582523,-59.08529122344653,-5611.0,30411.46962849015,0.0,-314.0,0.0,0.0,0.0,0.0,5501.7291337609995,-366.19876225115297,-35233.0,36463.0532470456,0.0,-1630.3,0.0,0.0,0.0,0.0,-17996.70019082429,-896.0530562213194,-15940.0
t351,27688.124971536963,0.0,-1985.4449715369599,0.0,0.0,0.0,0.0,-3400.0,-836.6800000000001,-21466.0,27905.797953503316,0.0,-2246.9,0.0,0.0,0.0,0.0,-606.573557590392,-55.32439591291669,-24997.0,24404.541189306856,0.0,-1665.0,0.0,0.0,0.0,0.0,25336.694669871125,-1136.2358591779866,-46940.0,18931.12683690553,0.0,-578.5,0.0,0.0,0.0,0.0,-375.63979538873537,-148.98704151679493,-17828.0,11190.624645808994,0.0,-32.21962072022553,0.0,0.0,0.0,0.0,-5581.168122786522,-227.2369023022473,-5350.0,32987.45061795584,0.0,-0.0,0.0,0.0,0.0,0.0,2528.1800748267287,-345.6306927825508,-35170.0,35706.20741450813,0.0,-1039.2024595288672,0.0,0.0,0.0,0.0,-17901.493268932205,-891.511686047067,-15874.0
t352,25768.82937043982,0.0,-960.149370439819,0.0,0.0,0.0,0.0,-3400.0,-836.6800000000001,-20572.0,24498.404424151184,0.0,-2246.9,0.0,0.0,0.0,0.0,3146.66657087241,-370.17099502359827,-25028.0,22105.73953531803,0.0,-1665.0,0.0,0.0,0.0,0.0,28955.23654839913,-1309.9760837171664,-48086.0,20858.517539630033,0.0,-365.51827448644417,0.0,0.0,0.0,0.0,-2954.505619808072,-345.49364533551875,-17193.0,11677.146485186582,27.38667762827466,-0.0,0.0,0.0,0.0,0.0,-6429.392061658756,-243.14110115610168,-5032.0,37590.05090597728,0.0,-314.0,0.0,0.0,0.0,0.0,-1791.9426268525285,-926.1082791247543,-34558.0,34847.650783183766,0.0,-669.9843190301689,0.0,0.0,0.0,0.0,-17526.062810952186,-873.60365320142,-15778.0
t353,24491.470710569753,0.0,-1036.7907105697582,0.0,0.0,0.0,0.0,-3400.0,-836.6800000000001,-19218.0,20714.54773728714,0.0,-2246.9,0.0,0.0,0.0,0.0,6355.034890449245,-690.6826277363828,-24132.0,19214.736065328954,0.0,-346.3309125453466,0.0,0.0,0.0,0.0,30931.05729919792,-1376.4624519815454,-48423.0,21207.95685481056,0.0,-221.13343411306045,0.0,0.0,0.0,0.0,-4280.436908193315,-520.3865125041789,-16186.0,12763.467389319625,0.0,-0.0,0.0,0.0,0.0,0.0,-7719.580915700033,-275.88647361959164,-4768.0,39441.39604498872,0.0,-314.0,0.0,0.0,0.0,0.0,-4606.091378694977,-1334.3046662937425,-33187.0,33683.38244073402,0.0,-0.0,0.0,0.0,0.0,0.0,-17279.982987058836,-889.3994536751904,-15514.0
t354,22558.61797095913,0.0,-97.3,0.0,0.0,0.0,0.0,-3653.8867211101797,-820.4312498489485,-17987.0,15756.593535994081,2654.727351382474,-0.0,0.0,0.0,0.0,0.0,5009.634464686736,-735.9553520632912,-22685.0,14791.073397592512,2581.204053755519,-0.0,0.0,0.0,0.0,0.0,32276.457724960426,-1421.7351763084541,-48227.0,24227.94727154405,0.0,-578.5,0.0,0.0,0.0,0.0,-7723.440679532765,-576.0065920112798,-15350.0,12022.821147718947,0.0,-0.0,0.0,0.0,0.0,0.0,-7170.426013883627,-296.395133835318,-4556.0,37632.90804677526,0.0,-313.99999999940826,0.0,0.0,0.0,0.0,-4860.091273220159,-1316.8167735556838,-31142.0,29883.203289388708,0.0,-0.0,0.0,0.0,0.0,0.0,-13878.247501900432,-990.9557874882715,-15014.0
t355,21306.68,0.0,-0.0,0.0,0.0,0.0,0.0,-3400.0,-836.6800000000001,-17070.0,11331.402174584564,4391.7671246799555,-0.0,0.0,0.0,0.0,0.0,6281.004452702056,-693.1737519665758,-21311.0,13555.965839266619,4760.9,-0.0,0.0,0.0,0.0,0.0,31005.087736945105,-1378.9535762117384,-47943.0,26730.168718148776,0.0,-578.5,0.0,0.0,0.0,0.0,-10908.188350477329,-631.4803676714499,-14612.0,10159.709099044123,0.0,-0.0,0.0,0.0,0.0,0.0,-5466.474149522672,-281.2349495214499,-4412.0,36522.927661288806,0.0,-0.0,0.0,0.0,0.0,0.0,-5874.986418484583,-1246.9412428042283,-29401.0,27308.40623802449,0.0,-0.0,0.0,0.0,0.0,0.0,-11636.44327116258,-1007.9629668619057,-14664.0
t356,20707.68,0.0,-0.0,0.0,0.0,0.0,0.0,-3400.0,-836.6800000000001,-16471.0,9850.513934023178,3351.5854129362306,-0.0,0.0,0.0,0.0,0.0,7632.593435728332,-647.6927826877416,-20187.0,13575.892411068133,5391.081441945937,-0.0,0.0,0.0,0.0,0.0,29653.49875391883,-1333.4726069329042,-47287.0,29080.41620650811,0.0,-974.4831063465713,0.0,0.0,0.0,0.0,-12636.055228526666,-663.877871634875,-14806.0,8763.977334440797,0.0,-205.73760948258587,0.0,0.0,0.0,0.0,-3738.6072714733355,-313.632453484875,-4506.0,36033.677426750415,0.0,-378.6,0.0,0.0,0.0,0.0,-6205.921032093145,-1224.1563946572787,-28225.0,26785.433533481915,0.0,-123.74675721293723,0.0,0.0,0.0,0.0,-11305.508657554017,-985.1781187149561,-14371.0
t357,20585.68,0.0,-0.0,0.0,0.0,0.0,0.0,-3400.0,-836.6800000000001,-16349.0,9858.126211948107,2286.207826150683,-0.0,0.0,0.0,0.0,0.0,8979.050465535925,-602.384503634716,-20521.0,13773.01855001312,5677.104053755518,-0.0,0.0,0.0,0.0,0.0,28307.041724111237,-1288.1643278798788,-46469.0,27883.8712928441,0.0,-974.4831063465713,0.0,0.0,0.0,0.0,-11703.986601617204,-646.4015848803226,-14559.0,9680.003755350855,0.0,-224.17169023773533,0.0,0.0,0.0,0.0,-4670.675898382796,-296.1561667303226,-4489.0,36349.03373135674,0.0,-335.6572209616526,0.0,0.0,0.0,0.0,-6401.69946053612,-1210.67704985898,-28401.0,26339.429003027704,0.0,-0.0,0.0,0.0,0.0,0.0,-11109.730229111043,-971.6987739166573,-14258.0
t358,20140.68,0.0,-0.0,0.0,0.0,0.0,0.0,-3400.0,-836.6800000000001,-15904.0,9704.771862390724,5587.588427115619,-0.0,0.0,0.0,0.0,0.0,5359.811601890058,-724.1718913963995,-19928.0,13856.234144233784,1794.4369836506703,-0.0,0.0,0.0,0.0,0.0,31926.2805877571,-1409.951715641562,-46167.0,25897.05301744658,0.0,-974.4831063465713,0.0,0.0,0.0,0.0,-10460.484,-623.0859111,-13839.0,10783.190683187737,0.0,-224.17169023773533,0.0,0.0,0.0,0.0,-5914.1785,-272.84049295,-4372.0,36305.58823641372,0.0,-378.6,0.0,0.0,0.0,0.0,-6793.270878694977,-1183.7173577187427,-27950.0,25886.959289193775,0.0,-31.061396465163746,0.0,0.0,0.0,0.0,-10718.158810952185,-944.73908177642,-14193.0
t359,19747.680000000004,0.0,-0.0,0.0,0.0,0.0,0.0,-3400.0,-836.6800000000001,-15511.0,11272.570992480956,1168.0200549944866,-0.0,0.0,0.0,0.0,0.0,6834.942683040251,-674.5337305156954,-18601.0,14013.959994398421,2581.204053755519,-0.0,0.0,0.0,0.0,0.0,30451.14950660691,-1360.3135547608583,-45686.0,26061.05301744657,0.0,-974.4831063465713,0.0,0.0,0.0,0.0,-10460.484,-623.0859111,-14003.0,10864.190683187737,0.0,-224.17169023773533,0.0,0.0,0.0,0.0,-5914.1785,-272.84049295,-4453.0,36477.35427174107,0.0,-378.6,0.0,0.0,0.0,0.0,-7694.020315311298,-1245.7339564297763,-27159.0,24796.16505482332,0.0,-0.0,0.0,0.0,0.0,0.0,-9817.409374335864,-1006.7556804874537,-13972.0
t360,20012.68,0.0,-0.0,0.0,0.0,0.0,0.0,-3400.0,-836.6800000000001,-15776.0,8037.426074169313,3542.36251905274,-0.0,0.0,0.0,0.0,0.0,7776.076001139599,-642.8645943616524,-18713.0,13722.403027233173,1945.2252028660741,-0.0,0.0,0.0,0.0,0.0,29510.016188507565,-1328.6444186068152,-43849.0,26330.20104205377,0.0,-710.6311309537699,0.0,0.0,0.0,0.0,-10460.484,-623.0859111,-14536.0,10831.25119510483,0.0,-94.23220215482849,0.0,0.0,0.0,0.0,-5914.1785,-272.84049295,-4550.0,37082.06982812179,0.0,-378.6,0.0,0.0,0.0,0.0,-7497.281349488885,-1232.188478632903,-27974.0,24857.358542848862,0.0,-0.0,0.0,0.0,0.0,0.0,-10014.148340158277,-993.2102026905804,-13850.0
t361,21016.4393480314,0.0,-0.0,0.0,0.0,0.0,0.0,230.58518230200596,-413.0245303334051,-20834.0,7466.615424267382,1785.8071085439278,-0.0,0.0,0.0,0.0,0.0,12007.324599357054,-575.7471321683648,-20684.0,13812.339038761158,1665.0,-0.0,0.0,0.0,0.0,0.0,19293.24823505358,-988.587273814742,-33782.0,26366.421534831596,0.0,-0.0,0.0,0.0,0.0,0.0,-9152.62427029867,-406.79726453292847,-16807.0,8619.30468652359,134.92643555459986,-0.0,0.0,0.0,0.0,0.0,-3000.1530336160886,-322.07808846210355,-5432.0,42233.383060172986,0.0,-0.0,0.0,0.0,0.0,0.0,-10935.091108396307,-914.2919517766711,-30384.0,28275.4137352473,0.0,-0.0,0.0,0.0,0.0,0.0,-8443.289604401576,-790.1241308457143,-19042.0
t362,20649.47365083325,0.0,-0.0,0.0,0.0,0.0,0.0,1247.2516728832748,-361.72532371652267,-21535.0,7171.420302682982,3311.0756220085304,-0.0,0.0,0.0,0.0,0.0,11105.918905891745,-545.4148305832572,-21043.0,13670.896423152248,33.0219445205427,-0.0,0.0,0.0,0.0,0.0,19132.921610872145,-909.8399785449426,-31927.0,26350.456231042688,0.0,-0.0,0.0,0.0,0.0,0.0,-8978.9560821489,-395.5001488937859,-16976.0,8494.786530225238,196.3,-0.0,0.0,0.0,0.0,0.0,-2798.813668828301,-312.2728613969383,-5580.0,44899.35912215784,0.0,-0.0,0.0,0.0,0.0,0.0,-12116.014748175621,-972.3443739822226,-31811.0,27037.091919187398,0.0,-0.0,0.0,0.0,0.0,0.0,-7592.307690494342,-846.7842286930523,-18598.0
t363,20175.95244624619,0.0,-0.0,0.0,0.0,0.0,0.0,2495.8373696956896,-304.78981594187655,-22367.0,7163.449653085632,3561.1143207071264,-0.0,0.0,0.0,0.0,0.0,11107.918130705482,-545.4821044982394,-21287.0,13558.635055439285,0.0,-0.0,0.0,0.0,0.0,0.0,17882.33668924599,-852.9717446852787,-30588.0,25262.498836672927,0.0,-169.98310634657133,0.0,0.0,0.0,0.0,-7299.278601545797,-286.23712878055414,-17507.0,8962.038306856548,196.3,-0.0,0.0,0.0,0.0,0.0,-2932.5523706794584,-318.78593617708964,-5907.0,47647.39336640063,0.0,-0.0,0.0,0.0,0.0,0.0,-14157.407889304446,-887.9854770961867,-32602.0,26189.919902864043,475.13485195382407,-0.0,0.0,0.0,0.0,0.0,-7096.8533281174605,-878.2014267003997,-18690.0
t364,20017.93257836867,0.0,-0.0,0.0,0.0,0.0,0.0,3950.5235478493937,-238.45612621806765,-23730.0,7156.065887311146,5209.061218288856,-0.0,0.0,0.0,0.0,0.0,10888.988,-538.1151056,-22716.0,13545.701297871567,1633.9891163938923,-0.0,0.0,0.0,0.0,0.0,16646.58064179777,-779.2710560632303,-31047.0,24757.365503575,0.0,-0.0,0.0,0.0,0.0,0.0,-6140.5064999999995,-210.85900357500003,-18406.0,9478.99293096025,196.3,-0.0,0.0,0.0,0.0,0.0,-3008.7940261612016,-322.49890479905054,-6344.0,48883.98756951372,0.0,-0.0,0.0,0.0,0.0,0.0,-14447.208878694977,-752.7786908187426,-33684.0,26386.70402356489,1628.9644954765772,-0.0,0.0,0.0,0.0,0.0,-7889.582784790984,-822.0857342504705,-19304.0
t365,21042.840000000004,0.0,-0.0,0.0,0.0,0.0,0.0,4600.0,-208.84,-25434.0,7822.917487301043,6158.688427115619,-0.0,0.0,0.0,0.0,0.0,11342.779267328959,-553.3851817456194,-24771.0,13948.913491358006,3560.698592314565,-0.0,0.0,0.0,0.0,0.0,15543.312922318204,-764.9250059907821,-32288.0,27708.012900001624,0.0,-395.98310634657133,0.0,0.0,0.0,0.0,-7818.049662464717,-370.9801311903338,-19123.0,11179.989035914312,0.0,-0.0,0.0,0.0,0.0,0.0,-4181.663894103758,-305.32514181055456,-6693.0,49543.113559650024,0.0,-0.0,0.0,0.0,0.0,0.0,-13355.399322126503,-1049.714237523522,-35138.0,26411.521398154804,675.1843031488061,-0.0,0.0,0.0,0.0,0.0,-6130.979310952185,-941.7263903514199,-20014.0
t366,22857.241039683115,0.0,-0.0,0.0,0.0,0.0,0.0,4145.331828918214,-229.57286860132945,-26773.0,11864.086975693752,3029.2135215953695,-0.0,0.0,0.0,0.0,0.0,12279.609005133627,-584.9095024227465,-26588.0,17706.030839673913,0.0,-0.0,0.0,0.0,0.0,0.0,15061.151355595322,-817.1821952692386,-31950.0,25203.6898656165,0.0,-0.0,0.0,0.0,0.0,0.0,-5403.623679510678,-234.06618610582268,-19566.0,12026.216819627041,0.0,-196.3,0.0,0.0,0.0,0.0,-4616.749533556222,-297.16728607082086,-6916.0,51836.082604640666,0.0,-0.0,0.0,0.0,0.0,0.0,-14681.125772971342,-875.9568316693282,-36279.0,28127.318277450926,0.0,-0.0,0.0,0.0,0.0,0.0,-6784.593203608922,-896.7250738420037,-20446.0
t367,21238.134217638708,0.0,-0.0,0.0,0.0,0.0,0.0,6985.654496502503,-361.78871414121363,-27862.0,25252.776225981557,0.0,-2246.9,0.0,0.0,0.0,0.0,5025.366744498887,-246.24297048044548,-27785.0,24170.448303128553,0.0,-39.73602512261604,0.0,0.0,0.0,0.0,6422.444976047645,-333.1572540535837,-30220.0,22444.114153028433,395.98310634657133,-0.0,0.0,0.0,0.0,0.0,-2833.9605,-53.136759375000004,-19953.0,8542.2920712325,96.51860902045883,-0.0,0.0,0.0,0.0,0.0,-1291.0519385126388,-283.75874174032003,-7064.0,45842.93625849305,0.0,-0.0,0.0,0.0,0.0,0.0,-8450.901623193866,-449.03463529918815,-36943.0,27218.951012801474,0.0,-0.0,0.0,0.0,0.0,0.0,-5857.552155342531,-306.39885745894736,-21055.0
t368,20902.041569975867,0.0,-0.0,0.0,0.0,0.0,0.0,8192.78963749385,-416.8312074697195,-28678.0,37497.1195616135,0.0,-2246.9,0.0,0.0,0.0,0.0,-6678.488426076032,-224.73113553745847,-28347.0,26985.3242195834,0.0,-1665.0,0.0,0.0,0.0,0.0,5949.239748235238,-306.56396781863884,-30963.0,21787.30191933692,394.9859682982933,-0.0,0.0,0.0,0.0,0.0,-1749.4850430775043,-32.8028445577032,-20400.0,8960.9797944302,0.0,-0.0,0.0,0.0,0.0,0.0,-1536.336456922496,-305.6433375077032,-7119.0,37676.98258446452,0.0,-0.0,0.0,0.0,0.0,0.0,-463.540959653055,-27.441624811460855,-37186.0,25412.77899295,0.0,-0.0,0.0,0.0,0.0,0.0,-3714.1785,-217.60049295,-21481.0
t369,20031.864634667818,0.0,-0.0,0.0,0.0,0.0,0.0,9753.593981417423,-488.45861608524547,-29297.0,41388.51090806487,0.0,-4069.6171323398657,0.0,0.0,0.0,0.0,-8098.1965,-282.697275725,-28938.0,29168.420925913528,0.0,-1985.4133522045006,0.0,0.0,0.0,0.0,6129.170734222652,-692.1783079316808,-32620.0,20204.016893653432,395.98310634657133,-0.0,0.0,0.0,0.0,0.0,0.0,-0.0,-20600.0,8446.700861714991,0.0,-121.915362722586,0.0,0.0,0.0,0.0,-1012.1688369450976,-169.61666204730744,-7143.0,41005.32654351372,0.0,-0.0,0.0,0.0,0.0,0.0,-3425.534878694978,-202.7916648187427,-37377.0,25793.01807255,0.0,-0.0,0.0,0.0,0.0,0.0,-3346.8644999999997,-240.15357255,-22206.0
t370,20302.777205645754,0.0,-0.0,0.0,0.0,0.0,0.0,9934.910258934404,-496.6874645801555,-29741.0,43182.12184801137,0.0,-4609.378863716893,0.0,0.0,0.0,0.0,-8958.872580619138,-324.8704036753378,-29289.0,30283.84219000879,0.0,-857.2000108276915,0.0,0.0,0.0,0.0,4974.664240007982,-622.3064191890796,-33779.0,22342.784697403076,0.0,-0.0,0.0,0.0,0.0,0.0,-1121.7518502116059,-21.03284719146761,-21200.0,7406.827738782752,0.0,-0.0,0.0,0.0,0.0,0.0,-86.2857860547906,-199.541952727962,-7121.0,39084.5562810776,0.0,-0.0,0.0,0.0,0.0,0.0,-1395.7997820568494,-175.7564990207563,-37513.0,26505.01807255,0.0,-0.0,0.0,0.0,0.0,0.0,-3346.8644999999997,-240.15357255,-22918.0
t371,20439.182227396515,0.0,-0.0,0.0,0.0,0.0,0.0,10027.704387008074,-500.88661440459407,-29966.0,42502.38593955628,0.0,-3800.7115630116355,0.0,0.0,0.0,0.0,-8770.055986005382,-315.6183905392637,-29616.0,31539.145399597608,0.0,-3497.7096972891127,0.0,0.0,0.0,0.0,6037.616828929076,-678.0525312375711,-33401.0,22422.699549976096,271.701842754213,-0.0,0.0,0.0,0.0,0.0,-1342.2344959315894,-25.1668967987173,-21327.0,7306.842190333189,0.0,-52.72740068996109,0.0,0.0,0.0,0.0,-27.115218939369925,-210.99957070385886,-7016.0,40562.42603153819,0.0,-0.0,0.0,0.0,0.0,0.0,-2579.0510150608106,-225.3750164773823,-37758.0,27073.018072550003,0.0,-0.0,0.0,0.0,0.0,0.0,-3346.8644999999997,-240.15357255,-23486.0
t372,18999.632197597974,0.0,-0.0,0.0,0.0,0.0,0.0,11511.948034441717,-568.5802320396944,-29943.0,43442.5786904764,0.0,-4623.77752768337,0.0,0.0,0.0,0.0,-8763.503827996215,-315.2973347968146,-29740.0,30925.968401489587,0.0,-3517.38731383992,0.0,0.0,0.0,0.0,7748.266210974197,-892.847298623866,-34264.0,23192.01273868364,0.0,-0.0,0.0,0.0,0.0,0.0,-1690.319252695595,-31.693485988042404,-21470.0,7065.874908094091,0.0,-0.0,0.0,0.0,0.0,0.0,37.131866868133784,-198.00677496222463,-6905.0,41015.619274589306,0.0,-0.0,0.0,0.0,0.0,0.0,-2760.2275506987617,-235.3917238905573,-38020.0,30058.693055108084,0.0,-0.0,0.0,0.0,0.0,0.0,-6083.2954808934755,-357.39757421461115,-23618.0
t373,19934.916139965684,0.0,-0.0,0.0,0.0,0.0,0.0,10081.266892557152,-503.1830325228318,-29513.0,43105.63702159777,0.0,-4230.360327933351,0.0,0.0,0.0,0.0,-8956.99495929643,-323.28173436798954,-29595.0,31063.311153085164,0.0,-4394.439140210346,0.0,0.0,0.0,0.0,10006.50286944959,-739.3748823244069,-35936.0,23507.433974615855,0.0,-0.0,0.0,0.0,0.0,0.0,-1971.4689321382632,-36.965042477592434,-21499.0,7600.96551772358,0.0,-0.0,0.0,0.0,0.0,0.0,-572.6720149251211,-234.29350279845818,-6794.0,37185.498049461414,0.0,-0.0,0.0,0.0,0.0,0.0,979.4973191783222,-47.99536863973779,-38117.0,33709.84945842594,0.0,-0.0,0.0,0.0,0.0,0.0,-9566.131174825252,-495.71828360069253,-23648.0
t374,20843.06032500495,0.0,-0.0,0.0,0.0,0.0,0.0,8335.267890816267,-423.3282158212219,-28755.0,42424.18299942626,0.0,-2482.5836147871287,0.0,0.0,0.0,0.0,-10179.474195437677,-380.12518920144623,-29382.0,30123.282428788174,0.0,-5677.104053755518,0.0,0.0,0.0,0.0,13523.936018206037,-631.1143932386922,-37339.0,23839.60901527763,0.0,-0.0,0.0,0.0,0.0,0.0,-2581.2113033400037,-48.39771193762507,-21210.0,8634.141491546972,0.0,-20.886437148418672,0.0,0.0,0.0,0.0,-1698.4151507763975,-272.8399036221563,-6642.0,35682.38929763877,0.0,-0.0,0.0,0.0,0.0,0.0,2448.591695437678,-119.98099307644623,-38011.0,34611.3864148132,0.0,-858.4072869302981,0.0,0.0,0.0,0.0,-9848.694954905905,-479.2841729770015,-23425.0
t375,21455.44,0.0,-0.0,0.0,0.0,0.0,0.0,7000.0,-362.44,-28093.0,41697.958094904796,0.0,-4913.931398779792,0.0,0.0,0.0,0.0,-7730.8825,-260.144196125,-28793.0,27652.635555962126,0.0,-3578.53033997595,0.0,0.0,0.0,0.0,14282.013164023856,-545.1183800100378,-37811.0,21962.027602538754,0.0,-226.0,0.0,0.0,0.0,0.0,-944.3215730441743,-17.706029494578267,-20774.0,10403.507764167352,0.0,-186.2833077169471,0.0,0.0,0.0,0.0,-3655.6784269558257,-226.54602949457828,-6335.0,37581.99999999999,0.0,-0.0,0.0,0.0,0.0,0.0,0.0,-0.0,-37582.0,33856.004847908895,0.0,-1630.3,0.0,0.0,0.0,0.0,-8951.130664023856,-438.57418388503777,-22836.0
t376,21694.728083816426,0.0,-1464.2880838164263,0.0,0.0,0.0,0.0,7000.0,-362.44,-26868.0,40031.38518348046,0.0,-3943.358487355458,0.0,0.0,0.0,0.0,-7730.8825,-260.144196125,-28097.0,25270.25950399673,0.0,-2781.7835910771837,0.0,0.0,0.0,0.0,15861.3433292791,-613.8192421986408,-37736.0,26447.70537629108,0.0,-0.0,0.0,0.0,0.0,0.0,-5819.52639962845,-385.17897666262905,-20243.0,12466.783033208661,0.0,-196.3,0.0,0.0,0.0,0.0,-5993.161607002367,-274.3214262062944,-6003.0,31428.188536775513,0.0,-0.0,0.0,0.0,0.0,0.0,5898.509506630818,-383.69804340633465,-36943.0,33582.75172413671,0.0,-1569.1938558339725,0.0,0.0,0.0,0.0,-9216.2823292791,-571.2755390236408,-22226.0
t377,20736.773323089044,0.0,-2094.3333230890526,0.0,0.0,0.0,0.0,7000.0,-362.44,-25280.0,38920.120350111734,0.0,-3933.305278860219,0.0,0.0,0.0,0.0,-7761.186003457113,-261.6290677943985,-26964.0,22101.710164993474,0.0,-2581.204053755519,0.0,0.0,0.0,0.0,18560.736744523834,-731.2428557617867,-37350.0,24786.501831765792,0.0,-395.98310634657133,0.0,0.0,0.0,0.0,-4808.41574259027,-340.1029828289517,-19242.0,13047.011651498757,0.0,-183.0952151466181,0.0,0.0,0.0,0.0,-6891.746542603325,-291.16989374881234,-5681.0,33059.090517338234,0.0,-0.0,0.0,0.0,0.0,0.0,2669.044453105807,-173.13497044404608,-35555.0,31115.255544821208,0.0,-0.0,0.0,0.0,0.0,0.0,-8768.43290897893,-838.8226358422785,-21508.0
t378,18571.398572166345,0.0,-0.0,0.0,0.0,0.0,0.0,5357.950243412027,-257.34881557836974,-23672.0,33650.08920928876,0.0,-2246.9,0.0,0.0,0.0,0.0,-5981.898330468496,-201.29087882026488,-25220.0,16504.589058980502,0.0,-807.6457704307531,0.0,0.0,0.0,0.0,21979.00252011566,-950.9458086654275,-36725.0,22604.516102191945,0.0,-0.0,0.0,0.0,0.0,0.0,-4267.770891280435,-175.74521091150814,-18161.0,10672.817068381075,0.0,-0.0,0.0,0.0,0.0,0.0,-4952.953608719566,-290.86345966150816,-5429.0,37077.32654351373,0.0,-0.0,0.0,0.0,0.0,0.0,-3425.534878694978,-202.7916648187427,-33449.0,30311.889872119005,0.0,-0.0,0.0,0.0,0.0,0.0,-8708.795054364213,-817.0948177547897,-20786.0
t379,18015.88265828495,0.0,-0.0,0.0,0.0,0.0,0.0,4486.148949612711,-214.03160789766042,-22288.0,20195.98057838623,0.0,-0.0,0.0,0.0,0.0,0.0,3978.6668344350364,-770.647412821261,-23404.0,13902.233150820908,403.86928854375907,-0.0,0.0,0.0,0.0,0.0,23021.276405599412,-987.3788449640841,-36340.0,21064.612773902834,0.0,-29.60647187512768,0.0,0.0,0.0,0.0,-3689.1109647388503,-164.89533728885345,-17181.0,11053.627121300004,0.0,-0.0,0.0,0.0,0.0,0.0,-5531.61353526115,-280.0135860388534,-5242.0,46615.98756951371,0.0,-0.0,0.0,0.0,0.0,0.0,-14447.208878694977,-752.7786908187426,-31416.0,28629.02669206169,146.6962006669237,-0.0,0.0,0.0,0.0,0.0,-7818.158810952185,-825.5640817764199,-20132.0
t380,19089.47012813654,0.0,-0.0,0.0,0.0,0.0,0.0,2663.8653966469346,-374.3355247834787,-21379.0,9231.628600459037,2250.4985051409644,-0.0,0.0,0.0,0.0,0.0,10888.988,-538.1151056,-21833.0,13630.789476807293,4766.586735639576,-0.0,0.0,0.0,0.0,0.0,18637.68940313325,-870.0656155801281,-36165.0,23975.183874474635,0.0,-57.55783602114799,0.0,0.0,0.0,0.0,-6354.210114597183,-296.4159238563055,-17267.0,10176.812088694618,0.0,-0.0,0.0,0.0,0.0,0.0,-4627.852992478592,-296.9590962160264,-5252.0,43020.79903882823,0.0,-0.0,0.0,0.0,0.0,0.0,-12185.870271619204,-832.9287672090217,-30002.0,29720.83334191014,0.0,-0.0,0.0,0.0,0.0,0.0,-9022.609421085204,-836.2239208249332,-19862.0
t381,19181.186412256862,3024.8281976460044,-0.0,0.0,0.0,0.0,0.0,-563.4225508717441,-463.59205903112013,-21179.0,8153.542742922988,3422.584362677014,-0.0,0.0,0.0,0.0,0.0,10888.988,-538.1151056,-21927.0,13691.326032947094,3257.189342080933,-0.0,0.0,0.0,0.0,0.0,21336.621546279566,-993.1369213076005,-37292.0,25328.273974906377,0.0,-395.98310634657133,0.0,0.0,0.0,0.0,-7689.317466373968,-414.9734021858369,-16828.0,10809.825179966607,0.0,-0.0,0.0,0.0,0.0,0.0,-5312.7070982334835,-284.11808173312215,-5213.0,41116.23607410898,0.0,-0.0,0.0,0.0,0.0,0.0,-10165.908814087526,-964.3272600214573,-29986.0,29168.66276605795,0.0,-0.0,0.0,0.0,0.0,0.0,-8494.253616712847,-802.4091493451024,-19872.0
t382,20113.890423460907,0.0,-0.0,0.0,0.0,0.0,0.0,697.8859760320333,-386.7763994929393,-20425.0,8598.2271056,2246.9,-0.0,0.0,0.0,0.0,0.0,10888.988,-538.1151056,-21196.0,13596.856224986963,5265.516890736002,-0.0,0.0,0.0,0.0,0.0,19899.21821361513,-927.5913293381019,-37834.0,26935.967431539913,0.0,-0.0,0.0,0.0,0.0,0.0,-10456.81268325087,-623.1547482890462,-15856.0,11218.759146888178,0.0,-0.0,0.0,0.0,0.0,0.0,-5917.849816749131,-272.90933013904623,-5028.0,37645.16455302395,0.0,-0.0,0.0,0.0,0.0,0.0,-6970.261398047763,-1195.9031549761821,-29479.0,28540.49317063326,0.0,-0.0,0.0,0.0,0.0,0.0,-8141.1682915994,-803.3248790338592,-19596.0
t383,22230.250058937516,0.0,-0.0,0.0,0.0,0.0,0.0,-1914.3554503993028,-505.8946085382082,-19810.0,6914.08686976819,2477.0402358318106,-0.0,0.0,0.0,0.0,0.0,10888.988,-538.1151056,-19742.0,13585.69079213195,2146.559106204946,-0.0,0.0,0.0,0.0,0.0,22511.459640046465,-1046.709538383371,-37197.0,24679.717728845964,0.0,-44.966823057494196,0.0,0.0,0.0,0.0,-8254.061090735511,-511.68981505295795,-15869.0,11703.641711826784,0.0,-0.0,0.0,0.0,0.0,0.0,-6297.611843682732,-280.0298681440512,-5126.0,39347.54657971344,0.0,-0.0,0.0,0.0,0.0,0.0,-9721.330612175927,-1141.215967537509,-28485.0,27245.311805889276,0.0,-0.0,0.0,0.0,0.0,0.0,-7213.088643052992,-867.2231628362795,-19165.0
t384,19833.541624517595,0.0,-0.0,0.0,0.0,0.0,0.0,292.71076461592384,-405.2523891335139,-19721.0,7408.68485402879,2045.4422515712095,-0.0,0.0,0.0,0.0,0.0,10888.988,-538.1151056,-19805.0,13386.39302097168,3178.28087297575,-0.0,0.0,0.0,0.0,0.0,20304.393425031238,-946.0673189786766,-35923.0,23146.229393053454,0.0,-0.0,0.0,0.0,0.0,0.0,-6677.560555287157,-382.6688377662975,-16086.0,11518.456750292398,0.0,-7.6040931558302205,0.0,0.0,0.0,0.0,-5981.7452869315985,-274.1073702049675,-5255.0,42885.42775218129,0.0,-0.0,0.0,0.0,0.0,0.0,-12695.807036476222,-1092.6207157050726,-29097.0,25545.469579174543,523.2361221290685,-0.0,0.0,0.0,0.0,0.0,-6130.979310952185,-941.7263903514199,-18996.0
t385,21075.807125383333,56.85305950868876,-0.0,0.0,0.0,494.937,0.0,-2752.4839182211326,-544.1132666708837,-18331.0,10083.419026000003,0.0,-0.0,0.0,0.0,557.469,0.0,10521.673999999999,-515.562026,-20647.0,15162.195029097129,0.0,-0.0,0.0,0.0,988.1189999999999,0.0,21448.935791664022,-1002.2498207611604,-36597.0,30485.389276821577,0.0,-974.4831063465713,0.0,0.0,46.761,0.0,-13294.4445,-676.2226704750001,-15587.0,6759.061650217091,14.501123379058527,-0.0,0.0,0.0,126.19800000000001,0.0,-1954.6010659589492,-271.1597076372009,-4674.0,37083.91878632814,64.6,-0.0,0.0,0.0,786.321,0.0,-7574.3454447373715,-1237.4943415907615,-29123.0,21057.729127262617,640.2248010897076,-0.0,0.0,0.0,405.648,0.0,-6394.734862746567,-684.8670656057539,-15024.0
t386,21028.547567020054,0.0,-0.0,0.0,0.0,502.146,0.0,-2439.676700461493,-493.016866558561,-18598.0,11152.746025999999,0.0,-0.0,0.0,0.0,587.142,0.0,10521.673999999999,-515.562026,-21746.0,16686.756815534955,0.0,-0.0,0.0,0.0,956.7180000000001,0.0,18652.58568971684,-862.0605052518013,-35434.0,30354.78227682158,0.0,-974.4831063465713,0.0,0.0,46.368,0.0,-13294.4445,-676.2226704750001,-15456.0,6066.903443739588,117.8965460410407,-0.0,0.0,0.0,127.089,0.0,-1361.2879507419439,-243.60103903868426,-4707.0,36743.75236675616,64.6,-0.0,0.0,0.0,831.951,0.0,-5707.843320483533,-1119.4600462726253,-30813.0,21179.709507540767,273.53151967340244,-0.0,0.0,0.0,402.46200000000005,0.0,-6371.00721802987,-578.6958091842994,-14906.0
t387,20863.67757660974,0.0,-0.0,0.0,0.0,522.639,0.0,-1605.6405250737535,-423.67605153599015,-19357.0,11388.212026000003,0.0,-0.0,0.0,0.0,593.6759999999999,0.0,10521.673999999999,-515.562026,-21988.0,17729.864441297363,0.0,-0.0,0.0,0.0,913.707,0.0,15917.679677003238,-720.2511183006018,-33841.0,30605.265006496153,0.0,-862.057836021148,0.0,0.0,47.46,0.0,-13294.4445,-676.2226704750001,-15820.0,5909.273757563139,92.93988743529144,-0.0,0.0,0.0,132.003,0.0,-1017.2355834354612,-227.98106156296996,-4889.0,35849.3830715687,64.6,-0.0,0.0,0.0,845.2620000000001,0.0,-4410.582845419847,-1042.662226148855,-31306.0,21149.311302977905,0.0,-0.0,0.0,0.0,401.544,0.0,-6111.450223074175,-567.4050799037266,-14872.0
t388,20714.885007582445,0.0,-162.81432068622516,0.0,0.0,558.009,0.0,-141.432640207438,-301.64704668878346,-20667.0,13659.988920535898,0.0,-0.0,0.0,0.0,634.689,0.0,9686.984310687802,-474.6622312237023,-23507.0,18212.593905172587,1008.738741594334,-0.0,0.0,0.0,925.344,0.0,14831.378478212866,-706.0551249797908,-34272.0,30063.114170475008,0.0,-0.0,0.0,0.0,446.55300000000005,0.0,-13294.4445,-676.2226704750001,-16539.0,5629.346435688996,49.39226001492557,-0.0,0.0,0.0,140.643,0.0,-409.9704702782883,-200.4112254256343,-5209.0,38250.04775232522,0.0,-0.0,0.0,0.0,864.351,0.0,-5958.5811893827795,-1142.817562942445,-32013.0,21038.393403298676,0.0,-853.1062905436098,0.0,0.0,415.26,0.0,-4713.933989032161,-506.613123722899,-15380.0
t389,20400.64390138621,0.0,-0.0,0.0,0.0,599.157,0.0,1422.478166514411,-231.2790679006209,-22191.0,13726.277520646292,939.3412381679889,-0.0,0.0,0.0,698.49,0.0,11049.404357205687,-543.5131160199713,-25870.0,18392.437476620693,0.0,-0.0,0.0,0.0,951.48,0.0,16692.19700236232,-796.1144789830187,-35240.0,31143.408170475002,0.0,-226.0,0.0,0.0,470.25899999999996,0.0,-13294.4445,-676.2226704750001,-17417.0,5989.294327241054,0.0,-0.0,0.0,0.0,148.959,0.0,-420.36996476569266,-200.88336247536245,-5517.0,42684.90104498873,0.0,-64.6,0.0,0.0,896.4540000000001,0.0,-8980.450378694977,-1334.3046662937425,-33202.0,21139.60465394081,1630.3,-0.0,0.0,0.0,429.165,0.0,-6468.814682621751,-835.254971319046,-15895.0
t390,21705.360134813094,0.0,-0.0,0.0,0.0,637.74,0.0,1597.9469783673885,-321.04711318048595,-23620.0,15941.879089151591,654.033547297965,-0.0,0.0,0.0,758.2139999999999,0.0,11279.116285973447,-551.2429224230065,-28082.0,17223.636311842743,0.0,-0.0,0.0,0.0,940.3560000000001,0.0,17515.547941237026,-851.5402530797718,-34828.0,31490.157465407625,0.0,-74.57329493262192,0.0,0.0,484.08299999999997,0.0,-13294.4445,-676.2226704750001,-17929.0,7301.222864703883,0.0,-0.0,0.0,0.0,154.197,0.0,-1494.7592296048224,-249.66063509905896,-5711.0,43902.12404498873,0.0,-64.6,0.0,0.0,930.2310000000001,0.0,-8980.450378694977,-1334.3046662937425,-34453.0,21571.91926363466,1630.3,-0.0,0.0,0.0,436.698,0.0,-6622.957097278062,-841.9601663565957,-16174.0
t391,23402.91990747459,0.0,-0.0,0.0,0.0,669.4380000000001,0.0,1038.2847869236289,-316.64269439822107,-24794.0,18238.994702131342,0.0,-0.0,0.0,0.0,803.898,0.0,11282.462831550325,-551.3555336816684,-29774.0,19935.36905736847,0.0,-0.0,0.0,0.0,895.806,0.0,12958.848219213536,-612.0232765820074,-33178.0,31646.185170475004,0.0,-0.0,0.0,0.0,490.482,0.0,-13294.4445,-676.2226704750001,-18166.0,8548.767930345357,0.0,-100.27401093355945,0.0,0.0,157.329,0.0,-2480.0914140872364,-298.73150532456054,-5827.0,39454.347036073974,0.0,-0.0,0.0,0.0,952.182,0.0,-4115.344896501114,-1025.184139572866,-35266.0,22314.242804277954,0.0,-0.0,0.0,0.0,451.22400000000005,0.0,-5389.715027099139,-663.7517771788125,-16712.0
t392,24984.684925273526,0.0,-0.0,0.0,0.0,209.81235207657375,0.0,513.8306334065552,-23.32791075665761,-25685.0,25277.77047978336,0.0,-3340.6884271156187,0.0,0.0,833.517,0.0,8522.56113662698,-422.16018929472204,-30871.0,28288.244225727376,0.0,-2581.204053755519,0.0,0.0,916.6770000000001,0.0,7660.515241012167,-333.2324129840293,-33951.0,30451.039656471046,0.0,-728.5754432497124,0.0,0.0,55.335,0.0,-10705.126259751005,-627.6729534703313,-18445.0,6914.435111380554,0.0,-224.17169023773533,0.0,0.0,17.736,0.0,-744.9165078791409,-51.08291326367771,-5912.0,36570.2709132217,0.0,-0.0,0.0,0.0,963.009,0.0,-1001.30913662698,-864.9707765947221,-35667.0,22537.488189453277,0.0,-989.4943857439794,0.0,0.0,465.23699999999997,0.0,-4245.555106788579,-536.675696920718,-17231.0
t393,25381.16538961872,0.0,-0.0,0.0,0.0,0.0,0.0,897.5849679250774,-40.750357543798515,-26238.0,36895.21938800317,0.0,-5587.588427115619,0.0,0.0,3.2126099630128984,0.0,516.4631221340035,-25.306692984566173,-31802.0,31336.23225461747,0.0,-5229.229714083896,0.0,0.0,105.861,0.0,9522.001358676165,-447.8648992097371,-35287.0,28440.837767291327,0.0,-169.98310634657133,0.0,0.0,0.0,0.0,-9086.961428045986,-496.8932328987681,-18687.0,6308.491862575974,0.0,-214.02458227622196,0.0,0.0,0.0,0.0,-101.79587730686217,-55.67140299289005,-5937.0,34110.11853187534,0.0,-0.0,0.0,0.0,0.0,0.0,2324.3517434896958,-476.4702753650438,-35958.0,23172.494386940984,0.0,-621.1769957899542,0.0,0.0,0.0,0.0,-4071.643886872093,-478.67350427893604,-18001.0
t394,25181.883749130866,0.0,-0.0,0.0,0.0,719.118,0.0,767.8590518218479,-34.8608009527119,-26634.0,38666.89482529657,0.0,-6158.688427115619,0.0,0.0,875.4480000000001,0.0,-928.413290940794,-31.241107240157717,-32424.0,31309.27165542914,0.0,-5677.104053755518,0.0,0.0,994.8149999999999,0.0,10714.547988406133,-496.53059007975537,-36845.0,28959.73434626454,0.0,-275.87592236627745,0.0,0.0,515.322,0.0,-9588.19991902399,-524.9805048742693,-19086.0,5870.521700823741,0.0,-177.45642864365573,0.0,0.0,160.029,0.0,125.5173360451314,-51.61160822521776,-5927.0,32841.350005750915,0.0,-0.0,0.0,0.0,976.9950000000001,0.0,2866.4543782999785,-499.7993840508997,-36185.0,22936.29693844884,0.0,-168.62659745006175,0.0,0.0,508.81500000000005,0.0,-3957.7655446083086,-473.71979639046145,-18845.0
t395,25387.370562126125,0.0,-23.89172903675967,0.0,0.0,722.871,0.0,719.3066906669137,-32.656523756277885,-26773.0,38240.49756938966,0.0,-3428.098881896603,0.0,0.0,881.037,0.0,-2962.739503210042,-99.69618428301791,-32631.0,30592.95120214083,0.0,-5677.104053755518,0.0,0.0,1008.207,0.0,11954.960286136291,-538.0144345216013,-37341.0,28575.889858202616,0.0,-0.0,0.0,0.0,517.32,0.0,-9452.369044995563,-480.840813207051,-19160.0,4886.617185041422,0.0,-4.190713460554244,0.0,0.0,159.705,0.0,936.5727924844994,-63.70426406536688,-5915.0,34462.047899670615,0.0,-0.0,0.0,0.0,984.501,0.0,1486.3355248192133,-469.88442448983824,-36463.0,22689.37918934396,0.0,-689.5335447959287,0.0,0.0,524.448,0.0,-2682.0667459013125,-418.2268986467071,-19424.0
t396,25731.08530535445,0.0,-0.0,0.0,0.0,717.0120000000001,0.0,113.03445908815178,-5.131764442602091,-26556.0,37214.469823208216,0.0,-571.1,0.0,0.0,885.168,0.0,-4590.081578104982,-154.45624510323265,-32784.0,27592.096040145414,0.0,-2865.2961239662345,0.0,0.0,1027.026,0.0,12839.826794546094,-555.6527107252699,-38038.0,27259.10487870848,0.0,-0.0,0.0,0.0,518.913,0.0,-8132.367316272883,-426.6505624355988,-19219.0,4866.150768515191,0.0,-12.36910477230225,0.0,0.0,157.869,0.0,858.7011432434299,-23.351806986319247,-5847.0,34902.333612087794,0.0,-0.0,0.0,0.0,989.253,0.0,1157.7450319764052,-410.3316440642035,-36639.0,22802.90713642029,0.0,-1069.4122604943525,0.0,0.0,529.659,0.0,-2246.8585344762164,-399.2953414497154,-19617.0
t397,25570.481249464985,0.0,-0.0,0.0,0.0,708.912,0.0,-22.373038891528747,-1.0202105734537108,-26256.0,36163.85970193626,0.0,-177.68280024998114,0.0,0.0,881.3340000000001,0.0,-4032.333098283966,-193.177803402307,-32642.0,29130.672304511638,0.0,-4043.8460524411967,0.0,0.0,1064.7450000000001,0.0,13895.124591803245,-611.6958438736859,-39435.0,25981.411327097216,0.0,-0.0,0.0,0.0,516.267,0.0,-7012.184267992658,-364.49405910455556,-19121.0,4902.299486331858,0.0,-0.0,0.0,0.0,156.195,0.0,740.3877846299538,-13.882270961811633,-5785.0,37376.46239033283,0.0,-0.0,0.0,0.0,993.168,0.0,-1155.8656977527398,-429.76469258008945,-36784.0,22372.228572938402,0.0,-511.35040632830044,0.0,0.0,528.39,0.0,-2412.756273512308,-406.5118930977854,-19570.0
t398,25952.49208220453,0.0,-0.0,0.0,0.0,695.331,0.0,-855.7986631642405,-39.02441904028937,-25753.0,36029.559233803506,0.0,-0.0,0.0,0.0,880.173,0.0,-4170.398329999037,-140.33390380446758,-32599.0,26515.832952408433,0.0,-0.0,0.0,0.0,1104.678,0.0,13900.161432212244,-606.672384620677,-40914.0,24235.83721955771,0.0,-0.0,0.0,0.0,515.7270000000001,0.0,-5379.987365677827,-270.57685387988124,-19101.0,4986.930128007366,0.0,-0.0,0.0,0.0,151.335,0.0,475.6533727313471,-8.918500738712757,-5605.0,37397.33350522944,0.0,-0.0,0.0,0.0,1001.889,0.0,-1032.5692476452432,-259.6532575841985,-37107.0,22236.29230795183,0.0,-8.306952161693232,0.0,0.0,523.395,0.0,-2937.061198457244,-429.3191573328901,-19385.0
t399,26059.842907086015,0.0,-0.0,0.0,0.0,662.904,0.0,-2076.077761176372,-94.66914590964257,-24552.0,35830.87933554166,0.0,-0.0,0.0,0.0,885.4110000000001,0.0,-3795.569424410256,-127.72091113140512,-32793.0,26012.259890720514,0.0,-0.0,0.0,0.0,1111.077,0.0,14631.088880028763,-603.4257707492806,-41151.0,22619.126420609733,0.0,-0.0,0.0,0.0,504.711,0.0,-4255.325559665991,-175.51186094373733,-18693.0,5351.185572758421,0.0,-0.0,0.0,0.0,143.154,0.0,-122.38427716119816,-69.95529559722144,-5302.0,36051.978,0.0,-64.6,0.0,0.0,998.622,0.0,0.0,-0.0,-36986.0,23500.521494376666,0.0,-0.0,0.0,0.0,514.134,0.0,-4381.731857614946,-590.923636761717,-19042.0
t400,24646.9915528441,0.0,-0.0,0.0,0.0,634.5,0.0,-1703.798348167657,-77.69320467644516,-23500.0,34019.7353004503,0.0,-0.0,0.0,0.0,850.014,0.0,-3277.46268122701,-110.28661922328888,-31482.0,25967.01467430752,0.0,-0.0,0.0,0.0,1078.5420000000001,0.0,13457.123151922162,-556.6798262296801,-39946.0,20668.790413534305,0.0,-0.0,0.0,0.0,481.788,0.0,-3156.644883060667,-149.93353047364056,-17844.0,4833.630625994933,0.0,-0.0,0.0,0.0,134.73000000000002,0.0,22.05286522809205,-0.4134912230267259,-4990.0,34662.29699986611,0.0,-34.19999986610582,0.0,0.0,960.903,0.0,0.0,-0.0,-35589.0,23763.66314627548,0.0,-0.0,0.0,0.0,496.827,0.0,-5341.2701046949205,-518.2200415805598,-18401.0
t401,21812.87613538576,0.0,-0.0,0.0,0.0,591.624,0.0,-471.0215525877611,-21.478582798001906,-21912.0,35205.20900885931,0.0,-0.0,0.0,0.0,792.855,0.0,-6417.12766299938,-215.93634585992913,-29365.0,20014.99255799176,2159.910041456972,-0.0,0.0,0.0,1052.055,0.0,16444.959473002273,-706.9170724510004,-38965.0,19231.530141147086,902.2704075277713,-0.0,0.0,0.0,454.248,0.0,-3604.869016769364,-159.17953190549713,-16824.0,3942.444182482031,220.10798882171713,-0.0,0.0,0.0,127.521,0.0,441.199315868792,-8.272487172539849,-4723.0,36114.85054351373,0.0,-0.0,0.0,0.0,901.476,0.0,-3425.534878694978,-202.7916648187427,-33388.0,20569.376201526866,0.0,-0.0,0.0,0.0,476.84700000000004,0.0,-2967.605677819582,-417.61752370728396,-17661.0
t402,22898.321335979283,0.0,-0.0,0.0,0.0,552.879,0.0,-2844.4915225509576,-129.70881342832368,-20477.0,19288.138842582295,2846.6907896921543,-0.0,0.0,0.0,726.3000000000001,0.0,4246.971995505308,-208.1016277797601,-26900.0,18196.37322925066,3588.4477680174555,-0.0,0.0,0.0,1020.087,0.0,15719.651157893106,-743.5591551612182,-37781.0,19171.384570503636,16.224969906494525,-0.0,0.0,0.0,430.97400000000005,0.0,-3495.3217508811076,-161.26178952902077,-15962.0,5147.770800800256,127.77574544902419,-0.0,0.0,0.0,122.283,0.0,-816.3408237363898,-52.48872251289289,-4529.0,38430.297166798795,0.0,-0.0,0.0,0.0,842.1030000000001,0.0,-7672.506874200286,-410.8932925985028,-31189.0,22288.9082803277,0.0,-0.0,0.0,0.0,458.784,0.0,-5137.9621820296725,-617.730098298024,-16992.0
t403,22213.984575257742,0.0,-0.0,0.0,0.0,525.015,0.0,-3072.212318621453,-221.78725663628532,-19445.0,14588.43216557658,4917.363791354355,-0.0,0.0,0.0,667.035,0.0,4765.6877424490685,-233.51869938000436,-24705.0,18320.20948969126,2581.204053755519,-0.0,0.0,0.0,1004.0490000000001,0.0,15994.432712375992,-712.8952558227676,-37187.0,18650.74561647859,0.0,-0.0,0.0,0.0,413.88300000000004,0.0,-3572.912009598619,-162.7166068799741,-15329.0,6338.451143041591,0.0,-0.0,0.0,0.0,118.854,0.0,-1945.5528739964034,-109.75226904518811,-4402.0,34250.70306371537,0.0,-0.0,0.0,0.0,795.2310000000001,0.0,-5326.231192115138,-266.70287160023565,-29453.0,23490.65303802492,0.0,-0.0,0.0,0.0,441.96299999999997,0.0,-6843.212060493448,-720.403977531465,-16369.0
t404,22131.58677220425,0.0,-0.0,0.0,0.0,505.17,0.0,-3640.683625243831,-286.0731469604227,-18710.0,11831.321885056479,3305.3515832209782,-0.0,0.0,0.0,617.1659999999999,0.0,7470.200348814454,-366.0398170919082,-22858.0,18325.064201019297,1083.1217469396338,-0.0,0.0,0.0,1006.5600000000001,0.0,17657.658184430406,-792.4041323893439,-37280.0,18581.547919905574,0.0,-0.0,0.0,0.0,418.797,0.0,-3331.1611417968825,-158.18377810869154,-15511.0,7104.929831797878,0.0,-0.0,0.0,0.0,121.311,0.0,-2608.8817499537113,-124.35908184416849,-4493.0,36234.60573030663,0.0,-0.0,0.0,0.0,762.048,0.0,-8354.276599192348,-418.37713111427956,-28224.0,23491.60388060011,0.0,-0.0,0.0,0.0,431.865,0.0,-7192.8554170580865,-735.6134635420267,-15995.0
t405,21990.412779334987,0.0,-0.0,0.0,0.0,495.666,0.0,-3832.212482349013,-295.8662969859778,-18358.0,11816.276538477427,3407.912540154329,-0.0,0.0,0.0,612.4680000000001,0.0,7200.150285350413,-352.8073639821702,-22684.0,18203.41871274806,3277.8183162893765,-0.0,0.0,0.0,1054.566,0.0,17298.2262599389,-776.0292889763382,-39058.0,18298.34571518351,0.0,-0.0,0.0,0.0,411.426,0.0,-3313.911370290559,-157.86034489294798,-15238.0,7102.8908563696195,0.0,-0.0,0.0,0.0,120.447,0.0,-2637.7736548837574,-124.5642014858619,-4461.0,35874.590638358466,0.0,-0.0,0.0,0.0,762.102,0.0,-8009.945403388442,-400.74723497002157,-28226.0,23073.502100372963,0.0,-0.0,0.0,0.0,434.403,0.0,-6704.533634377542,-714.371465995423,-16089.0
t406,21849.662368326502,0.0,-0.0,0.0,0.0,480.357,0.0,-4220.469839031433,-318.5495292950708,-17791.0,12524.816839247353,0.0,-0.0,0.0,0.0,587.763,0.0,9102.43970636451,-446.019545611861,-21769.0,18239.590757319464,3354.7215058090324,-0.0,0.0,0.0,1075.0320000000002,0.0,17959.467171376804,-812.8114345053021,-39816.0,16631.157305341232,716.4577137624935,-0.0,0.0,0.0,388.96200000000005,0.0,-3178.9415091187598,-151.63550998496484,-14406.0,7081.688957627771,0.0,-0.0,0.0,0.0,118.071,0.0,-2699.8499795081034,-126.9099781196679,-4373.0,37876.37437654589,0.0,-0.0,0.0,0.0,749.007,0.0,-10363.695488624264,-520.6858879216384,-27741.0,22713.303112463844,0.0,-0.0,0.0,0.0,427.788,0.0,-6598.950061458754,-698.1410510050866,-15844.0
t407,22400.85139167014,0.0,-0.0,0.0,0.0,468.153,0.0,-5117.374879304764,-412.62951236537384,-17339.0,14567.888333043355,0.0,-0.0,0.0,0.0,544.374,0.0,5309.923940017499,-260.1862730608575,-20162.0,18316.781816833238,2656.175173768432,-0.0,0.0,0.0,1061.289,0.0,18083.636502374622,-810.882492976294,-39307.0,15770.66149188176,905.1924336182404,-0.0,0.0,0.0,393.336,0.0,-2387.315,-113.8749255,-14568.0,7757.819911195414,0.0,-0.0,0.0,0.0,119.88,0.0,-3284.2578172425992,-153.442093952814,-4440.0,32334.460255614355,0.0,-0.0,0.0,0.0,725.1659999999999,0.0,-5906.143768695742,-295.48248691860954,-26858.0,22397.593763354995,0.0,-0.0,0.0,0.0,418.149,0.0,-6698.468977149014,-630.2737862059821,-15487.0
t408,21801.817507477706,101.8470828490473,-0.0,0.0,0.0,478.57500000000005,0.0,-4164.75897682693,-492.480613499824,-17725.0,12639.569340546586,0.0,-0.0,0.0,0.0,546.129,0.0,7404.102691328511,-362.80103187509707,-20227.0,18547.100343876697,1953.0791043934314,-0.0,0.0,0.0,1038.7169999999999,0.0,17718.590564461996,-786.4870127321221,-38471.0,15836.59130402503,974.4831063465713,-0.0,0.0,0.0,406.296,0.0,-2070.602663330726,-98.76774704087563,-15048.0,9315.25403015024,0.0,-0.0,0.0,0.0,123.795,0.0,-4639.0972269946815,-214.95180315555854,-4585.0,34684.948723203604,0.0,-0.0,0.0,0.0,746.955,0.0,-7404.102691328511,-362.80103187509707,-27665.0,22291.080646738395,0.0,-0.0,0.0,0.0,411.777,0.0,-6844.131697309658,-607.7259494287323,-15251.0
t409,17602.867043455582,0.0,-0.0,0.0,0.0,0.0,0.0,-1717.8912045290544,-759.975838926525,-15125.0,7142.590236048507,0.0,-0.0,0.0,0.0,0.0,0.0,11004.408778756655,-541.9990148051614,-17605.0,13094.243276433519,0.0,-0.0,0.0,0.0,0.0,0.0,21174.039736724582,-948.2830131581063,-33320.0,27080.377301428773,0.0,-710.6311309537699,0.0,0.0,0.0,0.0,-7626.523499999999,-676.2226704750001,-18067.0,13682.932367761285,201.18388456371687,-0.0,0.0,0.0,0.0,0.0,-8748.139,-325.977252325,-4810.0,35825.23514751845,0.0,-0.0,0.0,0.0,0.0,0.0,-1734.8878601927136,-1093.3472873257315,-32997.0,26116.956220859152,853.2114061024773,-0.0,0.0,0.0,0.0,0.0,-12351.00695075947,-1057.1606762021515,-13562.0
t410,17500.16492584204,0.0,-0.0,0.0,0.0,0.0,0.0,-1589.1676304381153,-616.9972954039254,-15294.0,7008.973499457977,0.0,-0.0,0.0,0.0,0.0,0.0,11316.52833853368,-552.5018379916584,-17773.0,13092.666424006185,0.0,-0.0,0.0,0.0,0.0,0.0,19482.204371615262,-895.8707956214505,-31679.0,27282.246170475,0.0,-578.5,0.0,0.0,0.0,0.0,-7626.523499999999,-676.2226704750001,-18401.0,14131.287942562734,0.0,-224.17169023773533,0.0,0.0,0.0,0.0,-8748.139,-325.977252325,-4833.0,36502.061033006816,0.0,-0.0,0.0,0.0,0.0,0.0,-1369.560990717733,-1118.5000422890841,-34014.0,25740.591517359157,0.0,-0.0,0.0,0.0,0.0,0.0,-11465.341588993093,-1002.249928366057,-13273.0
t411,16585.322175786194,0.0,-0.0,0.0,0.0,0.0,0.0,-445.39466703129096,-556.9275087548976,-15583.0,7302.87107409539,0.0,-0.0,0.0,0.0,0.0,0.0,11536.921337412101,-559.7924115074904,-18280.0,13221.466814186932,0.0,-0.0,0.0,0.0,0.0,0.0,18037.647030644897,-848.113844831829,-30411.0,28101.246170475,0.0,-578.5,0.0,0.0,0.0,0.0,-7626.523499999999,-676.2226704750001,-19220.0,14216.287942562734,0.0,-224.17169023773533,0.0,0.0,0.0,0.0,-8748.139,-325.977252325,-4918.0,37718.482674741994,0.0,-0.0,0.0,0.0,0.0,0.0,-1172.3707738484245,-1131.1119008935727,-35415.0,25727.782152967113,0.0,-0.0,0.0,0.0,0.0,0.0,-11582.140427177283,-1010.6417257898262,-13135.0
t412,17701.926049284128,972.7854946434559,-0.0,0.0,0.0,0.0,0.0,-1915.0761682253228,-665.6353757022581,-16094.0,7129.782907862204,0.0,-0.0,0.0,0.0,0.0,0.0,13106.558671926621,-606.3415797888273,-19630.0,13350.372603994261,0.0,-0.0,0.0,0.0,0.0,0.0,17909.665722704103,-999.0383266983657,-30261.0,28372.246170475,0.0,-578.5,0.0,0.0,0.0,0.0,-7626.523499999999,-676.2226704750001,-19491.0,13851.866205708237,156.25004661676394,-0.0,0.0,0.0,0.0,0.0,-8748.139,-325.977252325,-4934.0,38840.458225340975,64.6,-0.0,0.0,0.0,0.0,0.0,-763.9585246577481,-1111.0997006832297,-37030.0,26480.51368110999,0.0,-0.0,0.0,0.0,0.0,0.0,-11962.527201747655,-1034.9864793623299,-13483.0
t413,17755.710554805504,2843.9694451944965,-0.0,0.0,0.0,0.0,0.0,-3400.0,-836.6800000000001,-16363.0,7120.993808919404,607.606764326902,-0.0,0.0,0.0,0.0,0.0,13537.400755720999,-593.0013289673068,-20673.0,13252.060559535848,916.2040537555189,-0.0,0.0,0.0,0.0,0.0,18093.002427367675,-1185.2670406590387,-31076.0,28201.562471382553,0.0,-316.81630090754817,0.0,0.0,0.0,0.0,-7626.523499999999,-676.2226704750001,-19582.0,13975.244562087264,27.871690237735315,-0.0,0.0,0.0,0.0,0.0,-8748.139,-325.977252325,-4929.0,38006.63782134618,0.0,-0.0,0.0,0.0,0.0,0.0,1049.5976278635117,-1022.2354492096879,-38034.0,26351.34602810985,1307.318673193759,-0.0,0.0,0.0,0.0,0.0,-12905.338310952186,-1095.32639035142,-13658.0
t414,18059.795782375455,2743.0938066132753,-0.0,0.0,0.0,0.0,0.0,-3471.8051164409467,-832.0844725477795,-16499.0,6990.140671504272,1675.6119185578737,-0.0,0.0,0.0,0.0,0.0,13329.877764984161,-563.6303550463056,-21432.0,13581.241743142005,1669.085173997008,-0.0,0.0,0.0,0.0,0.0,16842.035171674113,-1227.3620888131272,-30865.0,26962.750341363197,353.99582911180005,-0.0,0.0,0.0,0.0,0.0,-7626.523499999999,-676.2226704750001,-19014.0,13765.348837138208,184.76741518679242,-0.0,0.0,0.0,0.0,0.0,-8748.139,-325.977252325,-4876.0,36579.08155284069,64.6,-0.0,0.0,0.0,0.0,0.0,2508.087874293911,-950.7694271345983,-38201.0,26303.578163331473,1288.6858940789632,-0.0,0.0,0.0,0.0,0.0,-12833.53319451124,-1090.7308628991993,-13668.0
t415,18559.27432073079,3674.808890733219,-0.0,0.0,0.0,0.0,0.0,-4955.296401998926,-719.7868094650804,-16559.0,7664.9029581197665,0.0,-0.0,0.0,0.0,0.0,0.0,14491.294975387671,-607.1979335074344,-21549.0,14687.87264316607,0.0,-0.0,0.0,0.0,0.0,0.0,15814.516877849637,-1249.3895210157057,-29253.0,25081.27209231149,921.4174035247349,-0.0,0.0,0.0,0.0,0.0,-6817.077404134034,-637.6120917021934,-18548.0,13888.116252325,0.0,-0.0,0.0,0.0,0.0,0.0,-8748.139,-325.977252325,-4814.0,36575.6416771581,64.6,-0.0,0.0,0.0,0.0,0.0,2215.8475269941828,-965.089204152285,-37891.0,26788.18956438309,0.0,-0.0,0.0,0.0,0.0,0.0,-12001.146574098528,-947.0429902845575,-13840.0
t416,19012.402358150222,0.0,-0.0,0.0,0.0,0.0,0.0,-1928.4451947784473,-586.9571633717696,-16497.0,8601.274355158323,0.0,-98.1980566098772,0.0,0.0,0.0,0.0,13758.725255100322,-580.8015536487645,-21681.0,17758.776210420194,0.0,-0.0,0.0,0.0,0.0,0.0,13453.925506095224,-1092.7017165154136,-30120.0,23569.654133465025,0.0,-84.95611620752086,0.0,0.0,0.0,0.0,-4948.22994915768,-548.4680680998213,-17988.0,14077.287942562734,0.0,-224.17169023773533,0.0,0.0,0.0,0.0,-8748.139,-325.977252325,-4779.0,36361.562602188744,0.0,-64.6,0.0,0.0,0.0,0.0,2329.55493878575,-959.5175409744982,-37667.0,28969.32396445345,0.0,-0.0,0.0,0.0,0.0,0.0,-13917.391556045168,-860.9324084082834,-14191.0
t417,20478.120226190687,0.0,-6469.0,0.0,0.0,0.0,0.0,2855.3173047143446,-551.4375309050259,-16313.0,11556.390342437531,0.0,-3911.7884271156186,0.0,0.0,0.0,0.0,14497.072701590048,-625.6746169119629,-21516.0,24366.39639344909,0.0,-3086.702784829188,0.0,0.0,0.0,0.0,10902.790177837225,-931.4837864571265,-31251.0,22601.159306261456,65.31862001354784,-0.0,0.0,0.0,0.0,0.0,-4319.9775,-518.500426275,-17828.0,14089.287942562734,0.0,-224.17169023773533,0.0,0.0,0.0,0.0,-8748.139,-325.977252325,-4791.0,37311.22889545071,0.0,-64.6,0.0,0.0,0.0,0.0,1024.8206268105678,-1023.4495222612821,-37248.0,32288.537776433634,0.0,-619.0493193300312,0.0,0.0,0.0,0.0,-16211.884310952186,-937.60414615142,-14520.0
t418,21110.44636581823,0.0,-6469.0,0.0,0.0,0.0,0.0,2229.2696031487767,-489.71596896699845,-16381.0,12858.703903426893,0.0,-3911.7884271156186,0.0,0.0,0.0,0.0,13073.277705106279,-556.193181417552,-21464.0,26524.206579595062,0.0,-4012.104053755519,0.0,0.0,0.0,0.0,10723.748002083095,-921.8505279226388,-32314.0,20798.435384835022,296.938591601694,-0.0,0.0,0.0,0.0,0.0,-2794.1299343098653,-419.24404212685675,-17882.0,13951.116252325,0.0,-0.0,0.0,0.0,0.0,0.0,-8748.139,-325.977252325,-4877.0,37206.70282474477,0.0,-64.6,0.0,0.0,0.0,0.0,904.2325961518436,-855.3354208965998,-37191.0,32640.45109665014,0.0,-1630.3,0.0,0.0,0.0,0.0,-15388.258972180129,-884.8921244700083,-14737.0
t419,21516.64351118584,0.0,-6469.0,0.0,0.0,0.0,0.0,2095.3076681831626,-507.9511793690013,-16635.0,13820.10540233121,0.0,-3871.57392793843,0.0,0.0,0.0,0.0,12005.572053593103,-477.1035279858897,-21477.0,27595.03234464505,0.0,-3431.5829136826183,0.0,0.0,0.0,0.0,9224.244387730125,-991.6938186925536,-32396.0,18924.778756630276,578.5,-0.0,0.0,0.0,0.0,0.0,-897.4159586219216,-295.86279800835604,-18310.0,13808.592661491675,32.78883627552684,-0.0,0.0,0.0,0.0,0.0,-8508.094416651284,-314.28708111591754,-5019.0,36590.44175742834,0.0,-64.6,0.0,0.0,0.0,0.0,1819.3334907078029,-594.1752481361478,-37751.0,32206.951646954127,0.0,-713.7212739098402,0.0,0.0,0.0,0.0,-15738.947224940988,-880.2831481033031,-14874.0
t420,21437.547388013867,0.0,-2405.605467243806,0.0,0.0,0.0,0.0,-850.726605632233,-597.215315137821,-17584.0,16154.4847380264,0.0,-1906.335003050386,0.0,0.0,0.0,0.0,8125.905270503665,-284.05500547967955,-22090.0,25967.772656910405,0.0,-3244.201121694034,0.0,0.0,0.0,0.0,11567.163251629958,-1113.7347868463264,-33177.0,17767.25282022061,578.5,-0.0,0.0,0.0,0.0,0.0,971.534735157403,-174.28755537801095,-19143.0,13666.625361038006,12.056350214870118,-0.0,0.0,0.0,0.0,0.0,-8179.4019531113545,-298.27975814152296,-5201.0,35528.199339993764,0.0,-0.0,0.0,0.0,0.0,0.0,4021.896494338933,-273.09583433269046,-39277.0,31752.325834297226,0.0,-0.0,0.0,0.0,0.0,0.0,-15656.37119288637,-837.9546414108574,-15258.0
t421,21373.11096227311,0.0,-1009.2379451800674,0.0,0.0,0.0,0.0,-1542.2450055594204,-568.6280115336202,-18253.0,17116.66224678961,0.0,-1528.1614710646083,0.0,0.0,0.0,0.0,8098.1965,-282.697275725,-23404.0,24593.651840108487,0.0,-650.5340251215323,0.0,0.0,0.0,0.0,11710.13655446882,-1120.2543694557785,-34533.0,17722.569567164384,974.4831063465713,-0.0,0.0,0.0,0.0,0.0,974.9344003657689,-239.98707387672562,-19432.0,14065.006932973201,28.889010396251074,-0.0,0.0,0.0,0.0,0.0,-8549.588118951511,-316.3078244179386,-5228.0,35980.68140239516,0.0,-0.0,0.0,0.0,0.0,0.0,4630.867832188723,-309.5492345838764,-40302.0,31827.066372478843,0.0,-0.0,0.0,0.0,0.0,0.0,-15322.30216251238,-848.7642099664695,-15656.0
t422,21013.281733297288,0.0,-0.0,0.0,0.0,0.0,0.0,-2234.831851428381,-629.4498818689092,-18149.0,16254.475265675712,0.0,-1157.0788815731726,0.0,0.0,0.0,0.0,9116.136866134786,-341.5332502373263,-23872.0,23316.344609437056,0.0,-0.0,0.0,0.0,0.0,0.0,13253.02207914193,-1144.3666885789864,-35425.0,18427.31945426355,578.5,-0.0,0.0,0.0,0.0,0.0,565.8574110477875,-200.67686531134143,-19371.0,14255.987942562735,0.0,-27.871690237735315,0.0,0.0,0.0,0.0,-8748.139,-325.977252325,-5154.0,37751.42471559527,0.0,-21.657220961652605,0.0,0.0,0.0,0.0,2853.831045506563,-376.5985401401783,-40207.0,31446.496199878933,0.0,-0.0,0.0,0.0,0.0,0.0,-14805.876550402689,-847.6196494762521,-15793.0
t423,21315.269677847227,0.0,-0.0,0.0,0.0,0.0,0.0,-2885.3746208853718,-585.8950569618506,-17844.0,15596.787996687819,0.0,-0.0,0.0,0.0,0.0,0.0,8400.443386232828,-351.2313829206474,-23646.0,20465.502798130856,0.0,-0.0,0.0,0.0,0.0,0.0,16151.927343739679,-1045.430141870541,-35572.0,19188.69833105901,974.4831063465714,-0.0,0.0,0.0,0.0,0.0,-686.0668959256227,-282.11454147996176,-19195.0,13911.973475476763,202.14277684823875,-0.0,0.0,0.0,0.0,0.0,-8748.139,-325.977252325,-5040.0,38512.847507336395,0.0,-0.0,0.0,0.0,0.0,0.0,1905.0245197749591,-565.8720271113443,-39852.0,30581.67842609488,0.0,-0.0,0.0,0.0,0.0,0.0,-14137.814732936471,-804.8636931584142,-15639.0
t424,19079.710036989163,3357.4478324096813,-0.0,0.0,0.0,0.0,0.0,-4534.772254589552,-625.3856148092837,-17277.0,14085.164495125853,882.8723204067616,-0.0,0.0,0.0,0.0,0.0,8454.004352725296,-406.04116825791107,-23016.0,15277.2923195305,0.0,-0.0,0.0,0.0,0.0,0.0,20875.088234881907,-991.3805544124069,-35161.0,20907.990380978918,974.4831063465713,-0.0,0.0,0.0,0.0,0.0,-2613.9501407685,-407.52334655699093,-18861.0,12630.490082320644,224.17169023773533,-0.0,0.0,0.0,0.0,0.0,-7737.883941578504,-276.77783097987316,-4840.0,39954.617824001165,54.910000032246174,-0.0,0.0,0.0,0.0,0.0,-235.3827325542843,-818.145091479132,-38956.0,28712.263024563592,1630.3,-0.0,0.0,0.0,0.0,0.0,-14207.10351811636,-692.4595064472265,-15443.0
t425,18727.99563813207,2034.684361867929,-0.0,0.0,0.0,0.0,0.0,-3400.0,-836.6800000000001,-16526.0,8782.634056858595,1277.250157946496,-0.0,0.0,0.0,0.0,0.0,12661.889009773797,-597.7732245788883,-22124.0,13758.889029071406,916.2040537555189,-0.0,0.0,0.0,0.0,0.0,21198.66830117839,-1080.7613840053082,-34793.0,23854.000028873234,578.5,-0.0,0.0,0.0,0.0,0.0,-5663.798139837893,-578.7018890353345,-18190.0,13447.172042630053,224.17169023773533,-0.0,0.0,0.0,0.0,0.0,-8689.466588262858,-324.8771446049286,-4657.0,40925.047294596334,0.0,-0.0,0.0,0.0,0.0,0.0,-2227.624956340369,-1059.4223382559655,-37638.0,29082.172674190893,888.3100057329569,-0.0,0.0,0.0,0.0,0.0,-13879.667626511064,-926.8150534127915,-15164.0
t426,18753.604230843815,1074.0757691561855,-0.0,0.0,0.0,0.0,0.0,-3400.0,-836.6800000000001,-15591.0,7561.85393117333,132.01561325742182,-0.0,0.0,0.0,0.0,0.0,13970.953707217104,-641.8232516478555,-21023.0,13462.463314322194,0.0,-0.0,0.0,0.0,0.0,0.0,21896.13474002016,-1243.5980543423525,-34115.0,25696.481483202326,0.0,-578.5,0.0,0.0,0.0,0.0,-6993.93336229582,-646.0481209065106,-17478.0,13841.287942562734,0.0,-224.17169023773533,0.0,0.0,0.0,0.0,-8748.139,-325.977252325,-4543.0,40320.38728102817,0.0,-0.0,0.0,0.0,0.0,0.0,-3187.0876362850813,-1250.2996447430767,-35883.0,29440.08028943929,0.0,-0.0,0.0,0.0,0.0,0.0,-13537.928448656367,-1065.1518407829305,-14837.0
t427,18262.17180963083,0.0,-0.0,0.0,0.0,0.0,0.0,-1972.5820673592443,-771.5897422715816,-15518.0,7494.96525306428,0.0,-0.0,0.0,0.0,0.0,0.0,13200.947282388079,-615.9125354523588,-20080.0,13617.32754249508,0.0,-0.0,0.0,0.0,0.0,0.0,21411.49779185439,-1162.825334349478,-33866.0,25028.52710632228,0.0,-578.5,0.0,0.0,0.0,0.0,-5634.809207594996,-581.2178987272813,-18234.0,13757.304943409337,102.81130891566318,-0.0,0.0,0.0,0.0,0.0,-8748.139,-325.977252325,-4786.0,39028.990094605164,0.0,-64.6,0.0,0.0,0.0,0.0,-3359.8621959310385,-1260.5278986741175,-34344.0,30463.374221960883,0.0,-0.0,0.0,0.0,0.0,0.0,-14897.05260335719,-1000.3216186037013,-14566.0
t428,18943.96229840763,1208.7177015923721,-0.0,0.0,0.0,0.0,0.0,-3400.0,-836.6800000000001,-15916.0,7712.388988723981,2972.3143364026923,-0.0,0.0,0.0,0.0,0.0,11334.12307080931,-543.8263959359845,-21475.0,13241.710121850769,0.0,-0.0,0.0,0.0,0.0,0.0,21922.68799931233,-1056.3981211631012,-34108.0,25183.61608348115,0.0,-578.5,0.0,0.0,0.0,0.0,-5257.877812309008,-563.2382711721397,-18784.0,14015.464803473962,0.0,-53.34855114896345,0.0,0.0,0.0,0.0,-8748.139,-325.977252325,-4888.0,36752.73969484376,0.0,-0.0,0.0,0.0,0.0,0.0,-576.8102591694551,-1101.9294356743032,-35074.0,30987.32598969173,0.0,-0.0,0.0,0.0,0.0,0.0,-15273.983998643178,-982.3419910485596,-14731.0
t429,19343.02041431233,950.6595856876684,-0.0,0.0,0.0,0.0,0.0,-3400.0,-836.6800000000001,-16057.0,7750.556122761105,3340.6884271156187,-0.0,0.0,0.0,0.0,0.0,11268.603786769232,-527.8483366459548,-21832.0,13112.906810483557,1329.5586596203661,-0.0,0.0,0.0,0.0,0.0,21090.92159070869,-1084.3870608126135,-34449.0,25572.479448105616,0.0,-974.4831063465713,0.0,0.0,0.0,0.0,-5391.389560211934,-569.6067815471092,-18637.0,13711.816252325001,196.3,-0.0,0.0,0.0,0.0,0.0,-8748.139,-325.977252325,-4834.0,35844.2383653033,44.248637957199996,-0.0,0.0,0.0,0.0,0.0,320.4754334742611,-1057.9624367347612,-35151.0,31466.04719690427,0.0,-551.864444740495,0.0,0.0,0.0,0.0,-15140.472250740253,-988.7105014235292,-14785.0
t430,19602.583036001975,448.0969639980257,-0.0,0.0,0.0,0.0,0.0,-3400.0,-836.6800000000001,-15814.0,7840.070665392308,1747.2371544647572,-0.0,0.0,0.0,0.0,0.0,12145.737433737397,-565.0452535944629,-21168.0,13080.960734691422,3095.9,-0.0,0.0,0.0,0.0,0.0,20714.202909735926,-1097.063644427347,-35794.0,25167.750688440614,0.0,-974.4831063465713,0.0,0.0,0.0,0.0,-5824.02413149665,-590.2434505973902,-17779.0,13990.287942562734,0.0,-224.17169023773533,0.0,0.0,0.0,0.0,-8748.139,-325.977252325,-4692.0,35995.42230258967,0.0,-0.0,0.0,0.0,0.0,0.0,-179.93953252113897,-1082.4827700685357,-34733.0,31685.857567074025,0.0,-1206.6727171446917,0.0,0.0,0.0,0.0,-14707.837679455535,-1009.3471704738101,-14762.0
t431,19584.45293994411,90.22706005589043,-0.0,0.0,0.0,0.0,0.0,-3400.0,-836.6800000000001,-15438.0,7932.53822460216,1291.5888809978412,-0.0,0.0,0.0,0.0,0.0,10888.988,-538.1151056,-19575.0,12985.613426869182,1303.7874989399006,-0.0,0.0,0.0,0.0,0.0,23001.472614805458,-1022.8735406145338,-36268.0,26022.212276598504,0.0,-974.4831063465713,0.0,0.0,0.0,0.0,-7202.7218390063335,-656.0073312456021,-17189.0,14105.287942562732,0.0,-224.17169023773533,0.0,0.0,0.0,0.0,-8748.139,-325.977252325,-4807.0,36156.7430809164,0.0,-0.0,0.0,0.0,0.0,0.0,-1210.4598038532713,-1133.2832770631137,-33813.0,30577.551023067877,0.0,-1630.3,0.0,0.0,0.0,0.0,-13329.139971945853,-1075.1110511220222,-14543.0
t432,19634.4806356389,0.0,-0.0,0.0,0.0,0.0,0.0,-2877.6211128910672,-812.8595227478327,-15944.0,7537.818122452412,0.0,-0.0,0.0,0.0,0.0,0.0,12898.931584775273,-605.749707227688,-19831.0,12845.053818981258,3030.6167313526894,-0.0,0.0,0.0,0.0,0.0,20439.24683906798,-1064.9173894019407,-35250.0,26642.521058229748,0.0,-974.4831063465713,0.0,0.0,0.0,0.0,-7153.384033939272,-653.6539179439033,-17861.0,14204.287942562734,0.0,-224.17169023773533,0.0,0.0,0.0,0.0,-8748.139,-325.977252325,-4906.0,36896.06950147501,0.0,-0.0,0.0,0.0,0.0,0.0,-1180.5564999999988,-1131.513001475,-34584.0,29630.299395712325,0.0,-669.0639808790838,0.0,0.0,0.0,0.0,-13378.477777012911,-1072.7576378203232,-14510.0
t433,15676.013722503514,0.0,-0.0,0.0,0.0,0.0,0.0,2864.983050398323,-550.9967729018365,-17990.0,7864.047655827443,0.0,-0.0,0.0,0.0,0.0,0.0,12685.96942234802,-586.0170781754662,-19964.0,13455.592966994001,4760.9,-0.0,0.0,0.0,0.0,0.0,14090.94345146026,-823.4364184542561,-31484.0,26979.983672405648,0.0,-0.0,0.0,0.0,0.0,0.0,-7125.652546416579,-652.3311259890708,-19202.0,14275.116252325,0.0,-0.0,0.0,0.0,0.0,0.0,-8748.139,-325.977252325,-5201.0,36442.29370677888,314.0,-0.0,0.0,0.0,0.0,0.0,-361.8951132544171,-1091.3985935244664,-35303.0,28656.21187938206,0.0,-172.56776898095822,0.0,0.0,0.0,0.0,-13406.209264535606,-1071.4348458654908,-14006.0
t434,16463.41725651394,2130.458083223227,-0.0,0.0,0.0,0.0,0.0,228.3518173898574,-671.2271571270226,-18151.0,7672.61699195506,0.0,-0.0,0.0,0.0,0.0,0.0,13415.515773213576,-623.1327651686369,-20465.0,13481.79691942739,630.1814419459373,-0.0,0.0,0.0,0.0,0.0,16816.689720348753,-940.6680817220794,-29988.0,25811.548409807037,0.0,-0.0,0.0,0.0,0.0,0.0,-5893.014135995076,-593.5342738119651,-19325.0,14364.563144470801,0.0,-26.446892145800774,0.0,0.0,0.0,0.0,-8748.139,-325.977252325,-5264.0,39555.06950147501,0.0,-0.0,0.0,0.0,0.0,0.0,-1180.5564999999988,-1131.513001475,-37243.0,29441.485668645488,0.0,-0.0,0.0,0.0,0.0,0.0,-14638.847674957111,-1012.6379936883851,-13790.0
t435,16823.9155143131,1348.891187264995,-0.0,0.0,0.0,0.0,0.0,733.3906832650273,-648.1973848431148,-18258.0,7550.248712058863,2246.9,-0.0,0.0,0.0,0.0,0.0,11445.044129028518,-497.19284108738276,-20745.0,13547.85910258712,1665.0,-0.0,0.0,0.0,0.0,0.0,14397.200462539626,-982.0595651267492,-28628.0,25856.09642094221,0.0,-0.0,0.0,0.0,0.0,0.0,-5445.9478973206515,-571.1485236215526,-19839.0,14482.8547240406,0.0,-0.0,0.0,0.0,0.0,0.0,-8732.176763647214,-325.6779603933853,-5425.0,36221.786285586146,314.0,-0.0,0.0,0.0,0.0,0.0,2704.365536119015,-941.1518217051682,-38299.0,29965.427685413895,0.0,-0.0,0.0,0.0,0.0,0.0,-15101.876149984319,-990.5515354295873,-13873.0
t436,17350.95364284637,0.0,-0.0,0.0,0.0,0.0,0.0,1892.3932260459387,-595.3468688923052,-18648.0,7890.171404470344,0.0,-0.0,0.0,0.0,0.0,0.0,14469.019242527796,-656.1906469981417,-21703.0,13539.201998974359,1665.0,-0.0,0.0,0.0,0.0,0.0,13943.28100440329,-905.4830033776497,-28242.0,26545.02723180058,62.05758518407333,-0.0,0.0,0.0,0.0,0.0,-5765.175311918566,-565.9095050660758,-20276.0,14159.914683936147,224.17169023773533,-0.0,0.0,0.0,0.0,0.0,-8424.183291385405,-319.90308278847635,-5640.0,41438.568335439064,0.0,-0.0,0.0,0.0,0.0,0.0,-1024.6926620248414,-1123.8756734142173,-39290.0,30296.72960212723,0.0,-0.0,0.0,0.0,0.0,0.0,-15090.642207648216,-991.0873944790194,-14215.0
t437,17927.295400390918,97.3,-0.0,0.0,0.0,0.0,0.0,1638.3364571624725,-606.9318575533913,-19056.0,10332.063777436526,3911.7884271156186,-0.0,0.0,0.0,0.0,0.0,9324.979733346096,-392.83193789824213,-23176.0,14021.78339217933,1920.9269025657195,-0.0,0.0,0.0,0.0,0.0,13461.131053417295,-941.8413481623431,-28462.0,26090.898985723292,389.5745975253517,-0.0,0.0,0.0,0.0,0.0,-5314.4469104494165,-555.02667279923,-20611.0,14406.683376069981,224.17169023773533,-0.0,0.0,0.0,0.0,0.0,-8583.95624071923,-322.8988255884856,-5724.0,36201.59004116439,378.6,-0.0,0.0,0.0,0.0,0.0,4855.5535670263225,-835.7436081907101,-40600.0,30615.123875475743,146.68260371995459,-0.0,0.0,0.0,0.0,0.0,-15381.59765978354,-977.2088194121644,-14403.0
t438,18453.257111376184,4863.454493519593,-0.0,0.0,0.0,0.0,0.0,-3219.2727667327636,-828.4388381630141,-19269.0,7806.394086122647,2246.9,-0.0,0.0,0.0,0.0,0.0,14994.312892852106,-620.6069789747532,-24427.0,14233.04672162948,0.0,-0.0,0.0,0.0,0.0,0.0,15059.95957768495,-1273.006299314434,-28020.0,26454.73976831832,32.466246240911005,-0.0,0.0,0.0,0.0,0.0,-5503.376738258886,-546.8292763003407,-20437.0,14117.84553431675,224.17169023773533,-0.0,0.0,0.0,0.0,0.0,-8324.97431016391,-318.0429143905733,-5699.0,39691.85957157685,0.0,-0.0,0.0,0.0,0.0,0.0,2445.001107147895,-953.8606787247531,-41183.0,30841.51709664057,0.0,-0.0,0.0,0.0,0.0,0.0,-15451.64976252939,-973.8673341111873,-14416.0
t439,19683.01455002342,97.3,-0.0,0.0,0.0,0.0,0.0,242.2775917909148,-670.5921418143344,-19352.0,8287.177992041046,2657.9767903108036,-0.0,0.0,0.0,0.0,0.0,14464.571218768262,-603.7260011201136,-24806.0,15593.559254815995,0.0,-0.0,0.0,0.0,0.0,0.0,12189.703302253696,-1095.2625570696941,-26688.0,25949.576788329083,0.0,-0.0,0.0,0.0,0.0,0.0,-5251.705045774522,-548.8717425545552,-20149.0,14336.278927296662,154.0970797702534,-0.0,0.0,0.0,0.0,0.0,-8536.369434102493,-322.0065729644217,-5632.0,39528.828048626856,378.6,-0.0,0.0,0.0,0.0,0.0,2383.448698139313,-956.8767467661737,-41334.0,31096.87247286672,0.0,-0.0,0.0,0.0,0.0,0.0,-15491.926331075172,-971.9461417915535,-14633.0
t440,19906.83327602723,0.0,-0.0,0.0,0.0,0.0,0.0,30.419590639602575,-680.2528666668342,-19257.0,9208.290017462932,0.0,-0.0,0.0,0.0,0.0,0.0,16034.2751101599,-671.5651276228351,-24571.0,18308.837209247074,0.0,-212.61139924461776,0.0,0.0,0.0,0.0,9836.444804813356,-1241.6706148158082,-26691.0,25550.007843261228,0.0,-0.0,0.0,0.0,0.0,0.0,-5252.047669882812,-562.9601733784101,-19735.0,14632.116252325,0.0,-0.0,0.0,0.0,0.0,0.0,-8748.139,-325.977252325,-5558.0,38857.80780903106,0.0,-0.0,0.0,0.0,0.0,0.0,3378.8613053393265,-1121.6691143703893,-41115.0,31072.8780343242,0.0,-0.0,0.0,0.0,0.0,0.0,-15279.814141069373,-982.0638932548301,-14811.0
t441,19103.239089668972,0.0,-5505.165776848832,0.0,0.0,0.0,0.0,5966.494536323511,-409.5678491436479,-19155.0,16076.35569664458,0.0,-3797.494996245653,0.0,0.0,0.0,0.0,12476.215454065621,-552.0761544645486,-24203.0,22021.482083129587,0.0,-4268.470819939274,0.0,0.0,0.0,0.0,9447.86979842888,-733.881061619191,-26467.0,25885.112557451484,0.0,-974.4831063465713,0.0,0.0,0.0,0.0,-4900.914073129538,-531.7153779753716,-19478.0,14416.881223865736,0.0,-0.0,0.0,0.0,0.0,0.0,-8529.994186788452,-321.8870370772835,-5565.0,40609.763080756245,0.0,-378.6,0.0,0.0,0.0,0.0,1389.4210221341755,-1005.5841028904254,-40615.0,32935.52175573009,0.0,-1126.519891596392,0.0,0.0,0.0,0.0,-15849.092551034197,-954.909313099508,-15005.0
t442,19740.500235534557,0.0,-6566.3,0.0,0.0,0.0,0.0,6402.486385295946,-389.68662083050486,-19187.0,23233.276292424,0.0,-6158.688427115619,0.0,0.0,0.0,0.0,7086.190145417052,-351.77801072543554,-23809.0,19671.804691560188,0.0,-5677.104053755518,0.0,0.0,0.0,0.0,13257.652571060164,-579.3532088648371,-26673.0,24462.892998889376,0.0,-974.4831063465713,0.0,0.0,0.0,0.0,-3645.7668678867703,-474.6430246560344,-19368.0,14310.033419792884,0.0,-77.67796885753495,0.0,0.0,0.0,0.0,-8309.72877649504,-304.6266744403084,-5618.0,41181.74829681688,0.0,-378.6,0.0,0.0,0.0,0.0,230.24178275951544,-794.3900795763949,-40239.0,32683.4570600046,0.0,-1630.3,0.0,0.0,0.0,0.0,-15021.075240150867,-804.0818198537411,-15228.0
t443,19925.3175637032,0.0,-6566.3,0.0,0.0,0.0,0.0,6578.7057707415715,-365.72333444476544,-19572.0,24157.297137833593,0.0,-6158.688427115619,0.0,0.0,0.0,0.0,6075.652978845456,-302.26168956342735,-23772.0,21216.04133791879,0.0,-5677.104053755518,0.0,0.0,0.0,0.0,12917.661462458651,-563.5987466219225,-27893.0,24573.072288458625,0.0,-974.4831063465713,0.0,0.0,0.0,0.0,-3427.1661351223484,-460.4230469897087,-19711.0,14718.089978757322,66.02627356767897,-0.0,0.0,0.0,0.0,0.0,-8748.139,-325.977252325,-5710.0,40993.08204368556,0.0,-378.6,0.0,0.0,0.0,0.0,482.6641645998516,-691.1462082854168,-40406.0,31224.17649382403,0.0,-1301.0812511678787,0.0,0.0,0.0,0.0,-13879.379241523182,-777.7160011329637,-15266.0
t444,19914.80395495239,0.0,-4573.27763557504,0.0,0.0,0.0,0.0,5246.702650237876,-250.22896961522406,-20338.0,24601.424649276796,0.0,-5857.353712058557,0.0,0.0,0.0,0.0,5815.440332683239,-289.51126990147867,-24270.0,22714.301893133284,0.0,-5284.007939059045,0.0,0.0,0.0,0.0,12571.569310952185,-546.86326502642,-29455.0,23650.143881318607,0.0,-620.9038094737051,0.0,0.0,0.0,0.0,-2071.9723787098283,-372.2676931350743,-20585.0,15126.287942562734,0.0,-224.17169023773533,0.0,0.0,0.0,0.0,-8748.139,-325.977252325,-5828.0,41238.690386609975,0.0,-314.0,0.0,0.0,0.0,0.0,1644.98604602659,-736.6764326365529,-41833.0,30955.9800769567,0.0,-0.0,0.0,0.0,0.0,0.0,-14458.586961190062,-825.393115766644,-15672.0
t445,19563.666395505636,0.0,-97.3,0.0,0.0,0.0,0.0,1725.410791816074,-346.77718732170933,-20845.0,24097.89026232055,0.0,-5469.515831682283,0.0,0.0,0.0,0.0,7576.835327258259,-323.20975789652607,-25882.0,22606.97182749078,0.0,-2581.204053755519,0.0,0.0,0.0,0.0,12081.359646492512,-796.1274202277721,-31311.0,23339.073133726906,0.0,-974.4831063465713,0.0,0.0,0.0,0.0,-1029.157445641365,-304.4325817389708,-21031.0,15154.287942562734,0.0,-224.17169023773533,0.0,0.0,0.0,0.0,-8748.139,-325.977252325,-5856.0,41768.68038434423,0.0,-378.6,0.0,0.0,0.0,0.0,2268.129000411031,-587.2093847552571,-43071.0,30939.445923088526,0.0,-0.0,0.0,0.0,0.0,0.0,-13874.438320336514,-788.0076027520169,-16277.0
t446,19283.161138877782,0.0,-97.3,0.0,0.0,0.0,0.0,1868.533723338007,-333.3948622157869,-20721.0,24611.362221816074,0.0,-2424.582800249981,0.0,0.0,0.0,0.0,4604.07392916508,-222.85335073117483,-26568.0,21013.913643991,0.0,-2585.8931314930087,0.0,0.0,0.0,0.0,14827.402662668634,-687.4231751666244,-32568.0,23674.136734473042,0.0,-653.0732949326219,0.0,0.0,0.0,0.0,-1653.046851922837,-345.01658761758057,-21023.0,15058.287942562736,0.0,-224.17169023773533,0.0,0.0,0.0,0.0,-8748.139,-325.977252325,-5760.0,41961.3684875318,0.0,-335.6572209616526,0.0,0.0,0.0,0.0,2213.914968522595,-578.6262350927461,-43261.0,30294.60745299131,0.0,-0.0,0.0,0.0,0.0,0.0,-13112.739431771479,-735.8680212198283,-16446.0
t447,19259.49718374119,0.0,-97.3,0.0,0.0,0.0,0.0,1620.5674206601811,-448.76460440137043,-20334.0,24554.784049977763,0.0,-2246.9,0.0,0.0,0.0,0.0,4555.910245659558,-227.79429563731833,-26636.0,19011.54439678527,0.0,-1665.0,0.0,0.0,0.0,0.0,16500.47706167407,-726.0214584593381,-33121.0,23889.74216641511,0.0,-322.8723350221746,0.0,0.0,0.0,0.0,-2471.605972952385,-398.2638584405526,-20697.0,14702.116252325,0.0,-0.0,0.0,0.0,0.0,0.0,-8748.139,-325.977252325,-5628.0,41710.21630847429,0.0,-314.0,0.0,0.0,0.0,0.0,1907.5858953761067,-604.8022038504048,-42699.0,30497.41278770994,0.0,-0.0,0.0,0.0,0.0,0.0,-13364.795650417533,-748.6171372924063,-16384.0
t448,20520.340222668736,0.0,-97.3,0.0,0.0,0.0,0.0,17.78861642240281,-680.8288390911384,-19760.0,22412.036859804968,0.0,-2246.9,0.0,0.0,0.0,0.0,6144.498247944304,-305.6351077492709,-26004.0,15632.385929118374,0.0,-1665.0,0.0,0.0,0.0,0.0,20441.41407087905,-917.7999999974352,-33491.0,26085.282458730435,288.0138437493954,-0.0,0.0,0.0,0.0,0.0,-5454.670996425348,-572.6253060544891,-20346.0,14667.416252325,0.0,-196.3,0.0,0.0,0.0,0.0,-8748.139,-325.977252325,-5397.0,41235.03786532268,0.0,-314.0,0.0,0.0,0.0,0.0,1573.623785361191,-875.6616506838781,-41619.0,31161.324501292238,0.0,-0.0,0.0,0.0,0.0,0.0,-13974.5147241816,-915.8097771106396,-16271.0
t449,20191.437445924206,121.92973972424994,-0.0,0.0,0.0,0.0,0.0,-712.2486473301951,-714.1185383182569,-18887.0,12658.262348446266,2073.8647571537344,-0.0,0.0,0.0,0.0,0.0,10888.988,-538.1151056,-25083.0,13509.519791306771,916.2040537555189,-0.0,0.0,0.0,0.0,0.0,20283.81795828238,-898.541803344677,-33811.0,27274.06073796279,253.1307558767735,-0.0,0.0,0.0,0.0,0.0,-7096.262283396552,-650.9292104430156,-19780.0,14267.987942562735,0.0,-27.871690237735315,0.0,0.0,0.0,0.0,-8748.139,-325.977252325,-5166.0,42130.069501475,314.0,-0.0,0.0,0.0,0.0,0.0,-1180.5564999999988,-1131.513001475,-40132.0,30477.63245787507,0.0,-0.0,0.0,0.0,0.0,0.0,-13435.599527555634,-1070.0329303194355,-15972.0
t450,19914.416946466583,97.3,-0.0,0.0,0.0,0.0,0.0,-1184.082772060613,-735.634174405964,-18092.0,8907.964772455138,1479.6901753129082,-0.0,0.0,0.0,0.0,0.0,14208.393656612423,-641.0486043804669,-23955.0,13383.799700164498,4760.9,-0.0,0.0,0.0,0.0,0.0,16865.269125778803,-1050.9688259433078,-33959.0,26718.281287909518,0.0,-0.0,0.0,0.0,0.0,0.0,-7083.939857196261,-650.3414307132616,-18984.0,14086.91437372468,0.0,-75.79812139967902,0.0,0.0,0.0,0.0,-8748.139,-325.977252325,-4937.0,39935.86567516577,44.248637957199996,-0.0,0.0,0.0,0.0,0.0,-609.5791993784278,-1103.535113744543,-38267.0,30316.3671043456,0.0,-0.0,0.0,0.0,0.0,0.0,-13447.921953755926,-1069.4451505896816,-15799.0
t451,20042.41139685963,1811.2686031403712,-0.0,0.0,0.0,0.0,0.0,-3400.0,-836.6800000000001,-17617.0,8089.859706484899,1437.4921524115362,-0.0,0.0,0.0,0.0,0.0,13804.883117404217,-636.2349763006519,-22696.0,13442.548942179106,1665.0,-0.0,0.0,0.0,0.0,0.0,20055.674193547966,-1119.223135727072,-34044.0,27356.550585974284,0.0,-0.0,0.0,0.0,0.0,0.0,-7579.256443791854,-652.2941421824285,-19125.0,13375.660511770748,224.17169023773533,-0.0,0.0,0.0,0.0,0.0,-8421.970607051271,-319.8615949572113,-4858.0,39026.06950147501,0.0,-0.0,0.0,0.0,0.0,0.0,-1180.5564999999988,-1131.513001475,-36714.0,29877.287279535693,0.0,-0.0,0.0,0.0,0.0,0.0,-13278.77376010906,-1077.513519426637,-15521.0
t452,20050.637967095787,1585.0420329042106,-0.0,0.0,0.0,0.0,0.0,-3400.0,-836.6800000000001,-17399.0,8131.01345580642,2677.3697292526504,-0.0,0.0,0.0,0.0,0.0,12097.394809686893,-578.777994745964,-22327.0,13625.603652907097,0.0,-0.0,0.0,0.0,0.0,0.0,21763.16250126529,-1061.766154172384,-34327.0,27437.246170474995,578.5,-0.0,0.0,0.0,0.0,0.0,-7626.523499999999,-676.2226704750001,-19713.0,14012.60606913076,19.51018319423997,-0.0,0.0,0.0,0.0,0.0,-8748.139,-325.977252325,-4958.0,38122.06950147501,0.0,-0.0,0.0,0.0,0.0,0.0,-1180.5564999999988,-1131.513001475,-35810.0,29068.339552579495,425.3251487241083,-0.0,0.0,0.0,0.0,0.0,-12905.338310952186,-1095.32639035142,-15493.0
t453,19604.42079716272,0.0,-0.0,0.0,0.0,0.0,0.0,-1486.051326905644,-628.3694702570712,-17490.0,9742.838643136705,2582.3755973901343,-0.0,0.0,0.0,0.0,0.0,10825.768290874574,-512.9825314014158,-22638.0,13802.074995228242,3095.9,-0.0,0.0,0.0,0.0,0.0,18517.799122479148,-931.774117707391,-34484.0,27020.26306412843,974.4831063465713,-0.0,0.0,0.0,0.0,0.0,-7626.523499999999,-676.2226704750001,-19692.0,13845.706252129028,137.41000019597288,-0.0,0.0,0.0,0.0,0.0,-8748.139,-325.977252325,-4909.0,36282.32049138687,378.6,-0.0,0.0,0.0,0.0,0.0,318.1556163852565,-1058.0761077721224,-35921.0,28505.658530265147,0.0,-0.0,0.0,0.0,0.0,0.0,-11801.009202833333,-1024.6493274318134,-15680.0
t454,19104.598327731102,2426.0816722688987,-0.0,0.0,0.0,0.0,0.0,-3400.0,-836.6800000000001,-17294.0,7842.900890295022,2246.9,-0.0,0.0,0.0,0.0,0.0,12528.483229787322,-593.2841200823434,-22025.0,13487.319852119499,1060.8783462244028,-0.0,0.0,0.0,0.0,0.0,21332.074081164865,-1076.2722795087634,-34804.0,26896.246170475,578.5,-0.0,0.0,0.0,0.0,0.0,-7626.523499999999,-676.2226704750001,-19172.0,14041.287942562734,0.0,-224.17169023773533,0.0,0.0,0.0,0.0,-8748.139,-325.977252325,-4743.0,37804.06950147501,0.0,-0.0,0.0,0.0,0.0,0.0,-1180.5564999999988,-1131.513001475,-35492.0,28115.14730605256,1486.5173952510459,-0.0,0.0,0.0,0.0,0.0,-12905.338310952186,-1095.32639035142,-15601.0
t455,19557.764512798283,1837.9154872017152,-0.0,0.0,0.0,0.0,0.0,-3400.0,-836.6800000000001,-17159.0,7899.448148645668,43.935428759485845,-0.0,0.0,0.0,0.0,0.0,13756.213672059652,-634.5972494648073,-21065.0,13386.826943069858,2356.414826928839,-0.0,0.0,0.0,0.0,0.0,20104.343638892533,-1117.5854088912274,-34730.0,26703.4588692938,732.2873011812,-0.0,0.0,0.0,0.0,0.0,-7626.523499999999,-676.2226704750001,-19133.0,14144.287942562734,0.0,-224.17169023773533,0.0,0.0,0.0,0.0,-8748.139,-325.977252325,-4846.0,37010.069501475016,0.0,-0.0,0.0,0.0,0.0,0.0,-1180.5564999999988,-1131.513001475,-34698.0,28120.67853913852,1280.9861621650873,-0.0,0.0,0.0,0.0,0.0,-12905.338310952186,-1095.32639035142,-15401.0
t456,19204.46878505701,3604.345612705055,-0.0,0.0,0.0,0.0,0.0,-4364.88717709622,-774.927220665842,-17669.0,7613.247624057356,4702.1525157722,-0.0,0.0,0.0,0.0,0.0,9236.077639447247,-427.4777792768077,-21124.0,13552.772614587942,0.0,-0.0,0.0,0.0,0.0,0.0,21040.31728123835,-1086.0898958262906,-33507.0,27122.130936053272,592.6152344217255,-0.0,0.0,0.0,0.0,0.0,-7626.523499999999,-676.2226704750001,-19412.0,14007.636393987868,22.4798583371321,-0.0,0.0,0.0,0.0,0.0,-8748.139,-325.977252325,-4956.0,33842.68315408497,125.60000000037874,-0.0,0.0,0.0,0.0,0.0,2403.605890266592,-955.889044351937,-35416.0,28066.63747763827,256.3872672349583,-0.0,0.0,0.0,0.0,0.0,-11940.451133855966,-1033.573611017262,-15349.0
t457,22397.15479292925,0.0,-1593.8527055946608,0.0,0.0,0.0,0.0,-1743.1733811539652,-761.1287061806208,-18299.0,7429.413928416571,0.0,-571.1,0.0,0.0,0.0,0.0,15651.044374174397,-698.3583025909684,-21811.0,13529.721764882304,0.0,-272.35612849228147,0.0,0.0,0.0,0.0,19978.221196626728,-1308.586833016752,-31927.0,27929.680052305528,440.47281406181406,-0.0,0.0,0.0,0.0,0.0,-8043.753253775632,-668.399612591707,-19658.0,13438.89175042834,224.17169023773533,-0.0,0.0,0.0,0.0,0.0,-8330.909246224368,-318.15419444170686,-5014.0,44596.35482794097,0.0,-64.6,0.0,0.0,0.0,0.0,-6314.042603473219,-1216.7122244677607,-37001.0,27906.649178602605,0.0,-468.52814390322385,0.0,0.0,0.0,0.0,-11197.387086173943,-977.733948525438,-15263.0
t458,22023.26626503342,0.0,-1489.8461153588025,0.0,0.0,0.0,0.0,-1095.8111607446626,-731.6089889299567,-18706.0,7525.531319620813,0.0,-1013.7117646086417,0.0,0.0,0.0,0.0,16859.192947056275,-739.0125020684436,-22632.0,13502.010911908015,0.0,-0.0,0.0,0.0,0.0,0.0,18122.71040333555,-1319.721315243563,-30305.0,28361.50479253415,21.241377940848906,-0.0,0.0,0.0,0.0,0.0,-7626.523499999999,-676.2226704750001,-20080.0,14169.675962212075,0.0,-39.55970988707573,0.0,0.0,0.0,0.0,-8748.139,-325.977252325,-5056.0,46940.588236413714,0.0,-64.6,0.0,0.0,0.0,0.0,-6793.270878694977,-1183.7173577187427,-38899.0,27414.8037506354,0.0,-449.9058579067968,0.0,0.0,0.0,0.0,-10718.158810952185,-944.73908177642,-15302.0
t459,22399.956881157086,0.0,-0.0,0.0,0.0,0.0,0.0,-2454.396405085203,-793.5604760718853,-19152.0,7446.825676224862,0.0,-2246.9,0.0,0.0,0.0,0.0,18386.480036399997,-790.4057126248599,-22796.0,13543.160906773745,0.0,-904.1034521642032,0.0,0.0,0.0,0.0,17954.008558332367,-1433.0660129419077,-29160.0,28785.619064598373,285.1271058766256,-0.0,0.0,0.0,0.0,0.0,-7626.523499999999,-676.2226704750001,-20768.0,14320.116252325,0.0,-0.0,0.0,0.0,0.0,0.0,-8748.139,-325.977252325,-5246.0,47552.47051476948,0.0,-64.6,0.0,0.0,0.0,0.0,-6088.639270850663,-1232.2312439188236,-40167.0,27558.94270448386,0.0,-173.89931771085512,0.0,0.0,0.0,0.0,-11422.7904187965,-993.252967976501,-14969.0
t460,22480.316211818412,0.0,-0.0,0.0,0.0,0.0,0.0,-2067.402650935739,-775.9135608826698,-19637.0,7286.874921111957,0.0,-0.0,0.0,0.0,0.0,0.0,17107.492873480667,-747.3677945926244,-23647.0,13774.370806270024,0.0,-0.0,0.0,0.0,0.0,0.0,18712.08233099275,-1364.4531372627753,-31122.0,29725.746170475,226.0,-0.0,0.0,0.0,0.0,0.0,-7626.523499999999,-676.2226704750001,-21649.0,14723.416252324998,0.0,-196.3,0.0,0.0,0.0,0.0,-8748.139,-325.977252325,-5453.0,48394.860899552434,0.0,-0.0,0.0,0.0,0.0,0.0,-5893.331097287621,-1228.5298022648194,-41273.0,27683.658525030238,0.0,-0.0,0.0,0.0,0.0,0.0,-11484.178956250056,-997.4795687801783,-15202.0
t461,22852.97844776318,1430.7015522368197,-0.0,0.0,0.0,0.0,0.0,-3400.0,-836.6800000000001,-20047.0,7807.4817987737715,485.4350002850742,-0.0,0.0,0.0,0.0,0.0,17451.01035891877,-758.9271579776166,-24985.0,13727.625151494383,0.0,-0.0,0.0,0.0,0.0,0.0,19835.08183072839,-1444.7069822227793,-32118.0,30352.604441618023,239.14172885696934,-0.0,0.0,0.0,0.0,0.0,-7626.523499999999,-676.2226704750001,-22289.0,14704.116252325,0.0,-0.0,0.0,0.0,0.0,0.0,-8748.139,-325.977252325,-5630.0,49656.78504526782,0.0,-0.0,0.0,0.0,0.0,0.0,-6278.635007840758,-1219.1500374270556,-42159.0,27581.96644329114,0.0,-0.0,0.0,0.0,0.0,0.0,-11232.794681806405,-980.171761484733,-15369.0
t462,23318.237552887098,1190.4424471129043,-0.0,0.0,0.0,0.0,0.0,-3400.0,-836.6800000000001,-20272.0,8180.312328365092,0.0,-0.0,0.0,0.0,0.0,0.0,18466.7960170072,-793.1083453722922,-25854.0,14007.089287623105,231.5027093543904,-0.0,0.0,0.0,0.0,0.0,18819.296172639966,-1478.8881696174549,-31579.0,30834.746170475,0.0,-0.0,0.0,0.0,0.0,0.0,-7626.523499999999,-676.2226704750001,-22532.0,14540.816252325001,196.3,-0.0,0.0,0.0,0.0,0.0,-8748.139,-325.977252325,-5663.0,50522.04921221951,0.0,-0.0,0.0,0.0,0.0,0.0,-6464.7104703888945,-1206.3387418306165,-42851.0,27303.079685146564,0.0,-0.0,0.0,0.0,0.0,0.0,-11046.719219258268,-967.3604658882938,-15289.0
t463,22797.778352870973,0.0,-0.0,0.0,0.0,0.0,0.0,-1926.2991133042924,-769.4792395666758,-20102.0,7791.388801725001,0.0,-0.0,0.0,0.0,0.0,0.0,18619.870499999997,-798.2593017249999,-25613.0,14133.805842047077,0.0,-0.0,0.0,0.0,0.0,0.0,16829.544315428393,-1395.350157475473,-29568.0,30901.746170475,0.0,-0.0,0.0,0.0,0.0,0.0,-7626.523499999999,-676.2226704750001,-22599.0,14666.116252325,0.0,-0.0,0.0,0.0,0.0,0.0,-8748.139,-325.977252325,-5592.0,50355.52354082929,0.0,-0.0,0.0,0.0,0.0,0.0,-6430.294391171914,-1162.2291496573773,-42763.0,27007.40337791728,9.494514811325303,-0.0,0.0,0.0,0.0,0.0,-10718.158810952185,-944.73908177642,-15354.0
t464,23850.600082370056,0.0,-0.0,0.0,0.0,0.0,0.0,-3288.6581784317004,-681.9419039383492,-19880.0,8170.449925176408,0.0,-0.0,0.0,0.0,0.0,0.0,17453.56313367164,-759.0130588480506,-24865.0,17243.359252032962,0.0,-796.8360113168977,0.0,0.0,0.0,0.0,14930.133113028518,-1174.6563537445784,-30202.0,30793.746170475,0.0,-0.0,0.0,0.0,0.0,0.0,-7626.523499999999,-676.2226704750001,-22491.0,14621.116252325,0.0,-0.0,0.0,0.0,0.0,0.0,-8748.139,-325.977252325,-5547.0,44359.069501475,0.0,-0.0,0.0,0.0,0.0,0.0,-1180.5564999999988,-1131.513001475,-42047.0,27892.752227088127,0.0,-0.0,0.0,0.0,0.0,0.0,-11539.81906826846,-1007.9331588196615,-15345.0
t465,23424.505361829142,0.0,-3603.9244633916896,0.0,0.0,0.0,0.0,337.03115781019414,-605.6120562476486,-19552.0,17127.934183661688,0.0,-5765.2712273656,0.0,0.0,0.0,0.0,13432.937475908144,-620.6004322042306,-24175.0,21385.98047201673,0.0,-5264.046586567794,0.0,0.0,0.0,0.0,15933.963319591983,-917.8972050409175,-31138.0,30969.746170474995,0.0,-0.0,0.0,0.0,0.0,0.0,-7626.523499999999,-676.2226704750001,-22667.0,14705.987942562733,0.0,-27.871690237735315,0.0,0.0,0.0,0.0,-8748.139,-325.977252325,-5604.0,43330.950065004494,0.0,-0.0,0.0,0.0,0.0,0.0,-977.3921182359336,-1121.5579467685607,-41232.0,28759.782222969632,0.0,-0.0,0.0,0.0,0.0,0.0,-12351.877335074389,-1059.904887895241,-15348.0
t466,23522.626004383925,0.0,-6566.3,0.0,0.0,0.0,0.0,2907.461357256041,-438.78736163996416,-19425.0,28086.32174927025,0.0,-6158.688427115619,0.0,0.0,0.0,0.0,1859.0130088805108,-95.64633103514504,-23691.0,22795.734410112498,0.0,-5677.104053755518,0.0,0.0,0.0,0.0,15657.972912919133,-687.6032692761128,-32089.0,31158.746170474995,0.0,-0.0,0.0,0.0,0.0,0.0,-7626.523499999999,-676.2226704750001,-22856.0,14830.757428659968,0.0,-34.6411763349669,0.0,0.0,0.0,0.0,-8748.139,-325.977252325,-5722.0,34165.82957619648,0.0,-64.6,0.0,0.0,0.0,0.0,7189.370335177022,-643.5999113735061,-40647.0,29047.082387099686,0.0,-1346.4378406619232,0.0,0.0,0.0,0.0,-11239.155114232708,-985.4894322050524,-15476.0
t467,23614.52334213795,0.0,-6566.3,0.0,0.0,0.0,0.0,2933.2275854899135,-326.4509276278616,-19655.0,28757.816086033567,0.0,-6158.688427115619,0.0,0.0,0.0,0.0,983.6246421472688,-52.75230106521617,-23530.0,24039.323233722367,0.0,-5677.104053755518,0.0,0.0,0.0,0.0,14617.959476613745,-640.1786565805871,-32340.0,31963.746170475,0.0,-0.0,0.0,0.0,0.0,0.0,-7626.523499999999,-676.2226704750001,-23661.0,14879.116252325,0.0,-0.0,0.0,0.0,0.0,0.0,-8748.139,-325.977252325,-5805.0,33045.93688430651,0.0,-21.657220961652605,0.0,0.0,0.0,0.0,8485.386437665462,-629.6661010103227,-40880.0,28918.373472411608,0.0,-1630.3,0.0,0.0,0.0,0.0,-10645.53564191639,-949.5378304952209,-15693.0
t468,24113.667035871338,0.0,-6474.518949032182,0.0,0.0,0.0,0.0,3387.4798847387974,-456.6279715779517,-20570.0,26506.29784388249,0.0,-5659.024172439358,0.0,0.0,0.0,0.0,3408.2870895445512,-171.560760987683,-24084.0,23959.929867221264,0.0,-5071.135080540607,0.0,0.0,0.0,0.0,15540.449410903542,-682.2441975842019,-33747.0,33274.746170474995,0.0,-0.0,0.0,0.0,0.0,0.0,-7626.523499999999,-676.2226704750001,-24972.0,15228.416252325,0.0,-196.3,0.0,0.0,0.0,0.0,-8748.139,-325.977252325,-5958.0,36907.81424640724,0.0,-0.0,0.0,0.0,0.0,0.0,6300.144410455448,-764.958656862683,-42443.0,29495.83172501393,0.0,-0.0,0.0,0.0,0.0,0.0,-12261.69829564234,-1054.13342937159,-16180.0
t469,23911.349667202412,0.0,-97.3,0.0,0.0,0.0,0.0,-1546.0358182364523,-687.0138489659587,-21581.0,25648.928385583284,0.0,-3877.7519404315153,0.0,0.0,0.0,0.0,4407.306519522458,-175.48296467422244,-26003.0,22165.712913562074,0.0,-2719.3942771384463,0.0,0.0,0.0,0.0,17589.861321434084,-1008.1799578577143,-36028.0,34051.74617047499,0.0,-0.0,0.0,0.0,0.0,0.0,-7626.523499999999,-676.2226704750001,-25749.0,15104.116252325,0.0,-0.0,0.0,0.0,0.0,0.0,-8748.139,-325.977252325,-6030.0,36401.50836115018,0.0,-0.0,0.0,0.0,0.0,0.0,8234.6590770494,-670.1674381995794,-43966.0,29984.42556860522,0.0,-0.0,0.0,0.0,0.0,0.0,-12311.128599769489,-1057.2969688357273,-16616.0
t470,24812.243400254476,0.0,-0.0,0.0,0.0,0.0,0.0,-2310.7005022634366,-741.5428979910386,-21760.0,25693.103259264775,0.0,-2246.9,0.0,0.0,0.0,0.0,3482.963158004258,-144.16641726902975,-26785.0,20997.17463780246,0.0,-1665.0,0.0,0.0,0.0,0.0,19444.41532961979,-1020.589967422251,-37756.0,34209.74617047499,0.0,-0.0,0.0,0.0,0.0,0.0,-7626.523499999999,-676.2226704750001,-25907.0,15059.116252325,0.0,-0.0,0.0,0.0,0.0,0.0,-8748.139,-325.977252325,-5985.0,36737.99366660162,0.0,-0.0,0.0,0.0,0.0,0.0,8248.495773473194,-669.4894400748135,-44317.0,30281.288717849653,0.0,-0.0,0.0,0.0,0.0,0.0,-12490.511258833809,-1068.7774590158438,-16722.0
t471,24356.021634316534,0.0,-0.0,0.0,0.0,0.0,0.0,-2067.9060569491967,-715.1155773673386,-21573.0,24621.92368462887,0.0,-2246.9,0.0,0.0,0.0,0.0,4590.463731830845,-229.48741645971143,-26736.0,18971.263357969543,0.0,-599.7484335261275,0.0,0.0,0.0,0.0,21084.53979463911,-935.0547190825439,-38521.0,34030.74617047499,0.0,-0.0,0.0,0.0,0.0,0.0,-7626.523499999999,-676.2226704750001,-25728.0,14961.116252325,0.0,-0.0,0.0,0.0,0.0,0.0,-8748.139,-325.977252325,-5887.0,39690.91754416556,0.0,-0.0,0.0,0.0,0.0,0.0,5117.9677681691555,-822.8853123347113,-43986.0,29971.21325135255,0.0,-0.0,0.0,0.0,0.0,0.0,-12350.402737689916,-1059.8105136626348,-16561.0
t472,23598.375131229583,0.0,-0.0,0.0,0.0,0.0,0.0,-1285.1330635325012,-740.2420676970821,-21573.0,19339.58733438066,0.0,-487.78889553348546,0.0,0.0,0.0,0.0,7863.7639223500655,-400.56236119723684,-26315.0,15313.310554637183,0.0,-0.0,0.0,0.0,0.0,0.0,24411.49599972635,-1131.8065543635407,-38593.0,33605.746170474995,0.0,-0.0,0.0,0.0,0.0,0.0,-7626.523499999999,-676.2226704750001,-25303.0,14778.12162135551,22.994630969489663,-0.0,0.0,0.0,0.0,0.0,-8748.139,-325.977252325,-5727.0,47473.558746200724,0.0,-0.0,0.0,0.0,0.0,0.0,-3177.161792143428,-1091.396954057299,-43205.0,28942.623545739527,0.0,-0.0,0.0,0.0,0.0,0.0,-11438.302566400485,-994.3209793390355,-16510.0
t473,23180.825364839508,2370.8546351604905,-0.0,0.0,0.0,0.0,0.0,-3400.0,-836.6800000000001,-21315.0,9801.43277329706,3055.1497679607364,-0.0,0.0,0.0,0.0,0.0,13475.571085157762,-625.1536264155587,-25707.0,13422.208292415802,2581.204053755519,-0.0,0.0,0.0,0.0,0.0,23810.521104489402,-1310.9334506607213,-38503.0,33183.59956705074,0.0,-262.85339657574235,0.0,0.0,0.0,0.0,-7626.523499999999,-676.2226704750001,-24618.0,14643.116252325,0.0,-0.0,0.0,0.0,0.0,0.0,-8748.139,-325.977252325,-5569.0,48439.92689408772,64.6,-0.0,0.0,0.0,0.0,0.0,-5252.744280052448,-1289.7826140352809,-41962.0,29508.48974768768,0.0,-0.0,0.0,0.0,0.0,0.0,-12258.685409594715,-1050.8043380929582,-16199.0
t474,23078.0277395112,2000.6522604888019,-0.0,0.0,0.0,0.0,0.0,-3400.0,-836.6800000000001,-20842.0,6350.289423787131,4862.953922396947,-0.0,0.0,0.0,0.0,0.0,14235.481257531868,-650.7246037159473,-24798.0,13295.993495845813,3095.9,-0.0,0.0,0.0,0.0,0.0,23050.61093211529,-1336.50442796111,-38106.0,32545.341411465604,0.0,-451.5952409906137,0.0,0.0,0.0,0.0,-7626.523499999999,-676.2226704750001,-23791.0,14554.116252325,0.0,-0.0,0.0,0.0,0.0,0.0,-8748.139,-325.977252325,-5480.0,46859.29114731573,0.0,-0.0,0.0,0.0,0.0,0.0,-5368.476711162368,-1281.8144361533627,-40209.0,29127.789138695836,0.0,-0.0,0.0,0.0,0.0,0.0,-12142.952978484795,-1042.8361602110401,-15942.0
t475,23061.340780599643,1678.3392194003602,-0.0,0.0,0.0,0.0,0.0,-3400.0,-836.6800000000001,-20503.0,6499.344930154165,3891.4872303612806,-0.0,0.0,0.0,0.0,0.0,14055.847776566,-644.6799370814459,-23802.0,13407.011294489927,2581.204053755519,-0.0,0.0,0.0,0.0,0.0,23230.244413081164,-1330.4597613266085,-37888.0,32648.111026808918,0.0,-332.3648563339229,0.0,0.0,0.0,0.0,-7626.523499999999,-676.2226704750001,-24013.0,14436.816252325003,196.3,-0.0,0.0,0.0,0.0,0.0,-8748.139,-325.977252325,-5559.0,45582.63905938489,0.0,-0.0,0.0,0.0,0.0,0.0,-5538.532998623205,-1270.1060607616841,-38774.0,28551.024475843322,0.0,-0.0,0.0,0.0,0.0,0.0,-11972.896691023958,-1031.1277848193615,-15547.0
t476,22874.550719809456,2065.129280190546,-0.0,0.0,0.0,0.0,0.0,-3400.0,-836.6800000000001,-20703.0,6278.846927228201,4171.633110466969,-0.0,0.0,0.0,0.0,0.0,13991.018390546727,-642.4984282418974,-23799.0,13107.481604576422,2669.7228488102,-0.0,0.0,0.0,0.0,0.0,23295.073799100435,-1328.2782524870602,-37744.0,32844.746170474995,0.0,-0.0,0.0,0.0,0.0,0.0,-7626.523499999999,-676.2226704750001,-24542.0,14757.116252325,0.0,-0.0,0.0,0.0,0.0,0.0,-8748.139,-325.977252325,-5683.0,45946.33995059421,64.6,-0.0,0.0,0.0,0.0,0.0,-6446.336135829153,-1207.6038147650547,-38357.0,27580.719092640746,0.0,-0.0,0.0,0.0,0.0,0.0,-11065.09355381801,-968.625538822732,-15547.0
t477,22411.699390498776,2838.980609501229,-0.0,0.0,0.0,0.0,0.0,-3400.0,-836.6800000000001,-21014.0,6136.139640399634,4796.21244886881,-0.0,0.0,0.0,0.0,0.0,13894.91237143018,-639.2644606986256,-24188.0,13009.660412971287,2581.204053755519,-0.0,0.0,0.0,0.0,0.0,23391.17981821698,-1325.0442849437884,-37657.0,32916.74617047499,0.0,-0.0,0.0,0.0,0.0,0.0,-7626.523499999999,-676.2226704750001,-24614.0,14665.116252325,0.0,-0.0,0.0,0.0,0.0,0.0,-8748.139,-325.977252325,-5591.0,46572.98823641372,0.0,-0.0,0.0,0.0,0.0,0.0,-6793.270878694977,-1183.7173577187427,-38596.0,26891.475582918963,433.42230980964507,-0.0,0.0,0.0,0.0,0.0,-10718.158810952185,-944.73908177642,-15662.0
t478,22001.78665349541,2970.8933465045898,-0.0,0.0,0.0,0.0,0.0,-3400.0,-836.6800000000001,-20736.0,6198.101147675999,2645.3023603347806,-0.0,0.0,0.0,0.0,0.0,15420.186424576208,-690.5899325869893,-23573.0,13209.563991761197,4760.9,-0.0,0.0,0.0,0.0,0.0,21865.90576507095,-1376.369756832152,-38460.0,32363.06636220158,0.0,-382.32019172658534,0.0,0.0,0.0,0.0,-7626.523499999999,-676.2226704750001,-23678.0,14649.416252325,0.0,-196.3,0.0,0.0,0.0,0.0,-8748.139,-325.977252325,-5379.0,46234.38823641372,64.6,-0.0,0.0,0.0,0.0,0.0,-6793.270878694977,-1183.7173577187427,-38322.0,26291.751461964068,890.1464307645351,-0.0,0.0,0.0,0.0,0.0,-10718.158810952185,-944.73908177642,-15519.0
t479,21857.003572993748,2904.676427006255,-0.0,0.0,0.0,0.0,0.0,-3400.0,-836.6800000000001,-20525.0,5077.677074083233,3985.8467330868402,-0.0,0.0,0.0,0.0,0.0,13765.381955016224,-634.9057621862959,-22194.0,13206.613751621915,3321.361600178602,-0.0,0.0,0.0,0.0,0.0,23520.71023463094,-1320.6855864314587,-38728.0,32040.746170474995,0.0,-0.0,0.0,0.0,0.0,0.0,-7626.523499999999,-676.2226704750001,-23738.0,14523.116252325002,0.0,-0.0,0.0,0.0,0.0,0.0,-8748.139,-325.977252325,-5449.0,45348.988236413716,0.0,-0.0,0.0,0.0,0.0,0.0,-6793.270878694977,-1183.7173577187427,-37372.0,25968.003740835902,1106.8941518927038,-0.0,0.0,0.0,0.0,0.0,-10718.158810952185,-944.73908177642,-15412.0
t480,22891.979204623978,2958.241133699997,-0.0,0.0,0.0,0.0,0.0,-4142.03027598715,-789.1900623368224,-20919.0,7521.183092963954,2099.9605281166355,-0.0,0.0,0.0,0.0,0.0,13376.682401116996,-621.8260221975869,-22376.0,12919.925898537627,1912.270159374956,-0.0,0.0,0.0,0.0,0.0,23909.409788530167,-1307.6058464427495,-37434.0,32259.746170474995,0.0,-0.0,0.0,0.0,0.0,0.0,-7626.523499999999,-676.2226704750001,-23957.0,14612.809935667008,0.0,-61.693683342009194,0.0,0.0,0.0,0.0,-8748.139,-325.977252325,-5477.0,46041.739598456516,44.248637957199996,-0.0,0.0,0.0,0.0,0.0,-6793.270878694977,-1183.7173577187427,-38109.0,25351.624598169965,1018.7530809083154,-0.0,0.0,0.0,0.0,0.0,-9976.128534965035,-897.2491441132423,-15497.0
t481,18841.537614031316,963.1964971374455,-0.0,0.0,0.0,562.6800000000001,0.0,852.3200926083005,-379.7342037770615,-20840.0,13571.797869212092,898.7600000027076,-0.0,0.0,0.0,613.0889999999999,0.0,8016.144196409251,-392.7910656240533,-22707.0,17526.42400801638,5272.508184839731,-0.0,0.0,0.0,953.2890000000001,0.0,12088.498625143124,-533.7198179992484,-35307.0,36245.336822292236,0.0,-0.0,0.0,0.0,68.856,0.0,-12697.169066200977,-665.0237560912683,-22952.0,9617.570335394126,79.53543634616499,-0.0,0.0,0.0,17.166,0.0,-3677.493433799023,-314.7783379412683,-5722.0,39649.743928933305,378.6,-0.0,0.0,0.0,1063.017,0.0,-862.2061964092509,-858.1547325240533,-39371.0,18948.878302799545,444.0752663240646,-0.0,0.0,0.0,418.689,0.0,-3720.0942177514244,-584.548351372187,-15507.0
t482,19928.119108628194,764.4306907515061,-0.0,0.0,0.0,570.402,0.0,269.36514978987907,-406.31694916958156,-21126.0,13469.920917568334,2246.9,-0.0,0.0,0.0,640.7909999999999,0.0,7755.402820643184,-380.01473821151603,-23733.0,17501.184346887527,4035.9780321718176,-0.0,0.0,0.0,911.898,0.0,11849.48662219142,-524.5470012507681,-33774.0,36914.54252756487,0.0,-0.0,0.0,0.0,69.933,0.0,-13002.72264192871,-670.7528856361633,-23311.0,9416.224325557452,0.0,-0.0,0.0,0.0,17.223,0.0,-3371.9398580712896,-320.50746748616336,-5741.0,41988.51849592482,290.26972982987115,-0.0,0.0,0.0,1133.055,0.0,-601.4648206431839,-845.378405111516,-41965.0,18698.695061212486,0.0,-0.0,0.0,0.0,423.22499999999997,0.0,-2898.1272719813005,-548.7927892311866,-15675.0
t483,18790.6197006755,921.6970038362579,-0.0,0.0,0.0,62.199,0.0,1294.7467564869098,-336.262460998669,-20733.0,13347.789273406563,2246.9,-0.0,0.0,0.0,658.098,0.0,8543.599246352216,-422.38651975877684,-24374.0,17482.645774360415,4227.632414895933,-0.0,0.0,0.0,869.616,0.0,10072.670378957237,-444.564568213582,-32208.0,37363.278170474994,0.0,-0.0,0.0,0.0,70.389,0.0,-13294.4445,-676.2226704750001,-23463.0,8901.26467581211,27.871690237735315,-0.0,0.0,0.0,17.424,0.0,-2824.206055983209,-314.3543100666377,-5808.0,43605.206897525975,376.04622031308173,-0.0,0.0,0.0,1166.1570000000002,0.0,-1087.229255423319,-869.1808624157427,-43191.0,18279.905796739422,0.0,-0.0,0.0,0.0,417.04200000000003,0.0,-2705.136570389833,-545.811226349585,-15446.0
t484,18360.93867076872,979.9408384158269,-0.0,0.0,0.0,60.834,0.0,1116.809729039996,-240.52323822454088,-20278.0,13255.328988392494,5931.831736972685,-0.0,0.0,0.0,674.6759999999999,0.0,5395.07672790202,-268.913453267199,-24988.0,17380.118041260015,3031.4456080816735,-0.0,0.0,0.0,350.8815693688327,0.0,9074.683998529985,-399.1292172405033,-29438.0,36308.80735732164,974.4831063465713,-0.0,0.0,0.0,70.47,0.0,-13189.50540129396,-674.2550623742618,-23490.0,7887.677341105929,19.17064421565353,-0.0,0.0,0.0,17.628,0.0,-1787.901734626531,-260.574250695052,-5876.0,40511.458544218796,0.0,-0.0,0.0,0.0,1165.86,0.0,2220.9293119953227,-718.2478562141309,-43180.0,18726.73884943052,0.0,-0.0,0.0,0.0,46.164,0.0,-2830.0926315468314,-554.8102178836848,-15388.0
t485,19258.72535205753,838.4773804217257,-0.0,0.0,0.0,60.165,0.0,96.2304184809891,-198.59815096024755,-20055.0,13800.755844430198,6052.723808272019,-0.0,0.0,0.0,692.496,0.0,5369.69404931418,-267.6697020163948,-25648.0,17570.61935121654,3224.96772700863,-0.0,0.0,0.0,808.6500000000001,0.0,8730.000142350813,-384.2372205759806,-29950.0,37308.707064128415,748.4831063465713,-0.0,0.0,0.0,72.477,0.0,-13294.4445,-676.2226704750001,-24159.0,6676.104849539265,224.17169023773533,-0.0,0.0,0.0,17.967,0.0,-710.8362202525345,-218.40731952446507,-5989.0,39916.122035722576,0.0,-0.0,0.0,0.0,1169.748,0.0,3007.5449591248407,-769.4149948474213,-43324.0,19185.976508114512,0.0,-0.0,0.0,0.0,46.332,0.0,-3198.1888490182882,-590.1196590962246,-15444.0
t486,18899.499077987875,735.4226280464663,-0.0,0.0,0.0,59.4,0.0,136.94622822383377,-31.267934258181025,-19800.0,14502.316772393659,5587.588427115619,-0.0,0.0,0.0,708.615,0.0,5731.897470126944,-285.41766963622024,-26245.0,17709.697708079242,3004.5140540961015,-0.0,0.0,0.0,797.9580000000001,0.0,8408.163437562394,-366.33319973773683,-29554.0,35826.83353235019,720.9148693918708,-0.0,0.0,0.0,71.145,0.0,-12247.304604311234,-656.5887974308356,-23715.0,5754.0105927582945,180.1050782555638,-0.0,0.0,0.0,17.688,0.0,60.414826671806395,-116.2184976856656,-5896.0,41313.99672706315,0.0,-0.0,0.0,0.0,1175.877,0.0,1789.354529873056,-728.2282569362203,-43551.0,19671.05196612333,0.0,-37.12987734214403,0.0,0.0,45.606,0.0,-3879.4718881467998,-598.0562006343857,-15202.0
t487,19093.233176449063,751.9431404868828,-0.0,0.0,0.0,57.279,0.0,-762.0519599540045,-47.403356981937634,-19093.0,13852.015990142265,5342.641601116044,-0.0,0.0,0.0,702.8910000000001,0.0,6456.368141263607,-320.91673252191674,-26033.0,18460.71317463735,1530.1704309308004,-0.0,0.0,0.0,84.555,0.0,8480.348890779944,-370.78749634809327,-28185.0,35266.48726406543,424.2333333333843,-0.0,0.0,0.0,68.238,0.0,-12354.362465078599,-658.5961323202237,-22746.0,5210.599348711842,196.3,-0.0,0.0,0.0,17.277,0.0,440.64735400128984,-105.82370271313349,-5759.0,40966.091217886504,117.58997355373776,-0.0,0.0,0.0,1177.929,0.0,2207.8074152474546,-842.4176066877034,-43627.0,20159.17160778455,0.0,-0.0,0.0,0.0,45.249,0.0,-4468.757376259693,-652.663231524852,-15083.0
t488,21509.0768359549,343.75427829823457,-0.0,0.0,0.0,0.0,0.0,-2906.231883748386,-294.59923050475004,-18652.0,15012.738728801301,0.0,-0.0,0.0,0.0,0.0,0.0,10773.415228281456,-481.1539570827514,-25305.0,19143.88210740645,0.0,-0.0,0.0,0.0,0.0,0.0,9780.22827447366,-693.11038188011,-28231.0,36182.66717047499,0.0,-226.0,0.0,0.0,0.0,0.0,-13294.4445,-676.2226704750001,-21986.0,5974.801643065471,99.45761119060649,-0.0,0.0,0.0,0.0,0.0,-261.2625780859739,-197.99667617010323,-5615.0,41300.58618801464,378.6,-0.0,0.0,0.0,0.0,0.0,2276.910910353071,-962.0970983676996,-42994.0,22348.39439722924,0.0,-0.0,0.0,0.0,0.0,0.0,-6368.615451273827,-761.7789459554114,-15218.0
t489,20308.091629552484,0.0,-2938.54371682769,0.0,0.0,0.0,0.0,798.3915169442109,-114.93942966900582,-18053.0,17000.68513010663,0.0,-2246.9,0.0,0.0,0.0,0.0,10337.138698278715,-466.92382838534144,-24624.0,21137.86586292469,0.0,-2502.982803447646,0.0,0.0,0.0,0.0,10368.883150272872,-674.7662097499136,-28329.0,35375.66717047498,0.0,-0.0,0.0,0.0,0.0,0.0,-13294.4445,-676.2226704750001,-21405.0,5933.005746859872,0.0,-0.0,0.0,0.0,0.0,0.0,-143.36176749078913,-192.64397936908185,-5597.0,43078.570222273775,0.0,-0.0,0.0,0.0,0.0,0.0,60.37789001546207,-812.9481122892423,-42326.0,25824.108008499363,0.0,-1630.3,0.0,0.0,0.0,0.0,-8126.984988020471,-782.8230204788905,-15284.0
t490,20953.05630584936,0.0,-5976.265581359493,0.0,0.0,0.0,0.0,2930.242274785394,-133.03299927525688,-17774.0,27583.708568879276,0.0,-6158.688427115619,0.0,0.0,0.0,0.0,2648.301316336844,-134.32145810050537,-23939.0,23985.505466346025,0.0,-5677.104053755518,0.0,0.0,0.0,0.0,10621.639924108202,-462.04133669870674,-28468.0,33512.134933893845,226.0,-0.0,0.0,0.0,0.0,0.0,-12005.742338992392,-592.3925949014549,-21140.0,5896.451533435651,0.0,-0.0,0.0,0.0,0.0,0.0,-96.28177478539374,-186.16975865025688,-5614.0,38956.72658968051,0.0,-160.67314250909584,0.0,0.0,0.0,0.0,3584.248522655546,-493.3019698269603,-41887.0,25418.024584606912,0.0,-1630.3,0.0,0.0,0.0,0.0,-7682.407924108202,-642.3166604987067,-15463.0
t491,20683.50358523339,0.0,-4720.186285089083,0.0,0.0,0.0,0.0,2087.4530691972527,-94.77036934155528,-17956.0,28982.16328815658,0.0,-6158.688427115619,0.0,0.0,0.0,0.0,819.6899463291692,-40.16480737012929,-23603.0,24400.06556415766,0.0,-5677.104053755518,0.0,0.0,0.0,0.0,11199.203857394523,-487.1653677966617,-29435.0,32110.41127933651,226.0,-0.0,0.0,0.0,0.0,0.0,-10357.25292107085,-485.1583582656589,-21494.0,6162.149815090714,0.0,-0.0,0.0,0.0,0.0,0.0,-250.6796743530697,-196.4701407376436,-5715.0,39255.4076873191,0.0,-314.0,0.0,0.0,0.0,0.0,3397.056474741682,-314.4641620607881,-42024.0,23004.92137625645,0.0,-0.0,0.0,0.0,0.0,0.0,-6895.470752238705,-693.45062401775,-15416.0
t492,20720.650401456915,0.0,-5153.88903978094,0.0,0.0,0.0,0.0,3561.9512238885586,-161.71258556454057,-18967.0,28361.682102611354,0.0,-4365.682102611358,0.0,0.0,0.0,0.0,0.0,-0.0,-23996.0,24677.40147236677,0.0,-4794.010844815113,0.0,0.0,0.0,0.0,11448.62453993554,-498.0151674871959,-30834.0,34382.877704569364,578.5,-0.0,0.0,0.0,0.0,0.0,-12050.099665573784,-595.2780389955745,-22316.0,8183.019061778099,0.0,-0.0,0.0,0.0,0.0,0.0,-2042.1692238885585,-278.8498378895406,-5862.0,38063.4258698468,0.0,-378.6,0.0,0.0,0.0,0.0,5909.593165573783,-384.4190354205746,-43210.0,23384.637944572733,0.0,-0.0,0.0,0.0,0.0,0.0,-6827.900039935539,-719.7379046371959,-15837.0
t493,21298.261110761225,0.0,-0.0,0.0,0.0,0.0,0.0,-744.702669052429,-452.5584417087908,-20101.0,29166.50481995951,0.0,-5326.62948984859,0.0,0.0,0.0,0.0,1818.217318495354,-89.09264860627235,-25569.0,22879.651692945732,0.0,-5677.104053755518,0.0,0.0,0.0,0.0,15574.34593236034,-700.8935715505526,-32076.0,32412.827661636227,61.29286124603168,-0.0,0.0,0.0,0.0,0.0,-9425.991903483568,-460.12861939868424,-22588.0,10138.591591600281,0.0,-0.0,0.0,0.0,0.0,0.0,-3848.0104476690753,-311.5811439312048,-5979.0,43687.802186843495,0.0,-314.0,0.0,0.0,0.0,0.0,1458.9046162325994,-398.70680307609325,-44434.0,21849.71228362264,0.0,-0.0,0.0,0.0,0.0,0.0,-4832.762846883223,-632.9494367394201,-16384.0
t494,20028.63351837018,0.0,-1594.1240897014932,0.0,0.0,0.0,0.0,2137.6153130559605,-321.1247417246482,-20251.0,26466.898878189593,0.0,-5432.052947526543,0.0,0.0,0.0,0.0,5692.065267441589,-278.91119810463783,-26448.0,21124.152927596137,0.0,-1665.0,0.0,0.0,0.0,0.0,13788.117167339882,-637.2700949360187,-32610.0,32161.213758467544,226.0,-0.0,0.0,0.0,0.0,0.0,-9233.006489179861,-516.2072692876859,-22638.0,11598.242889732966,0.0,-42.104980497035285,0.0,0.0,0.0,0.0,-5330.350643985659,-283.7872652502689,-5942.0,47957.74928890987,0.0,-221.66994636919446,0.0,0.0,0.0,0.0,-2407.775966387624,-748.3033761530589,-44580.0,22594.69007880678,0.0,-760.1712654221268,0.0,0.0,0.0,0.0,-4646.664648284286,-624.8541651003665,-16563.0
t495,18781.63561119383,0.0,-0.0,0.0,0.0,0.0,0.0,1630.608635047981,-344.2442462418121,-20068.0,27019.873914543805,0.0,-2424.582800249981,0.0,0.0,0.0,0.0,2006.003034391351,-98.29414868517621,-26503.0,17869.830336505318,0.0,-1745.47824222857,0.0,0.0,0.0,0.0,17149.675405316426,-806.0274995931748,-32468.0,32901.000207884674,444.26110671529113,-0.0,0.0,0.0,0.0,0.0,-10324.628105477674,-625.6332091222936,-22395.0,12171.446646182714,0.0,-72.02446068809239,0.0,0.0,0.0,0.0,-6050.034394522327,-275.3877909722936,-5774.0,43301.64939349024,0.0,-378.6,0.0,0.0,0.0,0.0,1722.4000869136707,-766.4494804039189,-43879.0,23364.57898735204,0.0,-0.0,0.0,0.0,0.0,0.0,-6134.024661669426,-689.55432568262,-16541.0
t496,18647.555215560587,0.0,-0.0,0.0,0.0,0.0,0.0,1459.4919514531516,-352.04716701373627,-19755.0,23521.66941912892,0.0,-2246.9,0.0,0.0,0.0,0.0,5457.539166411453,-667.3085855403749,-26065.0,13331.033906541448,0.0,-1665.0,0.0,0.0,0.0,0.0,21401.656419665742,-943.690326207194,-32124.0,32141.803108979788,722.9856404794356,-0.0,0.0,0.0,0.0,0.0,-10426.05733845526,-623.7314110039638,-21815.0,11741.081129334374,97.01002506432815,-0.0,0.0,0.0,0.0,0.0,-5948.605161544739,-273.4859928539638,-5616.0,50470.73409348856,0.0,-64.6,0.0,0.0,0.0,0.0,-6567.480465992259,-1172.6536274963096,-42666.0,22598.148513299995,0.0,-0.0,0.0,0.0,0.0,0.0,-5376.544571538088,-656.6039417619068,-16565.0
t497,20023.42550335559,1326.6348765099774,-0.0,0.0,0.0,0.0,0.0,-1440.7233931384526,-747.3369867271135,-19162.0,11244.292101157307,0.0,-0.0,0.0,0.0,0.0,0.0,14582.096091729389,-662.3881928866939,-25164.0,12276.105512802738,0.0,-0.0,0.0,0.0,0.0,0.0,20744.719491056225,-1258.8250038589701,-31762.0,31310.003393585317,0.0,-578.5,0.0,0.0,0.0,0.0,-9098.88754902962,-648.6158445556946,-20984.0,12964.145377376077,0.0,-0.0,0.0,0.0,0.0,0.0,-7275.774950970381,-298.3704264056946,-5390.0,51176.49078424612,0.0,-76.73573925741871,0.0,0.0,0.0,0.0,-8980.450378694977,-1334.3046662937425,-40785.0,24755.941867869722,1177.363833433882,-0.0,0.0,0.0,0.0,0.0,-8530.979310952185,-1095.32639035142,-16307.0
t498,20415.91913667347,1363.2536071898921,-0.0,0.0,0.0,0.0,0.0,-2443.1261896168307,-793.0465542465275,-18543.0,8858.608971445004,0.0,-0.0,0.0,0.0,0.0,0.0,15842.181081342154,-704.7900527871635,-23996.0,12123.899133357012,0.0,-0.0,0.0,0.0,0.0,0.0,20487.037297921837,-1346.9364312788537,-31264.0,30652.904269127055,0.0,-974.4831063465713,0.0,0.0,0.0,0.0,-8795.109479419603,-654.3116833608825,-20229.0,13384.790976029017,0.0,-224.17169023773533,0.0,0.0,0.0,0.0,-7579.553020580397,-304.0662652108824,-5277.0,48764.75504498872,0.0,-0.0,0.0,0.0,0.0,0.0,-8980.450378694977,-1334.3046662937425,-38450.0,25165.62309327314,553.6826080304636,-0.0,0.0,0.0,0.0,0.0,-8530.979310952185,-1095.32639035142,-16093.0
t499,20488.991787646504,1495.4085963071284,-0.0,0.0,0.0,0.0,0.0,-2892.846579909741,-813.5538040438843,-18278.0,7190.64359926414,0.0,-0.0,0.0,0.0,0.0,0.0,16579.973156864344,-729.6167561284851,-23041.0,12185.304771724966,0.0,-0.0,0.0,0.0,0.0,0.0,20198.965612692562,-1392.270384417532,-30992.0,32053.220302540896,0.0,-938.6503914408931,0.0,0.0,0.0,0.0,-10460.484,-623.0859111,-20031.0,11629.190683187735,0.0,-224.17169023773533,0.0,0.0,0.0,0.0,-5914.1785,-272.84049295,-5218.0,46897.75504498873,0.0,-0.0,0.0,0.0,0.0,0.0,-8980.450378694977,-1334.3046662937425,-36583.0,25292.437834333134,203.86786697047228,-0.0,0.0,0.0,0.0,0.0,-8530.979310952185,-1095.32639035142,-15870.0
t500,20309.09870575329,1475.7172601560878,-0.0,0.0,0.0,0.0,0.0,-2540.3366162101956,-797.4793496991849,-18447.0,6810.559413026098,0.0,-0.0,0.0,0.0,0.0,0.0,16397.931646270918,-723.4910592970164,-22485.0,12400.573073654923,0.0,-0.0,0.0,0.0,0.0,0.0,20028.49715958644,-1370.070233241364,-31059.0,32207.0699111,0.0,-804.5,0.0,0.0,0.0,0.0,-10460.484,-623.0859111,-20319.0,11737.31899295,0.0,-196.3,0.0,0.0,0.0,0.0,-5914.1785,-272.84049295,-5354.0,45918.75504498871,0.0,-0.0,0.0,0.0,0.0,0.0,-8980.450378694977,-1334.3046662937425,-35604.0,25247.887747191617,112.41795411198927,-0.0,0.0,0.0,0.0,0.0,-8530.979310952185,-1095.32639035142,-15734.0
t501,20121.722128124627,1420.850537095468,-0.0,0.0,0.0,0.0,0.0,-2005.4826561018472,-773.0900091182443,-18764.0,8180.948833255914,0.0,-0.0,0.0,0.0,0.0,0.0,15504.477493810817,-693.426327066734,-22992.0,12432.518808491946,0.0,-0.0,0.0,0.0,0.0,0.0,20387.097351938195,-1315.616160430141,-31504.0,32242.05301744657,0.0,-748.4831063465713,0.0,0.0,0.0,0.0,-10460.484,-623.0859111,-20410.0,11545.890683187736,0.0,-27.871690237735315,0.0,0.0,0.0,0.0,-5914.1785,-272.84049295,-5331.0,46055.75504498873,0.0,-0.0,0.0,0.0,0.0,0.0,-8980.450378694977,-1334.3046662937425,-35741.0,25010.163838599743,481.141862703862,-0.0,0.0,0.0,0.0,0.0,-8530.979310952185,-1095.32639035142,-15865.0
t502,20226.53780584332,1395.408790006386,-0.0,0.0,0.0,0.0,0.0,-2030.7063847070622,-774.2402111426421,-18817.0,8660.890171051897,0.0,-0.0,0.0,0.0,0.0,0.0,14617.695957311636,-663.5861283635365,-22615.0,12564.823546708752,0.0,-0.0,0.0,0.0,0.0,0.0,21299.102617042583,-1286.9261637513414,-32577.0,31650.053017446575,0.0,-974.4831063465713,0.0,0.0,0.0,0.0,-10460.484,-623.0859111,-19592.0,11669.190683187735,0.0,-224.17169023773533,0.0,0.0,0.0,0.0,-5914.1785,-272.84049295,-5258.0,45748.75504498873,0.0,-0.0,0.0,0.0,0.0,0.0,-8980.450378694977,-1334.3046662937425,-35434.0,25176.98418196389,279.3215193397127,-0.0,0.0,0.0,0.0,0.0,-8530.979310952185,-1095.32639035142,-15830.0
t503,19818.529435294637,1409.3125860323719,-0.0,0.0,0.0,0.0,0.0,-1517.025651613434,-750.8163697135726,-18960.0,8472.859942834364,0.0,-0.0,0.0,0.0,0.0,0.0,13606.706386470361,-629.5663293047277,-21450.0,12297.07106847322,0.0,-0.0,0.0,0.0,0.0,0.0,21796.411454790235,-1229.482523263463,-32864.0,31320.643206032626,0.0,-653.0732949326219,0.0,0.0,0.0,0.0,-10460.484,-623.0859111,-19584.0,11676.379504867095,0.0,-66.36051191709318,0.0,0.0,0.0,0.0,-5914.1785,-272.84049295,-5423.0,45049.75504498873,0.0,-0.0,0.0,0.0,0.0,0.0,-8980.450378694977,-1334.3046662937425,-34735.0,25169.00378795093,129.30191335266738,-0.0,0.0,0.0,0.0,0.0,-8530.979310952185,-1095.32639035142,-15672.0
t504,19989.0156815013,1140.1087053277608,-0.0,0.0,0.0,0.0,0.0,-446.140385261152,-701.9840015679085,-19981.0,9461.48562869463,0.0,-0.0,0.0,0.0,0.0,0.0,13151.772164024804,-614.2577927194346,-21999.0,12350.88120764899,0.0,-0.0,0.0,0.0,0.0,0.0,21180.460410883512,-1165.341618532506,-32366.0,31855.460462026826,0.0,-671.8905509268261,0.0,0.0,0.0,0.0,-10460.484,-623.0859111,-20100.0,11734.456602432587,0.0,-9.437609482585849,0.0,0.0,0.0,0.0,-5914.1785,-272.84049295,-5538.0,45767.75504498873,0.0,-0.0,0.0,0.0,0.0,0.0,-8980.450378694977,-1334.3046662937425,-35453.0,25164.262552195527,68.04314910808534,-0.0,0.0,0.0,0.0,0.0,-8530.979310952185,-1095.32639035142,-15606.0
t505,18836.20520889759,97.3,-0.0,0.0,0.0,0.0,0.0,708.2642140700721,-596.7694229676641,-19045.0,8063.41039882541,2605.7167067745904,-0.0,0.0,0.0,0.0,0.0,10888.988,-538.1151056,-21020.0,12501.681857649073,5589.849814463198,-0.0,0.0,0.0,0.0,0.0,21809.1526683623,-1014.6843404745731,-38886.0,35412.12108517012,0.0,-0.0,0.0,0.0,0.0,0.0,-7529.327717564898,-627.7933676052207,-27255.0,14701.22820733341,0.0,-0.0,0.0,0.0,0.0,0.0,-8245.672207370217,-316.55599996319154,-6139.0,48664.409569545634,0.0,-0.0,0.0,0.0,0.0,0.0,-9580.112953759863,-1295.2966157857718,-37789.0,24376.918406427074,0.0,-0.0,0.0,0.0,0.0,0.0,-8051.292003737399,-1064.6264026896736,-15261.0
t506,17592.867575367072,3429.7619705468583,-0.0,0.0,0.0,0.0,0.0,-982.5483070792639,-689.0812388346644,-19351.0,8832.936888093254,3286.190217506746,-0.0,0.0,0.0,0.0,0.0,10888.988,-538.1151056,-22470.0,12500.36441704566,1665.0,-0.0,0.0,0.0,0.0,0.0,23638.74954081265,-1098.1139578583088,-36706.0,33945.18962013221,0.0,-0.0,0.0,0.0,0.0,0.0,-5676.33969900703,-416.84992112517773,-27852.0,13647.530982713211,69.63160206089452,-0.0,0.0,0.0,0.0,0.0,-7166.834786453108,-296.3277983209958,-6254.0,54312.51976418277,0.0,-0.0,0.0,0.0,0.0,0.0,-12511.93839323484,-1104.5813709479246,-40696.0,24473.584956211344,0.0,-0.0,0.0,0.0,0.0,0.0,-8190.076355038407,-1073.5086011729381,-15210.0
t507,17786.36535005893,2188.446649917688,-0.0,0.0,0.0,0.0,0.0,-119.71308337473147,-687.0989166018878,-19168.0,9067.819226053387,3590.3078795466145,-0.0,0.0,0.0,0.0,0.0,10888.988,-538.1151056,-23009.0,12468.496573425147,0.0,-0.0,0.0,0.0,0.0,0.0,23116.817273021894,-1074.3138464470505,-34511.0,34492.125604887944,0.0,-0.0,0.0,0.0,0.0,0.0,-5934.8907934277595,-400.23481146018764,-28157.0,13439.301665302624,59.40813664029405,-0.0,0.0,0.0,0.0,0.0,-6767.862729686298,-288.84707225661805,-6442.0,55408.806342928234,0.0,-0.0,0.0,0.0,0.0,0.0,-12652.359355580918,-1095.446987347312,-41661.0,24750.30570130361,0.0,-0.0,0.0,0.0,0.0,0.0,-8530.979310952185,-1095.32639035142,-15124.0
t508,15641.272944534721,0.0,-0.0,0.0,0.0,0.0,0.0,3767.566043865032,-509.8389883997546,-18899.0,9407.968196959255,3454.1589086407457,-0.0,0.0,0.0,0.0,0.0,10888.988,-538.1151056,-23213.0,12462.515772462792,0.0,-0.0,0.0,0.0,0.0,0.0,19229.53814578213,-897.0539182449172,-30795.0,36086.62908949899,0.0,-0.0,0.0,0.0,0.0,0.0,-7192.370011108,-418.25907839098306,-28476.0,12883.047274336945,86.35783956699737,-0.0,0.0,0.0,0.0,0.0,-6006.827453083623,-274.57766082031793,-6688.0,53888.838638882145,0.0,-0.0,0.0,0.0,0.0,0.0,-11214.887729294382,-1062.95090958777,-41611.0,25600.543630385942,0.0,-0.0,0.0,0.0,0.0,0.0,-9472.006996161157,-1030.5366342247823,-15098.0
t509,15041.526795909538,0.0,-0.0,0.0,0.0,0.0,0.0,4271.340095725382,-486.8668916349226,-18826.0,9582.080215583119,4121.046890016879,-0.0,0.0,0.0,0.0,0.0,10888.988,-538.1151056,-24054.0,12421.38634636746,474.9313811908401,-0.0,0.0,0.0,0.0,0.0,18725.76409392178,-874.0818214800853,-30748.0,33851.05148504868,0.0,-0.0,0.0,0.0,0.0,0.0,-4745.9456881933875,-221.10579685529484,-28884.0,12188.147133938264,218.78717506403694,-0.0,0.0,0.0,0.0,0.0,-5260.843790244384,-285.09051875791783,-6861.0,55522.13111792281,0.0,-235.4999999994822,0.0,0.0,0.0,0.0,-13161.143900257206,-769.4872176661197,-41356.0,26539.897892728604,0.0,-0.0,0.0,0.0,0.0,0.0,-10718.158810952185,-944.73908177642,-14877.0
t510,14398.700844928762,0.0,-0.0,0.0,0.0,0.0,0.0,4445.236376311437,-478.9372212401985,-18365.0,11651.732065637327,2524.735750515939,-0.0,0.0,0.0,0.0,0.0,11054.206905620877,-543.6747217741424,-24687.0,12505.062859544654,0.0,-0.0,0.0,0.0,0.0,0.0,18386.64890771485,-871.7117672595036,-30020.0,36583.01482700841,0.0,-0.0,0.0,0.0,0.0,0.0,-7555.703234163193,-410.3115928452107,-28617.0,12406.272099476084,179.95778418322092,-0.0,0.0,0.0,0.0,0.0,-5399.743738939419,-282.4861447198859,-6904.0,52249.783793286435,0.0,-0.0,0.0,0.0,0.0,0.0,-10212.486405592366,-961.2973876940674,-41076.0,26229.89789272861,0.0,-0.0,0.0,0.0,0.0,0.0,-10718.158810952185,-944.73908177642,-14567.0
t511,15767.968892542782,0.0,-0.0,0.0,0.0,0.0,0.0,2763.648725571171,-555.6176181139547,-17976.0,9740.432463870824,780.8318618470499,-0.0,0.0,0.0,0.0,0.0,14669.049861522351,-665.314187240227,-24525.0,13099.638027045703,0.0,-0.0,0.0,0.0,0.0,0.0,16453.39360255364,-1070.0316295993446,-28483.0,35035.25958934612,0.0,-0.0,0.0,0.0,0.0,0.0,-6544.945621621473,-338.3139677246537,-28152.0,12245.298088012925,186.51936844865472,-0.0,0.0,0.0,0.0,0.0,-5264.801137973584,-285.0163184879953,-6882.0,52672.956207905314,0.0,-0.0,0.0,0.0,0.0,0.0,-11358.18661909992,-886.7695888054011,-40428.0,26174.89789272861,0.0,-0.0,0.0,0.0,0.0,0.0,-10718.158810952185,-944.73908177642,-14512.0
t512,13954.555131253983,0.0,-97.3,0.0,0.0,0.0,0.0,4090.521718977278,-320.7768502312623,-17627.0,11215.49263378937,0.0,-0.0,0.0,0.0,0.0,0.0,13338.032830351973,-620.525464141344,-23933.0,17443.029118985094,0.0,-1665.0,0.0,0.0,0.0,0.0,13318.510847707512,-800.5399666926023,-28296.0,35939.16114595042,0.0,-433.87499999904924,0.0,0.0,0.0,0.0,-7136.597341708407,-465.68880424296736,-27903.0,12550.458252383221,0.0,-0.0,0.0,0.0,0.0,0.0,-5420.194149994331,-248.2641023888907,-6882.0,45801.94869142959,0.0,-0.0,0.0,0.0,0.0,0.0,-5244.895175348936,-1092.0535160806571,-39465.0,28181.692369944518,0.0,-0.0,0.0,0.0,0.0,0.0,-12945.378729985088,-660.3136399594243,-14576.0
t513,14311.532074165178,0.0,-1865.7772720319701,0.0,0.0,0.0,0.0,5154.578202849137,-244.33300498234473,-17356.0,23398.196112804773,0.0,-2246.9,0.0,0.0,0.0,0.0,2463.584148794358,-122.88026159913417,-23492.0,21283.014964413127,0.0,-4842.777645364419,0.0,0.0,0.0,0.0,12415.865383148317,-552.1027021970202,-28304.0,31363.345547075336,0.0,-974.4831063465713,0.0,0.0,0.0,0.0,-2441.9905409108296,-249.87189981793415,-27697.0,12836.23970832131,0.0,-27.871690237735315,0.0,0.0,0.0,0.0,-5686.162471738481,-229.2055463450965,-6893.0,37651.607306642545,0.0,-378.6,0.0,0.0,0.0,0.0,1587.5867916588215,-324.5940983013716,-38536.0,29362.4136946157,0.0,-430.0428312056132,0.0,0.0,0.0,0.0,-13493.461513801321,-604.9093496087647,-14834.0
t514,15229.696894265253,0.0,-4711.256894265252,0.0,0.0,0.0,0.0,7000.0,-362.44,-17156.0,34818.80979178052,0.0,-6158.688427115619,0.0,0.0,0.0,0.0,-5542.539037513654,-269.58232715124444,-22848.0,23979.28165629376,0.0,-5677.104053755518,0.0,0.0,0.0,0.0,10969.72051381832,-475.89811635655565,-28796.0,31467.408688764306,0.0,-974.4831063465713,0.0,0.0,0.0,0.0,-2665.0525364291284,-281.8730459886082,-27546.0,13165.875972345779,0.0,-27.871690237735315,0.0,0.0,0.0,0.0,-5894.885184891329,-233.11909721671242,-7010.0,29328.33961504079,0.0,-378.6,0.0,0.0,0.0,0.0,9372.047723855307,-522.7873388961034,-37799.0,30434.700658169033,0.0,-1630.3,0.0,0.0,0.0,0.0,-13239.291478839516,-625.1091793295188,-14940.0
t515,16750.03577472139,0.0,-6120.595774721392,0.0,0.0,0.0,0.0,7000.0,-362.44,-17267.0,36318.705095135294,0.0,-6158.688427115619,0.0,0.0,0.0,0.0,-7272.656499542109,-356.3601684775633,-22531.0,24689.863418002566,0.0,-5677.104053755518,0.0,0.0,0.0,0.0,11753.51869916671,-511.27806341375185,-30255.0,31495.639852003984,0.0,-974.4831063465713,0.0,0.0,0.0,0.0,-2505.854071797302,-309.3026738601035,-27706.0,13951.537521484976,0.0,-155.17803775740214,0.0,0.0,0.0,0.0,-6345.785996297004,-241.57348743056883,-7209.0,27198.23278727068,0.0,-378.6,0.0,0.0,0.0,0.0,11524.296567636415,-632.929354907098,-37711.0,30707.247267793642,0.0,-702.8505052131825,0.0,0.0,0.0,0.0,-14153.51869916671,-664.8780634137519,-15186.0
t516,17817.74,0.0,-6566.3,0.0,0.0,0.0,0.0,7000.0,-362.44,-17889.0,36238.213628544065,0.0,-6158.688427115619,0.0,0.0,0.0,0.0,-7108.278939258998,-299.246262169448,-22672.0,23760.820587077003,0.0,-5677.104053755518,0.0,0.0,0.0,0.0,14617.67103979805,-604.3875731195347,-32097.0,30941.968633030807,0.0,-974.4831063465713,0.0,0.0,0.0,0.0,-1419.1984725989416,-229.28705408528972,-28319.0,14037.44571309278,0.0,-207.4941728806105,0.0,0.0,0.0,0.0,-6234.465315545687,-239.48622466648163,-7356.0,32342.04969625288,0.0,-378.6,0.0,0.0,0.0,0.0,6965.890228755881,-390.33992500875945,-38539.0,31476.766754035812,0.0,-1294.7078063454749,0.0,0.0,0.0,0.0,-13821.618541150303,-650.4404065400381,-15710.0
t517,18021.33617127788,0.0,-3164.4961712778786,0.0,0.0,0.0,0.0,4600.0,-208.84,-19248.0,35349.54854488516,0.0,-5765.2712273656,0.0,0.0,0.0,0.0,-5524.650930309107,-251.62638721044837,-23808.0,23737.723338100855,0.0,-2534.6942451269106,0.0,0.0,0.0,0.0,13814.664319075828,-588.6934120497805,-34429.0,30312.007625047343,0.0,-710.6311309537699,0.0,0.0,0.0,0.0,-286.4705790233145,-175.9059150702601,-29139.0,14441.508817454045,0.0,-205.73760948258587,0.0,0.0,0.0,0.0,-6476.742290033336,-244.02891793812506,-7515.0,33776.695418903895,0.0,-335.6572209616526,0.0,0.0,0.0,0.0,7899.643138162439,-450.6813361046872,-40890.0,31311.4750216844,0.0,-0.0,0.0,0.0,0.0,0.0,-14026.443657872509,-647.0313638118843,-16638.0
t518,18978.19085946069,0.0,-977.2173001273796,0.0,0.0,0.0,0.0,1839.8960935777272,-252.86965291103962,-19588.0,36190.690266414036,0.0,-3378.0876857552557,0.0,0.0,0.0,0.0,-7389.999737084134,-344.60284357464525,-25078.0,23124.136341840345,0.0,-1665.0,0.0,0.0,0.0,0.0,15572.961046569118,-670.0973884094705,-36362.0,29523.103125466012,0.0,-578.5,0.0,0.0,0.0,0.0,467.4736063414771,-207.0767318074869,-29205.0,14451.168946288335,0.0,-196.3,0.0,0.0,0.0,0.0,-6534.71780525477,-221.15114103356652,-7499.0,33549.89167700616,0.0,-314.0,0.0,0.0,0.0,0.0,9313.283261469174,-508.174938475337,-42041.0,31080.770705243795,0.0,-0.0,0.0,0.0,0.0,0.0,-13268.896465618593,-594.8742396252021,-17217.0
t519,20275.33251466988,0.0,-97.3,0.0,0.0,0.0,0.0,-338.7264951127654,-314.30601955711586,-19525.0,36658.62837303979,0.0,-2246.9,0.0,0.0,0.0,0.0,-8904.622083904253,-402.1062891355347,-25105.0,21468.283394659167,0.0,-1665.0,0.0,0.0,0.0,0.0,18423.801167040005,-787.0845616991714,-37440.0,29009.584422036078,0.0,-578.5,0.0,0.0,0.0,0.0,564.6697036420087,-200.75412567808732,-28795.0,14437.716982593038,0.0,-137.02385581028102,0.0,0.0,0.0,0.0,-6714.415969573105,-231.27715720965068,-7355.0,33621.12240267728,0.0,-314.0,0.0,0.0,0.0,0.0,8944.58434763855,-474.7067503158347,-41777.0,30026.19270458436,0.0,-0.0,0.0,0.0,0.0,0.0,-11975.29066973044,-575.902034853919,-17475.0
t520,20677.525527232632,0.0,-97.3,0.0,0.0,0.0,0.0,-889.2881329244428,-352.93739430819176,-19338.0,35535.47945753606,0.0,-2246.9,0.0,0.0,0.0,0.0,-8391.039266918946,-331.5401906171144,-24566.0,18668.80667540353,0.0,-1665.0,0.0,0.0,0.0,0.0,22080.687508767718,-918.4941841712466,-38166.0,32004.972868520894,0.0,-578.5,0.0,0.0,0.0,0.0,-2911.5881682746312,-426.88470024626474,-28088.0,14569.944455632585,0.0,-15.007825944270152,0.0,0.0,0.0,0.0,-7106.076117991572,-249.8605116967438,-7199.0,33037.175491468784,0.0,-314.0,0.0,0.0,0.0,0.0,8949.569468619378,-530.7449600881573,-41142.0,29972.00266206208,0.0,-0.0,0.0,0.0,0.0,0.0,-11732.265291277507,-587.7373707845769,-17652.0
t521,22343.305598783652,0.0,-0.0,0.0,0.0,0.0,0.0,-3000.86610442201,-555.4394943616437,-18787.0,25289.438727027686,0.0,-2246.9,0.0,0.0,0.0,0.0,840.4459719168947,-234.98469894458125,-23648.0,14022.580532054102,0.0,-0.0,0.0,0.0,0.0,0.0,25887.724107991176,-1173.3046400452818,-38737.0,31109.33987876691,0.0,-0.0,0.0,0.0,0.0,0.0,-3577.147071863353,-308.1928069035571,-27224.0,14442.210280554114,0.0,-0.0,0.0,0.0,0.0,0.0,-7103.077923415081,-295.13235713903276,-7044.0,43117.90711927571,0.0,-0.0,0.0,0.0,0.0,0.0,-2813.1742731942204,-557.7328460814931,-39747.0,28607.662709547705,0.0,-0.0,0.0,0.0,0.0,0.0,-10233.904707013406,-699.7580025342999,-17674.0
t522,22410.39621726998,97.3,-0.0,0.0,0.0,0.0,0.0,-3495.535369330238,-689.160847939741,-18323.0,11613.824885286602,521.3022203133977,-0.0,0.0,0.0,0.0,0.0,10888.988,-538.1151056,-22486.0,13593.551730885463,1364.5969063109756,-0.0,0.0,0.0,0.0,0.0,25106.913601844935,-1165.0622390413812,-38900.0,29937.273507412712,578.5,-0.0,0.0,0.0,0.0,0.0,-3747.992077936503,-383.7814294762118,-26384.0,14508.396405814445,0.0,-0.0,0.0,0.0,0.0,0.0,-7310.577960987308,-290.81844482713507,-6907.0,47194.69240408966,314.0,-0.0,0.0,0.0,0.0,0.0,-8528.876170609998,-1070.8162334796705,-37909.0,31180.909464362678,0.0,-0.0,0.0,0.0,0.0,0.0,-12912.920022980892,-684.9894413817935,-17583.0
t523,22634.53490031481,97.3,-0.0,0.0,0.0,0.0,0.0,-3639.3547515416167,-673.4801487731891,-18419.0,10708.569206299915,265.5578993000868,-0.0,0.0,0.0,0.0,0.0,10888.988,-538.1151056,-21325.0,13526.303709494237,1492.240377593408,-0.0,0.0,0.0,0.0,0.0,25047.823650156766,-1162.3677372444006,-38904.0,28382.202899957723,578.5,-0.0,0.0,0.0,0.0,0.0,-2195.6509538825767,-287.05194607514534,-26478.0,14780.4964002854,0.0,-0.0,0.0,0.0,0.0,0.0,-7591.5153577698375,-302.98104251555986,-6886.0,46994.6334007137,314.0,-0.0,0.0,0.0,0.0,0.0,-10030.497644083478,-973.1357566302206,-36305.0,30476.00779113152,0.0,-0.0,0.0,0.0,0.0,0.0,-12479.792942879256,-683.2148482522637,-17313.0
t524,22979.86386631348,1950.7249546929304,-0.0,0.0,0.0,0.0,0.0,-5619.729170817149,-674.859650189262,-18636.0,8898.993440219721,1691.1336653802787,-0.0,0.0,0.0,0.0,0.0,10888.988,-538.1151056,-20941.0,13717.603622575234,1665.0,-0.0,0.0,0.0,0.0,0.0,24620.572302848326,-1121.1759254235583,-38882.0,26833.685034696995,647.1744695467296,-0.0,0.0,0.0,0.0,0.0,-495.3288524377656,-200.53065180595692,-26785.0,14922.70306746262,19.17064421565353,-0.0,0.0,0.0,0.0,0.0,-7659.204052179027,-297.6696594992491,-6985.0,45949.27920001383,378.6,-0.0,0.0,0.0,0.0,0.0,-9847.152262735732,-786.7269372781052,-35694.0,29993.733218068588,0.0,-0.0,0.0,0.0,0.0,0.0,-11888.145964678652,-620.5872533899411,-17485.0
t525,20670.20942776339,97.3,-0.0,0.0,0.0,0.0,0.0,-1174.3586723062226,-472.15075545716377,-19121.0,9582.983076429533,2802.873898218259,-0.0,0.0,0.0,0.0,0.0,9477.07436272577,-468.93133737356277,-21394.0,13291.85575098397,4774.647072364966,-0.0,0.0,0.0,0.0,0.0,21771.462861953383,-1012.9656853023264,-38825.0,25364.310389411043,780.5302351592054,-0.0,0.0,0.0,0.0,0.0,825.7790400383421,-78.61966460859321,-26892.0,14902.287189353317,0.0,-0.0,0.0,0.0,0.0,0.0,-7609.656484199578,-304.63070515374204,-6988.0,48651.84598834859,378.6,-0.0,0.0,0.0,0.0,0.0,-12227.2368686046,-669.209119743996,-36134.0,29228.27133243668,0.0,-0.0,0.0,0.0,0.0,0.0,-11063.0642396071,-660.2070928295806,-17505.0
t526,21591.95367560424,2007.1054785195736,-0.0,0.0,0.0,0.0,0.0,-3718.8783034848984,-588.1808506389114,-19292.0,9803.467711422061,2246.9,-0.0,0.0,0.0,0.0,0.0,9391.8320594931,-460.1997709151619,-20982.0,13269.013287352009,1665.0,-0.0,0.0,0.0,0.0,0.0,24315.98249313206,-1128.995780484074,-38121.0,24388.56932527249,974.4831063465713,-0.0,0.0,0.0,0.0,0.0,1402.605793229521,-59.65822484858035,-26706.0,14973.358623617554,0.0,-0.0,0.0,0.0,0.0,0.0,-7818.80635832398,-308.55226529357464,-6846.0,48976.75837392198,378.6,-0.0,0.0,0.0,0.0,0.0,-12817.366938188077,-662.9914357339046,-35875.0,28221.42290823012,469.7560481090334,-0.0,0.0,0.0,0.0,0.0,-10755.368745857726,-634.8102104814257,-17301.0
t527,20208.417826134355,5244.661238536081,-0.0,0.0,0.0,0.0,0.0,-5220.80022320358,-562.2788414668521,-19670.0,10298.777661210886,0.0,-0.0,0.0,0.0,0.0,0.0,10027.573437212528,-491.3510984234139,-19835.0,12884.722850516757,1665.0,-0.0,0.0,0.0,0.0,0.0,24162.890320076593,-1113.613170593354,-37599.0,24260.90439229929,974.4831063465713,-0.0,0.0,0.0,0.0,0.0,2771.579619214409,-51.967117860270164,-27955.0,14814.22574362115,0.0,-0.0,0.0,0.0,0.0,0.0,-7648.509232277802,-277.7165113433482,-6888.0,48507.914173126526,314.0,-0.0,0.0,0.0,0.0,0.0,-12835.34311006996,-657.5710630565738,-35329.0,27389.70630941235,1564.548259516252,-0.0,0.0,0.0,0.0,0.0,-11257.390810952185,-610.86375797642,-17086.0
t528,20198.926269610005,4889.226619739196,-0.0,0.0,0.0,0.0,0.0,-3792.798357876699,-481.3545314725026,-20814.0,8004.77835058117,2214.1096754188284,-0.0,0.0,0.0,0.0,0.0,10521.673999999999,-515.562026,-20225.0,12966.449543955881,5302.95090010155,-0.0,0.0,0.0,0.0,0.0,18929.09714908756,-838.4975931450035,-36360.0,23269.693153028427,974.4831063465713,-0.0,0.0,0.0,0.0,0.0,2833.9605,-53.136759375000004,-27025.0,14773.402357623116,6.7796003037075,-0.0,0.0,0.0,0.0,0.0,-7537.182146739836,-270.99981118698855,-6972.0,47080.98738804279,358.2486379572,-0.0,0.0,0.0,0.0,0.0,-10521.673999999999,-515.562026,-36402.0,26564.171592205603,1414.911665749914,-0.0,0.0,0.0,0.0,0.0,-10433.077144471026,-575.0061134844896,-16971.0
t529,27200.57452170905,1551.3564004533807,-0.0,0.0,0.0,0.0,0.0,-6196.289756891141,-562.6411652712868,-21993.0,14527.588596937301,2246.9,-0.0,0.0,0.0,0.0,0.0,4566.258047384544,-223.74664432184264,-21117.0,14181.405497978798,0.0,-0.0,0.0,0.0,0.0,0.0,21556.790730817145,-957.1962287959491,-34781.0,23281.869310441893,748.4831063465713,-0.0,0.0,0.0,0.0,0.0,4975.95760446974,-155.3100212582066,-28851.0,14733.357906637379,27.871690237735315,-196.3,0.0,0.0,0.0,0.0,-7226.0549599675915,-256.8746369075286,-7082.0,43414.60469170639,0.0,-64.6,0.0,0.0,0.0,0.0,-4566.258047384544,-223.74664432184264,-38560.0,30588.86982136855,0.0,-0.0,0.0,0.0,0.0,0.0,-13110.403618428152,-700.4662029403975,-16778.0
t530,27781.429006044316,1343.5739428271652,-0.0,0.0,0.0,0.0,0.0,-6057.388270015578,-546.6146788559042,-22521.0,14744.578308947795,5587.588427115619,-0.0,0.0,0.0,0.0,0.0,2390.9918653381546,-117.15860140156958,-22606.0,14227.180478891087,0.0,-0.0,0.0,0.0,0.0,0.0,19822.038667120527,-881.2191460116187,-33168.0,22056.95072061291,388.76966116053023,-0.0,0.0,0.0,0.0,0.0,6100.216803267415,-208.93718504085572,-28337.0,14660.010415616214,27.871690237735315,-196.3,0.0,0.0,0.0,0.0,-7119.543107068064,-252.0389987858901,-7120.0,43940.750466739715,0.0,-64.6,0.0,0.0,0.0,0.0,-2390.9918653381546,-117.15860140156958,-41368.0,30041.631225536763,0.0,-0.0,0.0,0.0,0.0,0.0,-12745.324093304302,-689.3071322324602,-16607.0
t531,27260.908906394605,1426.670688406977,-0.0,0.0,0.0,0.0,0.0,-5834.350291363197,-513.2293034383827,-22340.0,14626.979044439635,5587.588427115619,-0.0,0.0,0.0,0.0,0.0,3314.8607028861666,-162.42817444142216,-23367.0,14244.663100785878,0.0,-0.0,0.0,0.0,0.0,0.0,18218.811559112437,-810.4746598983049,-31653.0,21842.306104324787,587.7590896734285,-0.0,0.0,0.0,0.0,0.0,5900.337760712782,-199.40295471099975,-28131.0,14320.02033330849,27.871690237735315,-0.0,0.0,0.0,0.0,0.0,-6864.434935738691,-240.45708780753657,-7243.0,45537.288877327584,314.0,-0.0,0.0,0.0,0.0,0.0,-3314.8607028861666,-162.42817444142216,-42374.0,28569.195972951788,0.0,-0.0,0.0,0.0,0.0,0.0,-11420.364092723332,-630.8318802284585,-16518.0
t532,27689.089495730008,1241.9814083300153,-0.0,0.0,0.0,0.0,0.0,-6080.970787645628,-496.1001164143914,-22354.0,13165.21706522213,4439.005285969216,-0.0,0.0,0.0,0.0,0.0,6311.017506633706,-309.2398578250516,-23606.0,14195.243636344423,0.0,-0.0,0.0,0.0,0.0,0.0,17449.63493381918,-776.8785701635998,-30868.0,22104.284477310826,686.1583138513065,-0.0,0.0,0.0,0.0,0.0,5594.365276029475,-184.80806719160597,-28200.0,14358.221580012345,0.0,-196.3,0.0,0.0,0.0,0.0,-6552.620851623635,-226.30072838871303,-7383.0,48555.0573643695,314.0,-22.799999910737213,0.0,0.0,0.0,0.0,-6311.017506633706,-309.2398578250516,-42226.0,27709.02230115892,0.0,-0.0,0.0,0.0,0.0,0.0,-10410.408570579393,-585.6137305795273,-16713.0
t533,27721.20150331056,1204.6897714768818,-0.0,0.0,0.0,0.0,0.0,-5962.13563613465,-470.75563865278576,-22493.0,14611.861187157414,6158.688427115619,-0.0,0.0,0.0,0.0,0.0,3772.2927294710503,-184.84234374408146,-24358.0,14157.674821117498,0.0,-0.0,0.0,0.0,0.0,0.0,17430.66937186316,-775.344192980662,-30813.0,22179.67135979975,413.9965515331344,-0.0,0.0,0.0,0.0,0.0,5786.295213894898,-193.96312522778663,-28186.0,14013.847453829463,19.170644215653528,-0.0,0.0,0.0,0.0,0.0,-6333.658270824679,-216.35982722044042,-7483.0,45915.73507321528,188.3999999998583,-0.0,0.0,0.0,0.0,0.0,-3772.2927294710503,-184.84234374408146,-42147.0,28208.80866682483,0.0,-0.0,0.0,0.0,0.0,0.0,-10921.17067879873,-608.6379880261032,-16679.0
t534,27596.769279948374,1178.0749316360266,-0.0,0.0,0.0,0.0,0.0,-5927.541132250564,-460.3030793338377,-22387.0,14670.663197941156,3388.8150061602923,-0.0,0.0,0.0,0.0,0.0,7128.366445319189,-353.8446494206402,-24834.0,14414.700260274205,0.0,-0.0,0.0,0.0,0.0,0.0,16498.83152924981,-734.531789524013,-30179.0,22428.2928618472,578.5,-0.0,0.0,0.0,0.0,0.0,5022.74911443642,-157.54197628361726,-27872.0,13904.0623045375,0.0,-0.0,0.0,0.0,0.0,0.0,-6236.1302494858455,-211.9320550516574,-7456.0,48581.34401513983,314.0,-0.0,0.0,0.0,0.0,0.0,-6761.052445319188,-331.29156982064023,-41803.0,26657.20556432527,0.0,-0.0,0.0,0.0,0.0,0.0,-9725.223261949817,-559.98230237545,-16372.0
t535,28143.004637018537,965.2082327463122,-0.0,0.0,0.0,0.0,0.0,-6449.4382750464965,-478.774594718349,-22180.0,14005.29563169461,1467.8040997366434,-0.0,0.0,0.0,0.0,0.0,9625.081354607864,-462.1810860391206,-24636.0,14774.690700216335,0.0,-0.0,0.0,0.0,0.0,0.0,14543.118483294864,-720.8091835112,-28597.0,23065.39180212213,0.0,-0.0,0.0,0.0,0.0,0.0,4313.309924816624,-123.70172693875294,-27255.0,13788.866262016312,0.0,-0.0,0.0,0.0,0.0,0.0,-6177.591850288229,-209.27441172808557,-7402.0,47506.48582612752,127.40000000042568,-0.0,0.0,0.0,0.0,0.0,-6158.366751242078,-559.5190748858618,-40916.0,26472.294242898974,0.0,-0.0,0.0,0.0,0.0,0.0,-9696.11288614255,-611.1813567564307,-16165.0
t536,28224.475904303705,1159.8722589176507,-0.0,0.0,0.0,0.0,0.0,-7131.611284068587,-588.7368791527651,-21664.0,10202.551492848797,0.0,-2246.9,0.0,0.0,0.0,0.0,16633.264095032813,-700.915587881608,-23888.0,20694.768341920844,0.0,-1665.0,0.0,0.0,0.0,0.0,10357.837925684622,-1072.6062676054576,-28315.0,23413.629754685648,0.0,-0.0,0.0,0.0,0.0,0.0,3684.0234699914145,-370.6532246770585,-26727.0,14720.108324330475,0.0,-66.36051191709318,0.0,0.0,0.0,0.0,-7044.1324571344785,-248.61535527890533,-7361.0,44300.771868526295,64.6,-0.0,0.0,0.0,0.0,0.0,-3847.1522606751532,-731.2196078511316,-39787.0,29323.676143419758,0.0,-0.0,0.0,0.0,0.0,0.0,-12652.229488830631,-747.4466545891323,-15924.0
t537,25235.643107904816,0.0,-5779.23962564603,0.0,0.0,0.0,0.0,1898.8923217317883,-226.29580399057392,-21129.0,25669.491716487886,0.0,-3595.7262856756524,0.0,0.0,0.0,0.0,1347.7803411680663,-55.54577198030544,-23366.0,26756.42195254094,0.0,-5402.236809950721,0.0,0.0,0.0,0.0,7240.814427940811,-551.9995705310325,-28043.0,19690.6627521269,0.0,-974.4831063465713,0.0,0.0,0.0,0.0,7871.265212010989,-323.44485779131486,-26264.0,15243.546692044685,0.0,-27.871690237735315,0.0,0.0,0.0,0.0,-7586.438932544434,-273.2360692625173,-7356.0,37469.608237352986,0.0,-378.6,0.0,0.0,0.0,0.0,1996.3273966724034,-354.3356340253717,-38733.0,29304.15131216824,0.0,-0.0,0.0,0.0,0.0,0.0,-12768.640766979626,-752.5105451886136,-15783.0
t538,25631.538864919807,0.0,-6566.3,0.0,0.0,0.0,0.0,1929.5707634853436,-213.8096284051475,-20781.0,37367.50190147214,0.0,-6158.688427115619,0.0,0.0,0.0,0.0,-7891.744754780284,-468.068719576238,-22849.0,29889.95691677197,0.0,-5677.104053755518,0.0,0.0,0.0,0.0,4945.078191634628,-607.9310546510816,-28550.0,18996.304887468184,0.0,-974.4831063465713,0.0,0.0,0.0,0.0,8351.887560434667,-354.70934155627504,-26019.0,15195.177469233842,0.0,-27.871690237735315,0.0,0.0,0.0,0.0,-7464.601145275596,-267.704633720512,-7435.0,27044.42156252863,0.0,-378.6,0.0,0.0,0.0,0.0,12154.3032768156,-926.1248393442268,-37894.0,30126.93404845503,0.0,-1630.3,0.0,0.0,0.0,0.0,-12024.49389231436,-720.1401561406744,-15752.0
t539,25612.626010316908,0.0,-6566.3,0.0,0.0,0.0,0.0,2018.6789236250925,-145.00493394199873,-20920.0,38122.74822372959,0.0,-6158.688427115619,0.0,0.0,0.0,0.0,-8844.670921462322,-433.3888751516538,-22686.0,28936.427266494742,0.0,-5677.104053755518,0.0,0.0,0.0,0.0,7057.90925998004,-422.23247271926635,-29895.0,18614.026673160388,0.0,-974.4831063465713,0.0,0.0,0.0,0.0,8855.955386850832,-387.4989536646467,-26108.0,14552.434389981583,0.0,-27.871690237735315,0.0,0.0,0.0,0.0,-6753.157602849483,-235.40509689436652,-7536.0,29590.663032758803,0.0,-378.6,0.0,0.0,0.0,0.0,9426.256515952906,-826.3195487117122,-37812.0,30152.373576273283,0.0,-1630.3,0.0,0.0,0.0,0.0,-11760.971562097066,-702.1020141762223,-16059.0
t540,25930.406307217934,0.0,-4299.203786777842,0.0,0.0,0.0,0.0,191.9594094073134,-143.16192984740172,-21680.0,36760.10568369021,0.0,-6158.688427115619,0.0,0.0,0.0,0.0,-7383.619882339934,-361.7973742346568,-22856.0,28139.498782543717,0.0,-5677.104053755518,0.0,0.0,0.0,0.0,9501.001457039005,-416.3961858272038,-31547.0,17373.584162850966,0.0,-974.4831063465713,0.0,0.0,0.0,0.0,10672.568585748557,-505.6696422529437,-26566.0,13864.637311564695,0.0,-224.17169023773533,0.0,0.0,0.0,0.0,-5817.537669410716,-192.92795191624654,-7630.0,35209.546557477755,0.0,-378.6,0.0,0.0,0.0,0.0,4455.062773065059,-767.0093305428136,-38519.0,29502.88482662482,0.0,-797.3011427642707,0.0,0.0,0.0,0.0,-11619.434673509286,-681.1490103512617,-16405.0
t541,25845.894105159085,0.0,-97.3,0.0,0.0,0.0,0.0,-2354.328274964968,-181.2658301941193,-23213.0,34941.63065801679,0.0,-5547.632627445204,0.0,0.0,0.0,0.0,-5222.114423805129,-255.88360676645135,-23916.0,27552.473766678377,0.0,-1975.2350805406074,0.0,0.0,0.0,0.0,8838.701096912491,-499.93978305026167,-33916.0,20117.3971659918,0.0,-710.6311309537699,0.0,0.0,0.0,0.0,8405.42598076044,-358.19201579846657,-27454.0,12905.767762670948,0.0,-9.437609482585849,0.0,0.0,0.0,0.0,-4960.31988852436,-154.01026466400594,-7782.0,35111.346058757066,0.0,-335.6572209616526,0.0,0.0,0.0,0.0,6203.835164478389,-616.5240022737928,-40363.0,28924.336591068135,0.0,-0.0,0.0,0.0,0.0,0.0,-10911.19965485686,-665.1369362112733,-17348.0
t542,27971.680489884868,0.0,-97.3,0.0,0.0,0.0,0.0,-4044.7287635349994,-235.6517263498675,-23594.0,34444.507555081924,0.0,-2246.9,0.0,0.0,0.0,0.0,-6601.151148791153,-323.4564062907665,-25273.0,24630.11960715015,0.0,-1665.0,0.0,0.0,0.0,0.0,13699.483680945143,-605.6032880952912,-36059.0,23445.720138631485,0.0,-578.5,0.0,0.0,0.0,0.0,4778.679727915063,-145.89986654654854,-27500.0,12543.596294451752,0.0,-0.0,0.0,0.0,0.0,0.0,-4710.909271787599,-142.68702266415698,-7690.0,34834.35975086823,0.0,-314.0,0.0,0.0,0.0,0.0,7226.126186788668,-366.4859376568954,-41380.0,28808.794875107378,0.0,-0.0,0.0,0.0,0.0,0.0,-10347.500411535122,-595.294463572258,-17866.0
t543,27393.432382053787,0.0,-97.3,0.0,0.0,0.0,0.0,-3540.936082907029,-181.19629914675505,-23574.0,34590.29521353345,0.0,-2246.9,0.0,0.0,0.0,0.0,-6684.6668603471535,-254.72835318629816,-25404.0,20553.916035045924,0.0,-1665.0,0.0,0.0,0.0,0.0,19272.60520537022,-799.5212404161463,-37362.0,23525.417784560126,0.0,-0.0,0.0,0.0,0.0,0.0,3893.2469379028403,-103.6647224629655,-27315.0,12022.9283207995,0.0,-0.0,0.0,0.0,0.0,0.0,-4364.9479424856545,-126.9803783138487,-7531.0,39195.42104350676,0.0,-0.0,0.0,0.0,0.0,0.0,1940.6718785417886,-95.09292204854765,-41041.0,29069.034228233464,0.0,-0.0,0.0,0.0,0.0,0.0,-10515.97313607501,-583.0610921584548,-17970.0
t544,32111.311974264958,0.0,-0.0,0.0,0.0,0.0,0.0,-8320.879852969547,-379.4321212954114,-23411.0,32631.861416361593,0.0,-2246.9,0.0,0.0,0.0,0.0,-5283.182330925936,-177.77908543565775,-24924.0,16502.22236080514,0.0,-809.8908023410851,0.0,0.0,0.0,0.0,23521.278560656086,-988.6101191201556,-38225.0,22886.19973406315,0.0,-0.0,0.0,0.0,0.0,0.0,3857.687873243867,-116.88760730701841,-26627.0,10697.470803409975,0.0,-0.0,0.0,0.0,0.0,0.0,-3306.32966566699,-76.14113774298241,-7315.0,41096.82343376,0.0,-0.0,0.0,0.0,0.0,0.0,-859.8877365006307,-55.93569725936602,-40181.0,28067.905289266575,0.0,-0.0,0.0,0.0,0.0,0.0,-9608.68684783685,-462.2184414297211,-17997.0
t545,29380.101656739607,805.6002750428938,-0.0,0.0,0.0,0.0,0.0,-6995.35050218004,-378.3514296024611,-22812.0,24148.0,0.0,-0.0,0.0,0.0,0.0,0.0,0.0,-0.0,-24148.0,14240.960593573813,5162.234098399615,-0.0,0.0,0.0,0.0,0.0,20265.320800800546,-919.5154927739825,-38749.0,27743.345951830754,0.0,-0.0,0.0,0.0,0.0,0.0,-1981.813450253655,-94.53250157709934,-25667.0,9156.46283094641,53.67821896369696,-0.0,0.0,0.0,0.0,0.0,-1966.5240681653988,-93.61698174470911,-7150.0,40323.4189593609,0.0,-0.0,0.0,0.0,0.0,0.0,-1395.7882924479786,-82.63066691292033,-38845.0,26460.52736733389,0.0,-0.0,0.0,0.0,0.0,0.0,-7925.844487753477,-646.6828795804095,-17888.0
t546,30292.816778443186,987.7723580882393,-0.0,0.0,0.0,0.0,0.0,-8596.636920456742,-526.9522160746827,-22157.0,15727.496369337801,1228.4759002664066,-0.0,0.0,0.0,0.0,0.0,6454.287834275278,-316.26010387948867,-23094.0,13918.510087021461,3400.856289116433,-0.0,0.0,0.0,0.0,0.0,22651.124610550192,-1006.4909866880892,-38964.0,29569.185767195726,0.0,-0.0,0.0,0.0,0.0,0.0,-4451.954687851017,-232.23107934470863,-24885.0,9596.21911838189,61.2580460381796,-0.0,0.0,0.0,0.0,0.0,-2568.2948365321217,-120.18232788794813,-6969.0,42230.648085448454,314.0,-0.0,0.0,0.0,0.0,0.0,-5308.879146424261,-390.7689390241973,-36845.0,26706.090196262692,0.0,-0.0,0.0,0.0,0.0,0.0,-8179.64685356133,-757.4433427013546,-17769.0
t547,28396.68778111959,1371.85026391043,-0.0,0.0,0.0,0.0,0.0,-7505.906185868444,-605.6318591615727,-21657.0,12321.002019266649,0.0,-0.0,0.0,0.0,0.0,0.0,10221.8695906765,-500.87160994314854,-22042.0,14028.421388668636,3106.112565405597,-0.0,0.0,0.0,0.0,0.0,22971.569310952185,-1021.10326502642,-39085.0,31887.358215326814,75.83189616211153,-0.0,0.0,0.0,0.0,0.0,-6867.27108838299,-349.9190231059371,-24746.0,9816.892613516196,0.0,-0.0,0.0,0.0,0.0,0.0,-2697.6291704727673,-179.26344304342928,-6940.0,43327.230727354814,64.6,-0.0,0.0,0.0,0.0,0.0,-7512.7295583059595,-677.1011690488522,-35202.0,26786.39277190657,0.0,-0.0,0.0,0.0,0.0,0.0,-8609.902898598526,-736.4898733080431,-17440.0
t548,28415.116156926288,1369.455218668003,-0.0,0.0,0.0,0.0,0.0,-7532.1300812846075,-604.4412943096788,-21648.0,11673.888025999999,0.0,-0.0,0.0,0.0,0.0,0.0,10521.673999999999,-515.562026,-21680.0,14143.636011159622,2052.1377425392084,-0.0,0.0,0.0,0.0,0.0,24135.217483119923,-1089.99123681875,-39241.0,32687.2933639884,226.0,-0.0,0.0,0.0,0.0,0.0,-7563.6500995652605,-398.6432644231414,-24951.0,10100.654042797518,0.0,-46.381133453269285,0.0,0.0,0.0,0.0,-2825.676274492175,-180.59663485207489,-7048.0,43453.02438060335,64.6,-0.0,0.0,0.0,0.0,0.0,-8205.833654753205,-810.790725850145,-34501.0,26608.09209868757,33.909831940596796,-0.0,0.0,0.0,0.0,0.0,-8529.601373024672,-740.4005576034898,-17372.0
t549,28600.761898270943,1308.7957907444888,-0.0,0.0,0.0,0.0,0.0,-7475.547547680104,-607.0101413353233,-21827.0,12602.761604001651,0.0,-0.0,0.0,0.0,0.0,0.0,10249.462035750104,-502.2236397517551,-22350.0,13733.060891959081,3536.4730621151534,-0.0,0.0,0.0,0.0,0.0,22971.569310952185,-1021.10326502642,-39220.0,36122.157977590774,226.0,-0.0,0.0,0.0,0.0,0.0,-10779.061354676624,-564.0966229141553,-25005.0,9044.633847317536,129.51727727406706,-0.0,0.0,0.0,0.0,0.0,-1958.306489125926,-201.84463546567892,-7014.0,40109.921181975515,0.0,-0.0,0.0,0.0,0.0,0.0,-4498.604242791819,-876.3169391836916,-34735.0,26456.608900494808,261.28173600756713,-0.0,0.0,0.0,0.0,0.0,-8509.511712427815,-741.3789240745567,-17467.0
t550,28589.118102577417,1317.175666548299,-0.0,0.0,0.0,0.0,0.0,-7519.268561832931,-605.0252072927849,-21782.0,12041.888026,0.0,-0.0,0.0,0.0,0.0,0.0,10521.673999999999,-515.562026,-22048.0,13611.234673842637,3102.2992802315985,-0.0,0.0,0.0,0.0,0.0,22971.569310952185,-1021.10326502642,-38664.0,36839.734755034755,141.0933234145291,-0.0,0.0,0.0,0.0,0.0,-12079.38772255145,-653.4403558978397,-24248.0,8396.520254287556,126.19685673708706,-0.0,0.0,0.0,0.0,0.0,-1386.50564382998,-167.21146719466395,-6969.0,38615.0616929,64.6,-0.0,0.0,0.0,0.0,0.0,-3367.735999999999,-980.9256929,-34331.0,26244.894369155612,879.1083379126758,-0.0,0.0,0.0,0.0,0.0,-9140.345382737825,-710.6573243304593,-17273.0
t551,28260.0248768558,1495.7356547760799,-0.0,0.0,0.0,0.0,0.0,-7524.995319119922,-604.7652125119556,-21626.0,11742.229084980663,0.0,-0.0,0.0,0.0,0.0,0.0,9691.662371208553,-474.8914561892191,-20959.0,13588.300345296218,2600.233608778024,-0.0,0.0,0.0,0.0,0.0,22971.569310952185,-1021.10326502642,-38139.0,36025.54111684061,162.86208160455936,-0.0,0.0,0.0,0.0,0.0,-11352.737844421606,-579.6653540235534,-24256.0,7667.921829676684,196.3,-0.0,0.0,0.0,0.0,0.0,-683.607928049149,-171.61390162753548,-7009.0,38245.36451855787,44.2486379572,-0.0,0.0,0.0,0.0,0.0,-3836.867279617877,-855.7458768971926,-33597.0,25772.518135713435,1149.0906844651709,-0.0,0.0,0.0,0.0,0.0,-9265.023310952185,-704.58550922642,-16952.0
t552,29090.876297042738,1215.6340493794594,-0.0,0.0,0.0,0.0,0.0,-7594.238620330032,-556.271726092161,-22156.0,12586.19551003898,0.0,-0.0,0.0,0.0,0.0,0.0,9459.310714995812,-463.5062250347948,-21582.0,13740.796736424854,2014.782447312048,-0.0,0.0,0.0,0.0,0.0,22230.22925403166,-987.8084377685727,-36998.0,37668.30606777396,0.0,-0.0,0.0,0.0,0.0,0.0,-12454.82623967997,-660.4798280939995,-24553.0,7364.919642240883,196.3,-0.0,0.0,0.0,0.0,0.0,-313.06924389268556,-142.15039834819788,-7106.0,37769.24260693061,0.0,-0.0,0.0,0.0,0.0,0.0,-2305.372714995812,-928.8698919347949,-34535.0,25466.2232043104,1125.8253830491888,-0.0,0.0,0.0,0.0,0.0,-9022.033150128973,-694.0154372306102,-16876.0
t553,12095.343658178894,1556.1007592620067,-0.0,0.0,0.0,0.0,0.0,4265.60392250362,-421.04833994452065,-17496.0,5268.6679708776555,2976.9560832581715,-0.0,0.0,0.0,0.0,0.0,9956.857251162553,-569.48130529838,-17633.0,13134.302145604022,2581.204053755519,-0.0,0.0,0.0,0.0,0.0,19060.710202209873,-878.2164015694148,-33898.0,27768.2723281932,0.0,-974.4831063465713,0.0,0.0,0.0,0.0,-11082.048967604054,-634.740254242576,-15077.0,10853.280058726257,0.0,-224.17169023773533,0.0,0.0,0.0,0.0,-5292.613532395946,-284.494836092576,-5052.0,37232.75504498873,314.0,-0.0,0.0,0.0,0.0,0.0,-8980.450378694977,-1334.3046662937425,-27232.0,24029.797955451137,0.0,-0.0,0.0,0.0,0.0,0.0,-7928.0584971810695,-1056.7394582700686,-15045.0
t554,12947.067569213299,97.3,-0.0,0.0,0.0,0.0,0.0,5024.437724712731,-272.8052939260288,-17796.0,6951.464010600514,2246.9,-0.0,0.0,0.0,0.0,0.0,8914.202622937635,-604.5666335381485,-17508.0,13042.750274311114,1665.0,-0.0,0.0,0.0,0.0,0.0,18307.6676647425,-831.4179390536149,-32184.0,28120.602231042252,0.0,-974.4831063465713,0.0,0.0,0.0,0.0,-11291.452553222758,-638.6665714729268,-15216.0,10907.802790337904,0.0,-224.17169023773533,0.0,0.0,0.0,0.0,-5083.209946777244,-288.42115332292667,-5312.0,37881.75504498871,314.0,-0.0,0.0,0.0,0.0,0.0,-8980.450378694977,-1334.3046662937425,-27881.0,22420.57533670503,0.0,-0.0,0.0,0.0,0.0,0.0,-6891.195133697891,-990.380203007145,-14539.0
t555,13971.539999999999,97.3,-0.0,0.0,0.0,0.0,0.0,4600.0,-208.84,-18460.0,5196.120550996755,2601.7674750032465,-0.0,0.0,0.0,0.0,0.0,10521.673999999999,-515.562026,-17804.0,13123.569754123546,2598.594463093068,-0.0,0.0,0.0,0.0,0.0,15807.231239287925,-741.3954565045358,-30788.0,28834.71684071029,0.0,-974.4831063465713,0.0,0.0,0.0,0.0,-11592.914746761935,-644.3189876017863,-15623.0,10895.993012927589,0.0,-224.17169023773533,0.0,0.0,0.0,0.0,-4781.747753238067,-294.0735694517863,-5596.0,38892.75504498873,314.0,-0.0,0.0,0.0,0.0,0.0,-8980.450378694977,-1334.3046662937425,-28892.0,21476.706198003736,0.0,-0.0,0.0,0.0,0.0,0.0,-5573.792360592946,-910.913837410793,-14992.0
t556,13685.212084316541,1331.6279156834594,-0.0,0.0,0.0,0.0,0.0,4600.0,-208.84,-19408.0,5753.894966553862,3698.2110058301805,-0.0,0.0,0.0,0.0,0.0,9741.702107788864,-541.8080801729046,-18652.0,12892.832504507347,2192.111041982789,-0.0,0.0,0.0,0.0,0.0,16206.1208865312,-751.0644330213386,-30540.0,30339.47750586902,0.0,-86.63101297284742,0.0,0.0,0.0,0.0,-12969.712546548393,-670.1339463477824,-16613.0,9633.838481649389,0.0,-0.0,0.0,0.0,0.0,0.0,-3404.9499534516062,-319.8885281977824,-5909.0,40060.15504498873,378.6,-0.0,0.0,0.0,0.0,0.0,-8980.450378694977,-1334.3046662937425,-30124.0,21674.046875379776,0.0,-0.0,0.0,0.0,0.0,0.0,-5192.7101156250865,-894.3367597546911,-15587.0
t557,14947.829456982023,1083.010543017979,-0.0,0.0,0.0,0.0,0.0,4600.0,-208.84,-20422.0,6999.128241288972,2962.759784711029,-0.0,0.0,0.0,0.0,0.0,10521.673999999999,-515.562026,-19968.0,13862.508959911342,2419.1181260864228,-0.0,0.0,0.0,0.0,0.0,15678.153488340557,-735.7805743383253,-31224.0,30246.18406412843,974.4831063465713,-0.0,0.0,0.0,0.0,0.0,-13294.4445,-676.2226704750001,-17250.0,8646.268314518893,224.17169023773533,-0.0,0.0,0.0,0.0,0.0,-2401.5155612011336,-292.92444355549526,-6176.0,41897.75504498872,0.0,-0.0,0.0,0.0,0.0,0.0,-8980.450378694977,-1334.3046662937425,-31583.0,21930.931853641847,1154.7313412776766,-0.0,0.0,0.0,0.0,0.0,-6123.417048444445,-872.2461464750778,-16090.0
t558,16622.54045121204,0.0,-0.0,0.0,0.0,0.0,0.0,4832.58003718691,-244.12048839895544,-21211.0,8725.599231078366,0.0,-0.0,0.0,0.0,0.0,0.0,12822.581288685915,-603.180519764281,-20945.0,17962.64713917677,0.0,-0.0,0.0,0.0,0.0,0.0,13327.03657150116,-782.6837106779299,-30507.0,30667.026232710614,974.4831063465713,-0.0,0.0,0.0,0.0,0.0,-13229.510617630332,-671.9987214268531,-17740.0,6999.537276865465,224.17169023773533,-0.0,0.0,0.0,0.0,0.0,-669.5144452154204,-212.1945218877801,-6342.0,42455.864978310245,378.6,-0.0,0.0,0.0,0.0,0.0,-9045.384261064646,-1330.0807172455955,-32459.0,25296.540563419665,0.0,-0.0,0.0,0.0,0.0,0.0,-8037.788573463586,-930.7519899560815,-16328.0
t559,17453.368904915897,0.0,-97.3,0.0,0.0,0.0,0.0,4741.943550209476,-260.01245512537315,-21838.0,22185.31771917207,0.0,-2246.9,0.0,0.0,0.0,0.0,1653.6091281050767,-81.02684727714876,-21511.0,24866.08520196121,0.0,-1665.0,0.0,0.0,0.0,0.0,5904.001720695243,-325.0869226564578,-28780.0,25753.909487877958,456.9916906431277,-0.0,0.0,0.0,0.0,0.0,-7838.582341459163,-321.3188370619186,-18051.0,5440.157153500648,224.17169023773533,-0.0,0.0,0.0,0.0,0.0,933.1066791052394,-139.43552284362215,-6458.0,35298.92370609728,0.0,-314.0,0.0,0.0,0.0,0.0,-1800.2309251346735,-300.69278096260194,-32884.0,20937.93718652237,0.0,-0.0,0.0,0.0,0.0,0.0,-3593.8478115211988,-507.08937500117213,-16837.0
t560,18868.115054281574,0.0,-4682.686549155432,0.0,0.0,0.0,0.0,8637.2624681296,-437.69097325574523,-22385.0,34865.04252616013,0.0,-4956.015830035132,0.0,0.0,0.0,0.0,-7730.8825,-260.144196125,-21918.0,28965.342405394113,0.0,-2581.204053755519,0.0,0.0,0.0,0.0,3134.5964866931945,-469.73483833179034,-29049.0,23608.661540918878,0.0,-974.4831063465713,0.0,0.0,0.0,0.0,-4156.040379064181,-139.138055508125,-18339.0,5440.6530452467505,0.0,-0.0,0.0,0.0,0.0,0.0,1192.984045177204,-127.63709042395496,-6506.0,32377.521417068943,0.0,-378.6,0.0,0.0,0.0,0.0,1322.0798790641813,-86.001296133125,-33235.0,20330.12357928905,0.0,-315.5235792890507,0.0,0.0,0.0,0.0,-2400.0,-153.6,-17461.0
t561,19428.382426167263,0.0,-4877.39294390833,0.0,0.0,0.0,0.0,8900.732203852102,-449.7216861110386,-23002.0,41529.967946807235,0.0,-5587.588427115619,0.0,0.0,0.0,0.0,-13256.480997203646,-530.8985224879787,-22155.0,30916.297058238597,0.0,-3301.4498365451373,0.0,0.0,0.0,0.0,2788.6622192344494,-485.5094409279091,-29918.0,23556.544666062182,0.0,-974.4831063465713,0.0,0.0,0.0,0.0,-3848.902803498058,-119.15875621754867,-18614.0,5385.444623769682,0.0,-0.0,0.0,0.0,0.0,0.0,1275.448576913448,-123.89320068312946,-6537.0,27472.235522503823,0.0,-314.0,0.0,0.0,0.0,0.0,6540.540800701703,-336.77632320552726,-33362.0,21071.70045161163,0.0,-261.1004516116327,0.0,0.0,0.0,0.0,-2400.0,-153.6,-18257.0
t562,19129.19167468471,0.0,-1196.9546957860962,0.0,0.0,0.0,0.0,5763.544100872199,-306.7810797708199,-23389.0,42884.215874592424,0.0,-5587.588427115619,0.0,0.0,0.0,0.0,-14170.92134780916,-575.7060996676489,-22550.0,31928.90991126923,0.0,-5285.191768235407,0.0,0.0,0.0,0.0,5349.994543889804,-368.7126869236249,-31625.0,21010.902594397598,0.0,-0.0,0.0,0.0,0.0,0.0,-2258.554693887211,-42.34790051038521,-18710.0,5319.061940357372,0.0,-0.0,0.0,0.0,0.0,0.0,1275.8985491252083,-86.96048948258014,-6508.0,27789.523055733483,0.0,-314.0,0.0,0.0,0.0,0.0,6440.038847809161,-315.5619035426489,-33600.0,22164.605923273506,0.0,-725.0059232735072,0.0,0.0,0.0,0.0,-2400.0,-153.6,-18886.0
t563,19275.54823986896,0.0,-97.3,0.0,0.0,0.0,0.0,4517.929337941153,-250.1775778101166,-23446.0,43748.99316922069,0.0,-2818.0,0.0,0.0,0.0,0.0,-17234.187050138877,-725.8061190818049,-22971.0,31768.46797653813,0.0,-4979.699364661859,0.0,0.0,0.0,0.0,5612.953162058847,-356.7217739351166,-32045.0,19056.810142795286,0.0,-0.0,0.0,0.0,0.0,0.0,-257.97314630212236,-4.836996493164794,-18794.0,5836.18354518887,0.0,-0.0,0.0,0.0,0.0,0.0,615.0427405438685,-22.22628573273783,-6429.0,25129.357372817925,0.0,-314.0,0.0,0.0,0.0,0.0,9503.304550138875,-465.6619229568049,-33853.0,22552.05888348132,0.0,-0.0,0.0,0.0,0.0,0.0,-2757.069594241746,-170.98928923957303,-19624.0
t564,21135.553905628916,0.0,-797.8856930029974,0.0,0.0,0.0,0.0,2920.6341687282325,-177.3023813541467,-23081.0,43413.803410807566,0.0,-3729.874762700591,0.0,0.0,0.0,0.0,-15594.468726865567,-645.4599212414128,-23444.0,31108.236351996165,0.0,-5378.0696450406895,0.0,0.0,0.0,0.0,7402.93203057529,-275.09873753076675,-32858.0,18548.369013895237,0.0,-0.0,0.0,0.0,0.0,0.0,261.084727611847,-12.4537415070851,-18797.0,6531.431539251902,0.0,-0.0,0.0,0.0,0.0,0.0,-192.68369930352293,-8.74783994837994,-6330.0,27051.32949825084,0.0,-378.6,0.0,0.0,0.0,0.0,7863.586226865567,-385.3157251164128,-34151.0,24512.16838624481,0.0,-1629.029917125884,0.0,0.0,0.0,0.0,-2661.084727611847,-166.0537415070851,-20056.0
t565,20583.73467900771,0.0,-1667.2048656931154,0.0,0.0,0.0,0.0,3540.865479452549,-205.39529276714572,-22252.0,42430.98093842717,0.0,-2818.0,0.0,0.0,0.0,0.0,-15272.306944520664,-629.6739939065126,-23711.0,31101.869974614056,0.0,-4076.6082784890536,0.0,0.0,0.0,0.0,7730.8825,-260.144196125,-34496.0,17486.18078898898,0.0,-0.0,0.0,0.0,0.0,0.0,1329.2231555297951,-63.403944518771226,-18752.0,7463.282147148106,0.0,-81.62137492841092,0.0,0.0,0.0,0.0,-1140.865479452549,-51.795292767145725,-6189.0,27409.10535326085,0.0,-314.0,0.0,0.0,0.0,0.0,7541.424444520663,-369.5297977815125,-34267.0,24675.48065576352,0.0,-247.25355571495237,0.0,0.0,0.0,0.0,-3729.223155529795,-217.00394451877122,-20482.0
t566,21289.841709499226,0.0,-3726.789806877092,0.0,0.0,0.0,0.0,4213.899117303436,-235.95101992557596,-21541.0,40661.35063043731,0.0,-2818.0,0.0,0.0,0.0,0.0,-13590.104553681893,-547.2460767554128,-23706.0,29142.38449536994,0.0,-2136.5611050302196,0.0,0.0,0.0,0.0,9119.735929989842,-320.5593203295581,-35805.0,18389.999999999996,0.0,-0.0,0.0,0.0,0.0,0.0,0.0,-0.0,-18390.0,8119.550137229012,0.0,-196.3,0.0,0.0,0.0,0.0,-1813.8991173034353,-82.35101992557597,-6027.0,28851.47982694852,0.0,-378.6,0.0,0.0,0.0,0.0,5859.222053681894,-287.10188063041284,-34045.0,25326.856269943648,0.0,-879.9877157492434,0.0,0.0,0.0,0.0,-3788.853429989842,-214.0151242045581,-20444.0
t567,20132.61249761476,0.0,-4051.953034857315,0.0,0.0,0.0,0.0,5060.323282593094,-238.98274535053721,-20902.0,41735.32876137278,0.0,-5587.588427115619,0.0,0.0,0.0,0.0,-12369.31304159405,-487.42729266310846,-23291.0,27604.4999954575,0.0,-1665.0,0.0,0.0,0.0,0.0,10669.47288229744,-387.9728777549386,-36221.0,20852.549313874395,0.0,-0.0,0.0,0.0,0.0,0.0,-2536.980921594497,-47.56839227989682,-18268.0,8106.838614900396,0.0,-45.74558365537865,0.0,0.0,0.0,0.0,-2026.3494405249003,-254.74359072011745,-5780.0,29580.452554944062,0.0,-378.6,0.0,0.0,0.0,0.0,4638.430541594051,-227.28309653810848,-33613.0,23569.219531311388,0.0,-0.0,0.0,0.0,0.0,0.0,-3435.5833027711365,-159.6362285402552,-19974.0
t568,18348.215823143495,0.0,-2599.3758231434954,0.0,0.0,0.0,0.0,4600.0,-208.84,-20140.0,38218.092609819425,0.0,-2704.3683203851324,0.0,0.0,0.0,0.0,-11975.060669408285,-472.663620026006,-23066.0,24575.023001891856,0.0,-1665.0,0.0,0.0,0.0,0.0,13574.339923261585,-554.3629251534428,-35930.0,22057.809439107667,0.0,-373.8776413709337,0.0,0.0,0.0,0.0,-3723.6868257833785,-111.24497195335445,-17849.0,8298.25830661673,0.0,-224.17169023773533,0.0,0.0,0.0,0.0,-2307.257698220632,-251.82891815836314,-5515.0,32437.269479845738,0.0,-335.6572209616526,0.0,0.0,0.0,0.0,1327.2889390539017,-340.90119793798556,-33088.0,21231.71667768964,0.0,-0.0,0.0,0.0,0.0,0.0,-1495.6236689031894,-234.0930087864545,-19502.0
t569,16987.69827644835,0.0,-97.3,0.0,0.0,0.0,0.0,3059.6803017900284,-279.0785782383747,-19671.0,37073.997574050096,0.0,-2246.9,0.0,0.0,0.0,0.0,-11925.84549745005,-470.25207660005236,-22431.0,20217.95541025012,0.0,-1665.0,0.0,0.0,0.0,0.0,17775.12908111514,-754.0844913652606,-35574.0,23738.49287603876,0.0,-0.0,0.0,0.0,0.0,0.0,-6134.741957633141,-210.7509184056214,-17393.0,7830.785492770394,0.0,-62.064869576721,0.0,0.0,0.0,0.0,-2208.580915277313,-283.1397079163605,-5277.0,33794.19566988199,0.0,-314.0,0.0,0.0,0.0,0.0,-789.7868242615095,-472.4088456204866,-32218.0,19236.37297790373,0.0,-0.0,0.0,0.0,0.0,0.0,224.14581171684165,-504.51878962057395,-18956.0
t570,16253.789432959074,0.0,-0.0,0.0,0.0,0.0,0.0,2905.327627238832,-286.11706019790927,-18873.0,31720.918703575393,0.0,-1841.0249278504173,0.0,0.0,0.0,0.0,-8098.1965,-282.697275725,-21499.0,14961.076729217548,103.07039996314829,-0.0,0.0,0.0,0.0,0.0,20723.516348952042,-882.6634781327233,-34905.0,24096.969272925737,974.4831063465713,-0.0,0.0,0.0,0.0,0.0,-7961.159873735793,-329.2925055365134,-16781.0,7829.317103576149,224.17169023773533,-0.0,0.0,0.0,0.0,0.0,-2674.280688556198,-306.2081052576869,-5073.0,34846.05567449014,225.8178058243211,-0.0,0.0,0.0,0.0,0.0,-3792.061004959185,-471.812475355256,-30808.0,20217.690444188458,0.0,-0.0,0.0,0.0,0.0,0.0,-1103.1459089396976,-717.5445352487582,-18397.0
t571,13813.897911139584,218.36285634583965,-0.0,0.0,0.0,0.0,0.0,4365.282357033832,-219.54312451925728,-18178.0,18465.552960333906,0.0,-0.0,0.0,0.0,0.0,0.0,2692.2063876871052,-781.7593480210116,-20376.0,13305.071401400337,2581.204053755519,-0.0,0.0,0.0,0.0,0.0,19595.242192226742,-830.5176473826034,-34651.0,24847.0434377853,974.4831063465713,-0.0,0.0,0.0,0.0,0.0,-9029.18392883446,-447.3426152974132,-16345.0,9173.491402441865,224.17169023773533,-0.0,0.0,0.0,0.0,0.0,-4129.3572003613735,-306.3058923182242,-4962.0,42312.06772062207,378.6,-0.0,0.0,0.0,0.0,0.0,-12196.571749499144,-1125.0959711229316,-29369.0,19919.85989179332,0.0,-0.0,0.0,0.0,0.0,0.0,-1297.6180582527018,-735.2418335406151,-17887.0
t572,14381.303311534808,2951.9616612836235,-0.0,0.0,0.0,0.0,0.0,800.8177383144321,-382.0827111328619,-17752.0,8420.772116461187,2712.0353811564,-0.0,0.0,0.0,0.0,0.0,9036.723125315544,-565.5306229331319,-19604.0,13429.450414674504,1665.0,-0.0,0.0,0.0,0.0,0.0,20862.187140151487,-954.6375548259988,-35002.0,23971.7326892998,974.4831063465713,-0.0,0.0,0.0,0.0,0.0,-8130.037662154797,-501.1781334915703,-16315.0,11268.759022353475,224.17169023773533,-0.0,0.0,0.0,0.0,0.0,-6268.447672653947,-279.48303993726154,-4945.0,40343.13324762709,358.2486379572,-0.0,0.0,0.0,0.0,0.0,-10956.627543886232,-1205.7543416980513,-28539.0,22276.25975275275,1630.3,-0.0,0.0,0.0,0.0,0.0,-5344.615125086488,-900.9446276662621,-17661.0
t573,13704.215150745078,97.3,-0.0,0.0,0.0,0.0,0.0,4034.128585744955,-234.64373649003005,-17601.0,7661.08214560819,5587.588427115619,-0.0,0.0,0.0,0.0,0.0,6800.121688556272,-640.7922612800813,-19408.0,13473.044487364517,3780.116498904807,-0.0,0.0,0.0,0.0,0.0,20284.527915345934,-900.6889016152741,-36637.0,25607.740917403797,183.63263563450198,-0.0,0.0,0.0,0.0,0.0,-9201.685163758777,-646.688389279523,-15943.0,12310.42030737075,0.0,-0.0,0.0,0.0,0.0,0.0,-7172.977336241223,-296.4429711295229,-4841.0,38522.75504498873,0.0,-0.0,0.0,0.0,0.0,0.0,-8980.450378694977,-1334.3046662937425,-28208.0,23620.653989606086,664.1846320975228,-0.0,0.0,0.0,0.0,0.0,-5763.665310952185,-919.1733107514199,-17602.0
t574,10919.64638414557,6546.840000000161,-0.0,0.0,0.0,0.0,0.0,116.78807943216361,-413.27446357789336,-17170.0,7405.752567915517,4780.599279595939,-0.0,0.0,0.0,0.0,0.0,7225.138594871129,-626.4904423825865,-18785.0,13298.839584842412,1665.0,-0.0,0.0,0.0,0.0,0.0,23371.547500309214,-1047.3870851516351,-37288.0,25390.859613066936,0.0,-793.9832243274936,0.0,0.0,0.0,0.0,-8792.516079123001,-654.3603096164437,-15150.0,12630.49351449827,0.0,-94.23220215482843,0.0,0.0,0.0,0.0,-7582.146420876999,-304.11489146644374,-4650.0,37601.75504498873,314.0,-0.0,0.0,0.0,0.0,0.0,-8980.450378694977,-1334.3046662937425,-27601.0,23484.90388201494,0.0,-0.0,0.0,0.0,0.0,0.0,-5358.361295917528,-901.5425860974124,-17225.0
t575,10585.168900498466,5183.106738588158,-0.0,0.0,0.0,0.0,0.0,1239.7899396646667,-362.06557875129124,-16646.0,6842.572974631611,4364.128369399952,-0.0,0.0,0.0,0.0,0.0,6978.10188368252,-634.8032277140832,-17550.0,13095.648625970367,2311.89781448417,-0.0,0.0,0.0,0.0,0.0,22469.824059510654,-1003.3704999652018,-36874.0,24711.453600066292,0.0,-52.33511453208179,0.0,0.0,0.0,0.0,-9047.539872034868,-649.5786134993463,-14962.0,12530.193432797067,0.0,-205.73760948258587,0.0,0.0,0.0,0.0,-7327.122627965134,-299.3331953493463,-4698.0,36852.37285081253,25.382194176199743,-0.0,0.0,0.0,0.0,0.0,-8980.450378694977,-1334.3046662937425,-26563.0,22959.02510456895,0.0,-0.0,0.0,0.0,0.0,0.0,-5332.603004162867,-900.4221004060846,-16726.0
t576,11010.943562228867,1091.8964377711332,-0.0,0.0,0.0,0.0,0.0,4600.0,-208.84,-16494.0,7699.2535947460165,3241.779709690161,-0.0,0.0,0.0,0.0,0.0,7051.306585076014,-632.339889512192,-17360.0,13070.504196487702,4760.9,-0.0,0.0,0.0,0.0,0.0,18717.400503994562,-833.8047004822732,-35715.0,25018.0837014948,0.0,-531.9380826277244,0.0,0.0,0.0,0.0,-8881.452874157532,-652.6927447095463,-14952.0,12587.656952402016,0.0,-0.0,0.0,0.0,0.0,0.0,-7493.209625842468,-302.44732655954624,-4792.0,36934.75504498873,0.0,-0.0,0.0,0.0,0.0,0.0,-8980.450378694977,-1334.3046662937425,-26620.0,22327.139428251936,0.0,-0.0,0.0,0.0,0.0,0.0,-5013.594210375597,-886.5452178763384,-16427.0
t577,22922.51890624085,1231.4530366438285,-0.0,0.0,0.0,0.0,0.0,-7356.870210159581,-702.1017327250995,-16095.0,7846.496528619569,1375.3914973804303,-0.0,0.0,0.0,0.0,0.0,10521.673999999999,-515.562026,-19228.0,12918.163892429437,1268.4859734738038,-0.0,0.0,0.0,0.0,0.0,22508.301237947475,-1000.9511038507152,-35694.0,27273.553985581533,0.0,-0.0,0.0,0.0,0.0,0.0,-9454.607897560798,-641.946088020735,-17177.0,11214.510342969208,0.0,-18.120848922836668,0.0,0.0,0.0,0.0,-6183.144540966499,-258.24495307987434,-4755.0,35098.6616929,314.0,-0.0,0.0,0.0,0.0,0.0,-3367.735999999999,-980.9256929,-31064.0,20441.52787977727,0.0,-2.4662137747663954e-13,0.0,0.0,0.0,0.0,-6667.616589260597,-800.9112905166752,-12973.0
t578,22585.680226020126,1217.8372225866697,-0.0,0.0,0.0,0.0,0.0,-7161.2376373421275,-621.2798112646674,-16021.0,7800.335439638456,2535.5525863615385,-0.0,0.0,0.0,0.0,0.0,10521.673999999999,-515.562026,-20342.0,12649.963462818672,1317.4190825404128,-0.0,0.0,0.0,0.0,0.0,20899.589602342832,-930.9721477019132,-33936.0,28498.492983649285,294.28310668500654,-0.0,0.0,0.0,0.0,0.0,-10966.2078569171,-632.5682334171956,-17194.0,8976.568988056979,19.17064421565352,-0.0,0.0,0.0,0.0,0.0,-4047.2170057407725,-220.522626531863,-4728.0,37165.6616929,0.0,-0.0,0.0,0.0,0.0,0.0,-3367.735999999999,-980.9256929,-32817.0,19601.319987194744,0.0,-0.0,0.0,0.0,0.0,0.0,-5878.865102342832,-678.4548848519131,-13044.0
t579,22901.293747922093,1253.1547758490185,-0.0,0.0,0.0,0.0,0.0,-7562.380603154312,-603.0679206167943,-15989.0,7803.82350665293,2749.06451934707,-0.0,0.0,0.0,0.0,0.0,10521.673999999999,-515.562026,-20559.0,12497.45223090813,463.14332253726246,-0.0,0.0,0.0,0.0,0.0,19995.028172038274,-891.6237254836649,-32064.0,28556.845844495332,654.2998888142679,-0.0,0.0,0.0,0.0,0.0,-11314.055359224147,-639.0903740854527,-17258.0,8282.286282411254,30.773131762532266,-0.0,0.0,0.0,0.0,0.0,-3298.226537621543,-208.83287655224697,-4806.0,37380.60792085497,159.05377204503247,-0.0,0.0,0.0,0.0,0.0,-3367.735999999999,-980.9256929,-33191.0,18698.410134671936,0.0,-0.0,0.0,0.0,0.0,0.0,-4974.303672038273,-639.1064626336648,-13085.0
t580,22042.476500061333,1303.9098181792458,-0.0,0.0,0.0,0.0,0.0,-6249.091341798004,-661.2949764425762,-16436.0,8393.996621616667,2628.8914043833333,-0.0,0.0,0.0,0.0,0.0,10521.673999999999,-515.562026,-21029.0,12411.208844533332,0.0,-0.0,0.0,0.0,0.0,0.0,19357.657013798285,-863.8658583316147,-30905.0,30281.717495490942,486.3251318459768,-0.0,0.0,0.0,0.0,0.0,-12793.217954588392,-666.8246727485323,-17308.0,8390.553555312476,56.94985269366787,-0.0,0.0,0.0,0.0,0.0,-3117.009504275205,-295.49390373093956,-5035.0,37743.315464944935,29.346227955062204,-0.0,0.0,0.0,0.0,0.0,-3367.735999999999,-980.9256929,-33424.0,18231.32448130813,0.0,-0.0,0.0,0.0,0.0,0.0,-4352.276213136685,-612.0482681714458,-13267.0
t581,24382.62261630609,793.4759628413276,-0.0,0.0,0.0,0.0,0.0,-7419.545966003996,-609.5526131434185,-17147.0,7241.431918565809,4938.456107434191,-0.0,0.0,0.0,0.0,0.0,10521.673999999999,-515.562026,-22186.0,12784.633955027171,286.34960322981533,-0.0,0.0,0.0,0.0,0.0,19249.19648901518,-859.1800472721602,-31461.0,30464.150137819353,0.0,-0.0,0.0,0.0,0.0,0.0,-12634.305081442313,-663.8450563770434,-17166.0,7509.425368893181,96.45833503097205,-0.0,0.0,0.0,0.0,0.0,-2120.8114525536907,-240.0722513704619,-5245.0,38489.6616929,0.0,-0.0,0.0,0.0,0.0,0.0,-3367.735999999999,-980.9256929,-34141.0,18448.13477343734,0.0,-0.0,0.0,0.0,0.0,0.0,-4228.471989015177,-606.6627844221601,-13613.0
t582,23981.990412086343,359.0780383917561,-0.0,0.0,0.0,0.0,0.0,-6020.993583503147,-505.07486697495466,-17815.0,10646.277856568693,3837.171979962568,-0.0,0.0,0.0,0.0,0.0,9089.25953017256,-446.7093667038227,-23126.0,13923.203609673215,0.0,-0.0,0.0,0.0,0.0,0.0,17957.930070927498,-799.1336806007154,-31082.0,30282.871597944275,0.0,-0.0,0.0,0.0,0.0,0.0,-12699.798539233647,-665.0730587106309,-16918.0,7137.017060355143,0.0,-0.0,0.0,0.0,0.0,0.0,-1608.0239560104314,-220.99310434471204,-5308.0,37209.067255832444,0.0,-0.0,0.0,0.0,0.0,0.0,-1827.6078426429394,-905.4594131895041,-34476.0,19113.16631468405,0.0,-0.0,0.0,0.0,0.0,0.0,-4890.765679709893,-637.4006349741604,-13585.0
t583,26056.005806251444,0.0,-0.0,0.0,0.0,0.0,0.0,-7281.988876641332,-620.016929610106,-18154.0,9753.081170228039,0.0,-0.0,0.0,0.0,0.0,0.0,14305.643680883564,-633.7248511115974,-23425.0,17389.644466398247,0.0,-0.0,0.0,0.0,0.0,0.0,13108.310113915955,-952.9545803141999,-29545.0,30857.667170475,0.0,-226.0,0.0,0.0,0.0,0.0,-13294.4445,-676.2226704750001,-16661.0,7219.241972886155,0.0,-0.0,0.0,0.0,0.0,0.0,-1636.7960759146308,-260.44589697152423,-5322.0,35699.98198750165,0.0,-0.0,0.0,0.0,0.0,0.0,80.72807004133392,-1069.7100575429747,-34711.0,19759.085713444045,0.0,-0.0,0.0,0.0,0.0,0.0,-5281.452412284889,-718.6333011591587,-13759.0
t584,23587.796795619284,0.0,-5515.100766463639,0.0,0.0,0.0,0.0,1159.051234548925,-365.74726370456904,-18866.0,15997.421455336114,0.0,-2246.9,0.0,0.0,0.0,0.0,9965.239012949303,-425.7604682854175,-23290.0,25898.746449900817,0.0,-4300.539280488389,0.0,0.0,0.0,0.0,9194.168118945905,-744.3752883583328,-30048.0,31460.150276821572,0.0,-974.4831063465713,0.0,0.0,0.0,0.0,-13294.4445,-676.2226704750001,-16515.0,7814.809041774838,0.0,-27.871690237735315,0.0,0.0,0.0,0.0,-2196.0205166511896,-282.916834885913,-5308.0,33092.73741853892,0.0,-0.0,0.0,0.0,0.0,0.0,1926.7580651678536,-721.4954837067752,-34298.0,21288.35926704683,0.0,-0.0,0.0,0.0,0.0,0.0,-6754.751414960799,-641.6078520860344,-13892.0
t585,24218.170721833703,0.0,-6566.3,0.0,0.0,0.0,0.0,1652.0975114271678,-97.96823326087203,-19206.0,29844.50907911667,0.0,-6158.688427115619,0.0,0.0,0.0,0.0,-346.8261696864125,-16.994482314634215,-23322.0,29959.583064109687,0.0,-5677.104053755518,0.0,0.0,0.0,0.0,6968.028150163544,-357.50716051770996,-30893.0,28329.661237439715,0.0,-974.4831063465713,0.0,0.0,0.0,0.0,-10227.218962291827,-611.9591688013202,-16516.0,7420.563644255828,0.0,-131.6639088266915,0.0,0.0,0.0,0.0,-1904.4382393620974,-86.46149606703923,-5298.0,24811.13505347925,0.0,-378.6,0.0,0.0,0.0,0.0,10212.461882509513,-663.9969359887617,-33981.0,22773.53592836095,0.0,-1630.3,0.0,0.0,0.0,0.0,-6354.104172759888,-612.1317556010697,-14177.0
t586,24662.07266584829,0.0,-6566.3,0.0,0.0,0.0,0.0,1549.5781836912931,-70.35084953958471,-19575.0,33717.143377875764,0.0,-6158.688427115619,0.0,0.0,0.0,0.0,-4130.369319952259,-145.085630807889,-23283.0,29783.135485497125,0.0,-5677.104053755518,0.0,0.0,0.0,0.0,9043.594281809132,-356.62571355073294,-32793.0,24503.976388039773,0.0,-169.98310634657133,0.0,0.0,0.0,0.0,-7362.1736990577165,-465.8195826354833,-16506.0,6734.994893378656,0.0,-81.48232729825476,0.0,0.0,0.0,0.0,-1266.860764939216,-75.65180114118616,-5311.0,27064.82086961344,0.0,-378.6,0.0,0.0,0.0,0.0,7476.765934474728,-479.98680408816716,-33683.0,21822.842871823093,0.0,-1630.3,0.0,0.0,0.0,0.0,-5310.534616025961,-231.0082557971293,-14651.0
t587,22800.85370032111,0.0,-4563.3426459602315,0.0,0.0,0.0,0.0,1713.2714703950553,-77.78252475593551,-19873.0,32751.92327582253,0.0,-5765.2712273656,0.0,0.0,0.0,0.0,-3400.2341686808177,-114.41787977610952,-23472.0,28673.006393962536,0.0,-4131.557468650013,0.0,0.0,0.0,0.0,9149.042099452141,-364.49102476466203,-33326.0,21775.395298470066,0.0,-0.0,0.0,0.0,0.0,0.0,-4785.123044429904,-311.27225404016525,-16679.0,7327.675606107465,0.0,-177.62161095647463,0.0,0.0,0.0,0.0,-1713.2714703950553,-77.78252475593551,-5359.0,29293.149209610263,0.0,-0.0,0.0,0.0,0.0,0.0,4785.123044429904,-311.27225404016525,-33767.0,21057.88107575988,0.0,-0.0,0.0,0.0,0.0,0.0,-5748.807930771323,-250.07314498855254,-15059.0
t588,22137.83581780446,0.0,-97.3,0.0,0.0,0.0,0.0,-1917.8634635913677,-255.67235421309186,-19867.0,31369.029327446937,0.0,-5776.581481431651,0.0,0.0,0.0,0.0,-1891.7891414069393,-63.658704608343506,-23637.0,27187.23960488346,0.0,-3706.275141352926,0.0,0.0,0.0,0.0,10746.796524281954,-456.7609878124868,-33771.0,22011.980766269342,0.0,-0.0,0.0,0.0,0.0,0.0,-4779.1002922579655,-310.8804740113806,-16922.0,7462.079369331698,0.0,-149.60829792802193,0.0,0.0,0.0,0.0,-1848.54703597061,-83.9240354330657,-5380.0,29707.380181753415,0.0,-64.6,0.0,0.0,0.0,0.0,4779.1002922579655,-310.8804740113806,-34111.0,20623.950847737153,0.0,-0.0,0.0,0.0,0.0,0.0,-5088.596883313037,-221.3539644241171,-15314.0
t589,20365.037132965615,0.0,-97.3,0.0,0.0,0.0,0.0,98.0211080694753,-229.75824103509353,-20136.0,30987.20095559364,0.0,-3760.1946314392226,0.0,0.0,0.0,0.0,-3273.8415558016895,-110.16476835272685,-23843.0,26374.055951712602,0.0,-1665.0,0.0,0.0,0.0,0.0,10899.002745694186,-447.0586974067906,-35161.0,21811.37970365132,0.0,-0.0,0.0,0.0,0.0,0.0,-4184.572258551374,-253.8074450999503,-17373.0,8175.595852648724,0.0,-131.8051391891136,0.0,0.0,0.0,0.0,-2573.934105088589,-116.85660837102195,-5353.0,31843.711207160046,0.0,-64.6,0.0,0.0,0.0,0.0,3124.112297812666,-203.2235049727139,-34700.0,20666.665611416174,0.0,-797.3011427642707,0.0,0.0,0.0,0.0,-4088.788232134675,-274.57623651722855,-15506.0
t590,20179.78661743001,0.0,-97.3,0.0,0.0,0.0,0.0,31.23052742108939,-382.7171448511017,-19731.0,30611.195293109275,0.0,-2246.9,0.0,0.0,0.0,0.0,-3414.400709243239,-114.89458386603499,-24835.0,24203.120447490128,0.0,-2581.204053755519,0.0,0.0,0.0,0.0,15404.339752648148,-645.2561463827528,-36381.0,21961.754020393277,0.0,-0.0,0.0,0.0,0.0,0.0,-4414.349189318591,-251.40483107469015,-17296.0,9909.280988624523,0.0,-196.3,0.0,0.0,0.0,0.0,-4221.332493423114,-191.6484952014094,-5300.0,32831.209892387116,0.0,-0.0,0.0,0.0,0.0,0.0,2353.9120890025,-153.1219813896126,-35032.0,21781.9757396389,0.0,-0.0,0.0,0.0,0.0,0.0,-5739.399977086794,-437.575762552103,-15605.0
t591,20754.055556992244,0.0,-97.3,0.0,0.0,0.0,0.0,-841.7708081410119,-456.98474885123017,-19358.0,29671.842611932276,0.0,-2246.9,0.0,0.0,0.0,0.0,-2279.2459845520966,-76.69662738017804,-25069.0,21437.253523760864,0.0,-1665.0,0.0,0.0,0.0,0.0,17719.522866689378,-759.7763904502458,-36732.0,20689.53202652231,0.0,-0.0,0.0,0.0,0.0,0.0,-3652.5837595305784,-205.94826699173043,-16831.0,10599.808374358765,0.0,-76.1319079143286,0.0,0.0,0.0,0.0,-5185.330853861387,-237.3456125830496,-5101.0,32879.34112568783,0.0,-21.657220961652605,0.0,0.0,0.0,0.0,1828.243323465237,-118.92722819141366,-34567.0,23649.296449671743,0.0,-0.0,0.0,0.0,0.0,0.0,-7588.834784069539,-550.461665602204,-15510.0
t592,22372.873292274948,445.4619175432934,-0.0,0.0,0.0,0.0,0.0,-3912.0875878725083,-352.2476219457268,-18554.0,24720.79671732957,0.0,-0.0,0.0,0.0,0.0,0.0,-332.60457343353136,-11.19214389603833,-24377.0,15462.72327423477,5335.03084881647,-0.0,0.0,0.0,0.0,0.0,15932.250054625121,-702.0041776763758,-36028.0,18882.78513785343,974.4831063465713,-0.0,0.0,0.0,0.0,0.0,-3306.5460000000003,-157.7222442,-16393.0,8259.42635302867,0.0,-0.0,0.0,0.0,0.0,0.0,-3224.688697129015,-150.73765589965728,-4884.0,33595.0,0.0,-0.0,0.0,0.0,0.0,0.0,0.0,-0.0,-33595.0,20933.34750812433,0.0,-0.0,0.0,0.0,0.0,0.0,-5156.323196190067,-647.0243119342679,-15130.0
t593,21377.667266495857,1027.4422974403594,-0.0,0.0,0.0,0.0,0.0,-4047.1246187953784,-522.9849451408372,-17835.0,15429.659936624614,2027.8163985321385,-0.0,0.0,0.0,0.0,0.0,6208.752539267348,-304.22887442410007,-23362.0,11956.826774071587,5677.104053755518,-0.0,0.0,0.0,0.0,0.0,18829.113607241783,-846.0444350688946,-35617.0,23437.549106003382,760.3328642674949,-0.0,0.0,0.0,0.0,0.0,-8007.570456336207,-332.31151393467024,-15858.0,6989.9789859771645,196.3,-0.0,0.0,0.0,0.0,0.0,-2199.2956101512964,-285.98337582586885,-4701.0,37702.15158597581,0.0,-0.0,0.0,0.0,0.0,0.0,-5021.24071497503,-465.9108710007685,-32215.0,21241.033610613144,0.0,-0.0,0.0,0.0,0.0,0.0,-5762.634746251217,-673.3988643619278,-14805.0
t594,21362.707139726357,1188.6621410370828,-0.0,0.0,0.0,0.0,0.0,-5048.943459410542,-491.42582135289587,-17011.0,8337.37230356724,3817.515722432758,-0.0,0.0,0.0,0.0,0.0,10521.673999999999,-515.562026,-22161.0,12003.046637295247,5677.104053755518,-0.0,0.0,0.0,0.0,0.0,17930.454410926304,-796.6051019770665,-34814.0,23862.423201868343,974.4831063465713,-0.0,0.0,0.0,0.0,0.0,-8997.678773349946,-488.2275348649683,-15351.0,8030.306274548066,7.0108527484846945,-0.0,0.0,0.0,0.0,0.0,-3326.9282742110045,-210.38885308554555,-4500.0,37399.04411430679,0.0,-0.0,0.0,0.0,0.0,0.0,-5688.055184348665,-829.9889299581192,-30881.0,20607.734710809014,0.0,-0.0,0.0,0.0,0.0,0.0,-5390.522719606144,-657.2119912028672,-14560.0
t595,21214.08778243771,1585.636307075706,-0.0,0.0,0.0,0.0,0.0,-6312.859790114833,-641.8642993985811,-15845.0,8511.988026,2246.9,-0.0,0.0,0.0,0.0,0.0,10521.673999999999,-515.562026,-20765.0,12074.550033193076,898.9174162390976,-0.0,0.0,0.0,0.0,0.0,22402.466009694206,-995.9334591263855,-34380.0,25821.432602946126,921.417403524735,-0.0,0.0,0.0,0.0,0.0,-11907.630105885513,-650.2199005853533,-14185.0,8112.202907997829,101.66064228995592,-0.0,0.0,0.0,0.0,0.0,-3757.119130041352,-267.74442024643304,-4189.0,33737.6616929,0.0,-0.0,0.0,0.0,0.0,0.0,-3367.735999999999,-980.9256929,-29389.0,22509.196818341392,0.0,-0.0,0.0,0.0,0.0,0.0,-7578.794983652508,-752.401834688884,-14178.0
t596,21356.140336538472,1699.7095933614632,-0.0,0.0,0.0,0.0,0.0,-7243.940888304946,-730.9090415949887,-15081.0,6746.947964163803,1137.1791414361987,-0.0,0.0,0.0,0.0,0.0,10888.988,-538.1151056,-18235.0,12012.02074943641,188.5132046378263,-0.0,0.0,0.0,0.0,0.0,22971.569310952185,-1021.10326502642,-34151.0,28083.154004899126,0.0,-74.57329493262183,0.0,0.0,0.0,0.0,-13008.715459010064,-670.8652509564387,-14329.0,7314.240809690577,196.3,-0.0,0.0,0.0,0.0,0.0,-2958.4225870911446,-302.1182225994336,-4250.0,30583.11474122623,0.0,-0.0,0.0,0.0,0.0,0.0,-2047.2753312852183,-1071.8394099410125,-27464.0,23189.586495880238,0.0,-0.0,0.0,0.0,0.0,0.0,-8602.20304526081,-948.3834506194265,-13639.0
t597,20997.993842558633,1810.4904039919106,-0.0,0.0,0.0,0.0,0.0,-7071.996472321939,-764.4877742286042,-14972.0,7497.820889391152,442.30621620884807,-0.0,0.0,0.0,0.0,0.0,10888.988,-538.1151056,-18291.0,12149.181633468063,1449.3523206061745,-0.0,0.0,0.0,0.0,0.0,22971.569310952185,-1021.10326502642,-35549.0,28531.300839490912,0.0,-811.1553850396226,0.0,0.0,0.0,0.0,-12826.693122308012,-667.4523321432753,-14226.0,7962.784878349616,137.39141333564947,-0.0,0.0,0.0,0.0,0.0,-3547.9693776919885,-317.2069139932752,-4235.0,30930.419553749452,44.248637957199996,-0.0,0.0,0.0,0.0,0.0,-2442.0059874420385,-1044.6622042646154,-27488.0,22462.175718557846,0.0,-0.0,0.0,0.0,0.0,0.0,-7971.892351188206,-936.2833673696397,-13554.0
t598,20313.003652844527,1964.596583722177,-0.0,0.0,0.0,0.0,0.0,-6866.278417825848,-751.3218187408543,-14660.0,7025.027105599999,571.1,-0.0,0.0,0.0,0.0,0.0,10888.988,-538.1151056,-17947.0,12067.686763026903,143.1039771711036,-0.0,0.0,0.0,0.0,0.0,26397.104189647165,-1223.8949298451628,-37384.0,27232.925064476032,0.0,-974.4831063465713,0.0,0.0,0.0,0.0,-11826.738770090267,-648.7031880391925,-13783.0,8973.381499798928,0.0,-0.0,0.0,0.0,0.0,0.0,-4547.923729909734,-298.4577698891925,-4127.0,34137.467523596206,64.6,-0.0,0.0,0.0,0.0,0.0,-5833.252930117938,-1249.8145934782717,-27119.0,21806.93444940892,925.4420285712622,-0.0,0.0,0.0,0.0,0.0,-8211.898341703376,-925.4781362768033,-13595.0
t599,20098.893525488264,2105.5872369672284,-0.0,0.0,0.0,0.0,0.0,-7217.669889525837,-773.8108729296536,-14213.0,7192.348979713449,0.0,-0.0,0.0,0.0,0.0,0.0,10195.79990944958,-504.1488891630295,-16884.0,11923.09821482834,355.58605966549317,-0.0,0.0,0.0,0.0,0.0,26179.31769485992,-1211.001969353758,-37247.0,27151.341283418842,0.0,-974.4831063465713,0.0,0.0,0.0,0.0,-11569.969414451307,-643.888762620962,-13963.0,9273.336430019655,0.0,-0.0,0.0,0.0,0.0,0.0,-4804.6930855486935,-293.643344470962,-4175.0,31850.53728272269,64.6,-0.0,0.0,0.0,0.0,0.0,-4195.116793357318,-1253.0204893653674,-26467.0,21499.07108782472,1452.6295968826978,-0.0,0.0,0.0,0.0,0.0,-8587.668421426348,-998.0322632810735,-13366.0
t600,20496.14410862226,2034.7915763212497,-0.0,0.0,0.0,0.0,0.0,-7420.165117428107,-786.7705675153989,-14324.0,7302.156221803646,0.0,-0.0,0.0,0.0,0.0,0.0,10144.477888324242,-501.6341101278878,-16945.0,11915.287574201158,1267.1065355961941,-0.0,0.0,0.0,0.0,0.0,24399.22645835532,-1105.6205681526856,-36476.0,27180.283139543633,0.0,-974.4831063465713,0.0,0.0,0.0,0.0,-11317.642402058464,-639.1576311385962,-14249.0,9606.932310930135,0.0,-0.0,0.0,0.0,0.0,0.0,-5057.020097941538,-288.91221298859614,-4261.0,30877.1430178702,64.6,-0.0,0.0,0.0,0.0,0.0,-3005.829050428203,-1100.9139674420016,-26835.0,20876.68494708168,1071.1443479212394,-0.0,0.0,0.0,0.0,0.0,-7743.047678823252,-966.7816161796668,-13238.0
