I must not fear. Fear is the mind-killer.

Loading GenX
  Loading requirement: gurobi/12.0.0 julia/1.11.3

libgomp: Invalid value for environment variable OMP_NUM_THREADS: invalid
Set parameter LicenseID to value 197246
Set parameter GURO_PAR_SPECIAL
Set parameter TokenServer to value "license.rc.princeton.edu"
Set parameter FeasibilityTol to value 1e-06
Set parameter PreDual to value -1
Set parameter Method to value 2
Set parameter Crossover to value 1
Set parameter TimeLimit to value 1e+100
Set parameter OutputFlag to value 1
Set parameter NumericFocus to value 0
Set parameter MIPGap to value 0.001
Set parameter OptimalityTol to value 0.0001
Set parameter AggFill to value -1
Set parameter BarConvTol to value 1e-08
Set parameter Presolve to value -1
Set parameter LicenseID to value 197246
Set parameter GURO_PAR_SPECIAL
Set parameter TokenServer to value "license.rc.princeton.edu"
Set parameter FeasibilityTol to value 1e-06
Set parameter PreDual to value -1
Set parameter Method to value 2
Set parameter Crossover to value 1
Set parameter TimeLimit to value 1e+100
Set parameter OutputFlag to value 1
Set parameter NumericFocus to value 0
Set parameter MIPGap to value 0.001
Set parameter OptimalityTol to value 0.0001
Set parameter AggFill to value -1
Set parameter BarConvTol to value 1e-08
Set parameter Presolve to value -1
Set parameter LicenseID to value 197246
Set parameter GURO_PAR_SPECIAL
Set parameter TokenServer to value "license.rc.princeton.edu"
Set parameter FeasibilityTol to value 1e-06
Set parameter PreDual to value -1
Set parameter Method to value 2
Set parameter Crossover to value 1
Set parameter TimeLimit to value 1e+100
Set parameter OutputFlag to value 1
Set parameter NumericFocus to value 0
Set parameter MIPGap to value 0.001
Set parameter OptimalityTol to value 0.0001
Set parameter AggFill to value -1
Set parameter BarConvTol to value 1e-08
Set parameter Presolve to value -1
Set parameter LicenseID to value 197246
Set parameter GURO_PAR_SPECIAL
Set parameter TokenServer to value "license.rc.princeton.edu"
Set parameter FeasibilityTol to value 1e-06
Set parameter PreDual to value -1
Set parameter Method to value 2
Set parameter Crossover to value 1
Set parameter TimeLimit to value 1e+100
Set parameter OutputFlag to value 1
Set parameter NumericFocus to value 0
Set parameter MIPGap to value 0.001
Set parameter OptimalityTol to value 0.0001
Set parameter AggFill to value -1
Set parameter BarConvTol to value 1e-08
Set parameter Presolve to value -1
Set parameter LicenseID to value 197246
Set parameter GURO_PAR_SPECIAL
Set parameter TokenServer to value "license.rc.princeton.edu"
Set parameter FeasibilityTol to value 1e-06
Set parameter PreDual to value -1
Set parameter Method to value 2
Set parameter Crossover to value 1
Set parameter TimeLimit to value 1e+100
Set parameter OutputFlag to value 1
Set parameter NumericFocus to value 0
Set parameter MIPGap to value 0.001
Set parameter OptimalityTol to value 0.0001
Set parameter AggFill to value -1
Set parameter BarConvTol to value 1e-08
Set parameter Presolve to value -1
Set parameter LicenseID to value 197246
Set parameter GURO_PAR_SPECIAL
Set parameter TokenServer to value "license.rc.princeton.edu"
Set parameter FeasibilityTol to value 1e-06
Set parameter PreDual to value -1
Set parameter Method to value 2
Set parameter Crossover to value 1
Set parameter TimeLimit to value 1e+100
Set parameter OutputFlag to value 1
Set parameter NumericFocus to value 0
Set parameter MIPGap to value 0.001
Set parameter OptimalityTol to value 0.0001
Set parameter AggFill to value -1
Set parameter BarConvTol to value 1e-08
Set parameter Presolve to value -1
Set parameter LicenseID to value 197246
Set parameter GURO_PAR_SPECIAL
Set parameter TokenServer to value "license.rc.princeton.edu"
Set parameter FeasibilityTol to value 1e-06
Set parameter PreDual to value -1
Set parameter Method to value 2
Set parameter Crossover to value 1
Set parameter TimeLimit to value 1e+100
Set parameter OutputFlag to value 1
Set parameter NumericFocus to value 0
Set parameter MIPGap to value 0.001
Set parameter OptimalityTol to value 0.0001
Set parameter AggFill to value -1
Set parameter BarConvTol to value 1e-08
Set parameter Presolve to value -1
Set parameter LicenseID to value 197246
Set parameter GURO_PAR_SPECIAL
Set parameter TokenServer to value "license.rc.princeton.edu"
Set parameter FeasibilityTol to value 1e-06
Set parameter PreDual to value -1
Set parameter Method to value 2
Set parameter Crossover to value 1
Set parameter TimeLimit to value 1e+100
Set parameter OutputFlag to value 1
Set parameter NumericFocus to value 0
Set parameter MIPGap to value 0.001
Set parameter OptimalityTol to value 0.0001
Set parameter AggFill to value -1
Set parameter BarConvTol to value 1e-08
Set parameter Presolve to value -1
Set parameter LicenseID to value 197246
Set parameter GURO_PAR_SPECIAL
Set parameter TokenServer to value "license.rc.princeton.edu"
Set parameter FeasibilityTol to value 1e-06
Set parameter PreDual to value -1
Set parameter Method to value 2
Set parameter Crossover to value 1
Set parameter TimeLimit to value 1e+100
Set parameter OutputFlag to value 1
Set parameter NumericFocus to value 0
Set parameter MIPGap to value 0.001
Set parameter OptimalityTol to value 0.0001
Set parameter AggFill to value -1
Set parameter BarConvTol to value 1e-08
Set parameter Presolve to value -1
Set parameter LicenseID to value 197246
Set parameter GURO_PAR_SPECIAL
Set parameter TokenServer to value "license.rc.princeton.edu"
Set parameter FeasibilityTol to value 1e-06
Set parameter PreDual to value -1
Set parameter Method to value 2
Set parameter Crossover to value 1
Set parameter TimeLimit to value 1e+100
Set parameter OutputFlag to value 1
Set parameter NumericFocus to value 0
Set parameter MIPGap to value 0.001
Set parameter OptimalityTol to value 0.0001
Set parameter AggFill to value -1
Set parameter BarConvTol to value 1e-08
Set parameter Presolve to value -1
Set parameter LicenseID to value 197246
Set parameter GURO_PAR_SPECIAL
Set parameter TokenServer to value "license.rc.princeton.edu"
Set parameter FeasibilityTol to value 1e-06
Set parameter PreDual to value -1
Set parameter Method to value 2
Set parameter Crossover to value 1
Set parameter TimeLimit to value 1e+100
Set parameter OutputFlag to value 1
Set parameter NumericFocus to value 0
Set parameter MIPGap to value 0.001
Set parameter OptimalityTol to value 0.0001
Set parameter AggFill to value -1
Set parameter BarConvTol to value 1e-08
Set parameter Presolve to value -1
Set parameter LicenseID to value 197246
Set parameter GURO_PAR_SPECIAL
Set parameter TokenServer to value "license.rc.princeton.edu"
Set parameter FeasibilityTol to value 1e-06
Set parameter PreDual to value -1
Set parameter Method to value 2
Set parameter Crossover to value 1
Set parameter TimeLimit to value 1e+100
Set parameter OutputFlag to value 1
Set parameter NumericFocus to value 0
Set parameter MIPGap to value 0.001
Set parameter OptimalityTol to value 0.0001
Set parameter AggFill to value -1
Set parameter BarConvTol to value 1e-08
Set parameter Presolve to value -1
Set parameter LicenseID to value 197246
Set parameter GURO_PAR_SPECIAL
Set parameter TokenServer to value "license.rc.princeton.edu"
Set parameter FeasibilityTol to value 1e-06
Set parameter PreDual to value -1
Set parameter Method to value 2
Set parameter Crossover to value 1
Set parameter TimeLimit to value 1e+100
Set parameter OutputFlag to value 1
Set parameter NumericFocus to value 0
Set parameter MIPGap to value 0.001
Set parameter OptimalityTol to value 0.0001
Set parameter AggFill to value -1
Set parameter BarConvTol to value 1e-08
Set parameter Presolve to value -1
Set parameter LicenseID to value 197246
Set parameter GURO_PAR_SPECIAL
Set parameter TokenServer to value "license.rc.princeton.edu"
Set parameter FeasibilityTol to value 1e-06
Set parameter PreDual to value -1
Set parameter Method to value 2
Set parameter Crossover to value 1
Set parameter TimeLimit to value 1e+100
Set parameter OutputFlag to value 1
Set parameter NumericFocus to value 0
Set parameter MIPGap to value 0.001
Set parameter OptimalityTol to value 0.0001
Set parameter AggFill to value -1
Set parameter BarConvTol to value 1e-08
Set parameter Presolve to value -1
Set parameter LicenseID to value 197246
Set parameter GURO_PAR_SPECIAL
Set parameter TokenServer to value "license.rc.princeton.edu"
Set parameter FeasibilityTol to value 1e-06
Set parameter PreDual to value -1
Set parameter Method to value 2
Set parameter Crossover to value 1
Set parameter TimeLimit to value 1e+100
Set parameter OutputFlag to value 1
Set parameter NumericFocus to value 0
Set parameter MIPGap to value 0.001
Set parameter OptimalityTol to value 0.0001
Set parameter AggFill to value -1
Set parameter BarConvTol to value 1e-08
Set parameter Presolve to value -1
Set parameter LicenseID to value 197246
Set parameter GURO_PAR_SPECIAL
Set parameter TokenServer to value "license.rc.princeton.edu"
Set parameter FeasibilityTol to value 1e-06
Set parameter PreDual to value -1
Set parameter Method to value 2
Set parameter Crossover to value 1
Set parameter TimeLimit to value 1e+100
Set parameter OutputFlag to value 1
Set parameter NumericFocus to value 0
Set parameter MIPGap to value 0.001
Set parameter OptimalityTol to value 0.0001
Set parameter AggFill to value -1
Set parameter BarConvTol to value 1e-08
Set parameter Presolve to value -1
Set parameter LicenseID to value 197246
Set parameter GURO_PAR_SPECIAL
Set parameter TokenServer to value "license.rc.princeton.edu"
Set parameter FeasibilityTol to value 1e-06
Set parameter PreDual to value -1
Set parameter Method to value 2
Set parameter Crossover to value 1
Set parameter TimeLimit to value 1e+100
Set parameter OutputFlag to value 1
Set parameter NumericFocus to value 0
Set parameter MIPGap to value 0.001
Set parameter OptimalityTol to value 0.0001
Set parameter AggFill to value -1
Set parameter BarConvTol to value 1e-08
Set parameter Presolve to value -1
Set parameter LicenseID to value 197246
Set parameter GURO_PAR_SPECIAL
Set parameter TokenServer to value "license.rc.princeton.edu"
Set parameter FeasibilityTol to value 1e-06
Set parameter PreDual to value -1
Set parameter Method to value 2
Set parameter Crossover to value 1
Set parameter TimeLimit to value 1e+100
Set parameter OutputFlag to value 1
Set parameter NumericFocus to value 0
Set parameter MIPGap to value 0.001
Set parameter OptimalityTol to value 0.0001
Set parameter AggFill to value -1
Set parameter BarConvTol to value 1e-08
Set parameter Presolve to value -1
Set parameter FeasibilityTol to value 1e-06
Set parameter PreDual to value -1
Set parameter Method to value 2
Set parameter Crossover to value 1
Set parameter TimeLimit to value 1e+100
Set parameter OutputFlag to value 1
Set parameter NumericFocus to value 0
Set parameter MIPGap to value 0.001
Set parameter OptimalityTol to value 0.0001
Set parameter AggFill to value -1
Set parameter BarConvTol to value 1e-08
Set parameter Presolve to value -1
Gurobi Optimizer version 12.0.3 build v12.0.3rc0 (linux64 - "Red Hat Enterprise Linux 9.6 (Plow)")

CPU model: AMD EPYC 9654 96-Core Processor, instruction set [SSE2|AVX|AVX2|AVX512]
Thread count: 192 physical cores, 192 logical processors, using up to 32 threads

Non-default parameters:
MIPGap  0.001
OptimalityTol  0.0001
Method  2
Crossover  1

Optimize a model with 13211974 rows, 11875553 columns and 60371035 nonzeros
Model fingerprint: 0xf5810dc6
Coefficient statistics:
  Matrix range     [2e-08, 7e+04]
  Objective range  [6e-03, 5e+09]
  Bounds range     [0e+00, 0e+00]
  RHS range        [3e+00, 8e+08]
Warning: Model contains large matrix coefficient range
Warning: Model contains large objective coefficients
         Consider reformulating model or setting NumericFocus parameter
         to avoid numerical issues.
Presolve removed 3141868 rows and 5478336 columns (presolve time = 5s)...
Presolve removed 3960139 rows and 6050000 columns (presolve time = 10s)...
Presolve removed 5018128 rows and 6303525 columns (presolve time = 16s)...
Presolve removed 5018128 rows and 6303525 columns (presolve time = 20s)...
Presolve removed 5018128 rows and 6303525 columns (presolve time = 26s)...
Presolve removed 5019658 rows and 6303525 columns (presolve time = 30s)...
Presolve removed 5019658 rows and 6303525 columns (presolve time = 35s)...
Presolve removed 5019658 rows and 6303525 columns
Presolve time: 36.04s
Presolved: 8192316 rows, 5572028 columns, 52418575 nonzeros

Elapsed ordering time = 5s
Ordering time: 8.62s

Barrier statistics:
 Dense cols : 3546
 AA' NZ     : 1.061e+08
 Factor NZ  : 2.400e+08 (roughly 8.0 GB of memory)
 Factor Ops : 2.207e+10 (roughly 1 second per iteration)
 Threads    : 32

                  Objective                Residual
Iter       Primal          Dual         Primal    Dual     Compl     Time
   0   6.45010265e+15 -2.11368208e+16  7.97e+08 4.78e+06  6.99e+12    60s
   1   5.09574333e+15 -3.35082082e+16  6.56e+08 3.74e+07  5.59e+12    62s
   2   4.06206347e+15 -5.88546177e+16  5.43e+08 3.12e+07  4.67e+12    65s
   3   3.45127485e+15 -1.01781635e+17  4.82e+08 2.37e+07  3.91e+12    70s
   4   2.81302743e+15 -1.57709611e+17  4.09e+08 1.48e+07  3.03e+12    73s
   5   2.43582123e+15 -2.17603639e+17  3.54e+08 5.70e+06  2.36e+12    77s
   6   1.40319081e+15 -2.25086727e+17  1.75e+08 1.24e+06  1.17e+12    83s
   7   7.09756671e+14 -1.97015114e+17  3.89e+07 5.20e+05  2.84e+11    90s
   8   6.31857513e+14 -1.61770016e+17  1.47e+07 2.81e+05  1.17e+11    96s
   9   6.52736988e+14 -1.38482450e+17  8.38e+06 1.93e+05  7.50e+10   100s
  10   6.44922250e+14 -1.01304741e+17  4.82e+06 1.05e+05  4.29e+10   103s
  11   6.25774733e+14 -7.85674420e+16  2.20e+06 6.82e+04  2.40e+10   105s
  12   5.79462529e+14 -3.30054088e+16  5.56e+05 1.53e+04  6.44e+09   108s
  13   4.71202661e+14 -1.15856330e+16  1.32e+05 3.44e+03  1.66e+09   111s
  14   3.50736123e+14 -5.47299442e+15  4.63e+04 1.35e+03  6.75e+08   114s
  15   2.35751312e+14 -3.61253842e+15  1.07e+04 8.44e+02  3.95e+08   117s
  16   1.93806322e+14 -2.38123409e+15  5.17e+03 5.30e+02  2.53e+08   119s
  17   1.49693919e+14 -1.28923858e+15  1.96e+03 2.76e+02  1.35e+08   121s
  18   1.06443865e+14 -9.55890168e+14  6.66e+02 2.03e+02  9.61e+07   125s
  19   7.74812236e+13 -7.01872652e+14  2.35e+02 1.48e+02  6.82e+07   127s
  20   4.93093768e+13 -3.12498347e+14  6.47e+01 6.34e+01  3.02e+07   130s
  21   3.04465032e+13 -1.52033633e+14  2.24e+01 2.89e+01  1.46e+07   133s
  22   1.95478427e+13 -7.65100889e+13  9.70e+00 1.30e+01  7.52e+06   135s
  23   1.41866988e+13 -3.77832046e+13  5.92e+00 5.41e+00  4.01e+06   138s
  24   1.02449290e+13 -2.10034988e+13  3.90e+00 2.16e+00  2.38e+06   140s
  25   8.08456302e+12 -1.86643375e+13  2.94e+00 1.86e+00  2.03e+06   144s
  26   7.50791493e+12 -1.25190721e+13  2.70e+00 1.06e+00  1.52e+06   146s
  27   6.07698442e+12 -9.20656777e+12  2.17e+00 5.79e-01  1.15e+06   149s
  28   5.15337007e+12 -6.44680801e+12  1.84e+00 2.39e-01  8.73e+05   152s
  29   3.97843239e+12 -3.52539813e+12  1.43e+00 4.22e-07  5.63e+05   158s
  30   3.15989344e+12 -2.14310107e+12  1.14e+00 4.46e-07  3.97e+05   163s
  31   2.35256049e+12 -1.74890032e+12  8.33e-01 3.83e-07  3.07e+05   169s
  32   1.98402280e+12 -1.23170121e+12  6.80e-01 4.96e-07  2.40e+05   175s
  33   1.64340666e+12 -7.59209897e+11  5.40e-01 4.12e-07  1.79e+05   181s
  34   1.42574666e+12 -3.76609712e+11  4.42e-01 3.71e-07  1.35e+05   186s
  35   1.19912140e+12 -1.97886420e+11  3.38e-01 3.77e-07  1.04e+05   191s
  36   1.05012614e+12 -7.83210114e+10  2.67e-01 4.30e-07  8.42e+04   196s
  37   9.63655858e+11  3.11512856e+10  2.26e-01 3.98e-07  6.96e+04   203s
  38   8.54989630e+11  1.17052791e+11  1.73e-01 4.25e-07  5.51e+04   209s
  39   8.17272125e+11  1.92951412e+11  1.55e-01 3.85e-07  4.66e+04   213s
  40   7.86051495e+11  2.41615068e+11  1.39e-01 4.07e-07  4.06e+04   219s
  41   7.51395675e+11  2.65924687e+11  1.23e-01 4.28e-07  3.62e+04   224s
  42   7.20914320e+11  2.90794074e+11  1.09e-01 4.58e-07  3.21e+04   231s
  43   7.11284366e+11  2.97016340e+11  1.04e-01 4.99e-07  3.09e+04   236s
  44   6.89142446e+11  3.21056071e+11  9.34e-02 4.52e-07  2.75e+04   242s
  45   6.78920232e+11  3.36074654e+11  8.84e-02 4.97e-07  2.56e+04   245s
  46   6.67665536e+11  3.54859633e+11  8.34e-02 4.62e-07  2.33e+04   251s
  47   6.49293605e+11  3.60403960e+11  7.48e-02 5.11e-07  2.16e+04   256s
  48   6.42587836e+11  3.71889556e+11  7.15e-02 4.37e-07  2.02e+04   262s
  49   6.28400750e+11  3.86730260e+11  6.50e-02 5.13e-07  1.80e+04   266s
  50   6.24566845e+11  3.95696209e+11  6.31e-02 5.42e-07  1.71e+04   270s
  51   6.17419068e+11  3.99045826e+11  5.98e-02 4.44e-07  1.63e+04   274s
  52   6.06751107e+11  4.10388180e+11  5.50e-02 4.35e-07  1.47e+04   279s
  53   6.01223693e+11  4.17771705e+11  5.25e-02 4.78e-07  1.37e+04   285s
  54   5.95829585e+11  4.21855464e+11  4.99e-02 4.93e-07  1.30e+04   288s
  55   5.94961861e+11  4.23838545e+11  4.95e-02 5.11e-07  1.28e+04   293s
  56   5.93256998e+11  4.28013476e+11  4.87e-02 5.38e-07  1.23e+04   297s
  57   5.78477447e+11  4.34219804e+11  4.16e-02 5.11e-07  1.08e+04   303s
  58   5.74154016e+11  4.42660529e+11  3.94e-02 5.02e-07  9.81e+03   308s
  59   5.71714352e+11  4.44870462e+11  3.82e-02 5.15e-07  9.46e+03   313s
  60   5.60405108e+11  4.50182307e+11  3.28e-02 5.39e-07  8.22e+03   318s
  61   5.54401778e+11  4.52444033e+11  2.99e-02 6.17e-07  7.61e+03   322s
  62   5.51096272e+11  4.57341531e+11  2.84e-02 4.77e-07  6.99e+03   329s
  63   5.49837708e+11  4.58181788e+11  2.77e-02 5.80e-07  6.84e+03   332s
  64   5.42781470e+11  4.61092258e+11  2.42e-02 5.66e-07  6.09e+03   337s
  65   5.39074739e+11  4.65043160e+11  2.24e-02 4.88e-07  5.52e+03   342s
  66   5.34177154e+11  4.66885729e+11  2.00e-02 4.73e-07  5.02e+03   348s
  67   5.28941834e+11  4.68816377e+11  1.74e-02 5.53e-07  4.49e+03   354s
  68   5.26126251e+11  4.72498682e+11  1.60e-02 4.82e-07  4.00e+03   359s
  69   5.21872277e+11  4.74619643e+11  1.39e-02 5.07e-07  3.53e+03   364s
  70   5.20358659e+11  4.76048525e+11  1.32e-02 4.60e-07  3.31e+03   367s
  71   5.18451815e+11  4.76717402e+11  1.23e-02 5.36e-07  3.11e+03   374s
  72   5.15909491e+11  4.78626523e+11  1.11e-02 5.02e-07  2.78e+03   378s
  73   5.14115423e+11  4.79376072e+11  1.02e-02 4.91e-07  2.59e+03   383s
  74   5.11912423e+11  4.80145979e+11  9.13e-03 5.03e-07  2.37e+03   390s
  75   5.10675196e+11  4.80664771e+11  8.52e-03 5.86e-07  2.24e+03   395s
  76   5.09819732e+11  4.81615574e+11  8.12e-03 5.74e-07  2.10e+03   399s
  77   5.08757162e+11  4.83202223e+11  7.62e-03 5.14e-07  1.91e+03   407s
  78   5.07891734e+11  4.84044552e+11  7.23e-03 5.51e-07  1.78e+03   411s
  79   5.06692644e+11  4.84968574e+11  6.66e-03 5.41e-07  1.62e+03   416s
  80   5.06064153e+11  4.85573254e+11  6.36e-03 5.77e-07  1.53e+03   422s
  81   5.05537056e+11  4.86278562e+11  6.10e-03 4.78e-07  1.44e+03   427s
  82   5.04077369e+11  4.86749283e+11  5.40e-03 4.71e-07  1.29e+03   433s
  83   5.03436932e+11  4.87319749e+11  5.09e-03 4.84e-07  1.20e+03   438s
  84   5.02976647e+11  4.87896621e+11  4.87e-03 4.82e-07  1.13e+03   444s
  85   5.02168045e+11  4.88151458e+11  4.56e-03 5.61e-07  1.05e+03   449s
  86   5.01693643e+11  4.88365890e+11  1.11e-02 4.90e-07  9.94e+02   454s
  87   5.01324081e+11  4.88746088e+11  1.71e-02 5.19e-07  9.38e+02   459s
  88   5.00801500e+11  4.89030174e+11  2.86e-02 5.56e-07  8.78e+02   464s
  89   4.99967081e+11  4.89412088e+11  2.88e-02 5.66e-07  7.87e+02   472s
  90   4.99226281e+11  4.89577108e+11  2.70e-02 5.61e-07  7.20e+02   479s
  91   4.98962548e+11  4.89960862e+11  2.56e-02 5.33e-07  6.72e+02   485s
  92   4.98505949e+11  4.90119802e+11  2.42e-02 5.52e-07  6.26e+02   489s
  93   4.97877037e+11  4.90274756e+11  2.27e-02 5.35e-07  5.67e+02   497s
  94   4.97250458e+11  4.90505640e+11  2.10e-02 5.26e-07  5.03e+02   504s
  95   4.96978003e+11  4.90725837e+11  1.99e-02 4.69e-07  4.66e+02   509s
  96   4.96782798e+11  4.90842990e+11  1.94e-02 5.53e-07  4.43e+02   516s
  97   4.96360470e+11  4.90988932e+11  1.72e-02 5.18e-07  4.01e+02   525s
  98   4.96147823e+11  4.91224606e+11  1.48e-02 4.96e-07  3.67e+02   532s
  99   4.95885074e+11  4.91306841e+11  1.96e-02 4.95e-07  3.42e+02   539s
 100   4.95537446e+11  4.91508014e+11  2.26e-02 4.34e-07  3.01e+02   544s
 101   4.95358061e+11  4.91560984e+11  2.03e-02 5.01e-07  2.83e+02   550s
 102   4.95156149e+11  4.91706870e+11  2.22e-02 4.13e-07  2.57e+02   556s
 103   4.94925790e+11  4.91802443e+11  2.45e-02 4.42e-07  2.33e+02   563s
 104   4.94758803e+11  4.91872037e+11  2.21e-02 4.70e-07  2.15e+02   568s
 105   4.94664150e+11  4.91895470e+11  2.27e-02 5.00e-07  2.07e+02   573s
 106   4.94429911e+11  4.91922655e+11  2.43e-02 5.33e-07  1.87e+02   579s
 107   4.94374623e+11  4.91945064e+11  2.45e-02 5.02e-07  1.81e+02   583s
 108   4.94207743e+11  4.91968118e+11  2.29e-02 5.16e-07  1.67e+02   588s
 109   4.94052289e+11  4.91995588e+11  2.12e-02 5.09e-07  1.53e+02   594s
 110   4.93964394e+11  4.92060525e+11  1.93e-02 5.41e-07  1.42e+02   600s
 111   4.93787152e+11  4.92091390e+11  1.79e-02 4.98e-07  1.27e+02   605s
 112   4.93621323e+11  4.92113324e+11  1.71e-02 5.25e-07  1.13e+02   612s
 113   4.93590330e+11  4.92136771e+11  1.67e-02 5.40e-07  1.08e+02   618s
 114   4.93522715e+11  4.92163187e+11  1.55e-02 6.13e-07  1.01e+02   624s
 115   4.93482462e+11  4.92189150e+11  1.52e-02 4.69e-07  9.65e+01   630s
 116   4.93416100e+11  4.92212917e+11  1.41e-02 5.39e-07  8.98e+01   639s
 117   4.93292332e+11  4.92236037e+11  1.19e-02 4.87e-07  7.88e+01   649s
 118   4.93254754e+11  4.92258298e+11  1.11e-02 5.35e-07  7.44e+01   656s
 119   4.93217031e+11  4.92284554e+11  1.06e-02 4.78e-07  6.96e+01   665s
 120   4.93170881e+11  4.92292025e+11  1.00e-02 4.80e-07  6.56e+01   674s
 121   4.93109985e+11  4.92304253e+11  9.24e-03 5.03e-07  6.01e+01   679s
 122   4.93037017e+11  4.92317206e+11  7.71e-03 5.06e-07  5.37e+01   687s
 123   4.93006844e+11  4.92326139e+11  7.12e-03 4.72e-07  5.08e+01   695s
 124   4.92960571e+11  4.92343218e+11  6.04e-03 4.96e-07  4.61e+01   704s
 125   4.92887016e+11  4.92353591e+11  5.49e-03 5.38e-07  3.98e+01   712s
 126   4.92834277e+11  4.92358491e+11  4.94e-03 5.02e-07  3.55e+01   721s
 127   4.92801433e+11  4.92368584e+11  5.16e-03 5.55e-07  3.23e+01   732s
 128   4.92792314e+11  4.92372918e+11  5.05e-03 5.05e-07  3.13e+01   743s
 129   4.92757770e+11  4.92384778e+11  4.67e-03 4.84e-07  2.78e+01   754s
 130   4.92736546e+11  4.92394837e+11  4.48e-03 5.59e-07  2.55e+01   763s
 131   4.92726734e+11  4.92396061e+11  4.34e-03 4.83e-07  2.47e+01   775s
 132   4.92710734e+11  4.92403021e+11  4.12e-03 4.57e-07  2.30e+01   782s
 133   4.92689788e+11  4.92407575e+11  3.73e-03 5.45e-07  2.11e+01   791s
 134   4.92667975e+11  4.92409930e+11  3.42e-03 4.97e-07  1.93e+01   802s
 135   4.92647025e+11  4.92415561e+11  3.07e-03 5.28e-07  1.73e+01   817s
 136   4.92635357e+11  4.92421319e+11  2.88e-03 4.92e-07  1.60e+01   836s
 137   4.92605757e+11  4.92423731e+11  2.39e-03 4.61e-07  1.36e+01   857s
 138   4.92602170e+11  4.92425592e+11  2.33e-03 4.91e-07  1.32e+01   876s
 139   4.92591812e+11  4.92428775e+11  2.16e-03 4.93e-07  1.22e+01   887s
 140   4.92584486e+11  4.92430164e+11  2.04e-03 5.22e-07  1.15e+01   898s
 141   4.92581046e+11  4.92432815e+11  1.98e-03 5.50e-07  1.11e+01   917s
 142   4.92572670e+11  4.92435383e+11  1.85e-03 5.27e-07  1.02e+01   930s
 143   4.92570193e+11  4.92437409e+11  1.80e-03 5.41e-07  9.91e+00   939s
 144   4.92564977e+11  4.92437977e+11  1.72e-03 6.13e-07  9.48e+00   950s
 145   4.92553706e+11  4.92439679e+11  1.51e-03 5.03e-07  8.51e+00   963s
 146   4.92543716e+11  4.92443543e+11  1.35e-03 5.18e-07  7.48e+00   976s
 147   4.92532536e+11  4.92444846e+11  1.18e-03 5.91e-07  6.54e+00   987s
 148   4.92522880e+11  4.92446341e+11  1.03e-03 4.52e-07  5.71e+00  1000s
 149   4.92514911e+11  4.92447439e+11  8.94e-04 4.51e-07  5.04e+00  1015s
 150   4.92510643e+11  4.92448016e+11  8.22e-04 5.24e-07  4.67e+00  1038s
 151   4.92505870e+11  4.92450092e+11  7.41e-04 4.80e-07  4.16e+00  1052s
 152   4.92501464e+11  4.92450287e+11  6.69e-04 4.89e-07  3.82e+00  1067s
 153   4.92497103e+11  4.92450939e+11  5.98e-04 5.23e-07  3.45e+00  1082s
 154   4.92492369e+11  4.92452378e+11  5.23e-04 9.24e-07  2.98e+00  1094s
 155   4.92488956e+11  4.92452939e+11  4.64e-04 5.07e-07  2.69e+00  1112s
 156   4.92487404e+11  4.92453181e+11  4.42e-04 4.97e-07  2.55e+00  1125s
 157   4.92483770e+11  4.92453844e+11  3.83e-04 5.29e-07  2.23e+00  1141s
 158   4.92480668e+11  4.92454642e+11  3.30e-04 1.01e-06  1.94e+00  1157s
 159   4.92479575e+11  4.92455087e+11  3.12e-04 1.46e-06  1.83e+00  1179s
 160   4.92478253e+11  4.92456222e+11  2.89e-04 4.63e-07  1.64e+00  1197s
 161   4.92476645e+11  4.92456769e+11  2.62e-04 5.16e-07  1.48e+00  1213s
 162   4.92475078e+11  4.92457053e+11  2.36e-04 4.77e-07  1.35e+00  1234s
 163   4.92473331e+11  4.92457468e+11  4.79e-04 2.21e-06  1.18e+00  1250s
 164   4.92472047e+11  4.92457735e+11  2.80e-04 1.16e-06  1.07e+00  1271s
 165   4.92468643e+11  4.92458150e+11  2.94e-04 6.85e-07  7.83e-01  1290s
 166   4.92467129e+11  4.92458500e+11  2.67e-04 6.85e-07  6.44e-01  1307s
 167   4.92465967e+11  4.92459069e+11  2.19e-04 1.43e-06  5.15e-01  1326s
 168   4.92465376e+11  4.92459240e+11  1.97e-04 7.75e-07  4.58e-01  1348s
 169   4.92464037e+11  4.92459454e+11  1.47e-04 1.10e-06  3.42e-01  1364s
 170   4.92463173e+11  4.92459944e+11  1.01e-04 1.25e-06  2.41e-01  1385s
 171   4.92462577e+11  4.92460181e+11  7.23e-05 1.31e-06  1.79e-01  1399s
 172   4.92462288e+11  4.92460253e+11  5.97e-05 8.85e-07  1.52e-01  1421s
 173   4.92461979e+11  4.92460427e+11  4.85e-05 1.82e-06  1.16e-01  1439s
 174   4.92461864e+11  4.92460444e+11  4.42e-05 2.50e-06  1.06e-01  1456s
 175   4.92461277e+11  4.92460521e+11  1.84e-05 2.53e-06  5.64e-02  1476s
 176   4.92461115e+11  4.92460559e+11  1.31e-05 1.34e-06  4.15e-02  1495s
 177   4.92460981e+11  4.92460611e+11  8.78e-06 1.31e-06  2.76e-02  1509s
 178   4.92460831e+11  4.92460662e+11  7.51e-06 1.82e-06  1.26e-02  1522s
 179   4.92460746e+11  4.92460681e+11  4.53e-06 1.13e-06  4.79e-03  1531s
 180   4.92460718e+11  4.92460687e+11  2.54e-05 2.48e-05  2.35e-03  1536s
 181   4.92460707e+11  4.92460690e+11  1.41e-05 2.58e-05  1.26e-03  1542s
 182   4.92460701e+11  4.92460692e+11  4.60e-05 1.59e-05  6.81e-04  1546s
 183   4.92460697e+11  4.92460692e+11  1.40e-04 2.97e-05  3.79e-04  1551s
 184   4.92460696e+11  4.92460693e+11  9.30e-05 2.28e-05  2.54e-04  1556s

Barrier solved model in 184 iterations and 1556.12 seconds (1912.65 work units)
Optimal objective 4.92460696e+11

Crossover log...

 5658900 variables added to crossover basis                     1562s

 2138050 DPushes remaining with DInf 3.2594957e-03              1564s
 1168471 DPushes remaining with DInf 1.0943193e-04              1623s
  815239 DPushes remaining with DInf 1.0943193e-04              1682s
  628260 DPushes remaining with DInf 1.0943193e-04              1741s
  505662 DPushes remaining with DInf 1.0943193e-04              1772s
  422793 DPushes remaining with DInf 1.0943193e-04              1801s
  371141 DPushes remaining with DInf 1.0943193e-04              1824s
  338198 DPushes remaining with DInf 1.0943193e-04              1842s
  317950 DPushes remaining with DInf 1.0943193e-04              1852s
  303368 DPushes remaining with DInf 1.0943193e-04              1862s
  292196 DPushes remaining with DInf 1.0943193e-04              1870s
  283086 DPushes remaining with DInf 1.0943193e-04              1877s
  276491 DPushes remaining with DInf 1.0943193e-04              1883s
  271761 DPushes remaining with DInf 1.0943193e-04              1889s
  266058 DPushes remaining with DInf 1.0943193e-04              1894s
  261650 DPushes remaining with DInf 1.0943193e-04              1900s
  257479 DPushes remaining with DInf 1.0943193e-04              1906s
  251746 DPushes remaining with DInf 1.0943193e-04              1912s
  247126 DPushes remaining with DInf 1.0943193e-04              1918s
  243394 DPushes remaining with DInf 1.0943193e-04              1923s
  241878 DPushes remaining with DInf 1.0943193e-04              1930s
  240272 DPushes remaining with DInf 1.0943193e-04              1935s
  238292 DPushes remaining with DInf 1.0943193e-04              1941s
  234240 DPushes remaining with DInf 0.0000000e+00              1949s
  232256 DPushes remaining with DInf 0.0000000e+00              1953s
  230111 DPushes remaining with DInf 0.0000000e+00              1957s
  227918 DPushes remaining with DInf 0.0000000e+00              1961s
  224169 DPushes remaining with DInf 0.0000000e+00              1967s
  222186 DPushes remaining with DInf 0.0000000e+00              1972s
  220307 DPushes remaining with DInf 0.0000000e+00              1978s
  218636 DPushes remaining with DInf 0.0000000e+00              1982s
  216968 DPushes remaining with DInf 0.0000000e+00              1989s
  215290 DPushes remaining with DInf 0.0000000e+00              1992s
  213664 DPushes remaining with DInf 0.0000000e+00              1997s
  211938 DPushes remaining with DInf 0.0000000e+00              2001s
  210063 DPushes remaining with DInf 0.0000000e+00              2006s
  207565 DPushes remaining with DInf 0.0000000e+00              2011s
  205513 DPushes remaining with DInf 0.0000000e+00              2015s
  200382 DPushes remaining with DInf 0.0000000e+00              2024s
  198463 DPushes remaining with DInf 0.0000000e+00              2029s
  196728 DPushes remaining with DInf 0.0000000e+00              2034s
  195138 DPushes remaining with DInf 0.0000000e+00              2038s
  193124 DPushes remaining with DInf 0.0000000e+00              2043s
  190873 DPushes remaining with DInf 0.0000000e+00              2047s
  188181 DPushes remaining with DInf 0.0000000e+00              2051s
  185321 DPushes remaining with DInf 0.0000000e+00              2055s
  183266 DPushes remaining with DInf 0.0000000e+00              2061s
  181210 DPushes remaining with DInf 0.0000000e+00              2069s
  178956 DPushes remaining with DInf 0.0000000e+00              2075s
  176587 DPushes remaining with DInf 0.0000000e+00              2082s
  174653 DPushes remaining with DInf 0.0000000e+00              2087s
  172322 DPushes remaining with DInf 0.0000000e+00              2092s
  169903 DPushes remaining with DInf 0.0000000e+00              2099s
  167967 DPushes remaining with DInf 0.0000000e+00              2107s
  166309 DPushes remaining with DInf 0.0000000e+00              2115s
  164271 DPushes remaining with DInf 0.0000000e+00              2121s
  162201 DPushes remaining with DInf 0.0000000e+00              2130s
  160268 DPushes remaining with DInf 0.0000000e+00              2137s
  158338 DPushes remaining with DInf 0.0000000e+00              2144s
  156568 DPushes remaining with DInf 0.0000000e+00              2150s
  154835 DPushes remaining with DInf 0.0000000e+00              2156s
  152984 DPushes remaining with DInf 0.0000000e+00              2162s
  151103 DPushes remaining with DInf 0.0000000e+00              2168s
  149353 DPushes remaining with DInf 0.0000000e+00              2179s
  147242 DPushes remaining with DInf 0.0000000e+00              2187s
  144744 DPushes remaining with DInf 0.0000000e+00              2205s
  142365 DPushes remaining with DInf 0.0000000e+00              2217s
  139689 DPushes remaining with DInf 0.0000000e+00              2229s
  137446 DPushes remaining with DInf 0.0000000e+00              2240s
  135452 DPushes remaining with DInf 0.0000000e+00              2247s
  133617 DPushes remaining with DInf 0.0000000e+00              2254s
  131620 DPushes remaining with DInf 0.0000000e+00              2260s
  129791 DPushes remaining with DInf 0.0000000e+00              2268s
  127878 DPushes remaining with DInf 0.0000000e+00              2277s
  125778 DPushes remaining with DInf 0.0000000e+00              2289s
  123899 DPushes remaining with DInf 0.0000000e+00              2295s
  121987 DPushes remaining with DInf 0.0000000e+00              2301s
  120152 DPushes remaining with DInf 0.0000000e+00              2307s
  118269 DPushes remaining with DInf 0.0000000e+00              2314s
  116197 DPushes remaining with DInf 0.0000000e+00              2321s
  113284 DPushes remaining with DInf 0.0000000e+00              2328s
  111372 DPushes remaining with DInf 0.0000000e+00              2337s
  109216 DPushes remaining with DInf 0.0000000e+00              2345s
  107061 DPushes remaining with DInf 0.0000000e+00              2353s
  105112 DPushes remaining with DInf 0.0000000e+00              2364s
  102031 DPushes remaining with DInf 0.0000000e+00              2372s
   98828 DPushes remaining with DInf 0.0000000e+00              2382s
   96340 DPushes remaining with DInf 0.0000000e+00              2392s
   94408 DPushes remaining with DInf 0.0000000e+00              2398s
   92258 DPushes remaining with DInf 0.0000000e+00              2405s
   89673 DPushes remaining with DInf 0.0000000e+00              2412s
   87449 DPushes remaining with DInf 0.0000000e+00              2418s
   85641 DPushes remaining with DInf 0.0000000e+00              2428s
   83499 DPushes remaining with DInf 0.0000000e+00              2434s
   81351 DPushes remaining with DInf 0.0000000e+00              2444s
   79348 DPushes remaining with DInf 0.0000000e+00              2449s
   77462 DPushes remaining with DInf 0.0000000e+00              2456s
   75669 DPushes remaining with DInf 0.0000000e+00              2465s
   71236 DPushes remaining with DInf 0.0000000e+00              2474s
   69039 DPushes remaining with DInf 0.0000000e+00              2481s
   66209 DPushes remaining with DInf 0.0000000e+00              2489s
   63121 DPushes remaining with DInf 0.0000000e+00              2493s
   59102 DPushes remaining with DInf 0.0000000e+00              2498s
   55500 DPushes remaining with DInf 0.0000000e+00              2502s
   52707 DPushes remaining with DInf 0.0000000e+00              2510s
   50853 DPushes remaining with DInf 0.0000000e+00              2514s
   48172 DPushes remaining with DInf 0.0000000e+00              2519s
   45385 DPushes remaining with DInf 0.0000000e+00              2524s
   43496 DPushes remaining with DInf 0.0000000e+00              2528s
   41939 DPushes remaining with DInf 0.0000000e+00              2533s
   40179 DPushes remaining with DInf 0.0000000e+00              2537s
   38356 DPushes remaining with DInf 0.0000000e+00              2542s
   36787 DPushes remaining with DInf 0.0000000e+00              2546s
   35274 DPushes remaining with DInf 0.0000000e+00              2550s
   33753 DPushes remaining with DInf 0.0000000e+00              2555s
   31061 DPushes remaining with DInf 0.0000000e+00              2565s
   29746 DPushes remaining with DInf 0.0000000e+00              2572s
   28414 DPushes remaining with DInf 0.0000000e+00              2577s
   26864 DPushes remaining with DInf 0.0000000e+00              2582s
   25566 DPushes remaining with DInf 0.0000000e+00              2587s
   24239 DPushes remaining with DInf 0.0000000e+00              2593s
   22938 DPushes remaining with DInf 0.0000000e+00              2599s
   21618 DPushes remaining with DInf 0.0000000e+00              2607s
   20320 DPushes remaining with DInf 0.0000000e+00              2621s
   19016 DPushes remaining with DInf 0.0000000e+00              2628s
   17705 DPushes remaining with DInf 0.0000000e+00              2633s
   16392 DPushes remaining with DInf 0.0000000e+00              2638s
   14404 DPushes remaining with DInf 0.0000000e+00              2643s
   12956 DPushes remaining with DInf 0.0000000e+00              2647s
   11552 DPushes remaining with DInf 0.0000000e+00              2658s
   10220 DPushes remaining with DInf 0.0000000e+00              2671s
    8898 DPushes remaining with DInf 0.0000000e+00              2685s
    7565 DPushes remaining with DInf 0.0000000e+00              2695s
    6264 DPushes remaining with DInf 0.0000000e+00              2708s
    4969 DPushes remaining with DInf 0.0000000e+00              2724s
    3517 DPushes remaining with DInf 0.0000000e+00              2747s
    2019 DPushes remaining with DInf 0.0000000e+00              2761s
     385 DPushes remaining with DInf 0.0000000e+00              2774s
       0 DPushes remaining with DInf 0.0000000e+00              2779s
Warning: Markowitz tolerance tightened to 0.5

 2884169 PPushes remaining with PInf 1.0172744e+01              2780s
 1905725 PPushes remaining with PInf 1.7246644e+01              3105s
 1694441 PPushes remaining with PInf 1.6999451e+01              3145s
 1583348 PPushes remaining with PInf 1.7106624e+01              3168s
 1500210 PPushes remaining with PInf 1.6869407e+01              3186s
 1431897 PPushes remaining with PInf 1.7097931e+01              3200s
 1376971 PPushes remaining with PInf 1.7472257e+01              3215s
 1332774 PPushes remaining with PInf 1.7613502e+01              3230s
 1290512 PPushes remaining with PInf 1.7258590e+01              3247s
 1251806 PPushes remaining with PInf 1.7085598e+01              3261s
 1216142 PPushes remaining with PInf 1.6885237e+01              3274s
 1186125 PPushes remaining with PInf 1.6423878e+01              3284s
 1156017 PPushes remaining with PInf 1.6350968e+01              3293s
 1130101 PPushes remaining with PInf 1.6807754e+01              3305s
 1103713 PPushes remaining with PInf 1.6880661e+01              3318s
 1077250 PPushes remaining with PInf 1.7249769e+01              3334s
 1049921 PPushes remaining with PInf 1.7113543e+01              3344s
 1027447 PPushes remaining with PInf 1.7088633e+01              3356s
 1007965 PPushes remaining with PInf 1.7030143e+01              3366s
  986740 PPushes remaining with PInf 1.7078187e+01              3377s
  969992 PPushes remaining with PInf 1.7015651e+01              3386s
  953857 PPushes remaining with PInf 1.7030693e+01              3403s
  939490 PPushes remaining with PInf 1.6910889e+01              3419s
  926947 PPushes remaining with PInf 1.6680891e+01              3432s
  914527 PPushes remaining with PInf 1.6776504e+01              3447s
  897980 PPushes remaining with PInf 1.6964089e+01              3465s
  883343 PPushes remaining with PInf 1.6864332e+01              3478s
  869671 PPushes remaining with PInf 1.6709376e+01              3488s
  856418 PPushes remaining with PInf 1.6664829e+01              3501s
  848286 PPushes remaining with PInf 1.6670430e+01              3508s
  838131 PPushes remaining with PInf 1.6800325e+01              3517s
  830880 PPushes remaining with PInf 1.6897191e+01              3525s
  817733 PPushes remaining with PInf 1.6903774e+01              3534s
  808997 PPushes remaining with PInf 1.6959550e+01              3543s
  798759 PPushes remaining with PInf 1.7124663e+01              3552s
  789086 PPushes remaining with PInf 1.7583533e+01              3562s
  778976 PPushes remaining with PInf 1.7499857e+01              3573s
  771824 PPushes remaining with PInf 1.7407801e+01              3581s
  763372 PPushes remaining with PInf 1.7429070e+01              3590s
  757200 PPushes remaining with PInf 1.7426171e+01              3598s
  749329 PPushes remaining with PInf 1.7300613e+01              3608s
  743582 PPushes remaining with PInf 1.7323064e+01              3615s
  738688 PPushes remaining with PInf 1.7161224e+01              3624s
  732529 PPushes remaining with PInf 1.7164345e+01              3640s
  728430 PPushes remaining with PInf 1.6866597e+01              3648s
  723715 PPushes remaining with PInf 1.6862254e+01              3657s
  720204 PPushes remaining with PInf 1.6515393e+01              3664s
  714669 PPushes remaining with PInf 1.6316339e+01              3676s
  708779 PPushes remaining with PInf 1.6174769e+01              3685s
  702860 PPushes remaining with PInf 1.6119191e+01              3694s
  694689 PPushes remaining with PInf 1.6152355e+01              3706s
  687025 PPushes remaining with PInf 1.6345297e+01              3716s
  680112 PPushes remaining with PInf 1.6354123e+01              3726s
  674125 PPushes remaining with PInf 1.6231224e+01              3734s
  661628 PPushes remaining with PInf 1.6245645e+01              3745s
  653335 PPushes remaining with PInf 1.6010333e+01              3752s
  639568 PPushes remaining with PInf 1.5681483e+01              3764s
  631010 PPushes remaining with PInf 1.6181581e+01              3778s
  618286 PPushes remaining with PInf 1.5050910e+01              3790s
  609163 PPushes remaining with PInf 1.4802733e+01              3801s
  601415 PPushes remaining with PInf 1.4673503e+01              3807s
  594186 PPushes remaining with PInf 1.4668321e+01              3819s
  586986 PPushes remaining with PInf 1.4630008e+01              3835s
  577854 PPushes remaining with PInf 1.4641556e+01              3847s
  570723 PPushes remaining with PInf 1.4587717e+01              3855s
  563413 PPushes remaining with PInf 1.4600476e+01              3863s
  557468 PPushes remaining with PInf 1.4565573e+01              3870s
  551411 PPushes remaining with PInf 1.4617993e+01              3879s
  546795 PPushes remaining with PInf 1.4609861e+01              3885s
  537349 PPushes remaining with PInf 1.6498644e+01              3892s
  531574 PPushes remaining with PInf 1.6514763e+01              3900s
  527390 PPushes remaining with PInf 1.6375940e+01              3908s
  519291 PPushes remaining with PInf 1.6463628e+01              3916s
  514592 PPushes remaining with PInf 1.7007553e+01              3924s
  508369 PPushes remaining with PInf 1.6714520e+01              3933s
  502572 PPushes remaining with PInf 1.6740727e+01              3947s
  497923 PPushes remaining with PInf 1.6149866e+01              3965s
  490471 PPushes remaining with PInf 1.6114992e+01              3974s
  484801 PPushes remaining with PInf 1.6159329e+01              3981s
  478736 PPushes remaining with PInf 1.6299760e+01              3996s
  473342 PPushes remaining with PInf 2.7585132e+02              4010s
  468904 PPushes remaining with PInf 2.7449438e+02              4018s
  464189 PPushes remaining with PInf 2.0559943e+02              4027s
  460326 PPushes remaining with PInf 2.0551399e+02              4035s
  455871 PPushes remaining with PInf 2.0023759e+02              4043s
  452502 PPushes remaining with PInf 2.0062891e+02              4055s
  449400 PPushes remaining with PInf 1.8753111e+02              4061s
  445561 PPushes remaining with PInf 1.8691441e+02              4069s
  442481 PPushes remaining with PInf 1.8591807e+02              4090s
  438129 PPushes remaining with PInf 1.8566992e+02              4099s
  435030 PPushes remaining with PInf 1.8566949e+02              4115s
  427773 PPushes remaining with PInf 1.8469644e+02              4127s
  424136 PPushes remaining with PInf 1.8421246e+02              4135s
  420748 PPushes remaining with PInf 1.8418718e+02              4151s
  412597 PPushes remaining with PInf 1.8429434e+02              4159s
  409930 PPushes remaining with PInf 1.8417963e+02              4169s
  395189 PPushes remaining with PInf 1.8711367e+02              4419s
  392254 PPushes remaining with PInf 1.8226074e+02              4424s
  388523 PPushes remaining with PInf 1.8147888e+02              4430s
  386846 PPushes remaining with PInf 1.8079442e+02              4435s
  379419 PPushes remaining with PInf 2.0242585e+02              4451s
  351142 PPushes remaining with PInf 2.7041484e+02              4728s
  344979 PPushes remaining with PInf 1.4079057e+02              4765s
  340247 PPushes remaining with PInf 1.3893245e+02              4792s
  337283 PPushes remaining with PInf 7.0892378e+01              4807s
  335833 PPushes remaining with PInf 7.0625101e+01              4813s
  325932 PPushes remaining with PInf 9.9805367e+01              4921s
  315340 PPushes remaining with PInf 1.1664525e+02              5017s
  304892 PPushes remaining with PInf 6.9857314e+01              5075s
  299386 PPushes remaining with PInf 2.4704119e+01              5123s
  273518 PPushes remaining with PInf 2.1895693e+01              5251s
  267045 PPushes remaining with PInf 2.0637212e+01              5258s
  265292 PPushes remaining with PInf 2.0272540e+01              5265s
  263213 PPushes remaining with PInf 2.0073978e+01              5271s
  239054 PPushes remaining with PInf 1.9581951e+01              5597s
  234770 PPushes remaining with PInf 1.9581012e+01              5601s
  199906 PPushes remaining with PInf 1.9312206e+01              5909s
  182205 PPushes remaining with PInf 2.0106376e+01              6052s
  178408 PPushes remaining with PInf 1.9868869e+01              6067s
  166778 PPushes remaining with PInf 2.3560964e+01              6107s
  159072 PPushes remaining with PInf 3.0425355e+01              6175s
  146540 PPushes remaining with PInf 3.1499250e+01              6310s
  135557 PPushes remaining with PInf 3.3062477e+01              6393s
  106407 PPushes remaining with PInf 2.6836934e+01              6666s
   92400 PPushes remaining with PInf 2.4017197e+01              6719s
   89568 PPushes remaining with PInf 1.8905602e+01              6727s
   46789 PPushes remaining with PInf 3.4520760e+02              7069s
   24592 PPushes remaining with PInf 2.1676932e+02              7176s
       0 PPushes remaining with PInf 1.4064016e+02              7254s

  Push phase complete: Pinf 1.4064016e+02, Dinf 2.5180688e+09   7256s

Iteration    Objective       Primal Inf.    Dual Inf.      Time
 4310474    4.9246077e+11   0.000000e+00   2.518069e+09   7258s
 4311644    4.9246075e+11   0.000000e+00   1.815344e+06   7280s
 4312936    4.9246074e+11   0.000000e+00   1.375320e+06   7295s
 4314228    4.9246073e+11   0.000000e+00   1.097204e+06   7307s
 4315520    4.9246072e+11   0.000000e+00   9.473777e+05   7319s
 4316812    4.9246072e+11   0.000000e+00   1.141264e+06   7330s
 4318104    4.9246072e+11   0.000000e+00   6.884228e+05   7344s
 4319396    4.9246072e+11   0.000000e+00   6.084676e+05   7353s
 4320688    4.9246072e+11   0.000000e+00   5.539728e+05   7362s
 4321980    4.9246072e+11   0.000000e+00   4.862094e+05   7370s
 4323272    4.9246072e+11   0.000000e+00   4.316520e+05   7380s
 4324564    4.9246072e+11   0.000000e+00   3.863191e+05   7388s
 4325856    4.9246072e+11   0.000000e+00   3.539400e+05   7397s
 4327148    4.9246072e+11   0.000000e+00   3.289322e+05   7406s
 4328440    4.9246072e+11   0.000000e+00   3.123656e+05   7417s
 4329732    4.9246072e+11   0.000000e+00   2.855606e+05   7425s
 4331024    4.9246072e+11   0.000000e+00   2.645276e+05   7434s
 4332316    4.9246072e+11   0.000000e+00   2.454793e+05   7444s
 4333608    4.9246072e+11   0.000000e+00   2.268556e+05   7457s
 4334900    4.9246072e+11   0.000000e+00   2.109755e+05   7466s
 4336192    4.9246072e+11   0.000000e+00   1.962773e+05   7475s
 4337484    4.9246072e+11   0.000000e+00   1.841612e+05   7486s
 4338776    4.9246072e+11   0.000000e+00   1.720889e+05   7495s
 4340068    4.9246072e+11   0.000000e+00   1.625695e+05   7509s
 4341360    4.9246072e+11   0.000000e+00   1.489112e+05   7522s
 4342652    4.9246072e+11   0.000000e+00   1.366962e+05   7532s
 4343944    4.9246072e+11   0.000000e+00   1.200568e+05   7542s
 4345236    4.9246072e+11   0.000000e+00   1.105648e+05   7552s
 4346528    4.9246072e+11   0.000000e+00   1.005438e+05   7562s
 4347820    4.9246072e+11   0.000000e+00   9.327172e+04   7574s
 4349112    4.9246072e+11   0.000000e+00   1.009362e+05   7582s
 4350404    4.9246072e+11   0.000000e+00   8.195146e+04   7592s
 4351696    4.9246071e+11   0.000000e+00   7.817880e+04   7602s
 4352990    4.9246071e+11   0.000000e+00   7.237707e+04   7612s
 4354282    4.9246071e+11   0.000000e+00   2.685815e+09   7623s
 4355574    4.9246071e+11   0.000000e+00   2.685675e+09   7630s
 4356866    4.9246071e+11   0.000000e+00   2.685626e+09   7636s
 4358158    4.9246071e+11   0.000000e+00   2.685623e+09   7642s
 4359450    4.9246071e+11   0.000000e+00   2.685598e+09   7649s
 4360742    4.9246071e+11   0.000000e+00   2.685613e+09   7655s
 4362034    4.9246071e+11   0.000000e+00   1.543892e+10   7665s
 4363624    4.9246071e+11   0.000000e+00   1.543890e+10   7671s
 4364916    4.9246071e+11   0.000000e+00   1.543890e+10   7678s
 4366208    4.9246071e+11   0.000000e+00   1.543887e+10   7684s
 4367500    4.9246071e+11   0.000000e+00   1.543887e+10   7691s
 4368792    4.9246071e+11   0.000000e+00   1.543885e+10   7697s
 4370084    4.9246071e+11   0.000000e+00   1.543885e+10   7704s
 4371376    4.9246070e+11   0.000000e+00   1.543886e+10   7712s
 4372668    4.9246070e+11   0.000000e+00   7.390475e+08   7720s
 4373960    4.9246070e+11   0.000000e+00   3.148137e+10   7728s
 4376181    4.9246070e+11   0.000000e+00   3.148138e+10   7735s
 4377891    4.9246070e+11   0.000000e+00   3.148136e+10   7742s
 4379183    4.9246070e+11   0.000000e+00   3.148137e+10   7748s
 4380475    4.9246070e+11   0.000000e+00   2.312307e+10   7757s
 4381767    4.9246070e+11   0.000000e+00   2.311290e+10   7764s
 4383059    4.9246070e+11   0.000000e+00   2.311291e+10   7771s
 4384351    4.9246070e+11   0.000000e+00   6.555275e+08   7779s
 4385643    4.9246070e+11   0.000000e+00   6.555337e+08   7785s
 4386935    4.9246070e+11   0.000000e+00   6.555288e+08   7792s
 4388227    4.9246070e+11   0.000000e+00   6.555236e+08   7799s
 4389519    4.9246070e+11   0.000000e+00   6.555195e+08   7806s
 4392253    4.9246070e+11   0.000000e+00   6.555596e+08   7812s
 4393545    4.9246070e+11   0.000000e+00   6.554848e+08   7820s
 4394837    4.9246070e+11   0.000000e+00   4.275253e+09   7831s
 4396129    4.9246070e+11   0.000000e+00   1.530116e+08   7838s
 4398049    4.9246070e+11   0.000000e+00   1.530111e+08   7851s
 4400199    4.9246070e+11   0.000000e+00   1.530069e+08   7863s
 4401491    4.9246070e+11   0.000000e+00   1.121260e+09   7873s
 4402783    4.9246070e+11   0.000000e+00   1.529901e+08   7883s
 4403823    4.9246069e+11   0.000000e+00   1.197738e+09   7900s
 4404763    4.9246069e+11   0.000000e+00   2.231672e+05   7919s
 4406055    4.9246069e+11   0.000000e+00   1.197182e+02   7939s
 4407347    4.9246069e+11   0.000000e+00   1.669840e-02   7946s
 4407388    4.9246069e+11   0.000000e+00   0.000000e+00   7960s

Solved in 4407388 iterations and 7959.58 seconds (5733.99 work units)
Optimal objective  4.924606929e+11

User-callback calls 5159518, time in user-callback 2.55 sec
  ____           __  __   _ _
 / ___| ___ _ __ \ \/ /  (_) |
| |  _ / _ \ '_ \ \  /   | | |
| |_| |  __/ | | |/  \ _ | | |
 \____|\___|_| |_/_/\_(_)/ |_|
                       |__/
 Version: 0.4.1-dev.19

Configuring Settings
Configuring Multistage Settings
Configuring Solver
Reading Input CSV Files
Network.csv Successfully Read!
Demand (load) data Successfully Read!
Fuels_data.csv Successfully Read!

Summary of resources loaded into the model:
-------------------------------------------------------
	Resource type 		Number of resources
=======================================================
	Thermal        		64
	VRE            		125
	Hydro          		6
	Storage        		26
	Must_run       		26
=======================================================
Total number of resources: 247
-------------------------------------------------------
Generators_variability.csv Successfully Read!
Validating time basis
Capacity_reserve_margin.csv Successfully Read!
Energy_share_requirement.csv Successfully Read!
CO2_cap.csv Successfully Read!
CSV Files Successfully Read In From /home/gm1710/GenX/example_systems/AZ/regionalization_mid_ghg/inputs/inputs_p1
Discharge Module
Non-served Energy Module
Investment Discharge Module
Unit Commitment Module
Fuel Module
Investment Transmission Module
Transmission Module
CO2 Module
Dispatchable Resources Module
Must-Run Resources Module
Storage Resources Module
Storage Investment Module
Storage Core Resources Module
Storage Resources with Symmetric Charge/Discharge Capacity Module
Hydro Reservoir Core Resources Module
Thermal (Unit Commitment) Resources Module
CO2 Policies Module
Energy Share Requirement Policies Module
Capacity Reserve Margin Policies Module
Reading Input CSV Files
Network.csv Successfully Read!
Demand (load) data Successfully Read!
Fuels_data.csv Successfully Read!

Summary of resources loaded into the model:
-------------------------------------------------------
	Resource type 		Number of resources
=======================================================
	Thermal        		64
	VRE            		125
	Hydro          		6
	Storage        		26
	Must_run       		26
=======================================================
Total number of resources: 247
-------------------------------------------------------
Generators_variability.csv Successfully Read!
Validating time basis
Capacity_reserve_margin.csv Successfully Read!
Energy_share_requirement.csv Successfully Read!
CO2_cap.csv Successfully Read!
CSV Files Successfully Read In From /home/gm1710/GenX/example_systems/AZ/regionalization_mid_ghg/inputs/inputs_p2
Discharge Module
Non-served Energy Module
Investment Discharge Module
Unit Commitment Module
Fuel Module
Investment Transmission Module
Transmission Module
CO2 Module
Dispatchable Resources Module
Must-Run Resources Module
Storage Resources Module
Storage Investment Module
Storage Core Resources Module
Storage Resources with Symmetric Charge/Discharge Capacity Module
Hydro Reservoir Core Resources Module
Thermal (Unit Commitment) Resources Module
CO2 Policies Module
Energy Share Requirement Policies Module
Capacity Reserve Margin Policies Module
Reading Input CSV Files
Network.csv Successfully Read!
Demand (load) data Successfully Read!
Fuels_data.csv Successfully Read!

Summary of resources loaded into the model:
-------------------------------------------------------
	Resource type 		Number of resources
=======================================================
	Thermal        		64
	VRE            		125
	Hydro          		6
	Storage        		26
	Must_run       		26
=======================================================
Total number of resources: 247
-------------------------------------------------------
Generators_variability.csv Successfully Read!
Validating time basis
Capacity_reserve_margin.csv Successfully Read!
Energy_share_requirement.csv Successfully Read!
CO2_cap.csv Successfully Read!
CSV Files Successfully Read In From /home/gm1710/GenX/example_systems/AZ/regionalization_mid_ghg/inputs/inputs_p3
Discharge Module
Non-served Energy Module
Investment Discharge Module
Unit Commitment Module
Fuel Module
Investment Transmission Module
Transmission Module
CO2 Module
Dispatchable Resources Module
Must-Run Resources Module
Storage Resources Module
Storage Investment Module
Storage Core Resources Module
Storage Resources with Symmetric Charge/Discharge Capacity Module
Hydro Reservoir Core Resources Module
Thermal (Unit Commitment) Resources Module
CO2 Policies Module
Energy Share Requirement Policies Module
Capacity Reserve Margin Policies Module
Reading Input CSV Files
Network.csv Successfully Read!
Demand (load) data Successfully Read!
Fuels_data.csv Successfully Read!

Summary of resources loaded into the model:
-------------------------------------------------------
	Resource type 		Number of resources
=======================================================
	Thermal        		64
	VRE            		125
	Hydro          		6
	Storage        		26
	Must_run       		26
=======================================================
Total number of resources: 247
-------------------------------------------------------
Generators_variability.csv Successfully Read!
Validating time basis
Capacity_reserve_margin.csv Successfully Read!
Energy_share_requirement.csv Successfully Read!
CO2_cap.csv Successfully Read!
CSV Files Successfully Read In From /home/gm1710/GenX/example_systems/AZ/regionalization_mid_ghg/inputs/inputs_p4
Discharge Module
Non-served Energy Module
Investment Discharge Module
Unit Commitment Module
Fuel Module
Investment Transmission Module
Transmission Module
CO2 Module
Dispatchable Resources Module
Must-Run Resources Module
Storage Resources Module
Storage Investment Module
Storage Core Resources Module
Storage Resources with Symmetric Charge/Discharge Capacity Module
Hydro Reservoir Core Resources Module
Thermal (Unit Commitment) Resources Module
CO2 Policies Module
Energy Share Requirement Policies Module
Capacity Reserve Margin Policies Module
Reading Input CSV Files
Network.csv Successfully Read!
Demand (load) data Successfully Read!
Fuels_data.csv Successfully Read!

Summary of resources loaded into the model:
-------------------------------------------------------
	Resource type 		Number of resources
=======================================================
	Thermal        		64
	VRE            		125
	Hydro          		6
	Storage        		26
	Must_run       		26
=======================================================
Total number of resources: 247
-------------------------------------------------------
Generators_variability.csv Successfully Read!
Validating time basis
Capacity_reserve_margin.csv Successfully Read!
Energy_share_requirement.csv Successfully Read!
CO2_cap.csv Successfully Read!
CSV Files Successfully Read In From /home/gm1710/GenX/example_systems/AZ/regionalization_mid_ghg/inputs/inputs_p5
Discharge Module
Non-served Energy Module
Investment Discharge Module
Unit Commitment Module
Fuel Module
Investment Transmission Module
Transmission Module
CO2 Module
Dispatchable Resources Module
Must-Run Resources Module
Storage Resources Module
Storage Investment Module
Storage Core Resources Module
Storage Resources with Symmetric Charge/Discharge Capacity Module
Hydro Reservoir Core Resources Module
Thermal (Unit Commitment) Resources Module
CO2 Policies Module
Energy Share Requirement Policies Module
Capacity Reserve Margin Policies Module
Reading Input CSV Files
Network.csv Successfully Read!
Demand (load) data Successfully Read!
Fuels_data.csv Successfully Read!

Summary of resources loaded into the model:
-------------------------------------------------------
	Resource type 		Number of resources
=======================================================
	Thermal        		64
	VRE            		125
	Hydro          		6
	Storage        		26
	Must_run       		26
=======================================================
Total number of resources: 247
-------------------------------------------------------
Generators_variability.csv Successfully Read!
Validating time basis
Capacity_reserve_margin.csv Successfully Read!
Energy_share_requirement.csv Successfully Read!
CO2_cap.csv Successfully Read!
CSV Files Successfully Read In From /home/gm1710/GenX/example_systems/AZ/regionalization_mid_ghg/inputs/inputs_p6
Discharge Module
Non-served Energy Module
Investment Discharge Module
Unit Commitment Module
Fuel Module
Investment Transmission Module
Transmission Module
CO2 Module
Dispatchable Resources Module
Must-Run Resources Module
Storage Resources Module
Storage Investment Module
Storage Core Resources Module
Storage Resources with Symmetric Charge/Discharge Capacity Module
Hydro Reservoir Core Resources Module
Thermal (Unit Commitment) Resources Module
CO2 Policies Module
Energy Share Requirement Policies Module
Capacity Reserve Margin Policies Module
Reading Input CSV Files
Network.csv Successfully Read!
Demand (load) data Successfully Read!
Fuels_data.csv Successfully Read!

Summary of resources loaded into the model:
-------------------------------------------------------
	Resource type 		Number of resources
=======================================================
	Thermal        		64
	VRE            		125
	Hydro          		6
	Storage        		26
	Must_run       		26
=======================================================
Total number of resources: 247
-------------------------------------------------------
Generators_variability.csv Successfully Read!
Validating time basis
Capacity_reserve_margin.csv Successfully Read!
Energy_share_requirement.csv Successfully Read!
CO2_cap.csv Successfully Read!
CSV Files Successfully Read In From /home/gm1710/GenX/example_systems/AZ/regionalization_mid_ghg/inputs/inputs_p7
Discharge Module
Non-served Energy Module
Investment Discharge Module
Unit Commitment Module
Fuel Module
Investment Transmission Module
Transmission Module
CO2 Module
Dispatchable Resources Module
Must-Run Resources Module
Storage Resources Module
Storage Investment Module
Storage Core Resources Module
Storage Resources with Symmetric Charge/Discharge Capacity Module
Hydro Reservoir Core Resources Module
Thermal (Unit Commitment) Resources Module
CO2 Policies Module
Energy Share Requirement Policies Module
Capacity Reserve Margin Policies Module
Reading Input CSV Files
Network.csv Successfully Read!
Demand (load) data Successfully Read!
Fuels_data.csv Successfully Read!

Summary of resources loaded into the model:
-------------------------------------------------------
	Resource type 		Number of resources
=======================================================
	Thermal        		64
	VRE            		125
	Hydro          		6
	Storage        		26
	Must_run       		26
=======================================================
Total number of resources: 247
-------------------------------------------------------
Generators_variability.csv Successfully Read!
Validating time basis
Capacity_reserve_margin.csv Successfully Read!
Energy_share_requirement.csv Successfully Read!
CO2_cap.csv Successfully Read!
CSV Files Successfully Read In From /home/gm1710/GenX/example_systems/AZ/regionalization_mid_ghg/inputs/inputs_p8
Discharge Module
Non-served Energy Module
Investment Discharge Module
Unit Commitment Module
Fuel Module
Investment Transmission Module
Transmission Module
CO2 Module
Dispatchable Resources Module
Must-Run Resources Module
Storage Resources Module
Storage Investment Module
Storage Core Resources Module
Storage Resources with Symmetric Charge/Discharge Capacity Module
Hydro Reservoir Core Resources Module
Thermal (Unit Commitment) Resources Module
CO2 Policies Module
Energy Share Requirement Policies Module
Capacity Reserve Margin Policies Module
Reading Input CSV Files
Network.csv Successfully Read!
Demand (load) data Successfully Read!
Fuels_data.csv Successfully Read!

Summary of resources loaded into the model:
-------------------------------------------------------
	Resource type 		Number of resources
=======================================================
	Thermal        		64
	VRE            		125
	Hydro          		6
	Storage        		26
	Must_run       		26
=======================================================
Total number of resources: 247
-------------------------------------------------------
Generators_variability.csv Successfully Read!
Validating time basis
Capacity_reserve_margin.csv Successfully Read!
Energy_share_requirement.csv Successfully Read!
CO2_cap.csv Successfully Read!
CSV Files Successfully Read In From /home/gm1710/GenX/example_systems/AZ/regionalization_mid_ghg/inputs/inputs_p9
Discharge Module
Non-served Energy Module
Investment Discharge Module
Unit Commitment Module
Fuel Module
Investment Transmission Module
Transmission Module
CO2 Module
Dispatchable Resources Module
Must-Run Resources Module
Storage Resources Module
Storage Investment Module
Storage Core Resources Module
Storage Resources with Symmetric Charge/Discharge Capacity Module
Hydro Reservoir Core Resources Module
Thermal (Unit Commitment) Resources Module
CO2 Policies Module
Energy Share Requirement Policies Module
Capacity Reserve Margin Policies Module
Reading Input CSV Files
Network.csv Successfully Read!
Demand (load) data Successfully Read!
Fuels_data.csv Successfully Read!

Summary of resources loaded into the model:
-------------------------------------------------------
	Resource type 		Number of resources
=======================================================
	Thermal        		64
	VRE            		125
	Hydro          		6
	Storage        		26
	Must_run       		26
=======================================================
Total number of resources: 247
-------------------------------------------------------
Generators_variability.csv Successfully Read!
Validating time basis
Capacity_reserve_margin.csv Successfully Read!
Energy_share_requirement.csv Successfully Read!
CO2_cap.csv Successfully Read!
CSV Files Successfully Read In From /home/gm1710/GenX/example_systems/AZ/regionalization_mid_ghg/inputs/inputs_p10
Discharge Module
Non-served Energy Module
Investment Discharge Module
Unit Commitment Module
Fuel Module
Investment Transmission Module
Transmission Module
CO2 Module
Dispatchable Resources Module
Must-Run Resources Module
Storage Resources Module
Storage Investment Module
Storage Core Resources Module
Storage Resources with Symmetric Charge/Discharge Capacity Module
Hydro Reservoir Core Resources Module
Thermal (Unit Commitment) Resources Module
CO2 Policies Module
Energy Share Requirement Policies Module
Capacity Reserve Margin Policies Module
Reading Input CSV Files
Network.csv Successfully Read!
Demand (load) data Successfully Read!
Fuels_data.csv Successfully Read!

Summary of resources loaded into the model:
-------------------------------------------------------
	Resource type 		Number of resources
=======================================================
	Thermal        		64
	VRE            		125
	Hydro          		6
	Storage        		26
	Must_run       		26
=======================================================
Total number of resources: 247
-------------------------------------------------------
Generators_variability.csv Successfully Read!
Validating time basis
Capacity_reserve_margin.csv Successfully Read!
Energy_share_requirement.csv Successfully Read!
CO2_cap.csv Successfully Read!
CSV Files Successfully Read In From /home/gm1710/GenX/example_systems/AZ/regionalization_mid_ghg/inputs/inputs_p11
Discharge Module
Non-served Energy Module
Investment Discharge Module
Unit Commitment Module
Fuel Module
Investment Transmission Module
Transmission Module
CO2 Module
Dispatchable Resources Module
Must-Run Resources Module
Storage Resources Module
Storage Investment Module
Storage Core Resources Module
Storage Resources with Symmetric Charge/Discharge Capacity Module
Hydro Reservoir Core Resources Module
Thermal (Unit Commitment) Resources Module
CO2 Policies Module
Energy Share Requirement Policies Module
Capacity Reserve Margin Policies Module
Reading Input CSV Files
Network.csv Successfully Read!
Demand (load) data Successfully Read!
Fuels_data.csv Successfully Read!

Summary of resources loaded into the model:
-------------------------------------------------------
	Resource type 		Number of resources
=======================================================
	Thermal        		64
	VRE            		125
	Hydro          		6
	Storage        		26
	Must_run       		26
=======================================================
Total number of resources: 247
-------------------------------------------------------
Generators_variability.csv Successfully Read!
Validating time basis
Capacity_reserve_margin.csv Successfully Read!
Energy_share_requirement.csv Successfully Read!
CO2_cap.csv Successfully Read!
CSV Files Successfully Read In From /home/gm1710/GenX/example_systems/AZ/regionalization_mid_ghg/inputs/inputs_p12
Discharge Module
Non-served Energy Module
Investment Discharge Module
Unit Commitment Module
Fuel Module
Investment Transmission Module
Transmission Module
CO2 Module
Dispatchable Resources Module
Must-Run Resources Module
Storage Resources Module
Storage Investment Module
Storage Core Resources Module
Storage Resources with Symmetric Charge/Discharge Capacity Module
Hydro Reservoir Core Resources Module
Thermal (Unit Commitment) Resources Module
CO2 Policies Module
Energy Share Requirement Policies Module
Capacity Reserve Margin Policies Module
Reading Input CSV Files
Network.csv Successfully Read!
Demand (load) data Successfully Read!
Fuels_data.csv Successfully Read!

Summary of resources loaded into the model:
-------------------------------------------------------
	Resource type 		Number of resources
=======================================================
	Thermal        		64
	VRE            		125
	Hydro          		6
	Storage        		26
	Must_run       		26
=======================================================
Total number of resources: 247
-------------------------------------------------------
Generators_variability.csv Successfully Read!
Validating time basis
Capacity_reserve_margin.csv Successfully Read!
Energy_share_requirement.csv Successfully Read!
CO2_cap.csv Successfully Read!
CSV Files Successfully Read In From /home/gm1710/GenX/example_systems/AZ/regionalization_mid_ghg/inputs/inputs_p13
Discharge Module
Non-served Energy Module
Investment Discharge Module
Unit Commitment Module
Fuel Module
Investment Transmission Module
Transmission Module
CO2 Module
Dispatchable Resources Module
Must-Run Resources Module
Storage Resources Module
Storage Investment Module
Storage Core Resources Module
Storage Resources with Symmetric Charge/Discharge Capacity Module
Hydro Reservoir Core Resources Module
Thermal (Unit Commitment) Resources Module
CO2 Policies Module
Energy Share Requirement Policies Module
Capacity Reserve Margin Policies Module
Reading Input CSV Files
Network.csv Successfully Read!
Demand (load) data Successfully Read!
Fuels_data.csv Successfully Read!

Summary of resources loaded into the model:
-------------------------------------------------------
	Resource type 		Number of resources
=======================================================
	Thermal        		64
	VRE            		125
	Hydro          		6
	Storage        		26
	Must_run       		26
=======================================================
Total number of resources: 247
-------------------------------------------------------
Generators_variability.csv Successfully Read!
Validating time basis
Capacity_reserve_margin.csv Successfully Read!
Energy_share_requirement.csv Successfully Read!
CO2_cap.csv Successfully Read!
CSV Files Successfully Read In From /home/gm1710/GenX/example_systems/AZ/regionalization_mid_ghg/inputs/inputs_p14
Discharge Module
Non-served Energy Module
Investment Discharge Module
Unit Commitment Module
Fuel Module
Investment Transmission Module
Transmission Module
CO2 Module
Dispatchable Resources Module
Must-Run Resources Module
Storage Resources Module
Storage Investment Module
Storage Core Resources Module
Storage Resources with Symmetric Charge/Discharge Capacity Module
Hydro Reservoir Core Resources Module
Thermal (Unit Commitment) Resources Module
CO2 Policies Module
Energy Share Requirement Policies Module
Capacity Reserve Margin Policies Module
Reading Input CSV Files
Network.csv Successfully Read!
Demand (load) data Successfully Read!
Fuels_data.csv Successfully Read!

Summary of resources loaded into the model:
-------------------------------------------------------
	Resource type 		Number of resources
=======================================================
	Thermal        		64
	VRE            		125
	Hydro          		6
	Storage        		26
	Must_run       		26
=======================================================
Total number of resources: 247
-------------------------------------------------------
Generators_variability.csv Successfully Read!
Validating time basis
Capacity_reserve_margin.csv Successfully Read!
Energy_share_requirement.csv Successfully Read!
CO2_cap.csv Successfully Read!
CSV Files Successfully Read In From /home/gm1710/GenX/example_systems/AZ/regionalization_mid_ghg/inputs/inputs_p15
Discharge Module
Non-served Energy Module
Investment Discharge Module
Unit Commitment Module
Fuel Module
Investment Transmission Module
Transmission Module
CO2 Module
Dispatchable Resources Module
Must-Run Resources Module
Storage Resources Module
Storage Investment Module
Storage Core Resources Module
Storage Resources with Symmetric Charge/Discharge Capacity Module
Hydro Reservoir Core Resources Module
Thermal (Unit Commitment) Resources Module
CO2 Policies Module
Energy Share Requirement Policies Module
Capacity Reserve Margin Policies Module
Reading Input CSV Files
Network.csv Successfully Read!
Demand (load) data Successfully Read!
Fuels_data.csv Successfully Read!

Summary of resources loaded into the model:
-------------------------------------------------------
	Resource type 		Number of resources
=======================================================
	Thermal        		64
	VRE            		125
	Hydro          		6
	Storage        		26
	Must_run       		26
=======================================================
Total number of resources: 247
-------------------------------------------------------
Generators_variability.csv Successfully Read!
Validating time basis
Capacity_reserve_margin.csv Successfully Read!
Energy_share_requirement.csv Successfully Read!
CO2_cap.csv Successfully Read!
CSV Files Successfully Read In From /home/gm1710/GenX/example_systems/AZ/regionalization_mid_ghg/inputs/inputs_p16
Discharge Module
Non-served Energy Module
Investment Discharge Module
Unit Commitment Module
Fuel Module
Investment Transmission Module
Transmission Module
CO2 Module
Dispatchable Resources Module
Must-Run Resources Module
Storage Resources Module
Storage Investment Module
Storage Core Resources Module
Storage Resources with Symmetric Charge/Discharge Capacity Module
Hydro Reservoir Core Resources Module
Thermal (Unit Commitment) Resources Module
CO2 Policies Module
Energy Share Requirement Policies Module
Capacity Reserve Margin Policies Module
Reading Input CSV Files
Network.csv Successfully Read!
Demand (load) data Successfully Read!
Fuels_data.csv Successfully Read!

Summary of resources loaded into the model:
-------------------------------------------------------
	Resource type 		Number of resources
=======================================================
	Thermal        		64
	VRE            		125
	Hydro          		6
	Storage        		26
	Must_run       		26
=======================================================
Total number of resources: 247
-------------------------------------------------------
Generators_variability.csv Successfully Read!
Validating time basis
Capacity_reserve_margin.csv Successfully Read!
Energy_share_requirement.csv Successfully Read!
CO2_cap.csv Successfully Read!
CSV Files Successfully Read In From /home/gm1710/GenX/example_systems/AZ/regionalization_mid_ghg/inputs/inputs_p17
Discharge Module
Non-served Energy Module
Investment Discharge Module
Unit Commitment Module
Fuel Module
Investment Transmission Module
Transmission Module
CO2 Module
Dispatchable Resources Module
Must-Run Resources Module
Storage Resources Module
Storage Investment Module
Storage Core Resources Module
Storage Resources with Symmetric Charge/Discharge Capacity Module
Hydro Reservoir Core Resources Module
Thermal (Unit Commitment) Resources Module
CO2 Policies Module
Energy Share Requirement Policies Module
Capacity Reserve Margin Policies Module
Linking stages according to edge input.
Solving Model
Time elapsed for writing costs is
1.644045118
Time elapsed for writing capacity is
0.912137551
Time elapsed for writing power is
5.396080863
Time elapsed for writing charge is
0.257149152
Time elapsed for writing storage is
0.274810202
Time elapsed for writing curtailment is
0.516447623
Time elapsed for writing nse is
0.871028905
Time elapsed for writing power balance is
0.772615411
Time elapsed for writing transmission flows is
0.184613974
Time elapsed for writing transmission losses is
0.16591415
Time elapsed for writing network expansion is
0.130551759
Time elapsed for writing emissions is
0.543378195
Time elapsed for writing reliability is
0.240928928
Time elapsed for writing storage duals is
1.040637932
Time elapsed for writing commitment is
0.222392738
Time elapsed for writing startup is
0.041905882
Time elapsed for writing shutdown is
0.041638931
Time elapsed for writing fuel consumption is
1.288999095
Time elapsed for writing co2 is
0.216322941
Time elapsed for writing price is
0.113930522
Time elapsed for writing energy revenue is
0.568953166
Time elapsed for writing charging cost is
0.269977137
Time elapsed for writing subsidy is
0.283324568
Time elapsed for writing time weights is
0.083825864
Time elapsed for writing esr prices is
0.177222882
Time elapsed for writing esr revenue is
0.434496291
Time elapsed for writing reserve margin is
1.448181924
Time elapsed for writing reserve margin with weights is
0.255854612
Time elapsed for writing virtual discharge is
0.175192363
Time elapsed for writing reserve revenue is
1.342242239
Time elapsed for writing capacity value is
2.379920503
Time elapsed for writing co2 cap is
0.101741306
Time elapsed for writing net revenue is
1.392996361
Wrote outputs to /home/gm1710/GenX/example_systems/AZ/regionalization_mid_ghg/results/results_p1
Time elapsed for writing costs is
0.686396094
Time elapsed for writing capacity is
0.003052774
Time elapsed for writing power is
0.162411924
Time elapsed for writing charge is
0.022592194
Time elapsed for writing storage is
0.027982648
Time elapsed for writing curtailment is
0.183546011
Time elapsed for writing nse is
0.08075271
Time elapsed for writing power balance is
0.216269511
Time elapsed for writing transmission flows is
0.01090266
Time elapsed for writing transmission losses is
0.017436849
Time elapsed for writing network expansion is
0.000349802
Time elapsed for writing emissions is
0.072821684
Time elapsed for writing reliability is
0.008938401
Time elapsed for writing storage duals is
0.066024982
Time elapsed for writing commitment is
0.046896315
Time elapsed for writing startup is
0.044947246
Time elapsed for writing shutdown is
0.057407123
Time elapsed for writing fuel consumption is
0.486880471
Time elapsed for writing co2 is
0.166268961
Time elapsed for writing price is
0.010179697
Time elapsed for writing energy revenue is
0.19639779
Time elapsed for writing charging cost is
0.025696208
Time elapsed for writing subsidy is
0.00218137
Time elapsed for writing time weights is
0.000518772
Time elapsed for writing esr prices is
0.000396892
Time elapsed for writing esr revenue is
0.001327926
Time elapsed for writing reserve margin is
0.006412739
Time elapsed for writing reserve margin with weights is
0.003755048
Time elapsed for writing virtual discharge is
0.048320291
Time elapsed for writing reserve revenue is
0.272543999
Time elapsed for writing capacity value is
0.149441714
Time elapsed for writing co2 cap is
0.000681674
Time elapsed for writing net revenue is
0.189618238
Wrote outputs to /home/gm1710/GenX/example_systems/AZ/regionalization_mid_ghg/results/results_p2
Time elapsed for writing costs is
0.71596228
Time elapsed for writing capacity is
0.003012864
Time elapsed for writing power is
2.068119354
Time elapsed for writing charge is
0.01962878
Time elapsed for writing storage is
0.024847514
Time elapsed for writing curtailment is
0.21162544
Time elapsed for writing nse is
0.09610064
Time elapsed for writing power balance is
0.215172606
Time elapsed for writing transmission flows is
0.009552894
Time elapsed for writing transmission losses is
0.014304105
Time elapsed for writing network expansion is
0.000377992
Time elapsed for writing emissions is
0.056592669
Time elapsed for writing reliability is
0.011095051
Time elapsed for writing storage duals is
0.060388477
Time elapsed for writing commitment is
0.049196705
Time elapsed for writing startup is
0.043444719
Time elapsed for writing shutdown is
0.050378171
Time elapsed for writing fuel consumption is
0.4342722
Time elapsed for writing co2 is
0.138965086
Time elapsed for writing price is
0.008196918
Time elapsed for writing energy revenue is
0.14198501
Time elapsed for writing charging cost is
0.01947376
Time elapsed for writing subsidy is
0.001795568
Time elapsed for writing time weights is
0.000503702
Time elapsed for writing esr prices is
0.000271272
Time elapsed for writing esr revenue is
0.000974124
Time elapsed for writing reserve margin is
0.005637426
Time elapsed for writing reserve margin with weights is
0.003651907
Time elapsed for writing virtual discharge is
0.036179975
Time elapsed for writing reserve revenue is
0.226651979
Time elapsed for writing capacity value is
0.158922488
Time elapsed for writing co2 cap is
0.000581093
Time elapsed for writing net revenue is
0.169083784
Wrote outputs to /home/gm1710/GenX/example_systems/AZ/regionalization_mid_ghg/results/results_p3
Time elapsed for writing costs is
0.668152111
Time elapsed for writing capacity is
0.003530626
Time elapsed for writing power is
0.162991707
Time elapsed for writing charge is
0.021015736
Time elapsed for writing storage is
0.025586647
Time elapsed for writing curtailment is
0.185096588
Time elapsed for writing nse is
0.071355847
Time elapsed for writing power balance is
0.201600333
Time elapsed for writing transmission flows is
0.010008986
Time elapsed for writing transmission losses is
0.014702857
Time elapsed for writing network expansion is
0.000365211
Time elapsed for writing emissions is
0.057972506
Time elapsed for writing reliability is
0.00884244
Time elapsed for writing storage duals is
0.060272517
Time elapsed for writing commitment is
0.045515878
Time elapsed for writing startup is
0.042410744
Time elapsed for writing shutdown is
0.045132447
Time elapsed for writing fuel consumption is
0.480346501
Time elapsed for writing co2 is
0.166590733
Time elapsed for writing price is
0.008967401
Time elapsed for writing energy revenue is
0.132474477
Time elapsed for writing charging cost is
0.017677381
Time elapsed for writing subsidy is
0.001934259
Time elapsed for writing time weights is
0.000476402
Time elapsed for writing esr prices is
0.000302692
Time elapsed for writing esr revenue is
0.001445646
Time elapsed for writing reserve margin is
0.004579251
Time elapsed for writing reserve margin with weights is
0.003527897
Time elapsed for writing virtual discharge is
0.041412889
Time elapsed for writing reserve revenue is
0.296171587
Time elapsed for writing capacity value is
0.130407828
Time elapsed for writing co2 cap is
0.000639973
Time elapsed for writing net revenue is
0.168817773
Wrote outputs to /home/gm1710/GenX/example_systems/AZ/regionalization_mid_ghg/results/results_p4
Time elapsed for writing costs is
0.655669124
Time elapsed for writing capacity is
0.002756802
Time elapsed for writing power is
0.158239735
Time elapsed for writing charge is
0.022802805
Time elapsed for writing storage is
0.029188974
Time elapsed for writing curtailment is
0.199885615
Time elapsed for writing nse is
0.075218195
Time elapsed for writing power balance is
0.209750871
Time elapsed for writing transmission flows is
0.010015336
Time elapsed for writing transmission losses is
0.015006099
Time elapsed for writing network expansion is
0.000544212
Time elapsed for writing emissions is
0.0567033
Time elapsed for writing reliability is
0.009313703
Time elapsed for writing storage duals is
0.06781654
Time elapsed for writing commitment is
0.048160811
Time elapsed for writing startup is
0.044165612
Time elapsed for writing shutdown is
0.045930011
┌ Warning: WriteIntermittentOutputs is not supported for non-myopic multistage models. Setting WriteIntermittentOutputs to 0 in the multistage settings.
└ @ GenX ~/GenX/src/configure_settings/configure_settings.jl:220
[ Info: Hydro.csv Successfully Read.
[ Info: Thermal.csv Successfully Read.
[ Info: Vre.csv Successfully Read.
[ Info: Storage.csv Successfully Read.
[ Info: Must_run.csv Successfully Read.
[ Info: Resource_energy_share_requirement.csv Successfully Read.
[ Info: Resource_capacity_reserve_margin.csv Successfully Read.
[ Info: Resource_minimum_capacity_requirement.csv Successfully Read.
[ Info: Multistage data successfully read.
[ Info: Using the CO2 module to determine the CO2 emissions of CCS-equipped plants
[ Info: Hydro.csv Successfully Read.
[ Info: Thermal.csv Successfully Read.
[ Info: Vre.csv Successfully Read.
[ Info: Storage.csv Successfully Read.
[ Info: Must_run.csv Successfully Read.
[ Info: Resource_energy_share_requirement.csv Successfully Read.
[ Info: Resource_capacity_reserve_margin.csv Successfully Read.
[ Info: Resource_minimum_capacity_requirement.csv Successfully Read.
[ Info: Multistage data successfully read.
[ Info: Using the CO2 module to determine the CO2 emissions of CCS-equipped plants
[ Info: Hydro.csv Successfully Read.
[ Info: Thermal.csv Successfully Read.
[ Info: Vre.csv Successfully Read.
[ Info: Storage.csv Successfully Read.
[ Info: Must_run.csv Successfully Read.
[ Info: Resource_energy_share_requirement.csv Successfully Read.
[ Info: Resource_capacity_reserve_margin.csv Successfully Read.
[ Info: Resource_minimum_capacity_requirement.csv Successfully Read.
[ Info: Multistage data successfully read.
[ Info: Using the CO2 module to determine the CO2 emissions of CCS-equipped plants
[ Info: Hydro.csv Successfully Read.
[ Info: Thermal.csv Successfully Read.
[ Info: Vre.csv Successfully Read.
[ Info: Storage.csv Successfully Read.
[ Info: Must_run.csv Successfully Read.
[ Info: Resource_energy_share_requirement.csv Successfully Read.
[ Info: Resource_capacity_reserve_margin.csv Successfully Read.
[ Info: Resource_minimum_capacity_requirement.csv Successfully Read.
[ Info: Multistage data successfully read.
[ Info: Using the CO2 module to determine the CO2 emissions of CCS-equipped plants
[ Info: Hydro.csv Successfully Read.
[ Info: Thermal.csv Successfully Read.
[ Info: Vre.csv Successfully Read.
[ Info: Storage.csv Successfully Read.
[ Info: Must_run.csv Successfully Read.
[ Info: Resource_energy_share_requirement.csv Successfully Read.
[ Info: Resource_capacity_reserve_margin.csv Successfully Read.
[ Info: Resource_minimum_capacity_requirement.csv Successfully Read.
[ Info: Multistage data successfully read.
[ Info: Using the CO2 module to determine the CO2 emissions of CCS-equipped plants
[ Info: Hydro.csv Successfully Read.
[ Info: Thermal.csv Successfully Read.
[ Info: Vre.csv Successfully Read.
[ Info: Storage.csv Successfully Read.
[ Info: Must_run.csv Successfully Read.
[ Info: Resource_energy_share_requirement.csv Successfully Read.
[ Info: Resource_capacity_reserve_margin.csv Successfully Read.
[ Info: Resource_minimum_capacity_requirement.csv Successfully Read.
[ Info: Multistage data successfully read.
[ Info: Using the CO2 module to determine the CO2 emissions of CCS-equipped plants
[ Info: Hydro.csv Successfully Read.
[ Info: Thermal.csv Successfully Read.
[ Info: Vre.csv Successfully Read.
[ Info: Storage.csv Successfully Read.
[ Info: Must_run.csv Successfully Read.
[ Info: Resource_energy_share_requirement.csv Successfully Read.
[ Info: Resource_capacity_reserve_margin.csv Successfully Read.
[ Info: Resource_minimum_capacity_requirement.csv Successfully Read.
[ Info: Multistage data successfully read.
[ Info: Using the CO2 module to determine the CO2 emissions of CCS-equipped plants
[ Info: Hydro.csv Successfully Read.
[ Info: Thermal.csv Successfully Read.
[ Info: Vre.csv Successfully Read.
[ Info: Storage.csv Successfully Read.
[ Info: Must_run.csv Successfully Read.
[ Info: Resource_energy_share_requirement.csv Successfully Read.
[ Info: Resource_capacity_reserve_margin.csv Successfully Read.
[ Info: Resource_minimum_capacity_requirement.csv Successfully Read.
[ Info: Multistage data successfully read.
[ Info: Using the CO2 module to determine the CO2 emissions of CCS-equipped plants
[ Info: Hydro.csv Successfully Read.
[ Info: Thermal.csv Successfully Read.
[ Info: Vre.csv Successfully Read.
[ Info: Storage.csv Successfully Read.
[ Info: Must_run.csv Successfully Read.
[ Info: Resource_energy_share_requirement.csv Successfully Read.
[ Info: Resource_capacity_reserve_margin.csv Successfully Read.
[ Info: Resource_minimum_capacity_requirement.csv Successfully Read.
[ Info: Multistage data successfully read.
[ Info: Using the CO2 module to determine the CO2 emissions of CCS-equipped plants
[ Info: Hydro.csv Successfully Read.
[ Info: Thermal.csv Successfully Read.
[ Info: Vre.csv Successfully Read.
[ Info: Storage.csv Successfully Read.
[ Info: Must_run.csv Successfully Read.
[ Info: Resource_energy_share_requirement.csv Successfully Read.
[ Info: Resource_capacity_reserve_margin.csv Successfully Read.
[ Info: Resource_minimum_capacity_requirement.csv Successfully Read.
[ Info: Multistage data successfully read.
[ Info: Using the CO2 module to determine the CO2 emissions of CCS-equipped plants
[ Info: Hydro.csv Successfully Read.
[ Info: Thermal.csv Successfully Read.
[ Info: Vre.csv Successfully Read.
[ Info: Storage.csv Successfully Read.
[ Info: Must_run.csv Successfully Read.
[ Info: Resource_energy_share_requirement.csv Successfully Read.
[ Info: Resource_capacity_reserve_margin.csv Successfully Read.
[ Info: Resource_minimum_capacity_requirement.csv Successfully Read.
[ Info: Multistage data successfully read.
[ Info: Using the CO2 module to determine the CO2 emissions of CCS-equipped plants
[ Info: Hydro.csv Successfully Read.
[ Info: Thermal.csv Successfully Read.
[ Info: Vre.csv Successfully Read.
[ Info: Storage.csv Successfully Read.
[ Info: Must_run.csv Successfully Read.
[ Info: Resource_energy_share_requirement.csv Successfully Read.
[ Info: Resource_capacity_reserve_margin.csv Successfully Read.
[ Info: Resource_minimum_capacity_requirement.csv Successfully Read.
[ Info: Multistage data successfully read.
[ Info: Using the CO2 module to determine the CO2 emissions of CCS-equipped plants
[ Info: Hydro.csv Successfully Read.
[ Info: Thermal.csv Successfully Read.
[ Info: Vre.csv Successfully Read.
[ Info: Storage.csv Successfully Read.
[ Info: Must_run.csv Successfully Read.
[ Info: Resource_energy_share_requirement.csv Successfully Read.
[ Info: Resource_capacity_reserve_margin.csv Successfully Read.
[ Info: Resource_minimum_capacity_requirement.csv Successfully Read.
[ Info: Multistage data successfully read.
[ Info: Using the CO2 module to determine the CO2 emissions of CCS-equipped plants
[ Info: Hydro.csv Successfully Read.
[ Info: Thermal.csv Successfully Read.
[ Info: Vre.csv Successfully Read.
[ Info: Storage.csv Successfully Read.
[ Info: Must_run.csv Successfully Read.
[ Info: Resource_energy_share_requirement.csv Successfully Read.
[ Info: Resource_capacity_reserve_margin.csv Successfully Read.
[ Info: Resource_minimum_capacity_requirement.csv Successfully Read.
[ Info: Multistage data successfully read.
[ Info: Using the CO2 module to determine the CO2 emissions of CCS-equipped plants
[ Info: Hydro.csv Successfully Read.
[ Info: Thermal.csv Successfully Read.
[ Info: Vre.csv Successfully Read.
[ Info: Storage.csv Successfully Read.
[ Info: Must_run.csv Successfully Read.
[ Info: Resource_energy_share_requirement.csv Successfully Read.
[ Info: Resource_capacity_reserve_margin.csv Successfully Read.
[ Info: Resource_minimum_capacity_requirement.csv Successfully Read.
[ Info: Multistage data successfully read.
[ Info: Using the CO2 module to determine the CO2 emissions of CCS-equipped plants
[ Info: Hydro.csv Successfully Read.
[ Info: Thermal.csv Successfully Read.
[ Info: Vre.csv Successfully Read.
[ Info: Storage.csv Successfully Read.
[ Info: Must_run.csv Successfully Read.
[ Info: Resource_energy_share_requirement.csv Successfully Read.
[ Info: Resource_capacity_reserve_margin.csv Successfully Read.
[ Info: Resource_minimum_capacity_requirement.csv Successfully Read.
[ Info: Multistage data successfully read.
[ Info: Using the CO2 module to determine the CO2 emissions of CCS-equipped plants
[ Info: Hydro.csv Successfully Read.
[ Info: Thermal.csv Successfully Read.
[ Info: Vre.csv Successfully Read.
[ Info: Storage.csv Successfully Read.
[ Info: Must_run.csv Successfully Read.
[ Info: Resource_energy_share_requirement.csv Successfully Read.
[ Info: Resource_capacity_reserve_margin.csv Successfully Read.
[ Info: Resource_minimum_capacity_requirement.csv Successfully Read.
[ Info: Multistage data successfully read.
[ Info: Using the CO2 module to determine the CO2 emissions of CCS-equipped plants
┌ Warning: The cost calculation of the multi-stage GenX is approximate currently, and we will be refining it more in one of the future releases.
└ @ GenX ~/GenX/src/multi_stage/write_multi_stage_costs.jl:58
Time elapsed for writing fuel consumption is
0.451570139
Time elapsed for writing co2 is
0.121144615
Time elapsed for writing price is
0.008320509
Time elapsed for writing energy revenue is
0.124744571
Time elapsed for writing charging cost is
0.018691676
Time elapsed for writing subsidy is
0.001743198
Time elapsed for writing time weights is
0.000485772
Time elapsed for writing esr prices is
0.000292981
Time elapsed for writing esr revenue is
0.001082195
Time elapsed for writing reserve margin is
0.005218464
Time elapsed for writing reserve margin with weights is
0.003275765
Time elapsed for writing virtual discharge is
0.032967391
Time elapsed for writing reserve revenue is
0.203184181
Time elapsed for writing capacity value is
0.129010121
Time elapsed for writing co2 cap is
0.000517783
Time elapsed for writing net revenue is
0.158937808
Wrote outputs to /home/gm1710/GenX/example_systems/AZ/regionalization_mid_ghg/results/results_p5
Time elapsed for writing costs is
0.66567143
Time elapsed for writing capacity is
1.00420426
Time elapsed for writing power is
0.160604096
Time elapsed for writing charge is
0.020101032
Time elapsed for writing storage is
0.024185821
Time elapsed for writing curtailment is
0.163476079
Time elapsed for writing nse is
0.066353894
Time elapsed for writing power balance is
0.235458888
Time elapsed for writing transmission flows is
0.015518472
Time elapsed for writing transmission losses is
0.016811987
Time elapsed for writing network expansion is
0.000372891
Time elapsed for writing emissions is
0.066500345
Time elapsed for writing reliability is
0.009324403
Time elapsed for writing storage duals is
0.058226307
Time elapsed for writing commitment is
0.053700696
Time elapsed for writing startup is
0.041105208
Time elapsed for writing shutdown is
0.040709797
Time elapsed for writing fuel consumption is
0.413704895
Time elapsed for writing co2 is
0.138152713
Time elapsed for writing price is
0.012325696
Time elapsed for writing energy revenue is
0.112601456
Time elapsed for writing charging cost is
0.016851057
Time elapsed for writing subsidy is
0.00198449
Time elapsed for writing time weights is
0.000562482
Time elapsed for writing esr prices is
0.000308672
Time elapsed for writing esr revenue is
0.001158835
Time elapsed for writing reserve margin is
0.007476924
Time elapsed for writing reserve margin with weights is
0.003541946
Time elapsed for writing virtual discharge is
0.034457617
Time elapsed for writing reserve revenue is
0.194898723
Time elapsed for writing capacity value is
0.115114868
Time elapsed for writing co2 cap is
0.000554132
Time elapsed for writing net revenue is
0.158198705
Wrote outputs to /home/gm1710/GenX/example_systems/AZ/regionalization_mid_ghg/results/results_p6
Time elapsed for writing costs is
0.737298337
Time elapsed for writing capacity is
0.003144304
Time elapsed for writing power is
0.172708231
Time elapsed for writing charge is
0.026721633
Time elapsed for writing storage is
0.029091013
Time elapsed for writing curtailment is
0.205473641
Time elapsed for writing nse is
0.080397079
Time elapsed for writing power balance is
0.234705865
Time elapsed for writing transmission flows is
0.014241275
Time elapsed for writing transmission losses is
0.018016953
Time elapsed for writing network expansion is
0.000412692
Time elapsed for writing emissions is
0.066473134
Time elapsed for writing reliability is
0.009289613
Time elapsed for writing storage duals is
0.06762425
Time elapsed for writing commitment is
0.054027827
Time elapsed for writing startup is
0.047643749
Time elapsed for writing shutdown is
0.05023136
Time elapsed for writing fuel consumption is
0.527529236
Time elapsed for writing co2 is
0.15057929
Time elapsed for writing price is
0.008965802
Time elapsed for writing energy revenue is
0.113183008
Time elapsed for writing charging cost is
0.017830292
Time elapsed for writing subsidy is
0.002046709
Time elapsed for writing time weights is
0.000464442
Time elapsed for writing esr prices is
0.000321522
Time elapsed for writing esr revenue is
0.001204665
Time elapsed for writing reserve margin is
0.005572326
Time elapsed for writing reserve margin with weights is
0.003005954
Time elapsed for writing virtual discharge is
0.033525283
Time elapsed for writing reserve revenue is
0.202377597
Time elapsed for writing capacity value is
0.121654118
Time elapsed for writing co2 cap is
0.000582733
Time elapsed for writing net revenue is
0.167351076
Wrote outputs to /home/gm1710/GenX/example_systems/AZ/regionalization_mid_ghg/results/results_p7
Time elapsed for writing costs is
0.673838557
Time elapsed for writing capacity is
0.002802752
Time elapsed for writing power is
0.166579434
Time elapsed for writing charge is
0.023319176
Time elapsed for writing storage is
0.027900088
Time elapsed for writing curtailment is
0.189016866
Time elapsed for writing nse is
0.077780097
Time elapsed for writing power balance is
0.217384035
Time elapsed for writing transmission flows is
0.010761219
Time elapsed for writing transmission losses is
0.015684152
Time elapsed for writing network expansion is
0.000506472
Time elapsed for writing emissions is
0.063464081
Time elapsed for writing reliability is
0.008335388
Time elapsed for writing storage duals is
0.064745257
Time elapsed for writing commitment is
0.050441151
Time elapsed for writing startup is
0.04795368
Time elapsed for writing shutdown is
0.047184206
Time elapsed for writing fuel consumption is
0.487717154
Time elapsed for writing co2 is
0.159105829
Time elapsed for writing price is
0.009201422
Time elapsed for writing energy revenue is
0.120577443
Time elapsed for writing charging cost is
0.018882686
Time elapsed for writing subsidy is
0.001931869
Time elapsed for writing time weights is
0.000503712
Time elapsed for writing esr prices is
0.000322722
Time elapsed for writing esr revenue is
0.000993295
Time elapsed for writing reserve margin is
0.006314748
Time elapsed for writing reserve margin with weights is
0.003429216
Time elapsed for writing virtual discharge is
0.034664779
Time elapsed for writing reserve revenue is
0.248135067
Time elapsed for writing capacity value is
0.136979567
Time elapsed for writing co2 cap is
0.000557823
Time elapsed for writing net revenue is
0.225273342
Wrote outputs to /home/gm1710/GenX/example_systems/AZ/regionalization_mid_ghg/results/results_p8
Time elapsed for writing costs is
1.709320971
Time elapsed for writing capacity is
0.002779473
Time elapsed for writing power is
0.161424129
Time elapsed for writing charge is
0.024969555
Time elapsed for writing storage is
0.029547575
Time elapsed for writing curtailment is
0.216602352
Time elapsed for writing nse is
0.075660817
Time elapsed for writing power balance is
0.211530219
Time elapsed for writing transmission flows is
0.010210277
Time elapsed for writing transmission losses is
0.014996269
Time elapsed for writing network expansion is
0.000378021
Time elapsed for writing emissions is
0.056539389
Time elapsed for writing reliability is
0.011932605
Time elapsed for writing storage duals is
0.069660459
Time elapsed for writing commitment is
0.046410533
Time elapsed for writing startup is
0.042542085
Time elapsed for writing shutdown is
0.04372264
Time elapsed for writing fuel consumption is
0.473914401
Time elapsed for writing co2 is
0.130252287
Time elapsed for writing price is
0.010585919
Time elapsed for writing energy revenue is
0.137018237
Time elapsed for writing charging cost is
0.01966125
Time elapsed for writing subsidy is
0.001670337
Time elapsed for writing time weights is
0.000454532
Time elapsed for writing esr prices is
0.000300682
Time elapsed for writing esr revenue is
0.000921804
Time elapsed for writing reserve margin is
0.006203928
Time elapsed for writing reserve margin with weights is
0.002981124
Time elapsed for writing virtual discharge is
0.036047225
Time elapsed for writing reserve revenue is
0.236458874
Time elapsed for writing capacity value is
0.168969064
Time elapsed for writing co2 cap is
0.000572872
Time elapsed for writing net revenue is
0.163440169
Wrote outputs to /home/gm1710/GenX/example_systems/AZ/regionalization_mid_ghg/results/results_p9
Time elapsed for writing costs is
0.654019656
Time elapsed for writing capacity is
0.003289945
Time elapsed for writing power is
0.175212883
Time elapsed for writing charge is
0.022876425
Time elapsed for writing storage is
0.027634686
Time elapsed for writing curtailment is
0.188669385
Time elapsed for writing nse is
0.079383993
Time elapsed for writing power balance is
0.219819967
Time elapsed for writing transmission flows is
0.010479678
Time elapsed for writing transmission losses is
0.01547399
Time elapsed for writing network expansion is
0.000324922
Time elapsed for writing emissions is
0.060261716
Time elapsed for writing reliability is
0.009046412
Time elapsed for writing storage duals is
0.069784699
Time elapsed for writing commitment is
0.047186336
Time elapsed for writing startup is
0.044454594
Time elapsed for writing shutdown is
0.049458087
Time elapsed for writing fuel consumption is
0.560382907
Time elapsed for writing co2 is
0.161367569
Time elapsed for writing price is
0.011946225
Time elapsed for writing energy revenue is
0.176136067
Time elapsed for writing charging cost is
0.021361918
Time elapsed for writing subsidy is
0.001833318
Time elapsed for writing time weights is
0.000428042
Time elapsed for writing esr prices is
0.000275892
Time elapsed for writing esr revenue is
0.001027914
Time elapsed for writing reserve margin is
0.007054552
Time elapsed for writing reserve margin with weights is
0.003132744
Time elapsed for writing virtual discharge is
0.040426845
Time elapsed for writing reserve revenue is
0.217340316
Time elapsed for writing capacity value is
0.128088787
Time elapsed for writing co2 cap is
0.000556273
Time elapsed for writing net revenue is
0.154285796
Wrote outputs to /home/gm1710/GenX/example_systems/AZ/regionalization_mid_ghg/results/results_p10
Time elapsed for writing costs is
0.678205037
Time elapsed for writing capacity is
0.002992984
Time elapsed for writing power is
0.177667874
Time elapsed for writing charge is
0.025667907
Time elapsed for writing storage is
0.027585417
Time elapsed for writing curtailment is
0.189223416
Time elapsed for writing nse is
0.080436129
Time elapsed for writing power balance is
0.226492078
Time elapsed for writing transmission flows is
0.01096084
Time elapsed for writing transmission losses is
0.015921153
Time elapsed for writing network expansion is
0.000320241
Time elapsed for writing emissions is
0.060694788
Time elapsed for writing reliability is
0.009713325
Time elapsed for writing storage duals is
0.083117061
Time elapsed for writing commitment is
0.049545347
Time elapsed for writing startup is
0.047594578
Time elapsed for writing shutdown is
0.047850939
Time elapsed for writing fuel consumption is
0.47363539
Time elapsed for writing co2 is
0.129404053
Time elapsed for writing price is
0.009395493
Time elapsed for writing energy revenue is
0.125593345
Time elapsed for writing charging cost is
0.019115738
Time elapsed for writing subsidy is
0.001786808
Time elapsed for writing time weights is
0.000482262
Time elapsed for writing esr prices is
0.000280602
Time elapsed for writing esr revenue is
0.001035604
Time elapsed for writing reserve margin is
0.005592296
Time elapsed for writing reserve margin with weights is
0.003499886
Time elapsed for writing virtual discharge is
0.035436602
Time elapsed for writing reserve revenue is
0.215115305
Time elapsed for writing capacity value is
0.135522521
Time elapsed for writing co2 cap is
0.000529052
Time elapsed for writing net revenue is
0.162281184
Wrote outputs to /home/gm1710/GenX/example_systems/AZ/regionalization_mid_ghg/results/results_p11
Time elapsed for writing costs is
1.640124583
Time elapsed for writing capacity is
0.002663242
Time elapsed for writing power is
0.160104643
Time elapsed for writing charge is
0.020434164
Time elapsed for writing storage is
0.024224401
Time elapsed for writing curtailment is
0.242014649
Time elapsed for writing nse is
0.07424975
Time elapsed for writing power balance is
0.209947732
Time elapsed for writing transmission flows is
0.009838655
Time elapsed for writing transmission losses is
0.014341895
Time elapsed for writing network expansion is
0.000335472
Time elapsed for writing emissions is
0.057294903
Time elapsed for writing reliability is
0.01107198
Time elapsed for writing storage duals is
0.056433189
Time elapsed for writing commitment is
0.043990551
Time elapsed for writing startup is
0.041980073
Time elapsed for writing shutdown is
0.042683375
Time elapsed for writing fuel consumption is
0.46706927
Time elapsed for writing co2 is
0.129954945
Time elapsed for writing price is
0.009412533
Time elapsed for writing energy revenue is
0.127095592
Time elapsed for writing charging cost is
0.018462025
Time elapsed for writing subsidy is
0.001849668
Time elapsed for writing time weights is
0.000544473
Time elapsed for writing esr prices is
0.000283631
Time elapsed for writing esr revenue is
0.001123125
Time elapsed for writing reserve margin is
0.005722026
Time elapsed for writing reserve margin with weights is
0.003782368
Time elapsed for writing virtual discharge is
0.034285977
Time elapsed for writing reserve revenue is
0.20969861
Time elapsed for writing capacity value is
0.127963767
Time elapsed for writing co2 cap is
0.000591993
Time elapsed for writing net revenue is
0.173550245
Wrote outputs to /home/gm1710/GenX/example_systems/AZ/regionalization_mid_ghg/results/results_p12
Time elapsed for writing costs is
0.6919619
Time elapsed for writing capacity is
0.002816433
Time elapsed for writing power is
0.181232871
Time elapsed for writing charge is
0.02410777
Time elapsed for writing storage is
0.029176724
Time elapsed for writing curtailment is
0.21834505
Time elapsed for writing nse is
0.094185942
Time elapsed for writing power balance is
0.245777306
Time elapsed for writing transmission flows is
0.012420747
Time elapsed for writing transmission losses is
0.018267923
Time elapsed for writing network expansion is
0.000367932
Time elapsed for writing emissions is
0.071623828
Time elapsed for writing reliability is
0.009770415
Time elapsed for writing storage duals is
0.070161391
Time elapsed for writing commitment is
0.055851176
Time elapsed for writing startup is
0.053525326
Time elapsed for writing shutdown is
0.052873752
Time elapsed for writing fuel consumption is
0.496351604
Time elapsed for writing co2 is
0.130753169
Time elapsed for writing price is
0.010159216
Time elapsed for writing energy revenue is
0.125971167
Time elapsed for writing charging cost is
0.019063327
Time elapsed for writing subsidy is
0.001739618
Time elapsed for writing time weights is
0.000432532
Time elapsed for writing esr prices is
0.000306481
Time elapsed for writing esr revenue is
0.000967285
Time elapsed for writing reserve margin is
0.007740135
Time elapsed for writing reserve margin with weights is
0.003545787
Time elapsed for writing virtual discharge is
0.033456823
Time elapsed for writing reserve revenue is
0.219499615
Time elapsed for writing capacity value is
0.122332351
Time elapsed for writing co2 cap is
0.000583733
Time elapsed for writing net revenue is
0.174565329
Wrote outputs to /home/gm1710/GenX/example_systems/AZ/regionalization_mid_ghg/results/results_p13
Time elapsed for writing costs is
0.677196843
Time elapsed for writing capacity is
0.002737462
Time elapsed for writing power is
0.174904011
Time elapsed for writing charge is
0.023306547
Time elapsed for writing storage is
0.02835442
Time elapsed for writing curtailment is
0.190236992
Time elapsed for writing nse is
0.08302512
Time elapsed for writing power balance is
0.237226047
Time elapsed for writing transmission flows is
0.011407962
Time elapsed for writing transmission losses is
0.017769882
Time elapsed for writing network expansion is
0.000340681
Time elapsed for writing emissions is
0.064150024
Time elapsed for writing reliability is
0.010147287
Time elapsed for writing storage duals is
0.069371048
Time elapsed for writing commitment is
0.049394376
Time elapsed for writing startup is
0.047611658
Time elapsed for writing shutdown is
0.047616178
Time elapsed for writing fuel consumption is
0.525387977
Time elapsed for writing co2 is
0.148567861
Time elapsed for writing price is
0.010197177
Time elapsed for writing energy revenue is
0.165016306
Time elapsed for writing charging cost is
0.026982083
Time elapsed for writing subsidy is
0.0020449
Time elapsed for writing time weights is
0.000473502
Time elapsed for writing esr prices is
0.000276071
Time elapsed for writing esr revenue is
0.001189395
Time elapsed for writing reserve margin is
0.00655941
Time elapsed for writing reserve margin with weights is
0.00437501
Time elapsed for writing virtual discharge is
0.056104867
Time elapsed for writing reserve revenue is
0.304614275
Time elapsed for writing capacity value is
0.138284594
Time elapsed for writing co2 cap is
0.000517082
Time elapsed for writing net revenue is
0.222370719
Wrote outputs to /home/gm1710/GenX/example_systems/AZ/regionalization_mid_ghg/results/results_p14
Time elapsed for writing costs is
1.575816359
Time elapsed for writing capacity is
0.002741122
Time elapsed for writing power is
0.164655185
Time elapsed for writing charge is
0.022075101
Time elapsed for writing storage is
0.026606122
Time elapsed for writing curtailment is
0.173693395
Time elapsed for writing nse is
0.079569264
Time elapsed for writing power balance is
0.220987863
Time elapsed for writing transmission flows is
0.010837719
Time elapsed for writing transmission losses is
0.015401531
Time elapsed for writing network expansion is
0.000372441
Time elapsed for writing emissions is
0.060847429
Time elapsed for writing reliability is
0.009263623
Time elapsed for writing storage duals is
0.0611621
Time elapsed for writing commitment is
0.049877978
Time elapsed for writing startup is
0.051237165
Time elapsed for writing shutdown is
0.052621911
Time elapsed for writing fuel consumption is
0.578886842
Time elapsed for writing co2 is
0.147991958
Time elapsed for writing price is
0.009799484
Time elapsed for writing energy revenue is
0.140799185
Time elapsed for writing charging cost is
0.020644175
Time elapsed for writing subsidy is
0.001711508
Time elapsed for writing time weights is
0.000448532
Time elapsed for writing esr prices is
0.000310361
Time elapsed for writing esr revenue is
0.001032385
Time elapsed for writing reserve margin is
0.005856337
Time elapsed for writing reserve margin with weights is
0.002978514
Time elapsed for writing virtual discharge is
0.037276371
Time elapsed for writing reserve revenue is
0.238851754
Time elapsed for writing capacity value is
0.167087845
Time elapsed for writing co2 cap is
0.000547033
Time elapsed for writing net revenue is
0.187325758
Wrote outputs to /home/gm1710/GenX/example_systems/AZ/regionalization_mid_ghg/results/results_p15
Time elapsed for writing costs is
0.723117043
Time elapsed for writing capacity is
0.003421206
Time elapsed for writing power is
0.186122012
Time elapsed for writing charge is
0.024242341
Time elapsed for writing storage is
0.029381024
Time elapsed for writing curtailment is
0.201194982
Time elapsed for writing nse is
0.084854309
Time elapsed for writing power balance is
0.246828541
Time elapsed for writing transmission flows is
0.011880294
Time elapsed for writing transmission losses is
0.016247104
Time elapsed for writing network expansion is
0.000368982
Time elapsed for writing emissions is
0.076237669
Time elapsed for writing reliability is
0.011086581
Time elapsed for writing storage duals is
0.08298585
Time elapsed for writing commitment is
0.064578816
Time elapsed for writing startup is
0.06106562
Time elapsed for writing shutdown is
0.058307247
Time elapsed for writing fuel consumption is
0.651531105
Time elapsed for writing co2 is
0.137738271
Time elapsed for writing price is
0.010644629
Time elapsed for writing energy revenue is
0.131105221
Time elapsed for writing charging cost is
0.021251967
Time elapsed for writing subsidy is
0.001868419
Time elapsed for writing time weights is
0.000465952
Time elapsed for writing esr prices is
0.000294311
Time elapsed for writing esr revenue is
0.000983865
Time elapsed for writing reserve margin is
0.005874807
Time elapsed for writing reserve margin with weights is
0.003222145
Time elapsed for writing virtual discharge is
0.035564622
Time elapsed for writing reserve revenue is
0.250493707
Time elapsed for writing capacity value is
0.116111132
Time elapsed for writing co2 cap is
0.000632863
Time elapsed for writing net revenue is
0.17668319
Wrote outputs to /home/gm1710/GenX/example_systems/AZ/regionalization_mid_ghg/results/results_p16
Time elapsed for writing costs is
0.719923891
Time elapsed for writing capacity is
0.002769302
Time elapsed for writing power is
0.178394163
Time elapsed for writing charge is
0.02423227
Time elapsed for writing storage is
0.03059707
Time elapsed for writing curtailment is
0.19547984
Time elapsed for writing nse is
0.082027544
Time elapsed for writing power balance is
0.238512987
Time elapsed for writing transmission flows is
0.011218111
Time elapsed for writing transmission losses is
0.016232444
Time elapsed for writing network expansion is
0.000339931
Time elapsed for writing emissions is
0.065526509
Time elapsed for writing reliability is
0.010335547
Time elapsed for writing storage duals is
0.076408248
Time elapsed for writing commitment is
0.052146578
Time elapsed for writing startup is
0.049299254
Time elapsed for writing shutdown is
0.051267584
Time elapsed for writing fuel consumption is
0.523299524
Time elapsed for writing co2 is
0.137557477
Time elapsed for writing price is
0.010281097
Time elapsed for writing energy revenue is
0.135273746
Time elapsed for writing charging cost is
0.020620604
Time elapsed for writing subsidy is
0.001781058
Time elapsed for writing time weights is
0.000464352
Time elapsed for writing esr prices is
0.000323382
Time elapsed for writing esr revenue is
0.001015714
Time elapsed for writing reserve margin is
0.005691306
Time elapsed for writing reserve margin with weights is
0.003597967
Time elapsed for writing virtual discharge is
0.03732118
Time elapsed for writing reserve revenue is
0.23716544
Time elapsed for writing capacity value is
0.135032246
Time elapsed for writing co2 cap is
0.000551032
Time elapsed for writing net revenue is
1.265602316
Wrote outputs to /home/gm1710/GenX/example_systems/AZ/regionalization_mid_ghg/results/results_p17
