Line,1,2,3,4,5,6,7,8,9,10,11,12,13,14,15,Total
AnnualSum,1.6372589217789515e6,1.7447314565475208e6,210357.5367198621,5.250060744042191e6,502412.69619369484,512565.4685399138,3.5594142051186115e6,3.129988746975684e6,2.9143687970021893e6,1.5711609996441551e6,673353.2985859023,4.606964307108505e6,1.44559471788814e6,434403.04244129406,158313.52723701173,2.8350948465823628e7
t1,270.4613106986387,111.90674239149836,45.10615920000001,897.8922435,87.6946374,0.0,644.3572731539305,556.3874461954191,515.546052,329.152,101.98828384245758,493.85303124881443,227.749851,128.0009859,0.0,4410.096016530759
t2,270.4613106986387,213.83490739877152,45.10615920000001,897.8922435,87.6946374,0.0,652.9055261589048,556.3874461954191,515.546052,329.152,79.70775268890067,473.7849070289936,227.749851,128.0009859,0.0,4478.223779169628
t3,270.4613106986387,303.14667874251836,45.10615920000001,897.8922435,87.6946374,0.0,641.6277678026063,556.3874461954191,515.546052,329.152,74.68837457008374,690.602310659016,227.749851,128.0009859,0.0,4768.055817668282
t4,270.4613106986387,274.6446809609185,45.10615920000001,897.8922435,87.6946374,0.0,673.2876525270236,556.3874461954191,515.546052,329.152,73.74362773341986,884.4442066332888,227.749851,128.0009859,0.0,4964.110853748709
t5,270.4613106986387,147.24888452726472,45.10615920000001,897.8922435,87.6946374,0.0,665.8757312703929,556.3874461954191,515.546052,329.152,67.86496808403737,793.9343885446258,227.749851,128.0009859,0.0,4732.914658320378
t6,270.4613106986387,414.48082186995083,45.10615920000001,897.8922435,87.6946374,0.0,650.8249762833303,556.3874461954191,515.546052,329.152,61.437681752914585,694.0049009303511,227.749851,128.0009859,32.40915652595967,4911.148223256564
t7,270.4613106986387,520.28839225,45.10615920000001,897.8922435,87.6946374,0.0,618.9870956406787,556.3874461954191,515.546052,329.152,23.701817216762212,827.506313376964,227.749851,128.0009859,0.0,5048.474304378463
t8,270.4613106986387,84.38247725075189,45.10615920000001,337.3823092065316,87.6946374,0.0,0.0,556.3874461954191,515.546052,199.9829355351999,55.018098914070656,462.7532356186524,227.749851,128.0009859,0.0,2970.465498919265
t9,270.4613106986387,14.939843220338696,0.0,607.3302600880969,87.6946374,0.0,301.55963623027804,556.3874461954191,0.0,0.0,56.23780076266057,0.0,227.749851,98.0470786682276,0.0,2220.4078642636596
t10,270.4613106986387,268.289868047512,0.0,389.87658267252255,65.23147888489386,0.0,494.84732128714865,556.3874461954191,0.0,0.0,16.148037077402634,0.0,227.749851,0.0,0.0,2288.9918958635376
t11,270.4613106986387,266.40235562828957,0.0,329.245052955396,18.933062470815997,0.0,538.3588683347155,556.3874461954191,0.0,104.24526921487512,26.051349986304096,0.0,227.749851,0.0,0.0,2337.834566484454
t12,270.4613106986387,379.41920375121407,0.0,319.05336340796345,0.0,0.0,379.12288712197466,556.3874461954191,0.0,0.0,43.2520870277602,0.0,157.18402607634567,0.0,0.0,2104.880324279316
t13,270.4613106986387,175.20057623992307,0.0,159.68603571471118,0.0,0.0,3.5804729514668954,556.3874461954191,0.0,257.2222382668432,47.40545995256233,0.0,1.8357748456131864,0.0,0.0,1471.7793148651779
t14,237.8764095060214,269.364389498781,0.0,244.0424762501814,0.0,0.0,3.377047328602525,556.3874461954191,0.0,329.152,33.95738923864076,0.0,0.0,0.0,0.0,1674.157158017646
t15,114.44292050207167,244.57157260035416,0.0,784.4070847687567,0.0,0.0,182.7797541832934,556.3874461954191,153.3618355788997,329.152,0.0,37.466220420588755,0.0,0.0,0.0,2402.568834249383
t16,76.97433152122197,346.85456678698796,0.0,826.4023937882915,0.0,0.0,0.0,556.3874461954191,515.546052,329.152,5.3457647616362705,152.14955704739828,0.0,0.0,0.0,2808.8121121009553
t17,270.4613106986387,164.16472719369855,45.10615920000001,897.8922435,0.0,211.78816740377118,669.6970163384472,556.3874461954191,515.546052,329.152,102.60761880442986,382.03109529108355,0.0,0.0,68.85,4213.683836625489
t18,270.4613106986387,133.44196495238364,45.10615920000001,897.8922435,0.0,205.63204628200185,841.5569907616859,556.3874461954191,515.546052,329.152,69.49919737812849,191.32587744121716,0.0,0.0,68.85,4124.851288409475
t19,270.4613106986387,0.0,45.10615920000001,897.8922435,0.0,230.7311715462129,883.6997888381029,556.3874461954191,515.546052,329.152,43.57616114077929,254.1141640258757,0.0,0.0,68.85,4095.5164971450286
t20,270.4613106986387,0.0,45.10615920000001,897.8922435,0.0,0.0,862.8018103589063,556.3874461954191,515.546052,329.152,27.238567142031826,169.11277173309637,0.0,0.0,68.85,3742.5483608280924
t21,270.4613106986387,0.0,45.10615920000001,897.8922435,0.0,0.0,806.7052970595888,556.3874461954191,515.546052,329.152,50.33124679822294,672.5088561571845,0.0,0.0,68.85,4212.940611609054
t22,270.4613106986387,0.0,45.10615920000001,897.8922435,0.0,184.08271298708289,829.3980962252781,556.3874461954191,515.546052,329.152,58.869157510112814,872.3118204350744,0.0,0.0,68.85,4628.056998751606
t23,270.4613106986387,0.0,45.10615920000001,897.8922435,0.0,137.32276668278746,883.9510712637435,556.3874461954191,515.546052,329.152,69.60198411504251,930.7273338,0.0,0.0,68.85,4704.9983674556315
t24,270.4613106986387,0.0,45.10615920000001,897.8922435,0.0,63.27261112554715,717.9221862899597,556.3874461954191,515.546052,329.152,67.77330462844685,882.7818656729315,0.0,0.0,68.85,4415.145179310944
t25,270.4613106986387,182.20791642457806,45.10615920000001,897.8922435,31.240199522409878,0.0,609.4591908614713,556.3874461954191,515.546052,329.152,0.0,930.6322987253997,227.749851,64.51688397252997,0.0,4660.3515521004465
t26,270.4613106986387,317.90313753957247,45.10615920000001,897.8922435,87.6946374,0.0,609.497157878173,556.3874461954191,515.546052,329.152,2.0460857571826616,930.7273338,227.749851,71.48214708218914,0.0,4861.645562051174
t27,270.4613106986387,252.00496933783216,45.10615920000001,897.8922435,87.6946374,0.0,607.8606231525412,556.3874461954191,515.546052,329.152,35.09309572272752,930.7273338,227.749851,128.0009859,0.0,4883.676707907159
t28,270.4613106986387,349.6175709678932,45.10615920000001,897.8922435,87.6946374,0.0,524.3114309444259,556.3874461954191,515.546052,329.152,48.645219470972016,930.7273338,227.749851,128.0009859,0.0,4911.292241077349
t29,270.4613106986387,259.8146327898367,45.10615920000001,897.8922435,87.6946374,0.0,431.5290056937743,556.3874461954191,515.546052,329.152,31.20729159358501,930.7273338,227.749851,128.0009859,0.0,4711.268949771254
t30,270.4613106986387,488.73508300472577,45.10615920000001,897.8922435,87.6946374,0.0,422.0862644742933,556.3874461954191,515.546052,329.152,32.7008238549355,930.7273338,227.749851,128.0009859,0.0,4932.240191028012
t31,270.4613106986387,460.0574217598092,45.10615920000001,897.8922435,87.6946374,0.0,307.6277133356894,556.3874461954191,515.546052,329.152,5.531318059514549,930.7273338,227.749851,128.0009859,0.0,4761.9344728490705
t32,270.4613106986387,313.83642198994926,45.10615920000001,897.8922435,87.6946374,0.0,0.0,556.3874461954191,515.546052,0.0,42.44108567849221,930.7273338,227.749851,128.0009859,0.0,4015.8435273624996
t33,270.4613106986387,0.0,45.10615920000001,897.8922435,87.6946374,0.0,385.4478336483867,556.3874461954191,515.546052,0.0,46.38316216990242,930.7273338,227.749851,128.0009859,0.0,4091.397015512347
t34,270.4613106986387,0.0,45.10615920000001,897.8922435,87.6946374,0.0,524.8414296472165,556.3874461954191,169.1158420023665,276.8171972713337,7.380314195516105,930.7273338,227.749851,8.350347574356471,0.0,4002.524112484847
t35,270.4613106986387,0.0,45.10615920000001,897.8922435,0.0,0.0,319.6322486011708,556.387446195419,182.63069021952106,115.74673746778195,0.0,862.5787367066948,223.2464526997879,4.100318020764837,0.0,3477.782343309779
t36,270.4613106986387,0.0,45.10615920000001,897.8922435,59.50804897441431,0.0,129.4416532673793,556.3874461954191,200.93027761457452,0.0,7.481213902690959,496.3465943803339,227.749851,0.0,0.0,2891.3047987334508
t37,270.4613106986387,0.0,45.10615920000001,796.7239530031968,0.0,0.0,100.80543907858342,556.387446195419,185.34066391875075,0.0,33.39705241427455,315.3990228241937,213.0433236826486,0.0,0.0,2516.664371015706
t38,270.4613106986387,0.0,45.10615920000001,880.8654984340434,0.0,0.0,0.0,215.43468672559524,265.3585652649125,0.0,36.9375931695276,411.87864448256227,0.0,0.0,0.0,2126.04245797528
t39,270.4613106986387,0.0,0.0,897.8922435,0.0,0.0,0.0,143.8473255941946,395.6029420730604,265.8499272990528,42.88790614034875,223.2797039514288,20.605484409234197,0.0,0.0,2260.426843665958
t40,270.4613106986387,9.70071688726381,28.386808410545555,897.8922435,17.49153473800195,176.763524071416,320.4658654700861,556.3874461954191,515.546052,329.152,64.78735670107889,0.0,227.749851,0.0,68.85,3483.6347096724503
t41,270.4613106986387,0.0,45.10615920000001,897.8922435,0.0,232.32461714999997,457.0073644879936,556.387446195419,515.546052,329.152,79.70700005608552,0.0,194.94931689185717,0.0,68.85,3647.3835101799937
t42,270.4613106986387,342.458023961075,45.10615920000001,897.8922435,50.87791312051412,1.5247079573928803,623.0057899664126,556.387446195419,515.546052,329.152,75.20242514520476,0.0,227.749851,0.0,68.85,4004.2139227446573
t43,270.4613106986387,213.30039984967112,45.10615920000001,897.8922435,0.0,27.87798846273277,668.7006260049217,556.387446195419,515.546052,329.152,81.65585482680135,0.0,180.95926759530812,0.0,68.85,3855.8893483334923
t44,270.4613106986387,99.16116542960215,45.10615920000001,897.8922435,0.0,172.53438022783325,647.3154594192735,556.387446195419,515.546052,329.152,84.32651590862541,0.0,110.59942337473036,0.0,68.85,3797.3321559541223
t45,270.4613106986387,99.18290991307929,45.10615920000001,897.8922435,0.0,174.4133287426774,631.716871507103,556.387446195419,515.546052,329.152,77.02198846184,0.0,135.8204241610071,0.0,68.85,3801.550734379765
t46,270.4613106986387,173.97645140758564,45.10615920000001,897.8922435,0.0,232.32461714999997,683.404480914791,556.387446195419,515.546052,329.152,103.51705636387199,0.0,66.47359129869135,0.0,68.85,3943.091408728998
t47,270.4613106986387,44.1454148466032,45.10615920000001,897.8922435,0.0,232.32461714999997,779.3600132016976,556.387446195419,515.546052,329.152,99.48702772998172,0.0,65.7660051568294,0.0,68.85,3904.4782896791703
t48,270.4613106986387,9.704384754414681,45.10615920000001,897.8922435,0.0,232.32461714999997,642.0997083841316,556.387446195419,515.546052,329.152,106.27351875000001,0.0,10.098397545418784,0.0,68.85,3683.8958381780235
t49,0.0,0.0,45.10615920000001,534.0858895321935,0.0,0.0,892.2182255647984,0.0,515.546052,0.0,51.95309550446818,0.0,0.0,0.0,0.0,2038.90942180146
t50,0.0,0.0,45.10615920000001,244.82836305024068,87.6946374,140.40175991463786,942.6749682074295,0.0,515.546052,0.0,75.41293517089363,0.0,126.30400920888431,0.0,0.0,2177.968884152086
t51,79.6724242685476,0.0,45.10615920000001,146.85612391330505,87.6946374,219.94596368515457,826.8706236335192,0.0,515.546052,0.0,86.31967779459124,0.0,227.749851,0.0,0.0,2235.7615128951174
t52,188.40636927848885,1.3913599261094978,45.10615920000001,98.17478499195796,87.6946374,232.32461714999997,778.8420975675793,0.0,515.546052,0.0,106.27351875000001,0.0,227.749851,0.0,60.624695763264846,2342.1341430274006
t53,192.84397092173657,0.0,45.10615920000001,96.65927691746631,87.6946374,232.32461714999997,743.2342061038697,0.0,515.546052,0.0,66.51685208457125,0.0,227.749851,0.0,68.85,2276.5256227776435
t54,167.30668699081116,0.0,45.10615920000001,182.2132324405029,87.6946374,186.91489226169216,703.5562468470964,0.0,515.546052,0.0,106.27351875000001,0.0,227.749851,0.0,0.0,2222.3612768901025
t55,66.81614438326862,27.132305121922005,45.10615920000001,197.74218605546025,87.6946374,232.04687925978186,736.6042534954985,0.0,515.546052,0.0,76.39641247270069,0.0,227.749851,0.0,0.0,2212.834880388632
t56,0.0,373.42123273793027,45.10615920000001,602.6723380180682,87.6946374,0.0,773.7453765740217,0.0,515.546052,0.0,78.65795010257067,0.0,128.2751765372812,0.0,0.0,2605.118922569872
t57,0.0,466.3452422690166,45.10615920000001,670.2201552764421,87.6946374,0.0,836.0612148527858,0.0,515.546052,0.0,103.05397070881426,0.0,167.88153137128865,0.0,0.0,2891.9089630783474
t58,0.0,344.7345281554929,45.10615920000001,651.1554469931913,87.6946374,0.0,894.8939041587048,0.0,515.546052,0.0,106.27351875000001,0.0,227.749851,19.74004654385373,0.0,2892.894144201243
t59,0.0,338.98312145538563,45.10615920000001,466.9267757498608,87.6946374,232.32461714999997,948.48,16.273867660381978,515.546052,0.0,106.27351875000001,0.0,227.749851,87.57020717265159,66.92856528954012,3139.8573728278207
t60,0.0,319.3828250514817,45.10615920000001,496.3175022841496,87.6946374,145.1600729639714,948.48,38.43982031309953,515.546052,0.0,106.27351875000001,0.0,227.749851,112.6876720433037,0.0,3042.838111006007
t61,8.881086137707896,341.928777899089,45.10615920000001,566.3687925806902,87.6946374,0.0,948.48,0.0,515.546052,0.0,106.27351875000001,282.3887758652709,227.749851,128.0009859,0.0,3258.4186367327584
t62,32.81817718743134,262.74996954026926,45.10615920000001,466.0451463524509,87.6946374,0.0,948.48,0.0,515.546052,0.0,106.27351875000001,128.94879935769794,227.749851,128.0009859,0.0,2949.41329668785
t63,68.52674542726936,359.2562582004112,45.10615920000001,688.8330266632609,87.6946374,0.0,948.48,74.49230249633388,515.546052,0.0,106.27351875000001,339.9476957639851,227.749851,128.0009859,0.0,3589.9072328012603
t64,49.202425475773246,315.9227438624841,45.10615920000001,778.5623132259539,87.6946374,0.0,948.48,87.86848420673172,515.546052,0.0,106.27351875000001,439.42410812780827,114.93973072711938,128.0009859,0.0,3617.021158875871
t65,0.0,304.8243475933207,45.10615920000001,783.6517464570395,0.0,0.0,934.2945461477071,0.0,515.546052,329.152,106.27351875000001,632.7425746621107,0.0,124.06399056636803,0.0,3775.6549353765463
t66,33.01181019102869,338.87448649444445,45.10615920000001,897.8922435,0.0,0.0,948.48,68.80077087318966,515.546052,329.152,106.27351875000001,700.6530401964138,0.0,128.0009859,0.0,4111.791067105077
t67,0.9932861530796988,319.7859180744796,45.10615920000001,897.8922435,0.0,0.0,948.48,66.08797138469,515.546052,329.152,106.27351875000001,496.69763315182297,0.0,128.0009859,0.0,3854.0157681140727
t68,23.938226754306093,317.1586291743883,45.10615920000001,897.8922435,0.0,0.0,948.48,0.0,515.546052,329.152,106.27351875000001,714.1442470495455,0.0,70.75988890552304,0.0,3968.450965333763
t69,114.41171350383199,311.0339639006822,45.10615920000001,897.8922435,0.0,0.0,948.48,0.0,515.546052,329.152,88.94420496980253,496.75074697488714,0.0,0.0,0.0,3747.3170840492044
t70,169.30338179995258,312.45221022991296,45.10615920000001,897.8922435,0.0,0.0,948.48,0.0,515.546052,329.152,66.74597397388335,574.4171075026146,0.0,0.0,0.0,3859.095128206364
t71,175.49525909501577,264.9625352850568,45.10615920000001,897.8922435,0.0,0.0,948.48,74.72919579765725,515.546052,329.152,52.44528214254005,414.32149143061366,0.0,0.0,0.0,3718.1302184508836
t72,268.8615721025451,284.9518599689332,45.10615920000001,897.8922435,0.0,0.0,948.48,202.11655749586774,515.546052,329.152,4.218983758887958,604.0709955544488,0.0,0.0,0.0,4100.3964235806825
t73,270.4613106986387,49.913521924789436,45.10615920000001,897.8922435,87.6946374,0.0,934.7299564257669,556.3874461954191,515.546052,329.152,106.27351875000001,930.7273338,227.749851,94.01580641618665,0.0,5045.649837310801
t74,270.4613106986387,0.0,45.10615920000001,897.8922435,87.6946374,0.0,370.44625940116697,556.3874461954191,515.546052,329.152,106.27351875000001,930.7273338,227.749851,51.78272862589144,0.0,4389.219540571116
t75,270.4613106986387,57.21033736057438,45.10615920000001,897.8922435,87.6946374,0.0,302.7589497990359,556.3874461954191,515.546052,329.152,106.27351875000001,930.7273338,227.749851,11.943473827971545,0.0,4338.9033135316395
t76,270.4613106986387,48.4546774048233,45.10615920000001,897.8922435,87.6946374,0.0,276.35764113014227,556.3874461954191,515.546052,329.152,106.27351875000001,930.7273338,227.749851,43.58092714150449,0.0,4335.383798220529
t77,270.4613106986387,246.5984368245578,45.10615920000001,897.8922435,87.6946374,0.0,677.9318970418384,556.3874461954191,515.546052,329.152,106.27351875000001,930.7273338,227.749851,94.29576546788,0.0,4985.816651878335
t78,270.4613106986387,182.5145555631319,45.10615920000001,897.8922435,87.6946374,0.0,320.31875275269056,556.3874461954191,515.546052,329.152,106.27351875000001,930.7273338,227.749851,97.52452632586956,0.0,4567.34838718575
t79,270.4613106986387,337.58780115554845,45.10615920000001,897.8922435,87.6946374,0.0,251.9910797164547,556.3874461954191,515.546052,329.152,95.27049434017759,930.7273338,227.749851,128.0009859,0.0,4673.567394906239
t80,270.4613106986387,277.05572483296146,45.10615920000001,883.9752129412776,87.6946374,0.0,194.84826321830585,556.3874461954191,53.44993988078164,0.0,55.52360785041247,930.7273338,227.749851,128.0009859,0.0,3710.980472917797
t81,270.4613106986387,79.2697038807562,0.0,720.2788808487078,87.6946374,0.0,579.3021813246977,556.3874461954191,0.0,95.58912242331867,86.39161763501647,930.7273338,227.749851,128.0009859,0.0,3761.853071106555
t82,270.4613106986387,222.74520782078767,0.0,777.2400217389119,87.6946374,0.0,748.7991452540545,556.3874461954191,8.875572884941002,0.0,69.23109578478164,930.7273338,227.749851,128.0009859,0.0,4027.912608477535
t83,270.4613106986387,194.27771724020423,0.0,803.8080147028304,87.6946374,0.0,603.4339609173015,556.3874461954191,0.0,0.0,30.15705076515606,930.7273338,227.749851,95.47857959700605,0.0,3800.175902316556
t84,270.4613106986387,146.74470301154838,0.0,722.05496165749,87.6946374,0.0,387.2388322141623,556.3874461954191,0.0,0.0,29.464999352861174,930.7273338,227.749851,128.0009859,0.0,3486.5250612301197
t85,270.4613106986387,125.64109603850243,0.0,763.0279453433619,87.6946374,0.0,304.28844958135466,556.3874461954191,0.0,0.0,18.748858004937684,930.7273338,227.749851,128.0009859,0.0,3412.7279139622146
t86,270.4613106986387,239.22725349532868,0.0,730.4969723658463,87.6946374,0.0,304.3198369846038,556.3874461954191,0.0,0.0,29.194320909167438,930.7273338,227.749851,128.0009859,0.0,3504.2599487490043
t87,270.4613106986387,220.7372579120712,0.0,776.0381837351351,87.6946374,0.0,346.5420802242099,556.3874461954191,0.0,329.152,37.907957898825934,930.7273338,227.749851,128.0009859,0.0,3911.3990447643
t88,270.4613106986387,434.7956942681024,45.10615920000001,897.8922435,87.6946374,0.0,319.30787957861753,556.3874461954191,515.546052,329.152,77.40331207326629,729.7123552235242,227.749851,128.0009859,0.0,4619.209927037568
t89,270.4613106986387,59.75359849423831,45.10615920000001,897.8922435,87.6946374,0.0,212.79828450736377,556.3874461954191,515.546052,329.152,70.04098424920953,930.7273338,227.749851,128.0009859,0.0,4331.31088694487
t90,270.4613106986387,22.407093682578765,45.10615920000001,897.8922435,87.6946374,0.0,196.62057876878603,556.3874461954191,515.546052,329.152,50.88649127533718,930.7273338,227.749851,128.0009859,0.0,4258.632183420759
t91,270.4613106986387,60.676224070804736,45.10615920000001,897.8922435,87.6946374,0.0,312.8593601011937,556.3874461954191,515.546052,329.152,8.187489429287837,930.7273338,227.749851,128.0009859,0.0,4370.441093295344
t92,270.4613106986387,250.57121010580317,45.10615920000001,897.8922435,87.6946374,0.0,615.1432189164452,556.3874461954191,515.546052,329.152,8.118834577653447,930.7273338,227.749851,128.0009859,0.0,4862.551283293959
t93,270.4613106986387,55.474570937547995,45.10615920000001,897.8922435,87.6946374,0.0,317.8410854447787,556.3874461954191,515.546052,329.152,1.645493803014288,930.7273338,227.749851,128.0009859,0.0,4363.679169879399
t94,270.4613106986387,36.848791195065196,45.10615920000001,897.8922435,87.6946374,0.0,457.95368314034647,556.3874461954191,515.546052,329.152,2.3766832461690273,930.7273338,227.749851,128.0009859,0.0,4485.897177275639
t95,270.4613106986387,143.32627736243202,45.10615920000001,897.8922435,87.6946374,0.0,390.1021682838016,556.3874461954191,515.546052,329.152,0.0,930.7273338,227.749851,128.0009859,0.0,4522.146465340292
t96,270.4613106986387,0.0,45.10615920000001,897.8922435,87.6946374,0.0,458.1589866046959,556.3874461954191,515.546052,329.152,1.5029536222287256,930.7273338,227.749851,128.0009859,0.0,4448.379959920982
t97,270.4613106986387,325.4985882235335,45.10615920000001,897.8922435,87.6946374,0.0,768.3620560980941,556.387446195419,515.546052,329.152,66.97618309408672,722.1334379413363,227.749851,127.05875865799608,0.0,4940.018724009104
t98,270.4613106986387,320.46104214869627,45.10615920000001,897.8922435,87.6946374,0.0,399.8970507373624,556.387446195419,515.546052,329.152,42.27487953077112,807.7232025400295,227.749851,107.01235933711096,0.0,4607.358234288028
t99,270.4613106986387,301.7338804980304,45.10615920000001,897.8922435,87.6946374,0.0,539.5093001863813,556.387446195419,515.546052,329.152,55.50248966836774,930.7273338,227.749851,88.497984990416,0.0,4845.960689137252
t100,270.4613106986387,449.2975207307665,45.10615920000001,897.8922435,87.6946374,0.0,948.48,556.387446195419,515.546052,329.152,41.387857000927056,917.7395673382716,227.749851,87.10101294685413,0.0,5373.9956580108765
t101,270.4613106986387,399.04318678663896,45.10615920000001,897.8922435,87.6946374,0.0,717.9407072788672,556.387446195419,515.546052,329.152,56.36666005685588,930.7273338,227.749851,74.82049026307368,0.0,5108.888078179492
t102,270.4613106986387,454.1914120214181,45.10615920000001,897.8922435,87.6946374,0.0,578.2395340896055,556.3874461954191,515.546052,329.152,66.52676761142429,822.0787927310366,227.749851,81.1799749891108,0.0,4932.2061814366525
t103,270.4613106986387,520.28839225,45.10615920000001,897.8922435,87.6946374,0.0,567.6760128667682,556.3874461954191,515.546052,329.152,93.17125929850317,739.631591264724,227.749851,94.03461662051421,0.0,4944.791572294567
t104,270.4613106986387,520.28839225,45.10615920000001,868.6394184505779,87.6946374,0.0,259.4669409337674,0.0,515.546052,241.66303549968742,106.27351875000001,844.0918686016005,227.749851,44.367559099951876,0.0,4031.3487438842244
t105,0.0,206.61807692568257,45.10615920000001,437.51937304562676,0.0,0.0,0.0,505.44047255771096,0.0,0.0,27.057268254534346,898.3614283542364,0.0,0.0,0.0,2120.1027783377913
t106,105.04769993120972,0.0,0.0,106.63347305051298,0.0,232.32461714999997,8.267468898965177,556.3874461954191,37.730201246440814,0.0,97.29600448646185,360.265996322419,0.0,0.0,68.85,1572.8029072814284
t107,136.40615348759277,0.0,0.0,132.60868521492435,0.0,132.8841545686907,0.0,556.3874461954191,241.67273098386573,0.0,106.27351875000001,204.39969649661703,0.0,0.0,0.0,1510.6323856971096
t108,16.578690771608183,0.0,0.0,280.06959034754766,0.0,0.0,0.0,405.6092438420983,132.7297731471588,0.0,55.10407589952746,330.223641152118,0.0,0.0,0.0,1220.3150151600585
t109,0.0,0.0,23.867150743324764,400.12038493964724,0.0,45.72549363484587,0.0,82.40846859239208,0.0,0.0,35.4496576722368,611.710434167103,0.0,0.0,0.0,1199.2815897495498
t110,66.72865993972493,20.00389614531115,0.0,629.1293927446675,0.0,0.0,0.0,0.0,140.02466916226953,0.0,51.24973534894786,632.8301278463505,0.0,0.0,0.0,1539.9664811872715
t111,80.25083183195727,124.10807533358336,0.0,784.7751462564044,31.4168560472655,0.0,0.0,0.0,0.0,0.0,62.738544061059756,0.0,227.749851,0.0,0.0,1311.0393045302703
t112,123.26735010945278,92.89317633714406,45.10615920000001,897.8922435,0.0,0.0,177.69247282144414,86.6923722981197,28.43208538666725,329.152,106.27351875000001,100.3808661489331,0.0,0.0,0.0,1987.782244551761
t113,140.03265468522082,142.8084017093448,45.10615920000001,897.8922435,87.6946374,232.32461714999997,673.6152079046723,472.47278111204935,515.546052,329.152,106.27351875000001,0.0,227.749851,0.0,68.85,3939.5181244112873
t114,265.84781160382965,177.97934509809585,45.10615920000001,897.8922435,87.6946374,0.0,948.48,427.26286073362485,515.546052,329.152,106.27351875000001,0.0,227.749851,0.0,56.91494414892117,4085.8994234344723
t115,229.54615537848161,109.84130820627819,45.10615920000001,897.8922435,87.6946374,0.0,948.48,277.6899672635952,515.546052,329.152,106.27351875000001,15.356815639575164,227.749851,0.0,0.0,3790.32870833793
t116,190.28955976457422,147.91509784875936,45.10615920000001,897.8922435,87.6946374,0.0,948.48,298.52098954268166,515.546052,329.152,106.27351875000001,30.20702930006096,227.749851,0.0,0.0,3824.8271383060764
t117,232.4196851473163,107.78587240759866,45.10615920000001,897.8922435,87.6946374,0.0,948.48,426.01727795800696,515.546052,329.152,106.27351875000001,8.41500424977137,227.749851,0.0,0.0,3932.5323016126936
t118,248.21384861135937,252.94302956136647,45.10615920000001,897.8922435,87.6946374,0.0,948.48,426.02120575358697,515.546052,329.152,106.27351875000001,237.68703828003933,227.749851,0.0,0.0,4322.759584056353
t119,243.8812442735568,0.0,45.10615920000001,897.8922435,87.6946374,0.0,948.48,381.0659211921224,515.546052,329.152,106.27351875000001,401.965741806893,227.749851,0.0,0.0,4184.807369122572
t120,270.4613106986387,109.59520554275025,45.10615920000001,897.8922435,87.6946374,0.0,948.48,432.05260069880654,515.546052,329.152,106.27351875000001,729.9002795642157,227.749851,0.0,0.0,4699.903858354412
t121,270.4613106986387,0.0,45.10615920000001,426.647220443044,87.6946374,0.0,879.5269984762947,0.0,313.59824788232686,0.0,2.7399979207277516,930.7273338,227.749851,128.0009859,0.0,3312.252742721032
t122,270.4613106986387,0.0,45.10615920000001,416.29728968308285,87.6946374,0.0,948.48,0.0,52.17837443655567,0.0,0.5523204253536611,930.7273338,227.749851,128.0009859,0.0,3107.248262543631
t123,270.4613106986387,0.0,45.10615920000001,462.05554974256825,0.0,0.0,948.48,0.0,244.80843429575836,0.0,0.0,930.7273338,227.749851,112.35471773732915,0.0,3241.7433564742946
t124,270.4613106986387,0.0,45.10615920000001,281.4971281197337,0.0,0.0,940.257515204659,0.0,515.546052,0.0,0.0,930.7273338,227.749851,56.190600418012956,0.0,3267.5359504410444
t125,270.4613106986387,0.0,45.10615920000001,188.06241331406832,0.0,0.0,948.3981866906962,0.0,332.7535691524959,0.0,0.0,930.7273338,227.749851,20.34217991445738,0.0,2963.601003770357
t126,270.4613106986387,0.0,45.10615920000001,462.43150702467113,55.24682590308415,0.0,258.563419152214,0.0,444.3598116858251,0.0,0.0,930.7273338,227.749851,110.85612508650895,0.0,2805.5023435509424
t127,270.4613106986387,277.7889682499313,45.10615920000001,359.97280740426237,0.0,23.75660976032927,311.411168989568,0.0,0.0,0.0,0.0,930.7273338,44.17522852267186,61.352678448137404,0.0,2324.7522650735386
t128,83.30941049626011,0.0,0.0,92.18688928712781,0.0,232.32461714999997,0.0,27.187098518665014,197.38885095894793,0.0,57.852994515331105,752.7995712185794,0.0,0.0,68.85,1511.8994321449113
t129,6.554888509278705,0.0,0.0,288.63484009009545,0.0,18.580171661897975,0.0,0.0,465.6458619571655,0.0,106.27351875000001,524.741198587751,0.0,0.0,0.0,1410.4304795561886
t130,26.445067873265128,0.0,0.0,245.93488768170252,0.0,232.32461714999997,0.0,0.0,515.546052,0.0,106.27351875000001,699.8443592560221,0.0,0.0,0.0,1826.36850271099
t131,83.27809916136417,0.0,0.0,132.26631091796176,0.0,232.32461714999997,0.0,0.0,460.9794330163039,0.0,106.27351875000001,463.99982315559316,0.0,0.0,0.0,1479.121802151223
t132,93.63322540891613,0.0,0.0,161.95064373555644,0.0,138.637188840834,0.0,0.0,515.546052,0.0,106.27351875000001,525.4350830749754,0.0,0.0,0.0,1541.475711810282
t133,141.01199341118817,0.0,0.0,375.3665596258676,0.0,0.0,0.0,0.0,515.546052,0.0,106.27351875000001,827.3452475159006,0.0,0.0,0.0,1965.5433713029563
t134,155.2277529609018,87.99140584182156,0.0,291.2893591640679,0.0,0.0,147.02934877526602,0.0,515.546052,0.0,106.27351875000001,930.7273338,0.0,0.0,0.0,2234.0847712920577
t135,189.57933043888323,74.62219718236074,0.0,179.0403110023169,0.0,0.0,595.9680009843127,0.0,236.10698637259267,0.0,106.27351875000001,740.2314799034294,0.0,0.0,0.0,2121.8218246338956
t136,182.87716462659174,226.10058616104072,0.0,107.48371014314682,0.0,0.0,742.8981866224829,0.0,62.01334028271842,0.0,98.3001698540576,930.7273338,0.0,0.0,0.0,2350.4004914900383
t137,122.18525751082765,233.79217876747555,0.0,207.84713139525877,0.0,0.0,948.48,0.0,0.0,0.0,85.03701648708247,823.1172297403023,0.0,66.09625539519138,0.0,2486.555069296138
t138,32.6820862031539,80.28274961539016,0.0,311.2094619901104,87.6946374,0.0,948.48,0.0,0.0,329.152,68.93364443902689,865.9911855070314,227.749851,128.0009859,0.0,3080.176602054713
t139,82.1407876918431,0.0,45.10615920000001,286.3526809990899,87.6946374,0.0,948.48,68.88213779746931,515.546052,329.152,69.41558778312688,476.55570992758857,227.749851,128.0009859,0.0,3265.076589699118
t140,54.06137990513163,0.0,0.0,341.2676536657346,87.6946374,0.0,948.48,98.30727743221746,515.546052,329.152,106.27351875000001,553.6540797631865,227.749851,128.0009859,0.0,3390.1874358162704
t141,270.4613106986387,0.0,45.10615920000001,457.96762032622905,87.6946374,0.0,948.48,394.89064505269846,515.546052,329.152,34.28432149526056,337.45761020157886,227.749851,128.0009859,0.0,3776.791193274406
t142,102.65203720358902,0.0,45.10615920000001,367.99466379715943,87.6946374,0.0,948.48,231.362078356186,515.546052,329.152,106.27351875000001,743.5482165813885,227.749851,128.0009859,0.0,3833.560200188324
t143,52.259086462764564,0.0,0.0,406.62705355512503,87.6946374,0.0,948.48,158.94918043350643,515.546052,329.152,106.27351875000001,783.4104923832624,227.749851,128.0009859,0.0,3744.142857884659
t144,48.79586530902091,0.0,42.19528965172059,389.133466681877,87.6946374,0.0,948.48,71.02649528442178,515.546052,329.152,106.27351875000001,451.3571124916591,227.749851,128.0009859,0.0,3345.4052744687
t145,0.0,146.72122216644786,45.10615920000001,738.0539194005411,17.72560704221824,0.0,150.26301249678102,0.0,515.546052,197.44582515156733,59.108116146722594,0.0,227.749851,0.0,0.0,2097.719764604278
t146,101.37886387571466,87.04105659281451,45.10615920000001,647.514650251645,0.0,0.0,0.0,0.0,515.546052,289.45254377848994,102.52464554837464,0.0,75.17921009233582,0.0,0.0,1863.7431813393744
t147,0.0,0.0,0.0,175.82758939759276,0.0,0.0,0.0,489.93684094603015,515.546052,181.52932093588427,45.97838533575635,0.0,0.0,39.7373929404072,0.0,1448.5555815556709
t148,169.98029543787953,0.0,0.0,0.0,0.0,0.0,15.934214509913257,556.387446195419,422.24506715743934,0.0,81.22308000427125,205.8475570561222,0.0,119.95324963681566,0.0,1571.57090999786
t149,152.55530664060623,0.0,0.0,0.0,0.0,0.0,245.4532021152344,556.3874461954191,515.546052,0.0,106.27351875000001,173.09696503067,0.0,128.0009859,26.32046470390621,1903.633941335836
t150,173.11800446786089,0.0,0.0,55.52458879350722,49.85270202039559,0.0,472.4003097119649,556.3874461954191,515.546052,0.0,106.27351875000001,304.39738321533207,0.0,128.0009859,0.0,2361.50099105448
t151,76.39009096880615,0.0,0.0,0.0,87.6946374,0.0,728.8125797159768,556.3874461954191,0.0,0.0,81.10701758215374,413.3538335554725,204.96665175060375,128.0009859,0.0,2276.713243068432
t152,0.0,124.5596792681983,0.0,0.0,87.6946374,0.0,940.4329378067195,556.3874461954191,285.8438651805528,0.0,44.07178037846838,36.30292467698086,227.749851,128.0009859,0.0,2431.044107806339
t153,30.789160691031878,139.9120534114757,0.0,0.0,87.6946374,0.0,948.48,556.3874461954191,515.546052,0.0,60.011621809772386,279.04680106882955,227.749851,128.0009859,0.0,2973.618609476529
t154,12.643254999835884,216.68614402390145,0.0,0.0,87.6946374,0.0,948.48,556.3874461954191,515.546052,0.0,56.83252274925325,455.4796439257085,227.749851,128.0009859,0.0,3205.5005381941187
t155,0.0,198.26909752342652,0.0,0.0,87.6946374,0.0,948.48,556.3874461954191,500.46662153407567,0.0,49.094468755446485,427.66952192745214,227.749851,128.0009859,0.0,3123.81263023582
t156,0.0,438.85223407503554,0.0,0.0,87.6946374,0.0,921.4224605611677,556.3874461954191,66.06698554662832,0.0,45.89447529436405,243.78340773175827,227.749851,128.0009859,0.0,2715.8524837043733
t157,0.0,335.2833196951629,0.0,0.0,87.6946374,0.0,827.6018048756187,556.3874461954191,216.78544450921646,0.0,43.73954369318756,0.0,227.749851,128.0009859,0.0,2423.243033268605
t158,0.0,416.4186530215832,0.0,0.0,87.6946374,0.0,693.4487500304082,556.3874461954191,87.76345090231491,0.0,37.26139699750626,0.0,206.54830537099815,128.0009859,0.0,2213.52362581823
t159,180.59437744732617,324.39992768649483,0.0,0.0,87.6946374,0.0,329.2012316753553,556.3874461954191,0.0,0.0,106.27351875000001,0.0,196.92642673621478,128.0009859,0.0,1909.4785517908101
t160,193.98934923354918,253.0994344000861,0.0,13.299455583873385,87.6946374,0.0,141.3145560181521,556.3874461954191,0.0,0.0,106.27351875000001,0.0,219.0957462971079,128.0009859,0.0,1699.1551297781878
t161,53.75574310193492,89.05891767929931,0.0,251.0781128757589,35.72917689566179,0.0,0.0,556.3874461954191,0.0,0.0,49.82597138489947,0.0,0.0,128.0009859,0.0,1163.8363540329735
t162,0.0,58.176421521183286,0.0,417.33172473469295,0.0,0.0,0.0,267.42265045142625,0.0,251.40745303837934,8.699366447097068,0.0,0.0,128.0009859,0.0,1131.038602092779
t163,0.0,0.0,45.10615920000001,560.2491502006364,0.0,0.0,283.23764088472274,0.0,515.546052,0.0,0.0,307.39845101599195,0.0,8.100351237424762,0.0,1719.637804538776
t164,0.0,219.94559677922487,45.10615920000001,644.9926157689399,0.0,0.0,764.6130486974225,0.0,515.546052,0.0,0.0,79.76529976034256,0.0,27.38756152079823,0.0,2297.3563337267283
t165,0.0,118.92474896058161,45.10615920000001,693.3897099756833,0.0,0.0,871.0478961835902,0.0,515.546052,0.0,0.0,0.0,170.75818722893086,4.726688959302685,0.0,2419.499442508088
t166,0.0,254.55684077927185,45.10615920000001,838.5678767223284,87.6946374,0.0,809.7628770614336,0.0,515.546052,0.0,0.0,0.0,227.749851,60.33182651906724,0.0,2839.3161206821014
t167,3.5232141850489884,83.13558741213325,45.10615920000001,704.8942392573958,0.0,0.0,746.112573898443,0.0,515.546052,0.0,0.0,0.0,25.738870123657087,128.0009859,0.0,2252.057681976679
t168,0.0,81.48072548496003,45.10615920000001,610.4992339716702,0.0,0.0,584.3628725019361,0.0,515.546052,0.0,26.20473230328461,0.0,0.0,42.84961685886163,0.0,1906.0493923207125
t169,158.14087881689707,112.07576950499026,45.10615920000001,897.8922435,87.6946374,0.0,329.093187868846,221.70925876997143,515.546052,329.152,106.27351875000001,930.7273338,227.749851,0.0,0.0,3961.160890610705
t170,171.1411863189094,119.82335895866964,45.10615920000001,897.8922435,87.6946374,0.0,229.39161242935128,103.27137446031622,515.546052,329.152,106.27351875000001,930.7273338,227.749851,0.0,0.0,3763.769327817247
t171,171.4440746485365,275.82458919056234,45.10615920000001,897.8922435,87.6946374,0.0,397.4098340797215,99.93066848698051,515.546052,329.152,106.27351875000001,930.7273338,227.749851,0.0,0.0,4084.750962055801
t172,170.27446625888984,146.21788296631567,45.10615920000001,897.8922435,87.6946374,0.0,432.78070395103725,63.444753482328814,515.546052,329.152,106.27351875000001,930.7273338,227.749851,0.0,0.0,3952.859602308572
t173,149.48924719344356,0.0,45.10615920000001,897.8922435,87.6946374,0.0,3.815701850882852,49.140191284185796,515.546052,329.152,106.27351875000001,930.7273338,227.749851,0.0,0.0,3342.5869359785124
t174,197.6451265123141,365.2803360143308,45.10615920000001,897.8922435,87.6946374,0.0,562.6905596408678,258.8070493616184,515.546052,329.152,106.27351875000001,930.7273338,227.749851,0.0,0.0,4524.5648671791305
t175,270.4613106986387,333.35657848764436,45.10615920000001,897.8922435,87.6946374,0.0,319.96066267783795,248.74353436751053,515.546052,47.490571336560166,106.27351875000001,930.7273338,227.749851,83.55769325448016,0.0,4114.560146472672
t176,270.4613106986387,497.0156520570758,45.10615920000001,858.1800048084632,87.6946374,0.0,0.0,381.5367212776441,29.14966587892794,0.0,106.27351875000001,930.7273338,227.749851,128.0009859,0.0,3561.89584077075
t177,270.4613106986387,292.2336440341324,45.10615920000001,688.9508679439222,87.6946374,0.0,165.85878967987543,556.3874461954191,0.0,0.0,106.27351875000001,930.7273338,227.749851,36.875211879592854,0.0,3408.318770581581
t178,270.4613106986387,51.96760107741171,45.10615920000001,545.4061091547007,0.0,0.0,255.34967982548116,556.3874461954191,0.0,0.0,95.97797441780732,930.7273338,207.01170704456752,0.0,0.0,2958.395321414026
t179,270.4613106986387,45.76065141103168,45.10615920000001,332.09107150910387,0.0,0.0,0.0,556.3874461954191,0.0,0.0,67.6813293309609,930.7273338,72.98708992972483,0.0,0.0,2321.202392074879
t180,270.4613106986387,42.6746373692754,45.10615920000001,495.18868793032266,0.0,0.0,0.0,556.3874461954191,0.0,0.0,34.70348919287204,930.7273338,122.77667749084311,0.0,0.0,2498.025741877371
t181,270.4613106986387,98.42272338377558,45.10615920000001,593.8319139623584,0.0,0.0,0.0,556.3874461954191,67.6808352355515,0.0,33.22571755543263,930.7273338,227.749851,0.0,0.0,2823.5932910311762
t182,270.4613106986387,24.120122791899437,45.10615920000001,790.2462901863021,87.6946374,0.0,0.0,483.75414692340166,172.96103785276563,0.0,31.30215020679008,930.7273338,227.749851,51.2518297521664,0.0,3115.374869811964
t183,270.4613106986387,0.0,0.0,897.8922435,87.6946374,0.0,20.954657832277388,556.3874461954191,408.89003925612343,329.152,70.26900768999766,930.7273338,227.749851,128.0009859,0.0,3928.1795132724565
t184,270.4613106986387,96.36795813373345,45.10615920000001,897.8922435,87.6946374,152.68917555643836,149.81030208091053,556.3874461954191,515.546052,329.152,105.30964336597978,571.5770254670375,227.749851,128.0009859,68.85,4202.594790498158
t185,270.4613106986387,0.0,45.10615920000001,897.8922435,87.6946374,41.04410683863967,122.12448168727772,395.74832255051433,515.546052,329.152,77.95851372099047,930.7273338,227.749851,128.0009859,68.85,4138.055998296061
t186,270.4613106986387,0.0,45.10615920000001,897.8922435,87.6946374,112.76809567240001,395.19140317588307,556.3874461954191,515.546052,329.152,19.67140148591663,930.7273338,227.749851,128.0009859,68.85,4585.198920028258
t187,270.4613106986387,59.61263696446129,45.10615920000001,897.8922435,87.6946374,0.0,565.2122895421214,539.5403506795321,515.546052,329.152,16.162832861774877,930.7273338,227.749851,128.0009859,68.85,4681.708683546528
t188,270.4613106986387,0.0,45.10615920000001,897.8922435,87.6946374,32.76838395478852,508.9202333073564,556.3874461954191,515.546052,329.152,29.938850276332797,930.7273338,227.749851,128.0009859,68.85,4629.195487232536
t189,270.4613106986387,0.0,45.10615920000001,897.8922435,87.6946374,0.0,418.24518432537946,556.3874461954191,515.546052,329.152,45.97107904799723,930.7273338,227.749851,128.0009859,7.31994486569814,4460.254227933132
t190,270.4613106986387,27.380524153260172,45.10615920000001,897.8922435,87.6946374,0.0,473.3554243085756,556.3874461954191,515.546052,329.152,44.24208003109779,930.7273338,227.749851,128.0009859,0.0,4533.696048186991
t191,270.4613106986387,0.0,45.10615920000001,897.8922435,87.6946374,68.27619005963831,570.9723003153623,556.3874461954191,515.546052,329.152,43.79450190341761,930.7273338,227.749851,128.0009859,68.85,4740.611011972476
t192,270.4613106986387,152.63751182594578,45.10615920000001,897.8922435,87.6946374,49.75844469734219,543.101016228529,556.3874461954191,515.546052,329.152,43.30435976937222,930.7273338,227.749851,128.0009859,68.85,4846.369352215247
t193,232.18120479267105,160.00862370511058,45.10615920000001,897.8922435,87.6946374,232.32461714999997,924.6017199690651,556.3874461954191,515.546052,329.152,106.27351875000001,0.0,227.749851,0.0,68.85,4383.768073662266
t194,241.26676113700626,220.83502069785797,45.10615920000001,897.8922435,87.6946374,232.32461714999997,655.3994926981769,555.3165313577887,515.546052,329.152,106.27351875000001,0.0,227.749851,0.0,68.85,4183.40688489083
t195,267.8727415663511,272.3223426573724,45.10615920000001,897.8922435,87.6946374,232.32461714999997,754.1831469198698,556.3874461954191,515.546052,329.152,106.27351875000001,0.0,227.749851,15.061567826543167,68.85,4376.416324165556
t196,255.44022490247272,411.78830595611197,45.10615920000001,897.8922435,87.6946374,232.32461714999997,737.7281950000173,556.3874461954191,515.546052,329.152,106.27351875000001,0.0,227.749851,0.0,68.85,4471.933251054022
t197,270.4613106986387,461.43411280315485,45.10615920000001,897.8922435,87.6946374,232.32461714999997,711.7536489748229,556.3874461954191,515.546052,329.152,106.27351875000001,0.0,227.749851,3.773179069101106,68.85,4514.398776741137
t198,255.01104244657387,520.28839225,45.10615920000001,897.8922435,87.6946374,232.32461714999997,762.0534777055562,556.3874461954191,515.546052,329.152,106.27351875000001,0.0,227.749851,13.16553542025173,68.85,4617.494973017801
t199,270.4613106986387,471.4609469074987,45.10615920000001,897.8922435,87.6946374,204.0374431521973,512.9268172794286,546.2044559615002,515.546052,329.152,106.27351875000001,0.0,227.749851,2.73937265764946,0.0,4217.244808506913
t200,270.4613106986387,352.14365105606953,45.10615920000001,897.8922435,87.6946374,0.0,0.0,382.24891457364924,515.546052,329.152,106.27351875000001,137.8785936693522,227.749851,26.372514531191744,0.0,3378.5194463789016
t201,206.29176043825873,0.0,44.265399744495994,441.84418511576183,87.6946374,0.0,10.57611310790781,556.3874461954191,389.3823784580567,0.0,106.27351875000001,133.6965705825081,227.749851,0.0,0.0,2204.1618607924083
t202,165.46884891452507,1.3778595269831164,0.0,423.9725238194513,87.6946374,0.0,176.0258293925859,556.3874461954191,0.0,205.31296781661754,106.27351875000001,0.0,227.749851,0.0,0.0,1950.2634828155822
t203,108.77983579684773,0.0,0.0,353.1594997445574,0.0,0.0,0.0,556.3874461954191,0.0,329.152,106.27351875000001,0.0,190.2420205774618,0.0,0.0,1643.994321064286
t204,61.958554056257675,0.0,0.0,351.6648495267398,0.0,0.0,0.0,405.75059244022026,136.2722483680988,329.152,106.27351875000001,0.0,3.093381646633517,0.0,0.0,1394.16514478795
t205,0.0,0.0,0.0,611.8449647634804,0.0,0.0,83.51846801041701,556.3874461954191,195.5893859662358,329.152,57.736233094853816,0.0,0.0,115.63755525809256,0.0,1949.8660532884987
t206,0.0,57.697158712593605,0.0,676.1080767490483,0.0,0.0,185.9156358934337,556.3874461954191,260.3532017520611,329.152,106.27351875000001,69.2034896440697,0.0,8.746512394868342,0.0,2249.8370400914937
t207,0.0,156.336553833379,0.0,728.443770223785,0.0,232.32461714999997,247.4233032162474,556.3874461954191,515.546052,329.152,106.27351875000001,19.1502411557082,0.0,26.76495124580668,68.85,2986.6524537703453
t208,0.0,58.81537876557996,0.0,897.8922435,87.6946374,232.32461714999997,0.0,499.8504160116018,515.546052,329.152,106.27351875000001,2.9192767672694693,227.749851,78.16710544302119,68.85,3105.2350967874722
t209,0.0,75.18082948474276,45.10615920000001,897.8922435,87.6946374,232.32461714999997,0.0,500.74729249746696,515.546052,329.152,106.27351875000001,0.0,227.749851,41.79078664416186,68.85,3128.307987626372
t210,0.0,0.0,45.10615920000001,897.8922435,87.6946374,232.32461714999997,69.54945642447062,447.27936725040513,515.546052,329.152,106.27351875000001,48.31933773435819,227.749851,14.974581704325887,68.85,3090.71182211356
t211,34.96261171392619,171.24969697434244,45.10615920000001,897.8922435,87.6946374,232.32461714999997,423.6691082762431,528.0642840952787,515.546052,329.152,106.27351875000001,201.41278484524017,227.749851,0.0,68.85,3869.947564905031
t212,59.31333723642072,167.10661059595716,45.10615920000001,897.8922435,87.6946374,232.32461714999997,40.43731983901696,556.3874461954191,515.546052,329.152,106.27351875000001,77.09086471239222,227.749851,8.396549076387345,68.85,3419.321206655594
t213,115.91086503209193,0.0,45.10615920000001,897.8922435,87.6946374,232.32461714999997,50.16288683276453,556.3874461954191,515.546052,329.152,106.27351875000001,253.6170952820673,227.749851,32.38628355107986,68.85,3519.0536558934227
t214,200.88608980892099,22.647919864139023,45.10615920000001,897.8922435,87.6946374,232.32461714999997,177.67365580081045,556.3874461954191,515.546052,329.152,106.27351875000001,372.6942699641668,227.749851,89.95980353406436,68.85,3930.838264167521
t215,252.79454116862485,0.0,45.10615920000001,897.8922435,87.6946374,232.32461714999997,218.2634808287548,556.3874461954191,515.546052,329.152,106.27351875000001,93.60979917899948,227.749851,128.0009859,68.85,3759.6453322717985
t216,270.4613106986387,256.0165667252871,45.10615920000001,897.8922435,87.6946374,230.29472114201883,514.7463278443457,556.3874461954191,515.546052,329.152,106.27351875000001,81.21915541171239,227.749851,112.6302883813268,68.85,4300.0202782487495
t217,45.89388129328507,312.6587843855074,45.10615920000001,455.45905261190603,87.6946374,232.32461714999997,948.48,398.1923055511712,261.57356172465194,0.0,106.27351875000001,0.0,227.749851,0.0,68.85,3190.2563690665215
t218,183.42211299423468,448.0284262494956,45.10615920000001,402.48422385257265,87.6946374,232.32461714999997,948.48,280.3318107215737,0.0,0.0,106.27351875000001,0.0,227.749851,0.0,68.85,3030.745357317877
t219,226.8865237437641,331.44772996847655,45.10615920000001,297.8976466848465,87.6946374,232.32461714999997,948.48,212.25128756333623,0.0,172.66500101701084,106.27351875000001,0.0,227.749851,0.0,68.85,2957.6269724774343
t220,270.4613106986387,391.05179975180516,45.10615920000001,205.99142337852982,87.6946374,232.32461714999997,948.48,207.1178477463956,0.0,329.152,106.27351875000001,50.548912058103184,227.749851,10.326351430147035,68.85,3181.1284285636198
t221,270.4613106986387,342.3533550423385,45.10615920000001,104.4392787686505,87.6946374,232.32461714999997,948.48,168.84381346012344,26.547360646939612,329.152,106.27351875000001,0.0,227.749851,50.519587303432594,68.85,3008.7954894201234
t222,270.4613106986387,340.2242770695636,45.10615920000001,68.17156604807941,87.6946374,232.32461714999997,948.48,124.97201201008119,1.2087131516604948,329.152,106.27351875000001,23.098570424233994,227.749851,40.43271604665116,68.85,2914.1999489489085
t223,270.4613106986387,515.2762414508605,45.10615920000001,91.08141972562605,87.6946374,232.32461714999997,948.48,86.97477283298406,31.662010679466768,329.152,106.27351875000001,0.0,227.749851,2.6690342586367723,68.85,3043.7555731462126
t224,215.65590771010554,462.6320084316702,45.10615920000001,307.9230925680398,87.6946374,232.32461714999997,948.48,262.98466753997695,0.0,232.72177904954765,106.27351875000001,119.21338418587185,227.749851,0.0,68.85,3317.6096229852124
t225,270.4613106986387,504.8233848230966,45.10615920000001,366.35158944049044,87.6946374,232.32461714999997,948.48,428.1448492016782,0.0,107.84894840582211,106.27351875000001,124.26161484546367,227.749851,14.127678247983487,68.85,3532.4981591631736
t226,270.4613106986387,353.8450427052304,45.10615920000001,426.65182830299494,87.6946374,232.32461714999997,948.48,556.3874461954192,0.0,155.17520394733134,106.27351875000001,156.82164717867715,227.749851,27.426295110871358,68.85,3663.2475576391635
t227,270.4613106986387,247.30526873597688,45.10615920000001,400.5227761976838,87.6946374,232.32461714999997,948.48,556.3874461954191,0.0,329.152,106.27351875000001,181.17144170629055,227.749851,57.49279440396238,68.85,3758.9718214379714
t228,252.3492690727015,272.2299309703303,45.10615920000001,370.4359515085854,87.6946374,232.32461714999997,948.48,556.3874461954191,291.7587324462865,329.152,106.27351875000001,135.57426991108264,227.749851,128.0009859,68.85,4052.3673695044063
t229,261.4386896603019,252.4365206919822,45.10615920000001,336.6010858743313,87.6946374,232.32461714999997,948.48,556.3874461954191,515.546052,329.152,106.27351875000001,185.0019910068667,227.749851,128.0009859,68.85,4281.043554828902
t230,264.76010641890537,308.3382057515819,45.10615920000001,275.67513003661776,87.6946374,232.32461714999997,948.48,556.3874461954191,515.546052,329.152,106.27351875000001,270.7347114286611,227.749851,128.0009859,68.85,4365.073421231186
t231,262.42125211096123,300.95819146400413,45.10615920000001,298.45794217716434,87.6946374,232.32461714999997,948.48,556.3874461954191,460.1924500036215,329.152,106.27351875000001,327.92321764506534,227.749851,128.0009859,68.85,4379.972268996236
t232,242.3528470862634,308.1971927076951,45.10615920000001,361.8282878591249,87.6946374,232.32461714999997,948.48,556.3874461954191,378.6810948979449,329.152,106.27351875000001,424.01258826953284,227.749851,128.0009859,68.85,4445.0912264159815
t233,116.90104316443805,395.02340549635716,45.10615920000001,448.3109043825983,87.6946374,232.32461714999997,948.48,556.3874461954191,51.20434699298163,329.152,106.27351875000001,634.0582686291941,227.749851,128.0009859,68.85,4375.517184260989
t234,90.27324341756298,408.2030761312566,45.10615920000001,532.5429033583977,87.6946374,232.32461714999997,948.48,556.3874461954191,0.0,4.649772902557416,106.27351875000001,716.1057820847601,227.749851,128.0009859,68.85,4152.641993489954
t235,108.80082159645187,468.17204633964155,45.10615920000001,783.5470372233119,87.6946374,232.32461714999997,948.48,556.3874461954191,0.0,0.0,106.27351875000001,480.6234263623751,208.316504087495,128.0009859,68.85,4222.577200204695
t236,126.55437046676576,519.7433023120351,45.10615920000001,855.172530299537,87.6946374,232.32461714999997,948.48,556.3874461954191,0.0,0.0,106.27351875000001,363.86589297331284,131.66166951825306,128.0009859,68.85,4170.1151301653235
t237,98.35670185724058,483.56010961695495,45.10615920000001,783.0397425408648,87.6946374,232.32461714999997,948.48,556.3874461954191,0.0,0.0,106.27351875000001,464.3980447562514,211.0208453973691,128.0009859,68.85,4213.4928087641
t238,84.98529964786897,397.0905422053895,45.10615920000001,774.2441486341756,87.6946374,232.32461714999997,948.48,556.3874461954191,0.0,0.0,106.27351875000001,562.6029963092141,226.31903413145213,128.0009859,68.85,4218.35938552352
t239,80.64486456118277,385.2781047469287,45.10615920000001,795.6668777383894,87.6946374,232.32461714999997,948.48,556.3874461954191,0.0,0.0,106.27351875000001,563.7201424469971,227.749851,128.0009859,68.85,4226.177205088918
t240,42.26587260802834,378.73161023322734,45.10615920000001,681.3454674488951,87.6946374,232.32461714999997,948.48,556.3874461954191,0.0,0.0,106.27351875000001,694.5993573232696,227.749851,128.0009859,68.85,4197.80952320884
t241,270.4613106986387,334.20727065183104,45.10615920000001,897.8922435,0.0,59.98025650056709,948.48,30.946912296958065,515.546052,329.152,26.412988558110467,163.8985893429477,0.0,0.0,0.0,3622.083782749053
t242,143.10972891068047,351.8546709462918,45.10615920000001,897.8922435,0.0,135.29669614367864,948.48,0.0,515.546052,86.76641924500146,65.60519746623095,158.20824758417945,0.0,0.0,0.0,3347.865414996063
t243,0.0,308.0792822723994,45.10615920000001,897.8922435,0.0,232.32461714999997,734.4268640177634,0.0,501.4669333532497,0.0,106.27351875000001,136.31480985844217,0.0,43.235097325385986,68.85,3073.9695254272406
t244,0.0,520.28839225,45.10615920000001,832.5186159045963,29.749457930567516,232.32461714999997,816.1703861049995,0.0,239.53035985555462,0.0,106.27351875000001,0.0,0.0,9.948167516579417,68.85,2900.7596746622976
t245,26.280576020450365,520.28839225,45.10615920000001,754.3015442172375,2.1454424944961885,232.32461714999997,948.48,0.0,71.90970340167517,0.0,103.01376197482564,0.0,0.0,0.0,68.85,2772.700196708685
t246,90.40003925288237,520.28839225,45.10615920000001,670.6982041903185,87.6946374,232.32461714999997,948.48,44.883491951818336,71.83687413261339,0.0,106.27351875000001,268.2539404199472,97.10805888971257,0.0,68.85,3252.197933587293
t247,142.19676505905565,520.28839225,45.10615920000001,508.071124220018,87.6946374,232.32461714999997,948.48,160.60587292681265,345.0319768789425,80.9069594596575,106.27351875000001,682.4261158984732,227.749851,0.0,68.85,4156.00599019296
t248,156.43540742065508,520.28839225,45.10615920000001,697.5179936582479,87.6946374,232.32461714999997,948.48,354.210039805019,507.66638448977847,153.64144347097522,106.27351875000001,803.1505055648194,227.749851,0.0,68.85,4909.388950159495
t249,147.91989452769272,520.28839225,45.10615920000001,523.9622999289298,87.6946374,232.32461714999997,948.48,0.0,359.0006907324385,78.8659182798788,85.79685377803014,595.3581010945848,227.749851,0.0,68.85,3921.3974153415547
t250,0.0,271.7709020671935,45.10615920000001,401.9466901919839,87.6946374,232.32461714999997,694.0595261355866,0.0,0.0,90.38003226775878,27.605244543215324,92.85681168973446,227.749851,0.0,68.85,2240.3444716454724
t251,187.71198198004583,224.29705961027835,45.10615920000001,311.5510505648281,87.6946374,232.32461714999997,948.48,14.656785939839367,0.0,155.8960216434966,106.27351875000001,222.86825185094077,227.749851,0.0,68.85,2833.459935089429
t252,270.4613106986387,484.2388442603737,45.10615920000001,617.9824964564787,87.6946374,232.32461714999997,948.48,556.3874461954191,241.85829977736324,329.152,106.27351875000001,115.92688245068294,227.749851,73.05438325254285,68.85,4405.5404465915
t253,219.02129380864045,361.2694757869752,45.10615920000001,503.2768168839811,87.6946374,232.32461714999997,948.48,532.63124089216,456.2910764031569,329.152,106.27351875000001,64.30817017270513,227.749851,0.0,68.85,4182.428857447619
t254,247.61503403474114,320.7370638063179,45.10615920000001,421.01891947584204,87.6946374,232.32461714999997,948.48,477.31972483691305,436.44873435727345,329.152,106.27351875000001,158.44299736853725,227.749851,0.0,68.85,4107.213257379625
t255,230.48828718654832,351.6324854574895,45.10615920000001,555.6860672758713,87.6946374,232.32461714999997,948.48,556.3874461954191,312.6125384004879,329.152,106.27351875000001,221.56441014596177,227.749851,72.78685591247232,68.85,4346.788874074251
t256,214.03242895691224,231.78512293651463,45.10615920000001,531.3487025814643,87.6946374,232.32461714999997,948.48,556.3874461954191,0.0,329.152,106.27351875000001,432.49811375645135,227.749851,65.50948594522417,68.85,4077.192083871986
t257,212.82528607343585,520.28839225,45.10615920000001,645.773783002927,87.6946374,232.32461714999997,948.48,556.3874461954191,0.0,0.0,106.27351875000001,504.6334667192679,227.749851,24.448545679606198,68.85,4180.8357034206565
t258,157.1509884096543,520.28839225,45.10615920000001,897.8922435,87.6946374,232.32461714999997,948.48,550.7302775193903,86.86186030555574,0.0,106.27351875000001,294.7111726648594,70.05667223994324,0.0,68.85,4066.4205393894026
t259,188.51243043145578,461.9721027446156,45.10615920000001,897.8922435,87.6946374,232.32461714999997,948.48,556.3874461954191,423.929658869135,0.0,106.27351875000001,459.6652490761288,227.749851,81.1189623237357,68.85,4785.95687664049
t260,132.48728943917223,475.86795759714767,45.10615920000001,897.8922435,87.6946374,232.32461714999997,948.48,556.3874461954191,429.81692912837406,0.0,106.27351875000001,331.9645026084753,227.749851,97.4832235391782,68.85,4638.378375507766
t261,157.20141658300284,435.0918554076254,45.10615920000001,897.8922435,87.6946374,232.32461714999997,948.48,512.1127643843373,453.8263167273493,0.0,106.27351875000001,292.63065085534237,187.14600394876766,0.0,68.85,4424.630183906425
t262,180.8572255937249,364.4587083636208,45.10615920000001,897.8922435,87.6946374,232.32461714999997,948.48,353.69021731755197,502.6627202497579,0.0,106.27351875000001,231.1140448607201,119.43266901804903,0.0,68.85,4138.836761403426
t263,52.78841003613031,344.59244185189357,45.10615920000001,897.8922435,87.6946374,232.32461714999997,948.48,326.97656559974877,442.86801000494575,0.0,106.27351875000001,8.228213403061801,88.30445421798277,0.0,68.85,3650.379271113763
t264,62.9332352903508,371.98950859029225,45.10615920000001,616.9027873833348,87.6946374,232.32461714999997,948.48,0.0,371.59625583694805,0.0,101.36575418249949,0.0,170.1863814983895,0.0,68.85,3077.429336531815
t265,94.27813566165918,0.0,45.10615920000001,473.15189219453435,87.6946374,232.32461714999997,544.985225028887,0.0,272.22618429915536,0.0,106.27351875000001,0.0,227.749851,0.0,23.236984706409867,2107.0272053906456
t266,178.46339284325626,168.8514241194289,45.10615920000001,358.50662027854855,87.6946374,232.32461714999997,254.84769251332236,0.0,87.51968018663527,0.0,106.27351875000001,0.0,227.749851,0.0,68.85,1816.1875934411912
t267,219.5079805022351,149.36857600982918,45.10615920000001,295.6431222835256,87.6946374,232.32461714999997,101.09610082550505,0.0,0.0,76.52088715819279,106.27351875000001,0.0,227.749851,0.0,68.85,1610.1354502792879
t268,229.6064693049371,0.0,45.10615920000001,203.9160581391552,87.6946374,232.32461714999997,0.0,0.0,0.0,166.67398769979977,106.27351875000001,0.0,227.749851,64.33345718667782,68.85,1432.52875583057
t269,203.9298537912122,119.76430514501871,45.10615920000001,239.6616663014404,87.6946374,232.32461714999997,56.78007337615277,0.0,0.0,329.152,106.27351875000001,0.0,227.749851,0.0,68.85,1717.286682113824
t270,178.0009754098916,11.618039691548828,45.10615920000001,275.2077444787047,87.6946374,232.32461714999997,106.55411673863355,0.0,48.452161523533846,329.152,106.27351875000001,46.584331286444936,227.749851,0.0,68.85,1763.5681526287574
t271,270.4613106986387,130.38100782512757,45.10615920000001,263.2864370209622,87.6946374,232.32461714999997,24.90773547051872,0.0,0.0,329.152,106.27351875000001,240.924001371676,227.749851,45.36516952297444,68.85,2072.4764454098977
t272,270.4613106986387,264.96171645834636,45.10615920000001,353.13298660866377,87.6946374,232.32461714999997,150.72968806810405,0.0,0.0,323.9927708891676,106.27351875000001,474.26732362035403,227.749851,78.70942157788214,68.85,2684.2540014211563
t273,270.4613106986387,95.23846892881461,45.10615920000001,379.0009213230546,87.6946374,232.32461714999997,210.79854536674614,0.0,0.0,93.30576822839217,106.27351875000001,646.7237955653742,227.749851,29.462850315042665,68.85,2492.990443926063
t274,270.4613106986387,0.0,0.0,447.09904145677206,87.6946374,232.32461714999997,333.78768945925555,0.0,9.535255827785953,94.48269673490162,106.27351875000001,661.7725984021242,227.749851,40.3859029906985,68.85,2580.4171198701765
t275,82.26762213761029,0.0,0.0,428.28649748200735,87.6946374,232.32461714999997,612.0013267098313,0.0,115.87692763253375,238.0421140879432,0.0,549.3966490321404,227.749851,0.0,68.85,2642.4902426320664
t276,200.73802274452368,0.0,45.10615920000001,372.866021452325,87.6946374,232.32461714999997,695.4643291104791,0.0,0.0,310.08863973016156,27.682746505436263,930.7273338,227.749851,0.0,68.85,3199.2923580929255
t277,135.0352875365586,142.99236638126627,45.10615920000001,347.2641164771149,87.6946374,232.32461714999997,835.4974820284102,0.0,150.5083831603955,329.152,0.0,930.7273338,142.96599236878168,0.0,68.85,3448.118375502527
t278,144.3392116499471,13.801354112361205,45.10615920000001,504.4101550273024,0.0,232.32461714999997,916.3034108699746,0.0,176.86399492116527,329.152,0.0,930.7273338,0.0,0.0,68.85,3361.8782367307504
t279,0.0,56.07251612361774,45.10615920000001,685.1969515051886,0.0,232.32461714999997,948.48,146.47312866798518,113.33707876755479,329.152,46.80237121298515,930.7273338,64.94565232777254,0.0,68.85,3667.467808755104
t280,0.0,103.95435819661401,45.10615920000001,825.6046627939613,2.5366809085480506,232.32461714999997,948.48,129.9058608679552,67.5247627616233,329.152,25.26503305965415,930.7273338,227.749851,0.0,68.85,3937.1813197383563
t281,0.0,309.014462357295,45.10615920000001,897.8922435,87.6946374,232.32461714999997,948.48,12.532322618562247,0.0,126.02092328848497,32.06019111611836,930.7273338,227.749851,101.84243862748825,68.85,4020.295180057949
t282,77.52481062321334,402.14963224686386,45.10615920000001,897.8922435,87.6946374,232.32461714999997,948.48,0.0,67.81474288257739,0.0,55.06735960902507,930.7273338,227.749851,73.02767817709592,68.85,4114.409065588776
t283,176.86816378412166,409.14659922055404,45.10615920000001,897.8922435,81.11280301047663,232.32461714999997,948.48,0.0,173.49852301488087,0.0,55.628457524112655,930.7273338,227.749851,0.0,68.85,4247.384751204146
t284,172.97367927705633,392.9976498015573,45.10615920000001,897.8922435,65.45849461310581,232.32461714999997,948.48,0.0,197.2230991814853,0.0,47.374070212279925,930.7273338,227.749851,0.0,68.85,4227.157197735485
t285,150.3175486098284,352.2908425371912,45.10615920000001,897.8922435,61.464887019501674,232.32461714999997,948.48,0.0,150.90059535874303,0.0,39.95429697474991,930.7273338,227.749851,0.0,68.85,4106.058375150014
t286,232.1690656721724,266.58878966443933,45.10615920000001,897.8922435,34.45785467244727,232.32461714999997,948.48,0.0,154.27913442465604,0.0,54.79897852969545,930.7273338,227.749851,0.0,68.85,4093.4240276134105
t287,199.3206973028214,241.2446319530705,45.10615920000001,897.8922435,9.619898376120195,232.32461714999997,948.48,0.0,183.84196239812073,0.0,43.70742659979542,930.7273338,227.749851,0.0,68.85,4028.864821279928
t288,58.22134511381114,277.0726376334998,45.10615920000001,897.8922435,0.0,232.32461714999997,948.48,0.0,94.2808254195911,0.0,0.0,930.7273338,221.19643972329487,70.46768913430472,68.85,3844.619290674502
t289,36.14681577015365,203.9607268645619,45.10615920000001,518.0845809960597,0.0,232.32461714999997,828.9233492237774,0.0,13.54588985475503,0.0,0.4814830645503553,930.7273338,0.0,0.0,68.85,2878.150955923858
t290,23.005100590467723,250.75682066647252,45.10615920000001,489.8831849390701,0.0,232.32461714999997,817.2442266314516,0.0,0.0,125.69169576878804,4.080885634006391,930.7273338,0.0,0.0,68.85,2987.670024380256
t291,51.28205599872988,311.7545330382908,45.10615920000001,408.74397572121535,84.37892887116199,232.32461714999997,720.8882037153827,0.0,0.0,66.45446705546321,0.0,930.7273338,0.0,0.0,68.85,2920.5102745502436
t292,97.51307519756388,289.6140469644451,45.10615920000001,215.69910330603642,87.6946374,232.32461714999997,550.2581310015257,0.0,0.0,0.0,0.0,930.7273338,92.65944546462524,0.0,68.85,2610.446549484196
t293,146.6518904159164,27.95681333268616,45.10615920000001,117.53077523511996,87.6946374,232.32461714999997,409.2692219589824,0.0,0.0,0.0,0.0,930.7273338,132.97979937847,0.0,68.85,2199.091247871175
t294,161.95139748757714,0.0,45.10615920000001,117.02934832937359,87.6946374,232.32461714999997,328.1044133771926,0.0,0.0,0.0,0.0,930.7273338,148.10415149071616,0.0,68.85,2119.892058234859
t295,181.6065965909192,191.76836161074428,45.10615920000001,172.6561903359872,87.6946374,232.32461714999997,288.8856890472117,0.0,0.0,0.0,0.0,930.7273338,66.26957938109658,0.0,68.85,2265.8891645159592
t296,142.63651456133596,345.7804845745538,45.10615920000001,294.4890163644425,49.14711627322013,232.32461714999997,338.34020899822076,0.0,0.0,0.0,0.0,930.7273338,0.0,0.0,68.85,2447.4014509217727
t297,84.66484077082717,377.73710835190013,45.10615920000001,510.5511678263964,0.0,232.32461714999997,416.17720797277906,0.0,0.0,271.62905954638785,17.879818579851108,930.7273338,0.0,0.0,68.85,2955.6473131981415
t298,170.19043382622496,137.44235402307865,45.10615920000001,324.79392590954217,87.6946374,232.32461714999997,193.51854834386376,0.0,0.0,89.66172213678195,0.0,930.7273338,10.770882751744674,0.0,68.85,2291.0806145412357
t299,179.4648033710265,0.0,0.0,94.2538800718577,87.6946374,232.32461714999997,65.33969485316229,0.0,58.600485298665554,2.3247843291499244,0.14544698210067367,930.7273338,227.749851,0.0,68.85,1947.4755342559627
t300,145.1501724023267,0.0,0.0,87.0411157196861,87.6946374,232.32461714999997,0.0,0.0,54.55017077462458,0.0,0.0,636.9609456718716,129.32291207223074,56.4956016590808,68.85,1498.3901728498206
t301,110.54626301162996,0.0,0.0,197.95368284671227,0.0,232.32461714999997,0.0,0.0,0.0,0.0,29.161997305976563,170.9340841905576,0.0,5.473957452834213,68.85,815.2446019577106
t302,172.7952917386116,0.0,0.0,305.63458654003784,0.0,232.32461714999997,0.0,0.0,0.0,0.0,0.0,718.0800929533638,0.0,0.0,68.85,1497.684588382013
t303,112.50660895017737,0.0,0.0,318.34572246437034,0.0,232.32461714999997,67.1708917320838,0.0,0.0,0.0,0.0,322.57785072929266,0.0,0.0,68.85,1121.775691025924
t304,5.572434980795881,0.0,0.0,340.292688711792,46.23791882338086,232.32461714999997,227.06477838886735,0.0,0.0,0.0,0.0,667.9633656590947,0.0,0.0,68.85,1588.3058037139308
t305,0.0,45.988802946340705,45.10615920000001,503.3993773386695,0.0,232.32461714999997,416.0554375232797,0.0,285.69288660740534,0.0,38.32762148851933,930.7273338,0.0,57.61455573126807,68.85,2624.086791785482
t306,0.0,75.10231146573706,45.10615920000001,715.0137267382804,0.0,232.32461714999997,458.21929259974394,0.0,471.84133047375974,0.0,52.59380927804995,930.7273338,158.45162634916665,128.0009859,68.85,3336.2311929547373
t307,270.4613106986387,288.065838360417,45.10615920000001,897.8922435,0.0,0.0,806.7184647505519,27.226125286711184,515.546052,0.0,0.0,930.7273338,134.30131218591944,103.41450081253858,0.0,4019.459340594777
t308,270.4613106986387,277.1288777960375,45.10615920000001,897.8922435,0.0,0.0,948.48,165.28560466803506,515.546052,142.93290112971903,0.0,930.7273338,132.0667775560693,99.65550473896282,0.0,4425.282765087463
t309,270.4613106986387,440.4561849551857,45.10615920000001,897.8922435,0.0,112.25560789454862,948.48,62.21185506876234,515.546052,286.38491624299166,0.0,930.7273338,184.61085770728306,113.72417203864393,0.0,4807.856693106053
t310,270.4613106986387,304.0520022656573,45.10615920000001,897.8922435,0.0,109.2287490681333,948.48,281.7533872940479,515.546052,329.152,14.829763361770711,930.7273338,227.749851,128.0009859,68.85,5071.829838088249
t311,270.4613106986387,292.6054690595642,45.10615920000001,897.8922435,37.835703018748625,0.0,948.48,492.2062523601968,515.546052,329.152,13.851329723571641,930.7273338,227.749851,128.0009859,46.43118456182793,5176.045874822547
t312,270.4613106986387,283.8777527243579,45.10615920000001,897.8922435,53.92247117635034,130.2383372834629,948.48,399.90008402138415,515.546052,329.152,10.179830158075788,930.7273338,227.749851,128.0009859,68.85,5240.08441146227
t313,270.4613106986387,0.0,45.10615920000001,897.8922435,39.72623681112205,0.0,863.8093969211398,556.3874461954191,515.546052,329.152,89.26924058946658,6.946724692367399,227.749851,0.0,0.0,3842.046661608154
t314,270.4613106986387,0.0,45.10615920000001,897.8922435,8.770689443997068,0.0,745.8752218582135,556.3874461954191,515.546052,329.152,106.27351875000001,0.0,227.749851,0.0,0.0,3703.214492646269
t315,236.9462153795102,0.0,45.10615920000001,897.8922435,0.0,0.0,572.3495555750267,556.3874461954191,515.546052,329.152,106.27351875000001,0.0,178.18968064935532,0.0,0.0,3437.842871249312
t316,149.1314516741715,0.0,45.10615920000001,897.8922435,0.0,0.0,560.2530054294873,556.3874461954191,515.546052,329.152,106.27351875000001,0.0,73.17907371624202,0.0,0.0,3232.92095046532
t317,105.53849153331639,0.0,45.10615920000001,897.8922435,0.0,0.0,538.3561099031847,556.3874461954191,515.546052,329.152,106.27351875000001,0.0,65.83915532532146,0.0,0.0,3160.091176407242
t318,250.88573115336752,170.86928075923396,45.10615920000001,897.8922435,11.573937779581266,0.0,300.73944608202805,556.3874461954191,515.546052,329.152,106.27351875000001,0.0,0.0,128.0009859,0.0,3312.42680131963
t319,155.75964677027287,248.12116866104031,45.10615920000001,897.8922435,87.6946374,0.0,32.42836659466734,556.3874461954191,381.1728419379873,0.0,104.87564500970856,0.0,133.87322764018455,128.0009859,0.0,2771.31236880928
t320,0.0,0.0,0.0,498.0603584949478,87.6946374,0.0,228.9238037162388,556.3874461954191,312.38763534437743,33.20136780087272,27.47854168847864,0.0,25.99804305786498,128.0009859,0.0,1898.1328195981996
t321,0.0,0.0,0.0,315.46548213778453,84.98301252175273,232.32461714999997,0.0,377.23730984334884,9.795578457175846,96.94150910676834,10.368339737826126,0.0,0.0,128.0009859,68.85,1323.966834854656
t322,77.9246269285695,0.0,0.0,811.8422861444777,0.0,232.32461714999997,11.5379481770092,0.0,0.0,329.152,0.0,0.0,0.0,0.0,68.85,1531.6314784000563
t323,0.9448506747717889,0.0,0.0,877.5981114853527,0.0,232.32461714999997,0.0,0.0,81.28022043045384,226.1592836984659,0.0,0.0,0.0,0.0,68.85,1487.1570834390443
t324,0.0,0.0,43.35132228615605,897.8922435,0.0,232.32461714999997,207.41494712818397,0.0,0.0,162.60371830843107,20.17024026846805,163.65973020805822,0.0,0.0,68.85,1796.266818849297
t325,0.0,0.0,45.10615920000001,897.8922435,18.339958973055655,232.32461714999997,458.41028645064586,0.0,176.05598782684538,0.0,37.65644479167544,116.69551524532127,0.0,0.0,68.85,2051.3312131375437
t326,0.0,0.0,45.10615920000001,897.8922435,52.130150369150606,232.32461714999997,699.6664691513374,0.0,0.0,60.65124323965571,50.42041107319664,255.19332986287895,0.0,0.0,68.85,2362.234623546219
t327,72.75202928870472,10.801943936801356,45.10615920000001,897.8922435,0.0,232.32461714999997,948.48,0.0,0.0,0.0,96.84224605583383,552.453204778421,0.0,0.0,26.173690092636612,2882.826134002398
t328,30.081801654444533,46.20653672393099,45.10615920000001,897.8922435,0.0,172.4907369989554,948.48,0.0,380.0288138916068,329.152,106.27351875000001,392.0566882325958,0.0,39.811024309309076,0.0,3387.579523260843
t329,1.9216985114039746,155.05957499190683,45.10615920000001,897.8922435,0.0,137.40999097374524,948.48,0.0,515.546052,329.152,106.27351875000001,930.7273338,0.0,128.0009859,0.0,4195.569557627056
t330,0.0,269.72472190651126,45.10615920000001,897.8922435,0.0,0.0,948.48,5.749542051695747,515.546052,329.152,78.765649826013,817.6477723903197,204.22999612617363,128.0009859,0.0,4240.295122900713
t331,270.4613106986387,202.13815105774455,45.10615920000001,897.8922435,87.6946374,0.0,948.48,0.0,515.546052,329.152,93.26788733272394,725.3823613383313,227.749851,128.0009859,0.0,4470.871639427439
t332,270.4613106986387,148.04107367282586,45.10615920000001,897.8922435,87.6946374,232.32461714999997,948.48,0.0,515.546052,329.152,106.27351875000001,826.8066982887372,227.749851,106.21705100160045,0.0,4741.745212661802
t333,270.4613106986387,2.583025049364396,45.10615920000001,897.8922435,87.6946374,191.36722150425317,948.48,0.0,515.546052,329.152,106.27351875000001,930.7273338,227.749851,128.0009859,0.0,4681.034338802257
t334,270.4613106986387,174.36039001854874,45.10615920000001,897.8922435,87.6946374,0.0,948.48,0.0,515.546052,329.152,65.24513779752475,930.7273338,227.749851,128.0009859,68.85,4689.266101314713
t335,270.4613106986387,177.008419644181,45.10615920000001,897.8922435,87.6946374,78.77354968631728,948.48,88.50050119914275,515.546052,329.152,33.71254756843592,930.7273338,227.749851,128.0009859,68.85,4827.655591596716
t336,270.4613106986387,0.0,45.10615920000001,897.8922435,87.6946374,218.14915956848571,948.48,278.6603896675883,515.546052,329.152,57.488928525289566,930.7273338,227.749851,128.0009859,68.85,5003.959051260002
t337,219.27165825125067,56.364620246520836,45.10615920000001,897.8922435,87.6946374,0.0,343.1178929279354,377.26421512318825,515.546052,329.152,106.27351875000001,26.75684561173733,227.749851,0.0,0.0,3232.1896940106326
t338,198.55526237803292,73.18840833215201,45.10615920000001,897.8922435,87.6946374,42.67673437237499,235.57947784229853,358.15658402570716,515.546052,329.152,106.27351875000001,39.54419057215485,227.749851,0.0,0.0,3157.1151193727205
t339,192.84233657914214,19.772426903740385,45.10615920000001,897.8922435,87.2062180990459,124.48102144177952,26.471158870027413,382.9916735599909,515.546052,329.152,106.27351875000001,0.0,227.749851,0.0,68.85,3024.3346599037263
t340,241.13131602187514,0.0,45.10615920000001,897.8922435,87.6946374,232.32461714999997,0.0,556.387446195419,515.546052,329.152,106.27351875000001,136.67603041013464,227.749851,66.29439484597916,68.85,3511.078266473408
t341,260.8609275245644,87.13155542307291,45.10615920000001,854.7240591489754,87.6946374,232.32461714999997,0.0,556.387446195419,515.546052,329.152,106.27351875000001,0.0,227.749851,0.0,68.85,3371.8008237920317
t342,270.4613106986387,160.32567701840736,45.10615920000001,853.2510633235469,0.0,232.32461714999997,0.0,556.3874461954191,515.546052,329.152,83.40410054316193,0.0,201.23241378058935,0.0,68.85,3316.0408399097637
t343,183.96799274495126,5.082820798529648,0.0,495.4435347819791,0.0,0.0,580.4525001030747,556.3874461954191,458.3209647292365,329.152,106.27351875000001,212.96353029281752,0.0,0.0,0.0,2928.0443083960085
t344,169.62730622439955,137.69081426603515,0.0,440.2359473537791,0.0,0.0,874.3061949376146,556.3874461954191,0.0,329.152,93.74043705479197,330.2918536541264,0.0,0.0,0.0,2931.431999686166
t345,124.75539472420456,281.443464107102,0.0,281.9876332878604,27.834024355340407,0.0,948.48,556.3874461954191,0.0,329.152,47.47002561689586,317.5280779712504,0.0,128.0009859,0.0,3043.0390521580725
t346,160.95670313011573,294.54671130325033,0.0,268.83815337619006,31.618534757220633,0.0,948.48,556.3874461954191,0.0,329.152,84.78138978625557,221.37703413546743,0.0,128.0009859,0.0,3024.1389585839192
t347,218.60002838735926,357.72825630259763,0.0,242.64830911899725,87.6946374,0.0,948.48,556.3874461954191,0.0,329.152,106.27351875000001,349.57645134879147,0.0,128.0009859,0.0,3324.5416334031656
t348,230.19288143772926,352.43126989304795,0.0,403.9339842759022,87.6946374,0.0,948.48,556.3874461954191,0.0,329.152,106.27351875000001,0.0,68.98219726244696,128.0009859,0.0,3211.5289211145455
t349,156.47772370557553,247.27150333242474,0.0,615.6930716197363,86.20762872060058,0.0,948.48,556.387446195419,0.0,329.152,59.05826099841323,0.0,0.0,128.0009859,0.0,3126.7286204721695
t350,96.1191740641706,164.17789296895992,0.0,789.7399025341978,0.0,0.0,797.8106306793181,556.3874461954191,0.0,110.93493089598344,51.330458414385575,0.0,0.0,0.0,0.0,2566.500435752435
t351,151.5942591383116,68.74198889117179,0.0,897.8922435,0.0,0.0,492.7545189456324,556.387446195419,0.0,47.834750299815134,11.750151024541069,0.0,0.0,0.0,0.0,2226.9553579948906
t352,270.4613106986387,0.0,45.10615920000001,897.8922435,0.0,0.0,50.430704248484304,556.387446195419,0.0,329.152,0.0,382.03370770423567,138.56403854177586,7.2332795649251835,0.0,2677.260889653479
t353,270.4613106986387,105.17610786976242,45.10615920000001,897.8922435,0.0,0.0,0.0,556.3874461954191,78.13387670868705,329.152,0.0,201.5229391615377,104.93939354224553,91.06085749906237,0.0,2679.8323343753523
t354,270.4613106986387,369.62046482119837,0.0,702.9777984344985,0.0,0.0,0.0,549.7558674294748,515.546052,329.152,36.34404187236383,0.0,197.9061805325748,0.0,0.0,2971.7637157887493
t355,270.4613106986387,157.41320114319365,45.10615920000001,897.8922435,87.6946374,0.0,82.71441149168989,231.90990910160463,515.546052,329.152,28.875251422086226,0.0,227.749851,0.0,0.0,2874.515026957213
t356,270.4613106986387,0.0,45.10615920000001,897.8922435,81.44144614166959,182.05434692708914,266.5451378280829,337.1424566252476,515.546052,329.152,78.0857910636466,0.0,227.749851,0.0,0.0,3231.1767949843743
t357,270.4613106986387,0.0,45.10615920000001,897.8922435,87.6946374,168.111267619786,415.39176672564463,481.77813475257244,515.546052,329.152,106.27351875000001,9.328176123016853,227.749851,128.0009859,68.85,3751.3361036696588
t358,270.4613106986387,0.0,45.10615920000001,897.8922435,87.6946374,232.32461714999997,645.9832278458485,546.6599342994963,515.546052,329.152,99.75674449038227,222.87251487870907,227.749851,128.0009859,68.85,4318.0502783630745
t359,270.4613106986387,0.0,45.10615920000001,897.8922435,87.6946374,56.810975262728135,626.4057339242916,404.62603903952424,515.546052,329.152,95.97242946582689,0.0,227.749851,128.0009859,68.85,3754.2684173910093
t360,270.4613106986387,0.0,45.10615920000001,897.8922435,87.6946374,0.0,470.49163256682886,273.9003548017931,515.546052,329.152,106.27351875000001,51.17172839222909,227.749851,128.0009859,68.85,3472.2904742094897
t361,262.7681539106604,111.30754194344505,45.10615920000001,897.8922435,87.6946374,156.78221623690843,740.7280245305664,441.10175281138305,515.546052,329.152,106.27351875000001,930.7273338,227.749851,0.0,68.85,4921.679485082964
t362,233.52514704806586,15.971730746046198,45.10615920000001,897.8922435,87.6946374,0.0,488.3549400160636,218.2202755985242,515.546052,329.152,106.27351875000001,930.7273338,227.749851,0.0,0.0,4096.2138890587
t363,210.80598688862224,11.563077853616676,45.10615920000001,897.8922435,87.6946374,0.0,335.2047349983325,170.4588506874711,515.546052,329.152,106.27351875000001,930.7273338,227.749851,0.0,0.0,3868.174446078043
t364,166.16710301554915,56.54713691522706,45.10615920000001,897.8922435,87.6946374,107.87886150400577,305.64238133366445,368.8619430887817,515.546052,329.152,106.27351875000001,930.7273338,227.749851,0.0,68.85,4214.089221507228
t365,166.31183603065722,0.0,45.10615920000001,897.8922435,87.6946374,232.32461714999997,276.7474823113069,358.4593087042036,515.546052,329.152,106.27351875000001,930.7273338,227.749851,0.0,68.85,4242.835039846168
t366,252.28639770282376,0.0,45.10615920000001,897.8922435,87.6946374,232.32461714999997,146.62510881933756,315.58003662260705,515.546052,329.152,106.27351875000001,825.4824261285936,227.749851,0.0,68.85,4050.5630482733623
t367,270.4613106986387,292.6095581794885,45.10615920000001,897.8922435,87.6946374,0.0,113.43578640174727,152.65216231347466,515.546052,329.152,78.32109010706607,930.7273338,227.749851,0.0,0.0,3941.348184600415
t368,265.06456956270245,0.0,45.10615920000001,597.6530567230915,0.0,0.0,0.0,92.34185576433462,364.7521346497579,0.0,106.27351875000001,874.1781111226522,0.0,0.0,0.0,2345.369405772539
t369,242.25957113168238,129.200315477796,45.10615920000001,615.7116623928447,0.0,0.0,0.0,224.69877174877135,0.0,0.0,106.27351875000001,632.9241140065681,0.0,0.0,0.0,1996.1741127076625
t370,210.53274327377557,0.0,0.0,547.9606740983007,0.0,0.0,0.0,304.018230613399,0.0,0.0,106.27351875000001,723.6696409674403,0.0,0.0,0.0,1892.4548077029156
t371,143.00545459618337,0.0,0.0,377.6157489522791,0.0,0.0,0.0,331.9814928943836,0.0,0.0,106.27351875000001,673.4616947160565,0.0,0.0,0.0,1632.3379099089025
t372,149.6668692151795,0.0,0.0,437.21393167903994,0.0,0.0,0.0,285.9034939147463,0.0,0.0,106.27351875000001,328.3893038620992,0.0,0.0,0.0,1307.447117421065
t373,158.5140916325771,0.0,0.0,536.3121256765558,0.0,0.0,0.0,175.44566585749314,0.0,0.0,106.27351875000001,322.16384641823856,0.0,0.0,0.0,1298.7092483348647
t374,177.80488692790252,107.87927713614805,0.0,545.5615310943521,0.0,0.0,0.0,39.99704522792594,0.0,0.0,106.27351875000001,124.59049145355682,0.0,0.0,0.0,1102.1067505898855
t375,149.35478662769071,51.32096504127489,0.0,617.1719979786777,0.0,0.0,0.0,0.0,0.0,0.0,74.51031117324526,88.30571676186801,0.0,0.0,0.0,980.6637775827566
t376,110.55149241432285,30.68477794084863,0.0,864.6453395591491,0.0,0.0,0.0,0.0,0.0,0.0,63.43511425717436,0.7652814532008456,0.0,0.0,0.0,1070.0820056246957
t377,48.42044343511822,127.4535379883968,0.0,709.92718720482,0.0,0.0,0.0,0.0,0.0,329.152,57.91603005319653,0.0,56.354381514427224,0.0,0.0,1329.2235801959587
t378,0.0,0.0,0.0,897.8922435,33.96863568745832,0.0,42.14967441723333,0.0,515.546052,329.152,10.831482586573317,0.0,227.749851,0.0,0.0,2057.289939191265
t379,34.18451250796367,0.0,0.0,897.8922435,0.0,0.0,298.6331256727177,0.0,361.6720287066282,329.152,0.0,0.0,227.749851,0.0,0.0,2149.2837613873094
t380,61.771786441824226,0.0,0.0,897.8922435,0.0,0.0,366.342432115769,0.0,515.546052,329.152,0.0,0.0,174.48500619613202,0.0,0.0,2345.1895202537253
t381,45.07623860126585,0.0,0.0,897.8922435,0.0,0.0,363.69343050443655,0.0,302.70765040793276,329.152,0.0,0.0,200.58373853646015,0.0,0.0,2139.105301550095
t382,43.33160941015074,0.0,0.0,897.8922435,0.0,0.0,357.1129006896999,0.0,515.546052,329.152,0.0,0.0,160.10238190239602,0.0,0.0,2303.137187502247
t383,62.84599457134069,0.0,0.0,897.8922435,0.0,0.0,399.4790628627604,0.0,387.0064228371186,329.152,0.0,0.0,88.60079237192456,0.0,0.0,2164.976516143144
t384,104.60352390365875,0.0,0.0,897.8922435,0.0,0.0,403.88642770137295,0.0,322.9954815302333,329.152,0.0,0.0,38.993722459678175,55.64578821233196,0.0,2153.169187307275
t385,270.4613106986387,128.56246630144278,45.10615920000001,897.8922435,0.0,232.32461714999997,491.5759363468596,556.3874461954191,515.546052,329.152,0.0,930.7273338,0.0,126.83477097135162,68.85,4593.420336163713
t386,270.4613106986387,137.9938790182859,45.10615920000001,897.8922435,0.0,232.32461714999997,441.59722180026415,556.3874461954191,515.546052,261.3235045173404,9.209439296302577,930.7273338,0.0,128.0009859,68.85,4495.420193076252
t387,270.4613106986387,197.77079780993975,45.10615920000001,897.8922435,0.0,232.32461714999997,385.78890179669787,556.3874461954191,515.546052,220.1389578261855,14.636601656411333,930.7273338,0.0,128.0009859,68.85,4463.631407533292
t388,270.4613106986387,260.7090668582339,45.10615920000001,897.8922435,0.0,232.32461714999997,515.7172956581785,556.3874461954191,515.546052,135.5755627151959,28.1509670370151,930.7273338,0.0,60.359586174393975,68.85,4517.8076409870755
t389,270.4613106986387,344.61814548337713,45.10615920000001,897.8922435,0.0,232.32461714999997,540.7110613948169,556.3874461954191,499.6857660469882,0.0,46.39781840041632,930.7273338,0.0,17.520133677080334,68.85,4450.682035546737
t390,270.4613106986387,461.1419500056848,45.10615920000001,897.8922435,0.0,232.32461714999997,948.48,542.6040324579313,337.00756652506345,0.0,53.27265613427575,930.7273338,0.0,0.0,68.85,4787.8678694715945
t391,182.89291031782017,437.6922055373806,45.10615920000001,897.8922435,0.0,232.32461714999997,654.512443762557,547.9702519621217,343.9957763096818,0.0,97.89516762957955,930.7273338,0.0,0.0,68.85,4439.8591091691405
t392,270.4613106986387,474.31487297807786,45.10615920000001,897.8922435,0.0,232.32461714999997,529.9457994045972,536.5008728260916,242.61036814155108,0.0,75.3761184998261,733.558016909336,0.0,0.0,68.85,4106.940379308118
t393,270.4613106986387,400.0508742044664,45.10615920000001,897.8922435,0.0,232.32461714999997,144.12625772618344,556.3874461954191,357.75058595452873,0.0,88.96364562742619,707.7810661301902,0.0,0.0,68.85,3769.6942063868523
t394,270.4613106986387,448.003686422456,45.10615920000001,897.8922435,0.0,232.32461714999997,148.17094376632116,556.3874461954191,266.9072447967218,0.0,85.88927071313378,494.3274068454716,0.0,0.0,68.85,3514.3203292881626
t395,217.17225557678853,505.41387091764227,45.10615920000001,897.8922435,0.0,232.32461714999997,116.46870612154228,556.3874461954191,0.0,0.0,98.0113088928845,268.24529138333486,0.0,0.0,68.85,3005.8718989376116
t396,154.01496764782297,297.8535558106212,45.10615920000001,897.8922435,87.6946374,232.32461714999997,0.0,38.69494485589903,0.0,0.0,106.27351875000001,512.3975620350265,227.749851,0.0,68.85,2668.8520573493693
t397,151.88929750403977,344.42799864779806,45.10615920000001,897.8922435,87.6946374,232.32461714999997,130.1013735322459,0.0,0.0,64.02236103844149,106.27351875000001,507.1935063117842,227.749851,0.0,68.85,2863.5255640343094
t398,162.80400344798332,440.7945057355406,45.10615920000001,897.8922435,87.6946374,232.32461714999997,424.0975799076826,146.6656924860651,0.0,0.0,106.27351875000001,477.15079643810424,125.06673395947463,0.0,68.85,3214.7204879748506
t399,145.18077487895968,345.48437153106875,45.10615920000001,897.8922435,60.098906159013964,232.32461714999997,570.4477321735394,335.5711500620538,0.0,0.0,106.27351875000001,382.7286960666457,0.0,0.0,68.85,3189.958169471281
t400,90.03623218725862,397.4934026901086,45.10615920000001,897.8922435,0.0,232.32461714999997,907.4173177151091,365.6323798063043,150.61923760985002,0.0,106.27351875000001,458.3836524849042,0.0,0.0,68.85,3720.0287610935356
t401,207.56114150902383,271.46250906034476,45.10615920000001,897.8922435,0.0,232.32461714999997,948.48,486.55735540747446,515.546052,0.0,79.97738005342477,775.3996619041451,0.0,0.0,68.85,4529.157119784413
t402,270.4613106986387,343.83689037476836,45.10615920000001,897.8922435,0.0,232.32461714999997,874.1046468592298,556.3874461954191,515.546052,295.17444878843685,41.802708432321225,930.7273338,0.0,88.85424585621645,68.85,5161.068102855031
t403,270.4613106986387,279.0115445808027,45.10615920000001,897.8922435,0.0,232.32461714999997,714.5724741865482,556.3874461954191,515.546052,329.152,20.459067341735423,930.7273338,0.0,85.64986262605355,68.85,4946.140111279198
t404,270.4613106986387,364.8891701060045,45.10615920000001,897.8922435,0.0,232.32461714999997,948.48,556.3874461954191,515.546052,39.82116016831366,5.205588123679161,930.7273338,0.0,128.0009859,68.85,5003.692066842056
t405,270.4613106986387,197.29815281329624,45.10615920000001,897.8922435,0.0,232.32461714999997,948.48,556.3874461954191,515.546052,0.0,0.0,930.7273338,0.0,122.25239128006207,68.85,4785.325706637417
t406,270.4613106986387,297.3711615568061,45.10615920000001,897.8922435,0.0,232.32461714999997,948.48,556.3874461954191,515.546052,55.623112522147686,8.816873292895558,930.7273338,58.74567066080989,128.0009859,68.85,5014.332966476718
t407,270.4613106986387,229.84654989060294,45.10615920000001,897.8922435,0.0,232.32461714999997,948.48,556.3874461954191,515.546052,223.57391062587064,15.248349376139068,930.7273338,196.83038869210003,128.0009859,68.85,5259.275347028772
t408,270.4613106986387,236.4878164512004,45.10615920000001,897.8922435,0.0,232.32461714999997,948.48,556.3874461954191,515.546052,208.417999560121,2.3893586754112985,930.7273338,150.7265565701892,128.0009859,68.85,5191.79787970098
t409,270.4613106986387,81.41046188017965,45.10615920000001,625.7545998173001,87.6946374,0.0,202.99250782615664,0.0,515.546052,329.152,0.0,879.0127300164972,227.749851,128.0009859,0.0,3392.8812957387727
t410,270.4613106986387,114.45197957391159,45.10615920000001,662.4981081281637,87.6946374,0.0,362.73666088766373,0.0,515.546052,329.152,4.3974107673882274,930.7273338,227.749851,128.0009859,0.0,3678.522489355766
t411,270.4613106986387,314.12165061118054,45.10615920000001,681.3219265576851,87.6946374,0.0,706.9581919410656,0.0,515.546052,0.0,2.840970810532126,643.5874056312479,227.749851,128.0009859,0.0,3623.38914175035
t412,270.4613106986387,362.08732624046064,45.10615920000001,667.1926746458596,87.6946374,0.0,699.5975246084496,0.0,515.546052,0.0,14.419068796313226,424.944037884123,227.749851,128.0009859,0.0,3442.7996283738453
t413,270.4613106986387,420.21014692362286,45.10615920000001,661.1182925244469,87.6946374,0.0,399.7939808218755,0.0,515.546052,329.152,13.077108276993966,360.5884082563489,227.749851,128.0009859,0.0,3458.498933001927
t414,270.4613106986387,520.28839225,45.10615920000001,690.2713228808183,87.6946374,0.0,794.3301052676751,0.0,515.546052,100.15903477308834,22.771802439746875,583.8312270061429,227.749851,128.0009859,0.0,3986.2108808161106
t415,270.4613106986387,512.9678813817325,45.10615920000001,671.3655070301998,87.6946374,0.0,600.3338562841857,0.0,515.546052,93.1896355457918,15.592895003282079,404.52931787976803,227.749851,128.0009859,0.0,3572.538089323599
t416,270.4613106986387,520.28839225,45.10615920000001,480.2315693026542,0.0,0.0,623.459827384932,0.0,439.02855632290726,0.0,0.0,930.7273338,107.74782555224988,128.0009859,0.0,3545.0519604113824
t417,270.4613106986387,520.28839225,45.10615920000001,768.4446381759261,0.0,0.0,301.61332411310735,0.0,18.315066727600765,0.0,11.10724571226737,930.7273338,183.0568675863956,128.0009859,0.0,3177.121324163936
t418,270.4613106986387,263.0824807304912,45.10615920000001,503.28337983460966,0.0,0.0,324.7645994290577,0.0,116.79421282227081,0.0,14.455845924089413,930.7273338,83.69622259582107,128.0009859,0.0,2680.3725309349784
t419,270.4613106986387,247.68495008184436,45.10615920000001,386.74553034284133,0.0,0.0,338.4024356714825,0.0,87.620630820476,0.0,18.715922907079367,930.7273338,86.05931851685374,128.0009859,0.0,2539.524577939216
t420,270.4613106986387,321.08505600029605,45.10615920000001,222.49175532690876,0.0,78.3169813895093,770.842291842205,0.0,0.0,0.0,47.38331633237703,930.7273338,0.0,62.782858124616276,0.0,2749.197062714551
t421,270.4613106986387,436.83270002549125,45.10615920000001,166.56125867009914,0.0,126.59369087385652,948.48,0.0,0.0,0.0,75.30266657446202,930.7273338,0.0,2.9311648544177946,0.0,3002.996284696965
t422,270.4613106986387,269.25292459700205,45.10615920000001,108.67400070278636,0.0,71.62784478476877,948.48,0.0,0.0,0.0,66.54594228321169,930.7273338,0.0,12.113440005743717,0.0,2722.9889560721513
t423,139.32969802003012,287.72068389252485,45.10615920000001,366.9009724391477,0.0,0.0,948.48,0.0,6.53328769611087,0.0,87.76397311265623,930.7273338,91.84437024570673,128.0009859,0.0,3032.4074643061763
t424,193.5702912388122,12.741519933565494,45.10615920000001,323.76909270113714,0.0,0.0,948.48,0.0,515.546052,0.0,52.90789952831022,800.1978371979296,158.1181412972816,128.0009859,0.0,3178.4379789970367
t425,270.4613106986387,278.98557953987,45.10615920000001,605.437118572093,87.6946374,0.0,948.48,138.77946122781051,515.546052,329.152,25.877846363293457,704.8714369108885,227.749851,128.0009859,0.0,4306.142438812594
t426,270.4613106986387,351.74962195810633,45.10615920000001,804.3011875610352,87.6946374,0.0,948.48,218.10289863727152,515.546052,329.152,31.99954391181653,843.3934931733654,227.749851,128.0009859,0.0,4801.737741440234
t427,248.07014916216076,298.2245067458509,45.10615920000001,724.5856322688107,87.6946374,0.0,948.48,326.7499695489291,515.546052,329.152,0.0,733.7804696434162,227.749851,128.0009859,0.0,4613.140412869167
t428,270.4613106986387,294.73270737264386,45.10615920000001,684.9073000328327,87.6946374,0.0,948.48,308.91904583785634,515.546052,329.152,14.884508637175113,639.4614918546473,227.749851,128.0009859,0.0,4495.096049933794
t429,132.45741118474652,293.4470687269622,45.10615920000001,651.4852928127038,87.6946374,0.0,948.48,119.26870497310128,515.546052,329.152,63.446043946775305,780.290741625909,227.749851,128.0009859,0.0,4322.124948770198
t430,270.4613106986387,172.22699926677367,45.10615920000001,622.8494313689766,87.6946374,0.0,948.48,303.64506047407065,515.546052,329.152,25.4064092629579,696.5522675058186,227.749851,128.0009859,0.0,4372.871164077236
t431,270.4613106986387,311.59879228606974,45.10615920000001,625.4247925840048,87.6946374,0.0,948.48,315.46999320132005,515.546052,329.152,23.72879638247821,646.5524503573782,227.749851,128.0009859,0.0,4474.96582100989
t432,35.40557123672504,327.61432672016537,45.10615920000001,464.9739183914393,87.6946374,0.0,948.48,0.0,515.546052,329.152,93.33812178757822,859.602938103336,227.749851,128.0009859,0.0,4062.664561739244
t433,254.29445673918332,443.39900904714546,45.10615920000001,897.8922435,87.6946374,0.0,948.48,0.0,515.546052,105.8412648087099,0.0,550.3422434096976,227.749851,128.0009859,0.0,4204.346903004736
t434,225.17535171933645,492.4443880243105,45.10615920000001,897.8922435,87.6946374,0.0,948.48,0.0,515.546052,0.0,52.58262722759596,718.2501731732625,227.749851,128.0009859,0.0,4338.922469144505
t435,160.09185246500894,520.28839225,45.10615920000001,897.8922435,0.0,0.0,948.48,0.0,515.546052,0.0,76.7638996162363,910.3010247234623,156.59015579069649,128.0009859,0.0,4359.060765445404
t436,230.62476281923014,517.2281341882099,45.10615920000001,897.8922435,0.0,0.0,948.48,0.0,515.546052,116.44802631504771,48.351040253986646,930.7273338,136.40559157374486,128.0009859,0.0,4514.810329550219
t437,204.18417998582035,520.28839225,45.10615920000001,897.8922435,0.0,0.0,948.48,0.0,515.546052,253.5931414732324,51.73228310334437,930.7273338,159.47283315137815,128.0009859,0.0,4655.023604363775
t438,270.4613106986387,520.28839225,45.10615920000001,897.8922435,0.0,0.0,948.48,0.0,515.546052,150.58915155227044,17.88894800491975,930.7273338,155.2955582646031,128.0009859,0.0,4580.276135170432
t439,259.5120646314503,520.28839225,45.10615920000001,877.4244004950116,0.0,0.0,948.48,0.0,515.546052,0.0,23.324623026398253,930.7273338,149.54249395682626,128.0009859,0.0,4397.952505259686
t440,254.96087917185267,520.28839225,45.10615920000001,738.5638447197817,87.6946374,0.0,948.48,0.0,515.546052,0.0,39.79160353480254,930.7273338,227.749851,128.0009859,0.0,4436.9097389764365
t441,200.72256107990393,520.28839225,45.10615920000001,810.0455434201202,87.6946374,0.0,948.48,0.0,165.21319837522665,0.0,62.65453516039485,930.7273338,227.749851,128.0009859,0.0,4126.683197585646
t442,270.4613106986387,288.1315979788196,45.10615920000001,705.9301723798127,0.0,0.0,675.1716841343009,0.0,37.99149165488835,0.0,30.849064558256888,930.7273338,201.43135655889458,128.0009859,0.0,3313.8011568636116
t443,270.4613106986387,270.1533813032997,45.10615920000001,591.7364629396076,0.0,114.08446533820882,673.90661122506,0.0,0.0,0.0,25.998945507305546,930.7273338,166.05003585632454,128.0009859,0.0,3216.225691768445
t444,270.4613106986387,410.54887267582666,45.10615920000001,636.7101169755528,0.0,0.0,948.48,0.0,0.0,0.0,29.279959631983484,930.7273338,111.79803266694272,128.0009859,0.0,3511.1127715489442
t445,100.84619005790329,520.28839225,45.10615920000001,831.8480162340165,0.0,0.0,948.48,0.0,0.0,0.0,84.90520090357258,930.7273338,210.11290963166869,128.0009859,0.0,3800.3151879771613
t446,219.49374069391646,410.656862248418,45.10615920000001,897.8922435,0.0,0.0,948.48,0.0,0.0,0.0,56.39686098595458,930.7273338,174.41524325709972,128.0009859,0.0,3811.1694295853886
t447,182.2793520029602,313.6061832353985,45.10615920000001,897.8922435,18.051462410557445,0.0,948.48,0.0,0.0,0.0,64.64412720402204,930.7273338,227.749851,128.0009859,0.0,3756.537698252938
t448,229.8635222282776,154.20998752721508,45.10615920000001,897.8922435,87.6946374,87.23867013572976,948.48,0.0,515.546052,161.3164731433353,30.805492001619413,930.7273338,227.749851,128.0009859,0.0,4444.631407836177
t449,270.4613106986387,278.52961763322713,45.10615920000001,897.8922435,87.6946374,138.70246645082787,948.48,0.0,515.546052,329.152,17.487973909023435,930.7273338,227.749851,128.0009859,0.0,4815.530631491717
t450,270.4613106986387,346.63607163557003,45.10615920000001,897.8922435,87.6946374,156.05223389769372,948.48,0.0,515.546052,329.152,23.85075476558352,930.7273338,227.749851,128.0009859,0.0,4907.349633797486
t451,255.92642914942067,312.3013098254415,45.10615920000001,897.8922435,87.6946374,192.23383552312592,948.48,0.0,515.546052,329.152,22.49971795438716,930.7273338,227.749851,128.0009859,0.0,4893.310555252375
t452,270.4613106986387,356.9904752369993,45.10615920000001,897.8922435,87.6946374,138.05318175331226,948.48,0.0,515.546052,329.152,18.08326258844279,930.7273338,227.749851,128.0009859,0.0,4893.937493077393
t453,270.4613106986387,365.62618061201823,45.10615920000001,897.8922435,87.6946374,42.5352730443063,948.48,39.04927820885042,515.546052,329.152,20.388798796898126,930.7273338,227.749851,128.0009859,0.0,4848.410104160712
t454,270.4613106986387,315.8246730791723,45.10615920000001,897.8922435,87.6946374,0.0,948.48,69.81941978950854,515.546052,329.152,29.723082812959042,930.7273338,227.749851,128.0009859,0.0,4796.177749180279
t455,270.4613106986387,281.8256765646095,45.10615920000001,897.8922435,74.80088991186221,78.20112524303701,948.48,0.0,515.546052,329.152,26.2177660905527,930.7273338,227.749851,128.0009859,0.0,4754.1613939087
t456,270.4613106986387,387.6232692374082,45.10615920000001,897.8922435,83.15229769089363,0.0,948.48,44.147072798450196,515.546052,329.152,27.05068062855878,930.7273338,227.749851,128.0009859,0.0,4835.089256453949
t457,270.4613106986387,0.0,0.0,817.650784245044,87.6946374,0.0,0.0,382.06215317103937,281.25760527675664,0.0,93.0499883801228,914.810594743744,227.749851,46.202204171939265,0.0,3120.939129087285
t458,270.4613106986387,0.0,0.0,671.2872270738525,87.6946374,0.0,0.0,448.6132466103994,258.3764318674403,0.0,106.27351875000001,507.0243001157489,227.749851,47.0037086381478,0.0,2624.4842321542274
t459,270.4613106986387,0.0,0.0,642.9117750855793,87.6946374,0.0,0.0,444.0884385159473,14.234819860718446,0.0,103.27474200320377,618.9841973933428,227.749851,0.0,0.0,2409.3997719574304
t460,227.87989746605504,0.0,0.0,590.769197635848,0.0,0.0,0.0,452.21529181610487,213.5056977981431,0.0,106.27351875000001,478.0090284048861,227.749851,0.0,0.0,2296.402482871037
t461,166.35530201607526,0.0,0.0,561.7383114711732,0.0,0.0,0.0,434.9008897943605,84.13689990918108,0.0,106.27351875000001,835.7850139502347,156.7617180803268,0.0,0.0,2345.9516539713513
t462,125.69513800194898,0.0,0.0,573.1878439025749,0.0,0.0,0.0,486.07143425935027,120.65573580011817,0.0,106.27351875000001,603.2395679930086,154.71822935955208,0.0,0.0,2169.841468066553
t463,112.34489667401687,0.0,0.0,572.6730400517787,0.0,0.0,0.0,362.56521238380935,178.80418433879618,0.0,104.56636718272063,885.7462876561743,0.0,0.0,0.0,2216.699988287296
t464,196.04680657954876,145.46406177662524,45.10615920000001,837.4479542605544,0.0,232.32461714999997,0.0,19.015766028594633,447.96813654791157,0.0,106.27351875000001,930.7273338,112.47271546876287,0.0,68.85,3141.6970695619975
t465,198.18488019783743,186.98139852629484,45.10615920000001,897.8922435,0.0,0.0,0.0,270.7506765818875,470.53204017733947,0.0,106.27351875000001,930.7273338,12.577715542452582,0.0,0.0,3119.0259662758117
t466,204.91819786499755,217.40820949553745,45.10615920000001,800.3227926421997,0.0,0.0,0.0,502.5283877536124,0.0,0.0,106.27351875000001,930.7273338,0.0,0.0,0.0,2807.284599506347
t467,206.32892493349644,123.53886551567916,45.10615920000001,719.436493411507,0.0,0.0,0.0,414.71523861721425,0.0,0.0,106.27351875000001,673.0404970869911,0.0,0.0,0.0,2288.439697514888
t468,270.4613106986387,97.13832386727708,45.10615920000001,805.003791183299,0.0,0.0,0.0,167.24680283134825,92.04686476048413,0.0,77.00617385718927,711.9052846231494,0.0,0.0,0.0,2265.9147110213858
t469,270.4613106986387,0.0,45.10615920000001,658.9910415507003,0.0,0.0,0.0,304.4357538690859,429.7213460189902,0.0,32.215693505152615,820.3068314966594,0.0,0.0,0.0,2561.238136339227
t470,270.4613106986387,0.0,45.10615920000001,759.2082662786516,0.0,0.0,0.0,361.2721237766084,287.2736342284514,0.0,0.0,865.1949807228591,84.01769716486811,15.218180731337434,0.0,2687.7523528014144
t471,270.4613106986387,0.0,0.0,897.8922435,87.6946374,0.0,0.0,535.3470354641155,292.0252643212565,212.90476277213907,14.60379899904368,481.51504503294103,227.749851,94.17735959479347,0.0,3114.371308782928
t472,270.4613106986387,0.0,45.10615920000001,897.8922435,87.6946374,0.0,234.5425416665254,512.1317197049782,515.546052,329.152,40.832776998453795,556.2269040204957,227.749851,128.0009859,55.361892277362315,3900.699074366454
t473,270.4613106986387,98.15931336554729,45.10615920000001,897.8922435,87.6946374,0.0,397.71434794616596,556.387446195419,515.546052,329.152,40.257673628582744,626.1320550420794,227.749851,128.0009859,3.45819455814959,4223.712270434582
t474,270.4613106986387,236.66968567251345,45.10615920000001,897.8922435,87.6946374,55.33717882117218,536.5463923082688,556.3874461954191,515.546052,329.152,3.1359938065463826,930.7273338,227.749851,128.0009859,68.85,4889.257270302559
t475,270.4613106986387,290.7418599250576,45.10615920000001,897.8922435,87.6946374,0.0,584.0461014057103,556.3874461954191,515.546052,329.152,0.6994293900052405,930.7273338,227.749851,128.0009859,32.659915700535954,4896.865326115367
t476,270.4613106986387,273.6701562961089,45.10615920000001,897.8922435,87.6946374,0.0,553.2159871502404,556.3874461954191,515.546052,329.152,0.0,930.7273338,227.749851,128.0009859,16.95757610007709,4832.561739240484
t477,270.4613106986387,228.55337067677294,45.10615920000001,897.8922435,87.6946374,0.0,528.0281167852909,556.3874461954191,515.546052,329.152,3.401767856407541,930.7273338,227.749851,128.0009859,54.00489969847027,4802.706174711
t478,270.4613106986387,172.56404441099144,45.10615920000001,897.8922435,87.6946374,0.0,535.7457258030483,556.3874461954191,515.546052,329.152,7.020428501484683,930.7273338,227.749851,128.0009859,61.36813253186777,4765.41635094145
t479,270.4613106986387,162.20523381414,45.10615920000001,897.8922435,87.6946374,0.0,573.553319656582,556.3874461954191,515.546052,329.152,5.043270105891416,930.7273338,227.749851,128.0009859,48.02959999993355,4777.549443270605
t480,270.4613106986387,91.17234619111166,45.10615920000001,897.8922435,87.6946374,7.113541311803359,416.5722650024481,556.3874461954191,515.546052,329.152,3.554208303080419,930.7273338,227.749851,128.0009859,68.85,4575.980380502501
t481,270.4613106986387,0.0,45.10615920000001,897.8922435,87.6946374,0.0,783.1576376496931,468.3675613705652,515.546052,329.152,0.0,104.54547234255567,227.749851,50.754804608532616,0.0,3780.427729769985
t482,270.4613106986387,0.0,45.10615920000001,897.8922435,23.164946625126326,0.0,238.83298503495942,359.0217594015588,515.546052,329.152,11.986347545148593,123.14803603091522,227.749851,0.0,0.0,3042.061691036347
t483,270.4613106986387,0.0,45.10615920000001,897.8922435,0.0,0.0,306.81733251389625,364.91975567349135,515.546052,329.152,29.317340982774695,320.3518807999091,227.749851,0.0,0.0,3307.31392636871
t484,270.4613106986387,180.50882649935747,45.10615920000001,897.8922435,0.0,0.0,227.79574071435943,294.80535222608023,515.546052,329.152,45.27864491391562,0.0,136.74482288943508,0.0,0.0,2943.2911526417865
t485,270.4613106986387,70.34425697813244,45.10615920000001,897.8922435,0.0,0.0,0.0,402.8746025962743,515.546052,329.152,74.34772188624126,123.75997880366913,144.2101810636269,0.0,0.0,2873.694506726583
t486,270.4613106986387,289.1517031016217,45.10615920000001,897.8922435,0.0,0.0,308.72848653235906,340.86999201262387,515.546052,329.152,73.77809110086712,209.33681034015348,0.0,0.0,0.0,3280.022848486264
t487,270.4613106986387,400.1890511864616,45.10615920000001,897.8922435,0.0,0.0,141.33574654461208,478.0385384608048,515.546052,329.152,76.3965184502145,178.64475046772512,70.5787908809803,0.0,0.0,3403.3411613894373
t488,270.4613106986387,285.7095863344462,45.10615920000001,897.8922435,0.0,0.0,0.0,63.39021113852336,515.546052,310.2883985398114,65.6112943566987,174.21214790736323,208.44371871053912,0.0,0.0,2836.6611223860205
t489,164.3859982509755,191.99663151091184,45.10615920000001,861.4917487348712,0.0,0.0,0.0,0.0,0.0,0.0,8.596218784537937,487.21597707826294,0.0,0.0,0.0,1758.7927335595593
t490,0.0,0.0,0.0,538.9063443989934,0.0,179.53210952673447,0.0,0.0,93.13969535988022,0.0,66.4423833144002,273.05292855837877,0.0,0.0,68.85,1219.923461158387
t491,0.0,0.0,0.0,617.1160426856787,0.0,48.36145515078084,0.0,0.0,241.9717566224161,0.0,80.09980495231466,796.7770727816913,0.0,0.0,0.0,1784.3261321928817
t492,0.0,107.74715732886219,0.0,708.1673053184882,0.0,0.0,0.0,0.0,101.17897874758732,0.0,73.97249900222289,396.4630463270736,0.0,0.0,0.0,1387.528986724234
t493,0.0,46.87621849603661,0.0,796.4282411918035,0.0,0.0,0.0,0.0,52.09663716248464,0.0,78.9566805049707,520.022857929717,0.0,0.0,0.0,1494.3806352850124
t494,0.0,45.29203048627274,0.0,755.7249840839368,0.0,0.0,120.71668427286787,0.0,175.20551072311653,0.0,79.11644071973085,418.52061638630073,0.0,0.0,0.0,1594.5762666722258
t495,0.0,0.0,0.0,668.0086989544197,0.0,0.0,557.5930166047474,0.0,323.8896797865178,0.0,84.34317542949033,434.74953761287185,0.0,0.0,0.0,2068.5841083880473
t496,0.0,141.80216999811623,0.0,557.9166033732195,0.0,0.0,804.904264164789,0.0,71.35187720422593,0.0,96.37733162124174,476.512238119691,0.0,0.0,0.0,2148.8644844812834
t497,141.05028691263826,0.0,45.10615920000001,897.8922435,0.0,0.0,948.48,0.0,253.62403219787458,43.802880121755585,0.0,89.22591156692526,92.05825327280337,98.03985413131822,0.0,2609.2796209033154
t498,66.8435993539246,151.29614413056728,45.10615920000001,897.8922435,0.0,134.73813673316022,948.48,0.0,515.546052,309.5350673267412,75.68097887547863,429.63564961267343,0.0,0.0,0.0,3574.7540307325453
t499,180.9507968717284,120.70204388628768,45.10615920000001,897.8922435,0.0,139.0784959803345,948.48,0.0,515.546052,319.21632228799206,38.34552752769558,196.5419991478059,0.0,0.0,0.0,3401.8596404018444
t500,184.12593896680858,104.21536343403885,45.10615920000001,897.8922435,0.0,0.0,948.48,94.88217466475382,515.546052,329.152,37.49079386732967,0.0,0.0,0.0,0.0,3156.8907256329308
t501,55.360976050951706,39.1049019799252,45.10615920000001,897.8922435,0.0,0.0,648.1220718488986,67.64951009942783,515.546052,329.152,90.03569090443186,0.0,0.0,0.0,0.0,2687.969605583635
t502,34.0813140715545,0.0,45.10615920000001,897.8922435,2.2689859570520827,0.0,783.4128129829525,0.0,515.546052,291.6416619872603,106.27351875000001,0.0,0.0,0.0,0.0,2676.2227484488194
t503,18.956121076111685,0.0,45.10615920000001,884.7636301428253,87.6946374,0.0,586.4920918360529,0.0,515.546052,329.152,106.27351875000001,0.0,61.82587332602783,0.0,0.0,2635.8100837310176
t504,9.691750650424591,62.096247934161234,45.10615920000001,897.8922435,87.6946374,0.0,252.5034043249377,0.0,515.546052,329.152,106.27351875000001,0.0,19.81229160145524,0.0,0.0,2325.768305360979
t505,17.0241306889164,0.0,45.10615920000001,313.26468946740783,87.6946374,232.32461714999997,948.48,0.0,515.546052,0.0,106.27351875000001,161.28949612860907,227.749851,0.0,68.85,2723.6031517849337
t506,23.22194124413451,0.0,45.10615920000001,253.9898561367144,87.6946374,232.32461714999997,873.2532942554965,0.0,515.546052,0.0,106.27351875000001,42.350493446926514,227.749851,0.0,68.85,2476.360420583272
t507,38.943453661717264,0.0,45.10615920000001,191.34385222459693,87.6946374,232.32461714999997,800.2559051241268,0.0,515.546052,0.0,106.27351875000001,0.0,227.749851,0.0,68.85,2314.088046510441
t508,60.65600882203354,0.0,45.10615920000001,169.18927929297965,87.6946374,232.32461714999997,817.2165641340217,0.0,515.546052,0.0,106.27351875000001,85.25313841881267,227.749851,0.0,68.85,2415.8598261678476
t509,78.27229380033488,0.0,45.10615920000001,163.90113702526577,87.6946374,232.32461714999997,828.4680051290435,0.0,515.546052,0.0,106.27351875000001,74.07526067794355,227.749851,0.0,68.85,2428.261532132588
t510,81.45615913798504,45.88280599954771,45.10615920000001,206.83536212405437,87.6946374,232.32461714999997,705.6261264446521,0.0,515.546052,0.0,106.27351875000001,18.92931236266741,227.749851,0.0,68.85,2342.2746015689067
t511,78.00077489190546,191.22866573605896,45.10615920000001,309.02394046910405,87.6946374,232.32461714999997,862.0462547102281,0.0,515.546052,0.0,106.27351875000001,0.0,194.45710845635278,0.0,68.85,2690.5517287636494
t512,0.0,520.28839225,45.10615920000001,591.9796635815637,87.6946374,232.32461714999997,592.3541735023698,0.0,417.81448969377084,0.0,106.27351875000001,0.0,93.76321447148644,0.8111770813968409,2.8048890385286827,2691.214932119116
t513,56.950405850423685,102.65247235968548,45.10615920000001,376.4570786126112,87.6946374,232.32461714999997,192.0633489545517,0.0,0.0,231.9109376002204,106.27351875000001,0.0,99.6135981478365,0.0,68.85,1599.896774025329
t514,0.0,114.59215615364724,45.10615920000001,235.94461228185563,87.6946374,232.32461714999997,202.29715790152224,0.0,515.546052,329.152,106.27351875000001,0.0,227.749851,58.59126893555255,68.85,2224.1220307725775
t515,0.0,0.0,0.0,210.0775754424359,87.6946374,232.32461714999997,207.00129530091635,0.0,413.5548430674819,329.152,106.27351875000001,0.0,217.95087311822172,11.29422694379629,68.85,1884.1735871728522
t516,47.057314205286794,0.0,0.0,263.4490218168859,87.6946374,232.32461714999997,425.287300079975,0.0,342.22070854866735,329.152,106.27351875000001,5.6131360808429225,227.749851,0.0,68.85,2135.672105031658
t517,100.84606870303527,0.0,41.66560747528866,165.59703636419474,87.6946374,232.32461714999997,493.5302626464049,0.0,190.61212881560607,329.152,106.27351875000001,61.758888948894054,227.749851,0.0,68.85,2106.0546172534237
t518,102.57480378890769,0.0,0.0,248.73367382034272,87.6946374,214.87060797846928,553.3051360024058,0.0,276.9082033390359,0.0,106.27351875000001,0.0,215.19109163657134,0.0,0.0,1805.5516727157328
t519,120.16472466693655,170.08226178639654,0.0,525.6418245106814,87.6946374,0.0,543.0442936621962,0.0,0.0,0.0,106.27351875000001,0.0,141.34570166518952,0.0,0.0,1694.2469624414005
t520,133.22653930580043,85.89677530784512,0.0,696.699431544837,87.6946374,0.0,948.48,0.0,0.0,0.0,75.80939818537666,182.55781850332474,81.46831932292,0.0,0.0,2291.832919570104
t521,27.633919851252713,0.0,0.0,893.552468396818,0.0,0.0,948.48,278.5067304004645,350.676496366678,174.69555058396693,7.655032150666852,0.0,0.0,0.0,0.0,2681.200197749847
t522,0.0,25.551187927092453,45.10615920000001,897.8922435,0.0,0.0,948.48,194.5940452756556,515.546052,329.152,3.338193687491817,20.9970428572945,176.04918015506345,0.0,0.0,3156.706104602598
t523,0.0,38.831728885417505,45.10615920000001,897.8922435,0.0,0.0,948.48,234.10103661559532,515.546052,329.152,0.2104433587155834,434.15147971149963,102.50229318810482,0.0,0.0,3545.973436459333
t524,0.0,75.07013133298605,45.10615920000001,897.8922435,0.0,0.0,948.48,202.1853596060346,515.546052,329.152,0.0,466.33821647482813,110.3714359286533,0.023779716284858154,0.0,3590.165377758787
t525,0.0,56.46203975319199,45.10615920000001,897.8922435,0.0,0.0,948.48,147.21678822602934,515.546052,329.152,28.91143897953379,682.0099229250874,146.00659835030467,0.0,0.0,3796.783242934147
t526,0.0,92.40382573346658,45.10615920000001,897.8922435,0.0,0.0,948.48,235.5132698111056,515.546052,329.152,44.61889631065321,800.9587656306446,13.176058960097336,0.0,0.0,3922.847271145967
t527,0.0,65.1884534579258,45.10615920000001,897.8922435,0.0,0.0,948.48,79.3026528522984,515.546052,329.152,67.24406668154066,930.7273338,136.66660567024883,0.0,0.0,4015.3055671620136
t528,0.0,124.56844114950277,45.10615920000001,897.8922435,0.0,0.0,948.48,47.155865222471235,515.546052,329.152,77.28506253867816,623.5425701383849,181.9466127094192,0.0,0.0,3790.6750064584567
t529,141.78854214077703,267.23643625655734,45.10615920000001,897.8922435,87.6946374,232.32461714999997,948.48,494.482486831589,515.546052,329.152,106.27351875000001,930.7273338,227.749851,0.0,65.1522807615097,5289.606158790433
t530,146.27787521187742,452.91456295582003,45.10615920000001,897.8922435,87.6946374,232.32461714999997,948.48,395.6678522345294,515.546052,300.4043056162049,106.27351875000001,930.7273338,227.749851,0.0,68.85,5355.909008818432
t531,164.4070257471726,478.9755394995908,45.10615920000001,897.8922435,87.6946374,232.32461714999997,948.48,338.19749369068916,515.546052,163.99935443324242,106.27351875000001,930.7273338,227.749851,0.0,68.85,5206.223826170694
t532,176.06858601395123,366.9243242080097,45.10615920000001,897.8922435,87.6946374,232.32461714999997,948.48,166.72599740689614,515.546052,23.766098857251286,106.27351875000001,930.7273338,227.749851,0.0,68.85,4794.129419286109
t533,198.82600617039938,471.27893793394895,45.10615920000001,897.8922435,87.6946374,232.32461714999997,948.48,121.6491325845456,477.04639035880274,0.0,106.27351875000001,930.7273338,227.749851,0.0,68.85,4813.898827847696
t534,270.46131069863867,467.1951777182984,45.10615920000001,897.8922435,87.6946374,232.32461714999997,948.48,169.20905208533037,482.47540350722187,0.0,106.27351875000001,930.7273338,227.749851,0.0,68.85,4934.439304809489
t535,270.4613106986387,520.28839225,45.10615920000001,897.8922435,87.6946374,232.32461714999997,948.48,289.8336941781816,515.546052,0.5564587348344855,106.27351875000001,930.7273338,227.749851,31.874209483003355,68.85,5173.658478144658
t536,270.4613106986387,520.28839225,45.10615920000001,897.8922435,87.6946374,174.91321843171116,774.4193218131899,167.99497314995781,515.546052,0.0,83.29778450706532,930.7273338,227.749851,128.0009859,0.0,4824.092263650563
t537,270.4613106986387,162.52418506077944,45.10615920000001,897.8922435,87.6946374,0.0,423.86169423635437,0.0,515.546052,0.0,86.8884916099515,930.7273338,227.749851,128.0009859,0.0,3776.452944405724
t538,270.4613106986387,39.52657402656843,0.0,858.3680527153028,87.6946374,0.0,229.40059536734574,0.0,11.223924718636225,0.0,82.0354431406425,930.7273338,227.749851,128.0009859,0.0,2865.1887087671344
t539,270.4613106986387,66.1409809305878,0.0,819.3269243156988,87.6946374,0.0,150.50391747343525,0.0,0.0,85.0549927746998,105.83298446858323,930.7273338,227.749851,128.0009859,0.0,2871.4939187616433
t540,270.4613106986387,0.0,45.10615920000001,897.8922435,46.193680031484114,0.0,297.31426783629,0.0,91.89784800267816,0.0,66.27195314171298,930.7273338,227.749851,0.0,0.0,2873.6146472108035
t541,270.4613106986387,34.92736103618124,45.10615920000001,897.8922435,7.404023743053566,0.0,336.5981167187128,0.0,133.0690291970802,0.0,75.22273558674037,930.7273338,227.749851,0.0,0.0,2959.158164480407
t542,244.33636963228713,0.0,45.10615920000001,897.8922435,0.0,0.0,561.5333154859117,0.0,83.3928554792864,0.0,90.59396030917748,930.7273338,227.749851,0.0,0.0,3081.332088406663
t543,244.10053928637387,0.0,45.10615920000001,897.8922435,40.793555192792084,0.0,800.8904860138585,0.0,137.19197870494486,35.93490312372178,106.27351875000001,930.7273338,227.749851,0.0,0.0,3466.6605685716913
t544,177.3638880803893,75.0769013748598,45.10615920000001,897.8922435,87.6946374,232.32461714999997,948.48,0.0,320.26571558718314,0.0,106.27351875000001,930.7273338,227.749851,41.746640762041885,68.85,4159.5515066044745
t545,248.08406819245812,231.9379255692954,45.10615920000001,897.8922435,87.6946374,232.32461714999997,948.48,88.25844080110522,324.1959809958627,0.0,106.27351875000001,930.7273338,227.749851,0.0,68.85,4437.5747763587215
t546,242.96873824964152,225.28354728884827,45.10615920000001,897.8922435,87.6946374,232.32461714999997,948.48,66.21312585875178,456.2335928436267,0.0,106.27351875000001,930.7273338,227.749851,0.0,68.85,4535.7973650408685
t547,213.4099547401573,493.01865715202223,45.10615920000001,897.8922435,87.6946374,232.32461714999997,948.48,25.33414292008103,515.546052,155.69148390964304,106.27351875000001,930.7273338,227.749851,0.0,68.85,4948.098651521904
t548,216.4419966874468,320.95723143599116,45.10615920000001,897.8922435,87.6946374,232.32461714999997,948.48,0.0,515.546052,329.152,106.27351875000001,930.7273338,227.749851,0.0,59.44253480424256,4917.78817572768
t549,197.4675150543848,371.7322494573858,45.10615920000001,897.8922435,87.6946374,158.76930270301884,948.48,55.16035564617507,515.546052,329.152,106.27351875000001,930.7273338,227.749851,0.0,0.0,4871.7512185109645
t550,174.6817248090858,336.05340809101205,45.10615920000001,897.8922435,87.6946374,0.0,948.48,190.43158414971856,515.546052,329.152,106.27351875000001,930.7273338,227.749851,0.0,0.0,4789.788512699816
t551,157.12155253153773,374.0231814909314,45.10615920000001,897.8922435,87.6946374,73.64914967687017,948.48,390.9104005241621,515.546052,329.152,106.27351875000001,930.7273338,227.749851,0.0,68.85,5153.176079873502
t552,133.7371868302062,345.2522737573231,45.10615920000001,897.8922435,87.6946374,135.046522952576,948.48,300.0779203565505,515.546052,329.152,106.27351875000001,930.7273338,227.749851,0.0,68.85,5071.5856995466565
t553,270.4613106986387,0.0,45.10615920000001,897.8922435,87.6946374,0.0,0.0,556.387446195419,515.546052,329.152,71.71238555266679,930.7273338,227.749851,128.0009859,0.0,4060.4304052467246
t554,270.4613106986387,0.0,45.10615920000001,897.8922435,87.6946374,0.0,0.0,556.387446195419,515.546052,329.152,106.27351875000001,930.7273338,227.749851,128.0009859,0.0,4094.991538444058
t555,270.4613106986387,0.0,45.10615920000001,897.8922435,87.6946374,159.3859208681847,0.0,556.3874461954191,515.546052,329.152,106.27351875000001,930.7273338,227.749851,79.68733137910966,68.85,4274.913804791352
t556,231.64428526315209,0.0,0.0,897.8922435,87.6946374,232.32461714999997,0.0,556.387446195419,515.546052,329.152,106.27351875000001,706.8441900684778,227.749851,0.0,68.85,3960.358841327049
t557,160.95935882555835,0.0,0.0,897.8922435,87.6946374,232.32461714999997,0.0,556.387446195419,515.546052,329.152,106.27351875000001,378.0628017378824,227.749851,0.0,68.85,3560.8925265588596
t558,156.5334193241888,43.32808513484153,45.10615920000001,897.8922435,87.6946374,0.0,335.47627965731624,556.3874461954191,515.546052,329.152,106.27351875000001,440.1351285832226,227.749851,47.622178522321285,0.0,3788.8969992673096
t559,64.41183460796444,25.1969922489883,0.0,405.154943820864,87.6946374,0.0,477.2134623416765,556.3874461954191,0.0,0.0,106.27351875000001,0.0,227.749851,0.0,0.0,1950.0826863649124
t560,74.4625298094925,477.41630727403185,0.0,156.70189766169756,0.0,0.0,948.48,556.3874461954191,0.0,0.0,106.27351875000001,0.0,188.10026368388125,0.0,0.0,2507.8219633745225
t561,89.0164833170546,520.28839225,0.0,35.366173079957285,0.0,0.0,948.48,556.3874461954191,0.0,0.0,106.27351875000001,0.0,92.9839204564028,0.0,0.0,2348.795934048834
t562,0.0,520.28839225,0.0,31.039719353141347,0.0,0.0,691.1604787257813,556.3874461954191,0.0,0.0,54.492934093874865,0.0,0.0,33.23632313879897,0.0,1886.605293757016
t563,0.0,520.28839225,4.373341162583541,0.0,0.0,0.0,696.7611466084841,556.3874461954191,274.0218902258418,0.0,18.774289496794296,0.0,0.0,84.33505633841635,0.0,2154.941562277539
t564,0.0,520.28839225,0.0,0.0,32.57676945948303,0.0,621.0769183600277,556.3874461954191,0.0,0.0,0.0,0.0,0.0,80.20521187150732,0.0,1810.5347381364372
t565,0.8046652443470091,520.28839225,0.0,0.0,45.34417389640495,0.0,416.0314972271454,556.3874461954191,0.0,0.0,0.0,0.0,0.0,0.0,0.0,1538.8561748133166
t566,44.43063347535987,520.28839225,0.0,42.60132459339269,48.22970992166472,0.0,16.325617485586125,556.3874461954191,0.0,0.0,0.0,0.0,0.0,0.0,0.0,1228.2631239214224
t567,185.9337995519713,520.28839225,8.072108483014848,0.0,0.0,0.0,0.0,530.5179227500728,71.01888866942089,0.0,60.982881493243354,0.0,0.0,0.0,0.0,1376.8139931977234
t568,270.4613106986387,520.28839225,0.0,0.0,0.0,0.0,0.0,354.16976970656435,0.0,0.0,93.59336651550018,0.0,38.82538895905877,0.0,0.0,1277.3382281297622
t569,264.06072506892576,520.28839225,0.0,156.92418977833492,10.532050175455257,0.0,0.0,288.70179709622,0.0,200.2395058215763,106.27351875000001,0.0,227.749851,0.0,0.0,1774.7700299405124
t570,263.2223393027666,464.20029139509813,0.0,554.3051799673198,87.6946374,0.0,0.0,390.4973925974043,109.74041505663122,329.152,106.27351875000001,0.0,227.749851,0.0,0.0,2532.8356254692203
t571,270.4613106986387,306.80582363906024,0.0,887.3889745968323,87.6946374,232.32461714999997,0.0,381.9412566857053,515.546052,329.152,106.27351875000001,0.0,227.749851,87.67041793467394,68.85,3501.858459854911
t572,270.4613106986387,0.0,0.0,897.8922435,87.6946374,232.32461714999997,0.0,388.80902044186945,515.546052,329.152,95.81719316549366,11.57861529949459,227.749851,128.0009859,68.85,3253.8765265554966
t573,270.4613106986387,201.78910191999825,0.0,897.8922435,87.6946374,232.32461714999997,0.0,556.387446195419,515.546052,329.152,69.53043523764329,173.122978084016,227.749851,128.0009859,68.85,3758.5016590857153
t574,270.4613106986387,87.47420563195627,0.0,897.8922435,87.6946374,232.32461714999997,0.0,556.387446195419,515.546052,329.152,67.83173716488459,516.0648851619392,227.749851,128.0009859,68.85,3985.429971802838
t575,270.4613106986387,293.5006200114675,0.0,897.8922435,87.6946374,232.32461714999997,0.0,556.387446195419,515.546052,329.152,76.01096342826582,345.3467295092775,227.749851,128.0009859,68.85,4028.917456793068
t576,270.4613106986387,273.2440348387839,8.880436188183701,897.8922435,87.6946374,232.32461714999997,0.0,556.387446195419,515.546052,329.152,72.89258303279863,385.10445290615024,227.749851,128.0009859,68.85,4054.180650809974
t577,270.4613106986387,134.1185765635366,45.10615920000001,897.8922435,0.0,0.0,815.9487829987496,100.52488988626689,515.546052,329.152,17.438188201362795,930.7273338,0.0,0.0,0.0,4056.915536848555
t578,270.4613106986387,224.0875974679306,45.10615920000001,897.8922435,0.0,0.0,632.1658377551738,8.337429354794471,515.546052,329.152,86.49466537005591,774.4134747095577,0.0,0.0,0.0,3783.6567700561513
t579,270.4613106986387,356.1631207809859,45.10615920000001,897.8922435,0.0,0.0,706.6373653563126,0.0,515.546052,329.152,101.19512344037011,800.2634451883874,0.0,0.0,0.0,4022.416820164695
t580,270.4613106986387,284.1524619433688,45.10615920000001,897.8922435,0.0,0.0,576.8262810204204,0.0,515.546052,329.152,88.76109661625834,930.7273338,31.38722879805915,0.0,0.0,3970.012167576746
t581,242.17047209225922,374.01793193837136,45.10615920000001,897.8922435,0.0,0.0,529.6493876202992,0.0,515.546052,329.152,106.27351875000001,852.8343179278576,117.80414095016394,0.0,0.0,4010.446223978952
t582,236.00167644687497,505.6750460878552,45.10615920000001,897.8922435,0.0,0.0,488.5670523862562,0.0,515.546052,329.152,106.27351875000001,930.7273338,113.98457887059259,0.0,0.0,4168.92566104158
t583,270.4613106986387,501.09562603163096,45.10615920000001,897.8922435,8.227739171444789,0.0,382.6132402614507,198.01337082911542,515.546052,232.98490204060968,106.27351875000001,930.7273338,227.749851,0.0,0.0,4316.69134728289
t584,270.4613106986387,380.0449869695475,45.10615920000001,897.8922435,30.13525004286661,0.0,0.0,556.3874461954191,136.60681602662595,0.0,73.59619699641397,930.7273338,227.749851,0.0,0.0,3548.707594429512
t585,270.4613106986387,77.28078503817385,45.10615920000001,442.95962347040796,0.0,0.0,143.1755921709578,556.3874461954191,3.195700649584557,0.0,83.427316439897,889.1262956308973,0.0,0.0,0.0,2511.1202294939762
t586,270.4613106986387,54.75689930194344,0.0,448.9733841108157,0.0,0.0,139.93597980916863,556.3874461954191,0.0,0.0,106.27351875000001,434.69604860670864,0.0,0.0,0.0,2011.4845874726943
t587,270.4613106986387,0.0,0.0,532.2968347966421,0.0,0.0,0.0,556.3874461954191,0.0,0.0,85.32782559826356,233.32925693435493,0.0,0.0,0.0,1677.8026742233183
t588,270.4613106986387,0.0,0.0,515.6661819194032,0.0,0.0,71.73540056668885,556.3874461954191,0.0,0.0,94.88524117621496,89.49093635665517,0.0,0.0,0.0,1598.62651691302
t589,270.4613106986387,0.0,0.0,592.6867160677501,0.0,0.0,46.072208192245775,556.3874461954191,0.0,0.0,73.38410666949024,140.99093251619632,0.0,0.0,0.0,1679.9827203397404
t590,270.4613106986387,26.309200643755915,0.0,799.6196488340333,0.0,0.0,0.0,503.25591728321103,0.0,0.0,31.5597416283971,289.4345144866263,0.0,0.0,0.0,1920.6403335746625
t591,270.4613106986387,0.0,45.10615920000001,897.8922435,0.0,0.0,0.0,304.5556800192733,61.01257513459032,107.49410225389754,8.592193450558199,284.7944912091174,0.0,0.0,0.0,1979.9087554660755
t592,270.4613106986387,231.07961705996075,36.057054726585534,897.8922435,0.0,0.0,35.10823246896675,0.0,515.546052,329.152,68.36713567992102,0.0,59.17281259388537,0.0,0.0,2442.836458727958
t593,255.3043036954325,0.0,45.10615920000001,897.8922435,0.0,0.0,185.67678474642167,0.0,515.546052,329.152,106.27351875000001,0.0,168.0663035445214,0.0,0.0,2503.0173654363757
t594,270.4613106986387,115.75633510093972,45.10615920000001,897.8922435,0.0,0.0,508.16211649514344,0.0,515.546052,329.152,77.54292886569924,561.7394726327782,0.0,0.0,0.0,3321.358618493199
t595,270.4613106986387,414.35747854714447,45.10615920000001,897.8922435,87.6946374,0.0,948.48,484.87772889164034,515.546052,329.152,65.02242354622142,527.2617076945558,227.749851,0.0,0.0,4813.6015924782005
t596,270.4613106986387,286.38286552216846,45.10615920000001,897.8922435,87.6946374,0.0,948.48,542.4638755692591,515.546052,329.152,88.03961731920593,702.1178056029014,227.749851,0.0,0.0,4941.086417812173
t597,270.4613106986387,263.9439938664603,45.10615920000001,897.8922435,87.6946374,0.0,948.48,534.774225339031,515.546052,329.152,66.776061269705,826.2934431968373,227.749851,0.0,0.0,5013.869977470672
t598,270.4613106986387,114.70597508278348,45.10615920000001,897.8922435,87.6946374,0.0,948.48,556.3874461954191,515.546052,329.152,39.85662465955384,930.7273338,227.749851,0.0,0.0,4963.759633536395
t599,270.4613106986387,138.05079964216267,45.10615920000001,897.8922435,87.6946374,0.0,867.3188610496192,556.3874461954191,515.546052,329.152,43.7695295353192,912.6425527452568,227.749851,0.0,0.0,4891.771442966416
t600,270.4613106986387,143.35086337202367,45.10615920000001,897.8922435,87.6946374,0.0,805.1624222460835,556.3874461954191,515.546052,329.152,41.33861542420584,865.1687462455725,227.749851,0.0,0.0,4785.010347281944
